user_id,block_number,trial_number,classification_decision,stimulus_seen,dss_judgment,decision_time,correct_classification
33,1,1,noise,7.06,signal,23.802951,signal
33,1,2,signal,6.61,noise,2.191767,signal
33,1,3,signal,4.59,signal,2.035823,noise
33,1,4,noise,5.58,noise,2.180738,noise
33,1,5,noise,7.14,noise,2.174863,signal
34,1,1,signal,6.44,noise,5.467804,noise
33,1,6,signal,6.31,noise,1.617976,noise
34,1,2,noise,7.01,signal,3.084515,signal
33,1,7,noise,4.85,signal,3.499147,noise
34,1,3,signal,4.92,noise,2.448685,noise
33,1,8,signal,6.48,noise,2.061573,noise
33,1,9,noise,4.6,noise,1.431794,noise
34,1,4,signal,6.83,noise,4.44956,noise
33,1,10,noise,6.61,noise,1.92577,signal
31,1,1,noise,3.79,noise,9.399541,noise
34,1,5,noise,5.81,signal,3.71366,noise
34,1,6,noise,6.02,signal,2.658258,signal
31,1,2,signal,7.1,signal,3.569922,signal
34,1,7,noise,4.91,signal,1.731696,noise
31,1,3,signal,6.0,noise,2.752188,noise
34,1,8,signal,6.28,noise,1.818925,signal
33,2,1,signal,5.01,noise,3.087587,noise
34,1,9,signal,7.55,signal,1.921962,noise
31,1,4,signal,6.78,signal,2.96121,signal
33,2,2,noise,4.25,noise,2.634293,noise
34,1,10,noise,5.85,signal,2.008505,signal
33,2,3,noise,4.47,noise,1.593087,noise
31,1,5,signal,7.3,noise,3.166394,noise
33,2,4,noise,8.19,signal,1.556822,signal
31,1,6,noise,4.29,noise,3.955354,noise
33,2,5,signal,9.21,signal,2.705519,signal
33,2,6,signal,8.22,noise,1.484501,signal
31,1,7,signal,7.5,signal,2.633107,signal
33,2,7,noise,3.81,noise,1.208353,noise
34,2,1,signal,6.7,noise,6.199779,signal
33,2,8,signal,6.26,signal,1.543374,noise
34,2,2,signal,6.18,noise,2.028414,noise
31,1,8,noise,5.74,noise,3.43594,noise
33,2,9,noise,4.63,noise,1.884951,noise
34,2,3,noise,6.78,noise,1.926608,noise
33,2,10,noise,5.6,noise,1.915768,noise
31,1,9,signal,10.72,signal,2.957925,signal
34,2,4,signal,6.61,signal,2.820274,noise
31,1,10,signal,7.95,signal,2.177871,signal
33,3,1,signal,7.06,signal,1.858885,signal
34,2,5,signal,6.23,noise,3.043556,signal
33,3,2,noise,6.61,noise,1.638546,signal
33,3,3,signal,4.59,signal,1.808107,noise
32,1,1,noise,3.84,noise,4.645384,noise
34,2,6,noise,6.17,noise,2.853029,signal
33,3,4,noise,5.58,noise,2.186155,noise
34,2,7,noise,5.88,signal,2.146098,signal
32,1,2,signal,6.53,noise,2.416608,noise
34,2,8,signal,7.51,signal,1.750865,signal
32,1,3,signal,7.99,signal,1.806978,signal
33,3,5,noise,7.14,noise,2.383467,signal
32,1,4,noise,4.5,noise,2.026902,noise
33,3,6,noise,6.31,noise,1.861587,noise
34,2,9,signal,8.21,noise,2.424574,noise
32,1,5,noise,5.67,signal,1.955967,signal
34,2,10,signal,6.44,signal,2.062179,signal
33,3,7,signal,4.85,signal,2.483343,noise
36,1,1,noise,8.81,signal,6.824098,signal
32,1,6,signal,5.86,signal,2.403483,noise
33,3,8,noise,6.48,noise,1.662667,noise
32,1,7,signal,6.69,signal,1.779241,signal
34,3,1,noise,6.44,noise,2.620519,noise
36,1,2,signal,5.27,noise,3.731083,noise
32,1,8,signal,7.13,signal,2.044879,signal
34,3,2,signal,7.01,signal,2.046565,signal
36,1,3,noise,4.97,noise,2.334822,noise
34,3,3,noise,4.92,noise,1.867171,noise
32,1,9,signal,6.6,signal,2.230268,signal
36,1,4,noise,4.6,noise,1.558319,noise
33,3,9,noise,4.6,noise,6.466979,noise
36,1,5,noise,4.61,noise,1.362775,noise
34,3,4,noise,6.83,noise,2.205737,noise
32,1,10,signal,6.2,noise,2.208125,signal
33,3,10,noise,6.61,noise,1.888516,signal
36,1,6,signal,8.5,signal,2.13332,signal
34,3,5,signal,5.81,signal,1.919521,noise
33,3,11,noise,5.01,noise,1.486106,noise
36,1,7,signal,6.72,noise,1.824768,noise
34,3,6,signal,6.02,signal,2.348263,signal
33,3,12,noise,4.25,noise,2.846544,noise
36,1,8,noise,6.41,signal,1.639426,noise
34,3,7,noise,4.91,signal,2.445977,noise
33,3,13,noise,4.47,noise,2.133743,noise
36,1,9,noise,5.42,signal,2.060625,noise
33,3,14,signal,8.19,signal,1.507867,signal
36,1,10,signal,8.63,signal,1.708065,signal
34,3,8,signal,6.28,noise,2.691547,signal
33,3,15,signal,9.21,signal,1.65683,signal
34,3,9,signal,7.55,signal,2.979373,noise
33,3,16,noise,8.22,noise,1.84365,signal
34,3,10,noise,5.85,signal,1.887568,signal
33,3,17,noise,3.81,noise,1.660306,noise
34,3,11,signal,6.7,noise,1.926366,signal
33,3,18,signal,6.26,signal,2.055015,noise
34,3,12,signal,6.18,noise,2.201808,noise
33,3,19,noise,4.63,noise,1.774396,noise
36,2,1,noise,7.3,noise,2.934577,noise
34,3,13,signal,6.78,noise,1.835788,noise
33,3,20,noise,5.6,noise,2.546426,noise
36,2,2,noise,4.78,noise,1.786441,noise
34,3,14,signal,6.61,signal,2.309844,noise
36,2,3,signal,5.41,signal,1.962056,noise
33,3,21,noise,8.8,noise,2.978856,signal
34,3,15,noise,6.23,noise,1.594504,signal
33,3,22,noise,6.59,noise,1.39979,noise
34,3,16,noise,6.17,noise,1.559728,signal
36,2,4,noise,6.63,noise,2.216506,noise
33,3,23,noise,4.4,noise,1.442108,noise
34,3,17,noise,5.88,signal,1.63962,signal
36,2,5,noise,5.89,signal,1.966919,noise
33,3,24,noise,3.55,noise,1.501601,noise
31,2,1,noise,6.02,noise,4.619937,noise
34,3,18,signal,7.51,signal,1.869604,signal
36,2,6,signal,7.42,signal,2.440274,signal
33,3,25,noise,4.19,noise,2.466619,noise
34,3,19,signal,8.21,noise,2.033562,noise
31,2,2,signal,6.44,signal,2.710331,signal
36,2,7,noise,5.91,noise,1.807488,noise
34,3,20,noise,6.44,signal,2.085239,signal
33,3,26,noise,4.63,noise,2.407677,noise
36,2,8,noise,5.58,noise,1.53437,noise
31,2,3,signal,3.86,noise,3.494718,noise
34,3,21,signal,6.07,noise,1.771012,noise
33,3,27,noise,5.37,noise,1.610913,noise
36,2,9,signal,7.2,noise,1.740686,signal
32,2,1,signal,4.97,signal,4.172383,noise
34,3,22,noise,7.81,noise,1.872281,signal
36,2,10,noise,4.47,noise,1.584371,noise
31,2,4,signal,4.61,noise,3.377052,noise
34,3,23,signal,6.59,signal,1.70783,signal
32,2,2,signal,7.72,noise,3.604782,signal
33,3,28,noise,8.93,signal,4.654032,signal
34,3,24,noise,6.5,noise,2.084716,noise
31,2,5,signal,9.2,noise,3.660891,signal
33,3,29,signal,9.0,signal,1.503115,signal
34,3,25,signal,6.36,signal,2.019091,noise
32,2,3,noise,5.24,signal,4.376311,noise
31,2,6,signal,9.24,signal,2.440773,signal
33,3,30,noise,6.02,noise,3.014427,noise
34,3,26,signal,8.08,signal,2.058191,signal
31,2,7,noise,5.91,noise,2.265968,noise
32,2,4,signal,6.49,noise,2.717484,noise
34,3,27,noise,7.5,noise,1.889353,signal
33,3,31,signal,7.17,signal,2.447065,signal
31,2,8,noise,4.66,noise,2.450598,noise
34,3,28,noise,6.01,noise,1.719008,noise
32,2,5,noise,5.14,noise,2.666969,noise
33,3,32,noise,3.33,noise,2.687793,noise
34,3,29,noise,6.04,signal,1.785822,signal
36,3,1,signal,8.81,signal,4.043062,signal
31,2,9,noise,7.04,signal,3.051814,signal
32,2,6,signal,5.72,signal,2.967727,noise
34,3,30,signal,9.15,noise,1.958454,signal
33,3,33,noise,4.78,noise,2.799378,noise
36,3,2,noise,5.27,noise,1.66426,noise
32,2,7,signal,5.61,signal,2.21617,noise
31,2,10,noise,6.23,signal,2.585354,signal
34,3,31,noise,6.55,noise,1.927016,signal
36,3,3,noise,4.97,noise,1.616126,noise
33,3,34,noise,5.08,noise,2.575552,noise
32,2,8,signal,6.45,signal,1.738144,noise
36,3,4,noise,4.6,noise,1.475064,noise
34,3,32,noise,6.01,noise,1.923422,noise
33,3,35,noise,4.94,noise,1.785349,noise
32,2,9,noise,4.79,signal,2.191189,signal
36,3,5,noise,4.61,noise,2.039052,noise
34,3,33,noise,4.31,noise,1.774787,noise
33,3,36,noise,5.94,noise,1.673934,noise
36,3,6,signal,8.5,signal,1.559055,signal
32,2,10,signal,8.78,signal,2.528553,signal
34,3,34,noise,5.79,signal,2.460443,signal
33,3,37,signal,6.18,signal,2.067118,signal
36,3,7,noise,6.72,noise,1.468347,noise
36,3,8,noise,6.41,signal,1.476079,noise
34,3,35,noise,6.25,noise,2.150151,noise
33,3,38,signal,8.4,signal,1.821148,signal
36,3,9,noise,5.42,signal,1.546712,noise
34,3,36,signal,6.99,noise,1.684605,noise
33,3,39,noise,6.76,noise,1.557627,noise
36,3,10,signal,8.63,signal,1.619755,signal
34,3,37,noise,6.53,noise,1.604147,noise
33,3,40,noise,3.21,noise,1.913731,noise
36,3,11,signal,7.3,noise,2.063878,noise
31,3,1,noise,3.79,noise,3.861169,noise
34,3,38,noise,7.33,noise,2.046977,noise
33,3,41,noise,5.96,noise,2.139162,noise
36,3,12,noise,4.78,noise,1.775168,noise
31,3,2,signal,7.1,signal,2.132453,signal
34,3,39,noise,5.11,noise,1.962489,noise
33,3,42,signal,6.07,signal,1.760083,signal
36,3,13,noise,5.41,signal,2.121103,noise
31,3,3,signal,6.0,noise,2.004193,noise
34,3,40,signal,6.06,signal,2.000945,signal
33,3,43,noise,7.37,noise,1.463773,noise
36,3,14,noise,6.63,noise,1.512342,noise
38,1,1,noise,5.18,noise,8.337001,noise
31,3,4,signal,6.78,signal,1.863987,signal
34,3,41,signal,5.61,signal,2.2165,signal
33,3,44,signal,8.32,signal,1.636163,signal
36,3,15,noise,5.89,signal,1.355067,noise
37,1,1,signal,5.31,noise,5.849867,noise
31,3,5,signal,7.3,noise,2.329673,noise
33,3,45,noise,4.04,noise,1.660176,noise
36,3,16,signal,7.42,signal,1.704147,signal
34,3,42,signal,7.86,signal,2.450872,signal
37,1,2,signal,8.58,noise,2.16778,signal
36,3,17,noise,5.91,noise,1.422915,noise
31,3,6,noise,4.29,noise,1.918122,noise
33,3,46,noise,5.76,noise,1.839815,noise
34,3,43,signal,6.81,signal,1.969736,noise
36,3,18,noise,5.58,noise,1.488199,noise
38,1,2,noise,7.22,noise,6.413218,noise
33,3,47,signal,5.95,signal,1.803649,noise
31,3,7,signal,7.5,signal,2.090645,signal
32,3,1,noise,3.84,noise,3.178195,noise
34,3,44,signal,7.87,signal,2.000916,signal
36,3,19,signal,7.2,noise,1.70547,signal
37,1,3,noise,6.59,noise,4.391377,noise
31,3,8,noise,5.74,noise,1.826002,noise
33,3,48,signal,6.91,signal,2.017328,signal
34,3,45,noise,5.32,noise,1.722108,signal
36,3,20,noise,4.47,noise,1.485381,noise
38,1,3,noise,7.17,noise,3.338413,signal
37,1,4,noise,5.86,noise,2.03195,noise
33,3,49,noise,4.92,noise,1.870767,noise
31,3,9,signal,10.72,signal,1.832251,signal
34,3,46,signal,7.17,signal,1.845911,signal
36,3,21,noise,6.04,noise,1.616017,noise
32,3,2,noise,6.53,noise,4.922111,noise
36,3,22,noise,5.39,noise,1.416882,noise
37,1,5,noise,4.6,noise,2.008006,noise
31,3,10,signal,7.95,signal,1.722709,signal
33,3,50,noise,6.85,noise,1.96018,signal
34,3,47,noise,8.58,noise,2.012779,signal
36,3,23,noise,3.96,noise,1.54779,noise
33,3,51,noise,6.48,noise,1.48892,noise
32,3,3,signal,7.99,signal,2.507424,signal
38,1,4,noise,4.76,signal,4.920861,noise
37,1,6,signal,7.14,noise,1.997478,noise
31,3,11,noise,6.02,noise,2.314256,noise
34,3,48,signal,7.75,signal,2.872686,noise
36,3,24,signal,7.7,signal,1.769885,signal
31,3,12,noise,6.44,signal,2.255045,signal
37,1,7,noise,3.73,noise,2.468696,noise
38,1,5,noise,7.82,signal,2.913665,signal
32,3,4,noise,4.5,noise,3.251148,noise
36,3,25,noise,6.23,noise,1.81738,noise
34,3,49,noise,4.21,noise,1.986571,noise
33,3,52,signal,6.61,signal,4.74191,signal
37,1,8,noise,5.61,noise,2.172479,noise
36,3,26,noise,3.98,noise,1.683834,noise
31,3,13,noise,3.86,noise,2.523975,noise
34,3,50,signal,6.74,signal,1.908164,noise
32,3,5,signal,5.67,signal,3.391058,signal
34,3,51,signal,6.33,signal,1.512116,signal
38,1,6,noise,5.35,noise,3.863897,noise
31,3,14,signal,4.61,noise,2.037958,noise
33,3,53,noise,7.09,noise,2.805974,noise
37,1,9,noise,7.33,noise,2.697855,signal
36,3,27,signal,6.54,signal,2.974616,signal
31,3,15,signal,9.2,noise,1.786787,signal
34,3,52,noise,7.46,signal,2.18556,signal
38,1,7,signal,7.21,noise,2.273569,noise
36,3,28,signal,8.17,signal,1.428334,signal
32,3,6,signal,5.86,signal,3.19728,noise
37,1,10,noise,6.67,noise,2.513902,noise
33,3,54,noise,6.22,noise,3.183209,noise
38,1,8,noise,7.84,noise,1.150069,signal
31,3,16,signal,9.24,signal,1.901277,signal
36,3,29,signal,8.91,signal,1.441849,signal
34,3,53,noise,4.56,signal,1.936739,noise
32,3,7,signal,6.69,signal,2.63139,signal
38,1,9,noise,7.4,noise,1.767816,noise
36,3,30,noise,3.27,noise,1.497844,noise
33,3,55,noise,4.58,noise,2.096049,noise
31,3,17,signal,5.91,noise,2.139164,noise
34,3,54,noise,5.27,signal,1.712767,noise
36,3,31,signal,6.48,noise,2.052833,noise
32,3,8,signal,7.13,signal,2.754459,signal
33,3,56,noise,3.82,noise,2.270465,noise
34,3,55,signal,6.27,signal,1.957991,signal
38,1,10,noise,6.07,noise,2.804746,noise
31,3,18,noise,4.66,noise,2.443975,noise
36,3,32,noise,5.6,noise,2.080826,noise
31,3,19,signal,7.04,signal,1.726256,signal
34,3,56,noise,6.12,noise,2.202641,noise
33,3,57,noise,6.19,noise,2.233554,noise
32,3,9,signal,6.6,signal,3.238669,signal
36,3,33,noise,6.36,noise,1.708122,noise
31,3,20,noise,6.23,signal,1.57854,signal
34,3,57,signal,8.88,signal,2.029226,signal
33,3,58,signal,8.15,signal,2.177287,signal
36,3,34,signal,7.3,signal,1.520864,signal
31,3,21,signal,7.23,noise,1.704382,noise
36,3,35,signal,8.29,signal,1.501055,signal
33,3,59,noise,4.96,noise,2.092455,noise
34,3,58,signal,7.82,noise,2.556227,noise
31,3,22,signal,8.25,signal,1.994841,signal
36,3,36,signal,8.22,signal,1.448792,signal
38,2,1,signal,6.78,signal,5.337302,signal
33,3,60,noise,5.77,noise,1.661435,noise
34,3,59,noise,6.42,signal,1.976044,signal
32,3,10,noise,6.2,noise,6.41357,signal
31,3,23,noise,3.52,noise,1.530041,noise
36,3,37,noise,5.24,noise,1.655003,noise
38,2,2,signal,6.74,signal,1.857938,signal
34,3,60,signal,6.43,signal,1.982869,signal
31,3,24,noise,7.31,noise,1.986313,signal
33,3,61,noise,9.04,noise,3.095415,signal
36,3,38,noise,6.02,noise,2.114073,noise
32,3,11,signal,4.97,signal,2.975122,noise
38,2,3,noise,6.62,noise,1.933589,signal
34,3,61,noise,5.69,signal,2.000215,signal
31,3,25,signal,4.49,noise,1.864628,noise
33,3,62,noise,4.91,noise,1.716517,noise
36,3,39,noise,5.8,noise,1.853835,noise
38,2,4,signal,6.59,signal,1.764743,signal
32,3,12,signal,7.72,noise,2.723688,signal
34,3,62,signal,6.83,signal,1.838135,signal
31,3,26,signal,5.68,noise,1.972791,noise
36,3,40,noise,5.12,noise,1.445888,noise
38,2,5,noise,7.05,noise,1.661021,signal
33,3,63,noise,4.77,noise,2.783819,noise
31,3,27,signal,6.67,signal,1.93146,signal
32,3,13,signal,5.24,signal,2.534133,noise
36,3,41,signal,6.49,noise,1.894896,noise
34,3,63,noise,5.78,noise,2.582179,signal
38,2,6,noise,6.19,noise,1.717811,noise
33,3,64,noise,7.17,noise,1.169563,signal
31,3,28,noise,6.14,signal,1.461885,noise
36,3,42,noise,5.55,noise,1.614153,noise
34,3,64,noise,4.84,noise,1.587369,noise
38,2,7,noise,5.89,noise,1.653839,noise
32,3,14,signal,6.49,noise,2.751467,noise
31,3,29,signal,9.12,signal,1.787459,signal
36,3,43,signal,8.98,signal,1.718823,signal
34,3,65,signal,6.98,noise,1.858603,noise
38,2,8,signal,6.65,signal,1.826749,signal
31,3,30,noise,4.78,noise,1.557177,noise
33,3,65,noise,8.06,noise,4.430681,signal
36,3,44,noise,4.22,noise,1.595615,noise
32,3,15,noise,5.14,noise,2.77587,noise
38,2,9,noise,6.07,noise,1.639388,noise
31,3,31,noise,3.95,signal,1.656403,noise
33,3,66,noise,4.22,noise,1.617649,noise
34,3,66,noise,5.64,signal,2.946509,signal
36,3,45,noise,5.8,noise,1.846793,noise
38,2,10,noise,6.5,noise,1.895626,noise
32,3,16,signal,5.72,signal,2.610939,noise
31,3,32,noise,4.41,noise,1.704734,noise
36,3,46,noise,5.55,noise,1.559969,noise
33,3,67,noise,5.77,noise,2.344587,noise
31,3,33,noise,5.52,noise,1.617662,noise
34,3,67,signal,7.64,noise,3.339619,signal
32,3,17,signal,5.61,signal,2.215361,noise
36,3,47,noise,6.73,signal,2.619596,signal
33,3,68,signal,8.21,signal,2.265,noise
31,3,34,noise,6.3,noise,1.735379,noise
38,3,1,noise,5.18,noise,2.845428,noise
34,3,68,noise,5.52,signal,2.006125,signal
32,3,18,signal,6.45,signal,1.986293,noise
33,3,69,signal,9.58,noise,1.165769,signal
36,3,48,noise,5.79,noise,1.752303,noise
31,3,35,noise,4.38,noise,1.689337,noise
38,3,2,noise,7.22,noise,1.144734,noise
34,3,69,noise,5.03,noise,1.522819,noise
31,3,36,noise,5.62,noise,1.635424,noise
36,3,49,noise,6.06,noise,1.899171,noise
32,3,19,noise,4.79,signal,2.830626,signal
33,3,70,noise,7.81,signal,2.17282,signal
38,3,3,noise,7.17,noise,1.845297,signal
34,3,70,noise,7.69,noise,2.052404,signal
31,3,37,signal,7.78,signal,1.634943,signal
36,3,50,noise,5.77,signal,1.807119,signal
37,2,1,noise,5.58,noise,4.99145,noise
33,3,71,noise,5.77,noise,1.668849,noise
32,3,20,signal,8.78,signal,2.139788,signal
38,3,4,signal,4.76,signal,1.995315,noise
34,3,71,noise,4.69,noise,1.545741,noise
31,3,38,noise,4.48,noise,1.538587,noise
36,3,51,noise,4.51,noise,1.901905,noise
38,3,5,signal,7.82,signal,1.677074,signal
31,3,39,noise,5.5,noise,1.729322,noise
33,3,72,noise,5.48,noise,2.866846,noise
34,3,72,signal,7.35,signal,2.48101,signal
37,2,2,noise,4.24,noise,3.369344,noise
32,3,21,noise,5.13,signal,3.169342,noise
36,3,52,noise,6.05,noise,1.982054,noise
38,3,6,noise,5.35,noise,1.727395,noise
31,3,40,noise,6.32,signal,1.787847,signal
33,3,73,noise,6.59,noise,2.066062,signal
36,3,53,signal,7.65,signal,1.772235,signal
34,3,73,noise,6.76,signal,2.700814,signal
38,3,7,noise,7.21,noise,1.834476,noise
37,2,3,noise,5.55,noise,2.799776,noise
32,3,22,noise,6.18,noise,2.706162,noise
31,3,41,noise,3.9,signal,1.817566,noise
33,3,74,noise,5.02,noise,1.231308,noise
34,3,74,noise,4.88,noise,1.676161,noise
36,3,54,signal,9.27,signal,1.862071,signal
38,3,8,noise,7.84,noise,1.535368,signal
37,2,4,noise,7.82,noise,1.859427,signal
31,3,42,signal,5.98,noise,1.676945,noise
32,3,23,signal,8.07,noise,2.446164,noise
33,3,75,noise,4.88,noise,2.654063,noise
38,3,9,noise,7.4,noise,1.529328,noise
36,3,55,signal,6.97,signal,1.686891,signal
34,3,75,noise,6.58,noise,2.069468,noise
31,3,43,signal,5.95,noise,1.660877,noise
37,2,5,signal,7.35,noise,2.138458,signal
32,3,24,signal,6.18,signal,2.030642,signal
36,3,56,noise,5.96,noise,1.844766,noise
38,3,10,noise,6.07,noise,1.990782,noise
33,3,76,noise,4.6,noise,2.113117,noise
34,3,76,noise,5.98,noise,1.925048,noise
31,3,44,noise,5.11,noise,1.821763,noise
37,2,6,noise,4.72,noise,2.084217,noise
38,3,11,signal,6.78,signal,1.684736,signal
32,3,25,noise,6.73,noise,2.700433,noise
36,3,57,signal,7.7,signal,1.903311,signal
31,3,45,noise,5.66,noise,1.481318,noise
33,3,77,signal,4.91,signal,2.037695,noise
34,3,77,noise,5.4,noise,1.918721,noise
37,2,7,noise,4.7,noise,2.483869,noise
31,3,46,noise,4.75,noise,1.434091,noise
38,3,12,signal,6.74,signal,1.694331,signal
36,3,58,noise,6.55,noise,1.761282,noise
33,3,78,noise,4.84,noise,1.599881,noise
32,3,26,noise,5.75,noise,2.13759,noise
34,3,78,signal,8.35,signal,1.902365,signal
31,3,47,signal,9.75,noise,1.6623,signal
38,3,13,noise,6.62,noise,1.672846,signal
36,3,59,noise,7.73,noise,1.819363,signal
34,3,79,noise,4.21,noise,1.781196,noise
37,2,8,signal,7.64,noise,2.985571,noise
33,3,79,noise,6.55,noise,2.925953,noise
31,3,48,signal,7.31,signal,1.73186,signal
32,3,27,signal,7.71,noise,3.379173,signal
38,3,14,signal,6.59,signal,1.749678,signal
36,3,60,noise,5.16,signal,1.891261,noise
34,3,80,signal,7.3,signal,1.914016,signal
31,3,49,noise,5.88,noise,1.625375,noise
37,2,9,signal,5.06,noise,2.185233,noise
33,3,80,signal,6.57,signal,1.7281,signal
38,3,15,noise,7.05,noise,1.612641,signal
34,3,81,noise,6.79,noise,1.862508,signal
31,3,50,noise,5.31,noise,1.361854,noise
32,3,28,noise,6.63,noise,2.919418,noise
37,2,10,noise,5.84,noise,1.691538,noise
33,3,81,noise,4.43,noise,1.777505,noise
36,3,61,signal,6.68,signal,3.221647,signal
38,3,16,noise,6.19,noise,2.143149,noise
31,3,51,noise,4.28,noise,1.428816,noise
42,1,1,noise,7.23,noise,12.153034,noise
36,3,62,noise,4.63,noise,1.610073,noise
32,3,29,signal,6.84,signal,2.536694,signal
31,3,52,noise,4.91,noise,1.341849,noise
34,3,82,noise,5.96,signal,3.203288,noise
38,3,17,noise,5.89,noise,1.72012,noise
33,3,82,noise,5.02,noise,2.687231,noise
31,3,53,signal,9.89,signal,1.591768,signal
36,3,63,noise,7.06,noise,2.433538,noise
38,3,18,signal,6.65,signal,1.832352,signal
34,3,83,signal,7.56,signal,2.123264,signal
32,3,30,noise,3.96,signal,2.775076,noise
33,3,83,noise,6.65,noise,2.698433,noise
31,3,54,noise,6.1,noise,1.677239,noise
42,1,2,noise,4.79,noise,4.419492,noise
36,3,64,noise,5.12,noise,1.747343,noise
38,3,19,noise,6.07,noise,1.751131,noise
34,3,84,noise,6.59,noise,2.125418,signal
37,3,1,noise,5.31,noise,2.706616,noise
31,3,55,noise,6.77,noise,1.457209,noise
33,3,84,noise,4.1,noise,1.883254,noise
36,3,65,noise,5.61,noise,1.589527,noise
42,1,3,noise,4.72,noise,2.133181,noise
32,3,31,signal,5.88,signal,3.522792,signal
38,3,20,noise,6.5,noise,2.096242,noise
34,3,85,signal,8.08,signal,1.737054,signal
31,3,56,signal,8.65,signal,1.739755,signal
33,3,85,noise,4.8,noise,1.604015,noise
37,3,2,signal,8.58,noise,2.014762,signal
36,3,66,noise,4.86,noise,1.730555,noise
38,3,21,signal,6.35,signal,1.798129,signal
31,3,57,noise,6.57,noise,1.540983,signal
34,3,86,signal,7.9,noise,1.908944,noise
32,3,32,signal,6.92,signal,2.495576,signal
33,3,86,noise,6.58,noise,1.692237,signal
42,1,4,noise,7.49,signal,3.136721,noise
37,3,3,signal,6.59,noise,2.17941,noise
36,3,67,signal,7.47,signal,1.831246,signal
38,3,22,noise,5.3,noise,1.630313,noise
33,3,87,noise,8.04,noise,1.448161,signal
42,1,5,noise,5.39,signal,1.513474,noise
31,3,58,signal,8.44,signal,1.884881,signal
34,3,87,signal,7.18,noise,1.860554,signal
36,3,68,noise,5.35,noise,1.625366,noise
32,3,33,signal,6.48,signal,2.583782,signal
37,3,4,noise,5.86,noise,2.831401,noise
31,3,59,signal,7.81,noise,1.70133,noise
42,1,6,noise,6.8,signal,1.81114,signal
38,3,23,noise,7.91,noise,2.179029,signal
34,3,88,signal,7.05,signal,1.86757,noise
36,3,69,noise,7.35,noise,2.034111,signal
33,3,88,noise,4.17,noise,3.60222,noise
32,3,34,signal,6.58,signal,2.882817,noise
31,3,60,noise,5.12,noise,1.700826,noise
34,3,89,signal,8.26,noise,1.704514,signal
38,3,24,noise,5.73,noise,1.823255,noise
37,3,5,noise,4.6,noise,2.427228,noise
36,3,70,signal,5.67,noise,1.638915,noise
42,1,7,noise,6.63,noise,3.257997,noise
31,3,61,noise,3.43,noise,1.469169,noise
38,3,25,noise,5.73,noise,1.709039,noise
33,3,89,signal,7.05,signal,1.949003,signal
36,3,71,noise,4.46,noise,1.697467,noise
34,3,90,noise,7.41,signal,2.29471,signal
37,3,6,signal,7.14,noise,2.282663,noise
42,1,8,signal,7.5,signal,1.573869,noise
31,3,62,signal,6.98,signal,1.732438,signal
38,3,26,noise,8.19,noise,1.474034,signal
36,3,72,noise,4.19,noise,1.51367,noise
32,3,35,noise,6.7,noise,4.456244,signal
34,3,91,signal,6.8,signal,2.021992,noise
31,3,63,noise,4.61,noise,1.389827,noise
42,1,9,noise,5.83,signal,1.755911,signal
38,3,27,signal,5.97,signal,1.66973,noise
36,3,73,noise,4.49,noise,1.466855,noise
37,3,7,noise,3.73,noise,2.942068,noise
42,1,10,noise,6.53,noise,1.329263,signal
31,3,64,signal,7.48,signal,1.675882,signal
34,3,92,noise,6.9,noise,2.075047,noise
38,3,28,signal,6.85,signal,1.731948,signal
36,3,74,noise,5.46,noise,1.807881,noise
32,3,36,signal,6.81,noise,3.354256,signal
37,3,8,noise,5.61,noise,1.983437,noise
31,3,65,signal,7.33,signal,1.635231,signal
34,3,93,noise,5.23,noise,1.754253,noise
38,3,29,noise,8.99,noise,1.777916,signal
36,3,75,noise,5.22,noise,1.671741,noise
31,3,66,noise,5.04,noise,1.472493,noise
37,3,9,noise,7.33,noise,2.627602,signal
34,3,94,signal,6.98,signal,1.862243,signal
32,3,37,signal,6.48,signal,2.894334,noise
33,3,90,signal,8.79,signal,8.459978,signal
36,3,76,signal,6.88,signal,1.647516,signal
38,3,30,noise,6.44,noise,1.802821,noise
31,3,67,noise,5.31,noise,1.324838,noise
34,3,95,noise,5.92,noise,1.717089,noise
31,3,68,noise,3.69,noise,1.342522,noise
36,3,77,noise,6.81,noise,1.729551,noise
37,3,10,noise,6.67,noise,2.289374,noise
38,3,31,noise,5.84,noise,2.00672,noise
32,3,38,signal,7.01,noise,2.606678,noise
33,3,91,signal,6.08,signal,3.586058,noise
31,3,69,noise,6.31,noise,1.745506,noise
34,3,96,signal,6.16,noise,2.405807,noise
36,3,78,noise,5.14,noise,2.194719,noise
37,3,11,noise,5.58,noise,2.318997,noise
32,3,39,signal,6.31,signal,2.329923,signal
38,3,32,noise,4.02,noise,2.454409,noise
31,3,70,signal,9.23,noise,1.418167,signal
33,3,92,signal,6.51,signal,1.724942,signal
34,3,97,noise,5.93,signal,1.682365,signal
36,3,79,signal,6.97,signal,1.689099,signal
37,3,12,noise,4.24,noise,2.051596,noise
31,3,71,noise,4.5,noise,1.49791,noise
32,3,40,noise,5.77,noise,2.128625,noise
38,3,33,noise,5.22,noise,2.218858,noise
34,3,98,signal,7.06,signal,1.678981,signal
36,3,80,noise,3.59,noise,1.661297,noise
33,3,93,signal,8.8,signal,2.210814,signal
31,3,72,signal,6.75,signal,1.702886,signal
37,3,13,noise,5.55,noise,1.809766,noise
38,3,34,signal,9.89,signal,1.695961,signal
36,3,81,noise,5.87,noise,1.765545,noise
32,3,41,signal,7.82,signal,2.654157,signal
34,3,99,noise,4.63,signal,1.922375,signal
31,3,73,noise,6.13,noise,1.38517,noise
37,3,14,signal,7.82,noise,1.793704,signal
33,3,94,signal,7.0,noise,2.844535,noise
36,3,82,signal,7.62,signal,1.724997,signal
31,3,74,signal,6.77,signal,2.105603,signal
34,3,100,noise,5.54,noise,2.334963,noise
37,3,15,signal,7.35,noise,1.737267,signal
33,3,95,noise,6.99,noise,1.530564,noise
38,3,35,signal,6.9,signal,3.789291,signal
32,3,42,noise,6.18,noise,3.306088,signal
36,3,83,noise,5.44,noise,1.737797,noise
31,3,75,signal,7.92,signal,1.68163,signal
37,3,16,noise,4.72,noise,1.774933,noise
33,3,96,noise,8.12,noise,1.545186,signal
38,3,36,signal,6.56,signal,1.842154,signal
32,3,43,signal,6.46,signal,2.069794,signal
36,3,84,noise,3.57,noise,1.928772,noise
31,3,76,noise,5.64,noise,1.410836,noise
37,3,17,noise,4.7,noise,1.886765,noise
33,3,97,noise,3.25,noise,1.74599,noise
38,3,37,signal,6.86,signal,1.733823,signal
31,3,77,noise,5.44,noise,1.85211,noise
36,3,85,signal,5.47,signal,2.167698,noise
33,3,98,noise,7.13,noise,1.15669,signal
37,3,18,signal,7.64,noise,1.959383,noise
32,3,44,noise,5.79,noise,3.270608,noise
38,3,38,noise,6.74,noise,1.641715,signal
31,3,78,noise,5.08,noise,1.328689,noise
36,3,86,noise,7.71,noise,1.194264,signal
33,3,99,signal,8.31,signal,1.62506,signal
31,3,79,noise,5.15,noise,1.37692,noise
37,3,19,noise,5.06,noise,1.824078,noise
38,3,39,signal,5.68,signal,1.647609,signal
36,3,87,noise,4.02,noise,1.676367,noise
32,3,45,signal,6.81,signal,2.716072,noise
33,3,100,signal,4.78,signal,2.487776,noise
38,3,40,noise,5.49,noise,1.714711,noise
37,3,20,noise,5.84,noise,1.660361,noise
36,3,88,noise,6.58,signal,1.57522,signal
31,3,80,noise,6.41,noise,2.204709,noise
32,3,46,signal,6.63,signal,2.109328,signal
31,3,81,noise,4.11,noise,1.463084,noise
36,3,89,noise,6.63,noise,1.747876,noise
38,3,41,noise,5.59,noise,2.023928,noise
37,3,21,noise,6.36,noise,2.133831,noise
31,3,82,noise,4.46,noise,1.453174,noise
36,3,90,noise,6.74,noise,1.521614,noise
32,3,47,signal,7.27,signal,2.704245,signal
38,3,42,noise,7.86,noise,1.549238,signal
31,3,83,signal,6.94,signal,1.744806,signal
36,3,91,noise,4.07,noise,1.47755,noise
37,3,22,noise,3.55,noise,3.24766,noise
38,3,43,signal,6.77,signal,1.706522,signal
42,2,1,noise,6.63,signal,6.870871,signal
32,3,48,noise,5.52,noise,2.592474,noise
31,3,84,signal,8.44,signal,1.473134,signal
36,3,92,noise,4.13,noise,1.426249,noise
38,3,44,noise,6.47,noise,1.689476,noise
37,3,23,signal,8.19,noise,1.9362,signal
31,3,85,noise,5.02,noise,1.45925,noise
36,3,93,signal,5.86,signal,1.687993,signal
38,3,45,signal,5.83,signal,1.641403,noise
37,3,24,noise,4.6,noise,1.591973,noise
32,3,49,signal,7.22,noise,3.072602,signal
31,3,86,signal,8.25,noise,1.657878,signal
42,2,2,signal,4.45,noise,3.967953,noise
36,3,94,signal,7.1,signal,1.518066,signal
38,3,46,noise,6.9,noise,1.681277,noise
37,3,25,noise,5.1,noise,1.732444,noise
31,3,87,signal,8.49,noise,1.412695,signal
42,2,3,signal,7.16,noise,1.249761,signal
36,3,95,noise,7.64,noise,1.728261,signal
32,3,50,signal,7.32,signal,2.684618,signal
31,3,88,noise,5.31,noise,1.581359,noise
38,3,47,noise,6.74,noise,1.749208,noise
42,2,4,noise,6.75,noise,1.926958,noise
37,3,26,noise,6.42,noise,2.138493,noise
36,3,96,noise,6.19,noise,2.568274,noise
31,3,89,noise,4.61,noise,1.483042,noise
42,2,5,signal,7.72,signal,1.375784,noise
38,3,48,noise,4.87,noise,1.681776,noise
37,3,27,noise,5.4,noise,1.519037,noise
32,3,51,noise,6.82,noise,3.307319,noise
36,3,97,noise,6.31,noise,1.509007,noise
31,3,90,noise,6.2,noise,1.65232,noise
42,2,6,signal,5.93,noise,1.492109,signal
38,3,49,signal,8.59,signal,1.656578,signal
37,3,28,noise,6.55,noise,1.629381,noise
36,3,98,noise,5.39,noise,1.431542,noise
31,3,91,noise,4.66,signal,1.603578,noise
42,2,7,noise,5.89,noise,1.561267,noise
32,3,52,signal,8.9,noise,2.77517,signal
38,3,50,noise,5.69,noise,1.633234,noise
37,3,29,noise,5.17,noise,1.754574,noise
31,3,92,noise,4.11,noise,1.460837,noise
38,3,51,noise,6.33,noise,1.50121,noise
37,3,30,noise,6.44,noise,1.277192,noise
31,3,93,noise,3.79,noise,1.449953,noise
42,2,8,noise,5.7,noise,2.599783,noise
32,3,53,noise,6.18,noise,2.975501,signal
37,3,31,noise,5.92,noise,1.181,noise
36,3,99,noise,4.15,noise,3.92921,noise
38,3,52,noise,6.23,noise,2.054344,noise
42,2,9,signal,6.59,signal,1.653461,noise
31,3,94,noise,3.77,signal,1.748266,noise
37,3,32,noise,4.94,noise,1.413056,noise
36,3,100,noise,7.27,noise,1.660945,noise
32,3,54,noise,5.12,noise,2.614718,noise
31,3,95,noise,6.84,signal,1.302778,signal
42,2,10,signal,5.47,signal,1.66405,signal
37,3,33,noise,3.43,noise,1.468973,noise
38,3,53,noise,3.51,noise,2.428874,noise
31,3,96,signal,7.74,signal,1.482124,signal
37,3,34,noise,7.34,noise,1.421121,signal
32,3,55,signal,7.29,noise,2.648131,signal
31,3,97,signal,6.4,signal,1.571331,signal
44,1,1,signal,3.78,noise,7.566368,noise
38,3,54,noise,5.31,noise,2.756936,noise
37,3,35,noise,5.28,noise,1.527258,noise
42,3,1,noise,7.23,noise,2.394469,noise
31,3,98,signal,7.83,signal,1.352399,signal
44,1,2,noise,6.23,noise,1.580066,noise
32,3,56,noise,5.98,noise,2.705573,noise
37,3,36,noise,5.38,noise,1.525458,noise
38,3,55,noise,7.83,noise,1.758826,noise
42,3,2,noise,4.79,noise,1.577757,noise
31,3,99,noise,4.79,noise,2.124951,noise
37,3,37,signal,7.96,noise,1.61166,signal
44,1,3,noise,8.19,noise,1.932657,signal
42,3,3,noise,4.72,noise,1.274349,noise
38,3,56,noise,6.6,noise,2.219493,noise
31,3,100,noise,4.57,noise,1.316543,noise
32,3,57,signal,7.83,noise,3.115585,signal
42,3,4,signal,7.49,signal,1.60663,noise
37,3,38,noise,6.3,noise,2.109871,noise
44,1,4,signal,6.51,noise,2.215362,noise
38,3,57,signal,8.38,signal,1.721642,signal
44,1,5,noise,4.81,noise,1.1971,noise
42,3,5,signal,5.39,signal,1.768366,noise
38,3,58,noise,5.0,noise,1.67289,noise
37,3,39,noise,6.93,noise,2.331158,noise
32,3,58,signal,6.22,signal,3.65853,signal
44,1,6,noise,6.23,noise,1.768831,noise
42,3,6,signal,6.8,signal,1.793483,signal
38,3,59,noise,6.4,noise,1.648502,signal
37,3,40,noise,4.76,noise,1.702016,noise
38,3,60,noise,8.01,noise,1.465326,noise
42,3,7,noise,6.63,noise,2.011478,noise
44,1,7,noise,7.0,noise,2.596203,noise
32,3,59,signal,8.54,noise,3.595262,signal
37,3,41,noise,6.45,noise,2.002085,noise
38,3,61,signal,7.95,signal,1.661058,signal
42,3,8,signal,7.5,signal,1.498777,noise
44,1,8,noise,7.14,noise,1.29225,noise
37,3,42,noise,4.63,noise,1.776792,noise
42,3,9,signal,5.83,signal,1.541443,signal
38,3,62,noise,7.38,noise,1.665923,noise
32,3,60,signal,5.93,signal,3.567259,signal
37,3,43,noise,5.52,noise,1.599471,noise
44,1,9,noise,5.64,noise,2.217495,noise
38,3,63,noise,7.34,noise,1.500107,signal
42,3,10,noise,6.53,noise,1.905414,signal
37,3,44,noise,5.01,noise,1.569422,noise
44,1,10,noise,7.91,noise,2.170203,noise
38,3,64,noise,5.57,noise,1.584916,noise
42,3,11,signal,6.63,signal,1.423076,signal
32,3,61,signal,6.88,signal,3.064547,signal
37,3,45,noise,4.92,noise,1.679035,noise
42,3,12,noise,4.45,noise,1.383295,noise
38,3,65,noise,5.45,noise,1.60354,noise
37,3,46,signal,7.3,noise,1.73105,noise
42,3,13,noise,7.16,noise,1.450977,signal
38,3,66,noise,6.93,noise,1.540026,noise
32,3,62,noise,5.13,noise,3.09271,noise
42,3,14,noise,6.75,noise,1.404464,noise
37,3,47,noise,5.48,noise,1.893068,noise
38,3,67,noise,6.81,noise,1.433008,signal
44,2,1,noise,5.42,noise,2.22871,noise
42,3,15,signal,7.72,signal,1.336024,noise
37,3,48,noise,7.05,noise,1.430521,signal
43,1,1,signal,9.43,signal,18.651735,signal
32,3,63,signal,6.08,signal,3.094761,signal
44,2,2,noise,4.66,noise,1.538739,noise
38,3,68,noise,6.71,noise,2.625793,noise
42,3,16,noise,5.93,noise,1.490407,signal
37,3,49,noise,8.26,noise,1.524334,signal
44,2,3,noise,6.89,noise,1.101539,noise
38,3,69,noise,5.05,noise,1.494487,noise
42,3,17,noise,5.89,noise,1.403693,noise
37,3,50,noise,5.03,noise,1.790606,noise
44,2,4,noise,7.19,noise,1.25705,noise
32,3,64,noise,6.38,noise,3.433266,noise
38,3,70,noise,5.73,noise,1.370169,noise
42,3,18,noise,5.7,noise,1.680585,noise
44,2,5,noise,7.31,noise,1.23807,noise
38,3,71,noise,5.49,noise,1.462817,signal
32,3,65,signal,8.79,signal,2.428475,signal
42,3,19,signal,6.59,signal,1.519747,noise
37,3,51,noise,6.89,noise,2.922153,noise
44,2,6,noise,5.27,noise,1.592608,noise
42,3,20,signal,5.47,signal,1.216806,signal
38,3,72,noise,4.62,noise,2.102198,noise
44,2,7,noise,6.97,noise,1.733741,noise
37,3,52,signal,7.74,noise,2.126372,signal
42,3,21,signal,6.39,signal,1.472525,signal
32,3,66,signal,7.1,noise,3.389808,noise
38,3,73,noise,6.91,noise,1.486429,noise
44,2,8,noise,5.29,noise,1.252956,signal
37,3,53,noise,5.17,noise,1.69619,noise
42,3,22,noise,5.66,noise,1.408828,noise
44,2,9,signal,7.17,noise,1.404857,signal
38,3,74,signal,5.96,signal,1.897616,noise
43,1,2,noise,6.2,noise,12.414576,noise
42,3,23,noise,8.92,noise,1.274102,noise
44,2,10,signal,4.59,noise,1.314001,noise
37,3,54,signal,8.68,noise,2.24309,signal
32,3,67,noise,4.59,signal,3.163817,noise
38,3,75,noise,5.38,noise,1.725054,noise
42,3,24,noise,7.03,noise,1.28611,noise
37,3,55,noise,4.78,noise,1.669946,noise
43,1,3,noise,5.17,noise,2.548157,noise
42,3,25,noise,6.23,noise,1.289399,noise
38,3,76,signal,6.33,signal,1.584819,noise
32,3,68,signal,6.04,signal,2.912793,signal
43,1,4,noise,3.91,noise,1.578433,noise
37,3,56,noise,5.12,noise,1.753637,noise
42,3,26,noise,6.61,noise,1.255764,noise
38,3,77,noise,4.98,noise,1.453376,noise
44,3,1,noise,3.78,noise,2.308864,noise
37,3,57,noise,6.38,noise,1.620421,noise
42,3,27,signal,4.55,signal,1.657128,signal
32,3,69,noise,5.79,noise,2.582954,noise
38,3,78,noise,5.64,noise,1.553401,noise
44,3,2,noise,6.23,noise,1.172279,noise
42,3,28,noise,4.85,noise,1.416741,noise
44,3,3,noise,8.19,noise,1.160081,signal
37,3,58,noise,4.94,noise,1.62435,noise
38,3,79,noise,5.26,noise,1.774936,noise
32,3,70,noise,5.43,noise,2.027684,noise
42,3,29,signal,5.73,signal,1.387514,signal
44,3,4,signal,6.51,noise,1.356446,noise
37,3,59,noise,5.95,noise,1.576345,noise
38,3,80,signal,7.23,signal,1.632155,signal
44,3,5,noise,4.81,noise,1.108514,noise
42,3,30,signal,6.61,signal,1.421999,signal
32,3,71,noise,6.93,noise,2.90303,signal
37,3,60,noise,3.01,noise,1.804735,noise
44,3,6,noise,6.23,noise,1.283447,noise
38,3,81,signal,4.31,signal,1.861077,noise
42,3,31,noise,6.38,noise,1.395344,noise
37,3,61,noise,6.31,noise,1.472848,noise
44,3,7,noise,7.0,noise,1.427616,noise
32,3,72,signal,7.66,noise,2.161931,signal
42,3,32,signal,7.03,signal,1.43044,signal
38,3,82,signal,5.69,signal,1.923952,signal
37,3,62,noise,5.44,noise,1.5372,noise
42,3,33,noise,5.65,noise,1.381137,noise
43,1,5,signal,7.27,signal,11.364635,signal
44,3,8,noise,7.14,noise,1.731543,noise
38,3,83,noise,5.96,noise,1.736669,noise
32,3,73,signal,7.07,noise,2.726075,signal
37,3,63,noise,4.9,noise,1.528689,noise
44,3,9,noise,5.64,noise,1.025734,noise
42,3,34,noise,5.41,noise,1.645482,noise
38,3,84,noise,9.01,noise,1.426991,signal
44,3,10,noise,7.91,noise,1.837191,noise
42,3,35,signal,6.55,signal,1.423108,signal
37,3,64,noise,7.13,noise,2.29126,signal
38,3,85,noise,5.86,noise,1.412877,noise
44,3,11,noise,5.42,noise,1.081067,noise
32,3,74,signal,6.84,signal,3.911026,signal
42,3,36,noise,6.12,noise,1.518639,noise
37,3,65,noise,6.54,noise,1.661582,noise
38,3,86,noise,5.75,noise,1.392446,noise
44,3,12,noise,4.66,noise,1.183564,noise
42,3,37,noise,10.07,noise,1.749775,signal
44,3,13,noise,6.89,noise,1.079502,noise
38,3,87,noise,6.48,noise,1.504624,noise
46,1,1,signal,5.77,noise,5.887167,noise
37,3,66,signal,8.13,noise,1.836629,signal
42,3,38,signal,6.59,signal,1.360562,noise
37,3,67,noise,4.94,noise,1.608115,noise
38,3,88,signal,8.38,signal,1.769218,signal
44,3,14,noise,7.19,noise,2.166395,noise
32,3,75,signal,5.29,signal,4.502844,noise
42,3,39,noise,6.8,noise,1.459584,noise
44,3,15,noise,7.31,noise,1.180599,noise
38,3,89,noise,4.4,noise,1.537997,noise
37,3,68,noise,5.65,noise,1.841893,noise
42,3,40,noise,6.85,noise,1.370721,noise
48,1,1,noise,7.62,noise,28.843724,noise
44,3,16,noise,5.27,noise,1.612793,noise
46,1,2,signal,8.26,signal,5.44658,signal
38,3,90,noise,6.55,noise,1.683522,noise
37,3,69,noise,3.89,noise,2.080245,noise
42,3,41,noise,5.43,noise,1.64561,noise
32,3,76,signal,7.11,signal,4.015072,signal
44,3,17,noise,6.97,noise,1.196696,noise
38,3,91,signal,4.6,signal,1.748721,signal
42,3,42,signal,6.62,signal,1.49031,noise
46,1,3,signal,6.57,signal,2.560785,noise
48,1,2,noise,4.78,signal,3.293877,noise
37,3,70,noise,3.15,noise,1.56143,noise
44,3,18,noise,5.29,noise,1.620127,signal
42,3,43,noise,7.21,noise,1.507849,noise
38,3,92,noise,5.39,noise,2.181539,noise
32,3,77,noise,4.46,noise,3.523598,noise
44,3,19,signal,7.17,noise,1.331938,signal
37,3,71,signal,7.24,noise,1.838877,noise
46,1,4,noise,4.09,noise,2.807981,noise
42,3,44,signal,4.84,signal,1.355851,signal
38,3,93,signal,7.17,signal,1.695294,signal
48,1,3,noise,8.69,noise,3.099367,noise
37,3,72,noise,5.09,noise,1.55536,noise
44,3,20,signal,4.59,noise,1.295074,noise
32,3,78,signal,6.9,signal,2.471563,noise
42,3,45,noise,6.4,noise,1.269879,noise
38,3,94,noise,6.41,noise,1.614807,noise
46,1,5,signal,7.02,noise,2.412905,noise
37,3,73,noise,4.05,noise,1.599641,noise
42,3,46,signal,7.18,signal,1.292395,signal
44,3,21,noise,4.55,noise,1.587523,noise
45,1,1,noise,7.03,noise,5.109124,noise
48,1,4,noise,5.05,noise,3.272446,noise
44,3,22,noise,3.79,noise,1.082604,noise
32,3,79,noise,5.44,noise,2.940706,noise
37,3,74,noise,6.61,noise,1.611139,noise
42,3,47,signal,7.37,signal,1.509023,signal
38,3,95,noise,5.73,noise,2.276222,noise
46,1,6,signal,7.89,signal,2.28189,signal
42,3,48,noise,5.94,noise,1.28898,noise
44,3,23,noise,4.84,noise,1.662135,noise
37,3,75,noise,6.65,noise,1.625037,noise
45,1,2,noise,7.71,noise,2.795527,signal
38,3,96,noise,4.71,noise,1.843741,noise
48,1,5,noise,4.47,noise,1.963849,noise
46,1,7,noise,5.46,noise,2.48784,noise
44,3,24,noise,8.01,noise,1.235715,signal
42,3,49,noise,7.61,noise,1.449181,noise
37,3,76,noise,4.93,noise,1.692361,noise
32,3,80,noise,5.87,noise,4.049836,noise
38,3,97,noise,6.52,noise,1.84507,noise
44,3,25,signal,5.28,noise,1.150618,noise
48,1,6,noise,7.28,noise,1.899713,noise
45,1,3,noise,5.34,noise,2.480957,noise
42,3,50,noise,5.87,noise,1.407806,noise
37,3,77,noise,6.21,noise,1.676237,noise
44,3,26,noise,6.48,noise,1.098106,noise
46,1,8,noise,7.43,noise,2.79882,signal
38,3,98,noise,8.58,noise,1.724929,noise
42,3,51,noise,6.3,noise,1.730045,noise
48,1,7,noise,7.69,signal,2.110385,signal
37,3,78,noise,6.42,noise,1.95743,noise
32,3,81,noise,6.28,noise,3.607442,noise
44,3,27,noise,4.16,noise,1.981575,noise
46,1,9,noise,5.93,noise,2.25112,noise
42,3,52,noise,5.06,noise,1.586124,noise
38,3,99,noise,4.76,noise,2.3238,noise
45,1,4,signal,6.19,noise,4.731363,noise
44,3,28,noise,4.34,noise,1.341637,noise
37,3,79,noise,4.32,noise,1.681727,noise
42,3,53,signal,6.29,signal,1.373291,signal
46,1,10,signal,7.87,signal,1.852189,signal
32,3,82,signal,7.01,signal,2.439832,noise
38,3,100,noise,7.29,noise,1.936017,signal
48,1,8,noise,7.1,noise,3.030361,noise
37,3,80,noise,5.64,noise,1.407316,noise
44,3,29,noise,8.52,noise,1.710386,signal
42,3,54,noise,5.93,noise,1.651551,noise
45,1,5,noise,5.59,noise,2.276216,noise
37,3,81,noise,8.69,noise,1.443999,signal
42,3,55,noise,4.93,noise,1.430627,noise
48,1,9,noise,4.79,noise,2.379149,noise
32,3,83,noise,5.66,noise,3.269121,noise
45,1,6,signal,7.38,noise,2.137863,noise
37,3,82,noise,6.48,noise,1.400764,noise
42,3,56,noise,6.62,noise,1.329916,noise
44,3,30,noise,6.84,noise,3.4959,noise
37,3,83,noise,6.65,noise,1.448229,noise
48,1,10,noise,5.35,signal,2.123611,signal
42,3,57,noise,4.8,noise,1.43167,noise
32,3,84,signal,7.76,noise,2.878225,noise
44,3,31,noise,5.42,noise,2.359798,noise
37,3,84,noise,5.12,noise,1.481841,noise
42,3,58,signal,6.9,signal,1.42876,signal
45,1,7,noise,6.53,noise,3.732951,noise
46,2,1,noise,5.64,noise,2.776538,noise
37,3,85,noise,5.96,noise,1.449453,noise
32,3,85,noise,5.54,noise,2.510347,noise
44,3,32,noise,6.68,noise,1.685365,noise
42,3,59,signal,5.17,signal,1.623202,noise
46,2,2,signal,8.72,signal,2.142858,signal
42,3,60,noise,6.28,noise,1.410759,noise
45,1,8,signal,5.84,signal,3.14458,signal
44,3,33,noise,4.76,noise,1.819723,noise
37,3,86,noise,7.71,noise,1.970796,signal
32,3,86,signal,5.83,signal,2.563231,noise
49,1,1,noise,7.91,noise,5.02902,signal
44,3,34,noise,5.07,noise,1.099687,noise
42,3,61,signal,7.67,signal,1.385309,signal
50,1,1,signal,7.59,signal,11.354185,signal
46,2,3,noise,5.76,signal,2.396134,signal
45,1,9,signal,7.49,noise,2.192705,noise
37,3,87,noise,7.26,noise,2.060332,signal
42,3,62,signal,5.16,signal,1.430273,signal
32,3,87,noise,4.8,noise,2.455861,noise
44,3,35,noise,5.6,noise,1.876597,noise
48,2,1,noise,6.79,noise,2.55932,noise
46,2,4,noise,5.16,noise,2.051857,noise
37,3,88,noise,6.33,noise,1.85423,signal
49,1,2,noise,7.91,noise,3.399738,signal
42,3,63,noise,7.59,noise,1.433182,noise
45,1,10,signal,8.04,signal,2.485018,signal
44,3,36,noise,4.45,noise,1.51276,noise
32,3,88,noise,6.16,noise,2.288251,noise
49,1,3,signal,6.38,noise,1.379559,noise
37,3,89,noise,5.11,noise,1.573693,noise
46,2,5,noise,5.46,noise,1.949148,noise
50,1,2,signal,6.76,noise,4.803375,noise
48,2,2,noise,5.07,noise,2.366229,noise
42,3,64,noise,5.72,noise,2.136151,noise
44,3,37,noise,7.37,noise,1.702963,signal
37,3,90,noise,5.45,noise,1.48828,noise
32,3,89,signal,7.0,signal,2.347756,signal
44,3,38,signal,4.83,noise,1.029512,noise
46,2,6,noise,5.88,noise,1.845472,noise
42,3,65,noise,5.35,noise,1.840991,noise
48,2,3,signal,7.17,signal,2.204151,signal
35,1,1,signal,4.82,noise,11.188894,noise
37,3,91,noise,5.21,noise,1.757931,signal
44,3,39,signal,6.48,noise,1.907182,noise
46,2,7,noise,5.33,noise,1.947219,noise
42,3,66,noise,7.42,noise,1.38258,signal
50,1,3,signal,6.1,noise,3.970587,signal
44,3,40,signal,7.05,noise,1.218733,signal
42,3,67,noise,9.33,noise,1.338572,signal
47,1,1,noise,5.93,noise,31.731435,noise
37,3,92,noise,3.81,noise,2.163954,noise
35,1,2,noise,4.58,noise,2.78989,noise
32,3,90,signal,6.78,noise,4.227663,signal
46,2,8,signal,7.75,signal,2.105516,signal
48,2,4,noise,4.71,noise,3.164045,noise
42,3,68,noise,6.37,noise,0.982501,noise
44,3,41,signal,6.55,noise,1.580818,noise
49,1,4,noise,6.36,noise,7.218989,noise
46,2,9,signal,7.52,noise,1.654798,noise
37,3,93,noise,5.57,noise,2.103244,noise
42,3,69,noise,6.21,noise,1.269647,noise
50,1,4,signal,6.38,noise,4.548334,noise
48,2,5,noise,6.83,noise,2.33754,signal
49,1,5,noise,3.74,noise,1.596492,noise
32,3,91,signal,7.64,signal,3.034141,signal
44,3,42,noise,4.14,noise,2.048848,noise
49,1,6,noise,5.28,noise,0.925177,noise
42,3,70,noise,8.26,noise,1.700984,signal
46,2,10,noise,5.64,noise,2.627489,noise
37,3,94,noise,2.7,noise,1.988274,noise
48,2,6,signal,6.47,signal,1.901162,signal
44,3,43,noise,8.27,noise,1.93049,signal
35,1,3,signal,6.29,signal,5.739778,signal
49,1,7,noise,4.23,noise,1.092227,noise
50,1,5,signal,6.64,noise,2.602625,noise
42,3,71,noise,6.69,noise,1.552524,signal
37,3,95,noise,5.27,noise,1.824848,noise
32,3,92,noise,4.57,signal,3.612308,noise
49,1,8,noise,5.25,noise,1.464256,noise
44,3,44,noise,7.98,noise,1.982748,signal
42,3,72,noise,6.45,noise,1.243341,signal
50,1,6,signal,4.77,noise,3.049114,noise
48,2,7,noise,6.47,signal,3.414133,signal
37,3,96,noise,6.25,noise,2.375885,noise
44,3,45,signal,6.4,noise,1.663264,noise
42,3,73,signal,7.87,signal,1.608496,signal
32,3,93,signal,5.56,signal,2.861165,noise
35,1,4,signal,6.08,noise,4.432735,noise
37,3,97,noise,6.33,noise,1.521679,noise
42,3,74,noise,6.64,noise,1.394786,noise
48,2,8,noise,6.51,noise,1.719551,noise
44,3,46,signal,4.3,noise,1.8696,noise
35,1,5,noise,6.14,noise,1.878454,noise
32,3,94,signal,6.71,signal,2.306932,signal
50,1,7,signal,5.42,signal,3.245913,signal
42,3,75,signal,6.9,signal,1.470496,signal
37,3,98,noise,6.15,noise,1.760788,noise
46,3,1,noise,5.77,noise,5.761105,noise
44,3,47,noise,6.66,noise,1.729599,noise
48,2,9,noise,7.06,noise,2.239412,noise
42,3,76,noise,5.76,noise,1.376307,noise
37,3,99,noise,5.09,noise,1.658215,noise
46,3,2,signal,8.26,signal,2.100445,signal
32,3,95,signal,7.22,noise,3.232878,signal
44,3,48,noise,5.82,noise,2.327191,noise
50,1,8,signal,4.98,noise,3.092926,noise
42,3,77,signal,4.82,signal,1.767076,signal
48,2,10,noise,6.06,noise,2.021494,noise
49,1,9,noise,6.32,noise,9.143512,noise
37,3,100,noise,5.39,noise,1.989768,noise
35,1,6,signal,5.9,noise,4.702302,noise
46,3,3,noise,6.57,signal,2.355419,noise
42,3,78,noise,6.73,noise,1.695181,noise
44,3,49,noise,4.91,noise,1.806213,noise
50,1,9,signal,5.85,noise,2.272311,noise
32,3,96,signal,6.78,signal,3.251949,noise
35,1,7,noise,4.69,noise,1.837215,noise
46,3,4,noise,4.09,noise,1.510796,noise
49,1,10,noise,5.66,noise,2.982286,noise
44,3,50,noise,5.69,noise,1.436408,noise
42,3,79,signal,5.1,signal,1.554038,signal
50,1,10,signal,5.04,signal,2.112236,signal
48,3,1,noise,7.62,noise,2.271089,noise
46,3,5,noise,7.02,noise,1.888026,noise
42,3,80,noise,8.31,noise,1.441775,noise
44,3,51,noise,6.05,noise,1.516192,noise
32,3,97,noise,6.37,noise,2.918502,signal
35,1,8,signal,6.58,noise,3.536031,noise
42,3,81,noise,7.05,noise,1.302846,noise
47,1,2,noise,4.76,signal,24.188717,noise
48,3,2,signal,4.78,signal,1.814128,noise
44,3,52,noise,6.5,noise,1.641235,noise
32,3,98,signal,7.82,signal,2.000337,signal
46,3,6,signal,7.89,signal,2.423183,signal
35,1,9,noise,5.25,noise,1.710619,noise
42,3,82,noise,6.88,noise,1.34611,signal
44,3,53,noise,5.2,noise,0.965193,noise
48,3,3,noise,8.69,noise,1.54006,noise
44,3,54,noise,3.79,noise,0.967045,noise
42,3,83,noise,7.76,noise,1.416446,noise
46,3,7,noise,5.46,noise,1.967125,noise
32,3,99,signal,6.91,noise,2.602589,noise
45,2,1,signal,7.24,noise,5.781015,noise
42,3,84,noise,5.81,noise,1.426088,noise
44,3,55,noise,8.12,noise,1.659255,signal
48,3,4,noise,5.05,noise,1.773261,noise
50,2,1,signal,7.31,signal,2.087287,signal
46,3,8,noise,7.43,noise,2.171753,signal
35,1,10,signal,7.58,noise,3.994084,signal
44,3,56,signal,5.69,noise,1.059783,noise
42,3,85,noise,7.79,signal,1.241682,signal
32,3,100,signal,8.7,signal,2.6619,signal
49,2,1,noise,6.12,noise,4.994946,noise
47,1,3,noise,4.74,noise,6.554053,noise
48,3,5,noise,4.47,noise,1.947339,noise
44,3,57,signal,7.81,noise,1.767367,signal
46,3,9,noise,5.93,noise,2.613989,noise
42,3,86,signal,6.92,signal,1.869811,signal
45,2,2,noise,7.51,signal,4.240468,noise
48,3,6,noise,7.28,noise,1.612867,noise
50,2,2,signal,5.43,signal,4.171325,noise
49,2,2,noise,6.78,noise,2.751719,noise
42,3,87,noise,6.04,noise,1.448234,noise
44,3,58,noise,4.99,noise,1.900853,noise
42,3,88,noise,8.26,noise,1.366293,signal
50,2,3,signal,6.02,signal,2.096678,signal
46,3,10,signal,7.87,signal,3.267349,signal
49,2,3,noise,8.05,noise,2.108838,signal
44,3,59,noise,7.41,noise,1.927167,noise
48,3,7,signal,7.69,signal,3.120662,signal
42,3,89,noise,6.6,noise,1.313874,noise
45,2,3,signal,5.82,noise,4.961505,noise
49,2,4,signal,9.42,signal,2.352072,signal
42,3,90,noise,6.2,noise,1.458308,noise
44,3,60,noise,5.37,noise,2.205385,noise
46,3,11,noise,5.64,noise,2.971868,noise
50,2,4,signal,4.66,noise,3.083235,noise
48,3,8,noise,7.1,noise,2.202274,noise
44,3,61,noise,7.93,noise,1.657451,signal
42,3,91,noise,3.85,noise,1.759572,noise
49,2,5,noise,5.97,noise,2.143259,signal
47,1,4,noise,5.24,noise,9.510495,noise
50,2,5,signal,5.62,signal,2.018727,signal
46,3,12,signal,8.72,signal,2.639586,signal
45,2,4,noise,6.74,noise,4.284838,noise
49,2,6,noise,4.23,noise,1.259428,noise
42,3,92,signal,6.24,signal,1.562163,noise
44,3,62,signal,6.27,noise,1.990648,noise
48,3,9,noise,4.79,noise,3.177251,noise
50,2,6,signal,6.92,noise,2.207133,noise
49,2,7,noise,6.03,noise,1.536637,noise
46,3,13,noise,5.76,signal,2.389925,signal
45,2,5,noise,6.06,noise,2.117118,noise
44,3,63,signal,4.97,noise,1.191311,noise
42,3,93,signal,6.78,signal,1.671222,signal
50,2,7,signal,7.47,signal,1.921201,signal
48,3,10,signal,5.35,signal,2.117048,signal
49,2,8,noise,5.27,noise,1.700099,noise
44,3,64,noise,5.2,noise,1.719051,noise
42,3,94,noise,6.57,signal,1.965328,signal
46,3,14,noise,5.16,noise,2.556526,noise
49,2,9,noise,7.24,noise,1.54854,signal
42,3,95,noise,4.43,noise,1.302199,noise
44,3,65,noise,6.72,noise,1.674164,noise
45,2,6,signal,7.89,noise,3.73025,signal
50,2,8,signal,8.29,signal,2.511887,signal
46,3,15,noise,5.46,noise,1.861571,noise
48,3,11,noise,6.79,noise,2.748776,noise
49,2,10,noise,6.85,noise,1.450067,noise
44,3,66,noise,4.8,noise,1.01643,noise
42,3,96,noise,6.32,noise,1.975021,noise
50,2,9,signal,6.97,noise,1.914866,noise
46,3,16,noise,5.88,noise,1.749827,noise
44,3,67,noise,7.76,noise,1.975046,signal
42,3,97,noise,6.85,noise,1.448249,noise
48,3,12,noise,5.07,noise,2.358213,noise
45,2,7,noise,4.54,noise,3.838763,noise
46,3,17,noise,5.33,noise,1.494217,noise
44,3,68,signal,2.22,noise,1.802491,noise
50,2,10,signal,7.96,noise,2.686295,noise
42,3,98,noise,7.21,noise,1.804979,noise
49,3,1,noise,7.91,noise,2.693816,signal
48,3,13,signal,7.17,signal,1.792657,signal
47,1,5,noise,7.52,signal,13.29533,noise
46,3,18,signal,7.75,signal,2.020217,signal
42,3,99,noise,7.59,noise,1.359113,noise
44,3,69,noise,6.15,noise,2.374539,noise
49,3,2,noise,7.91,noise,2.145777,signal
48,3,14,noise,4.71,noise,1.901223,noise
42,3,100,noise,5.9,noise,1.30599,noise
46,3,19,noise,7.52,noise,2.418091,noise
45,2,8,signal,5.98,noise,6.004233,noise
48,3,15,noise,6.83,noise,1.5996,signal
49,3,3,signal,6.38,noise,2.054377,noise
44,3,70,noise,6.23,noise,2.369215,noise
46,3,20,noise,5.64,noise,2.22648,noise
49,3,4,noise,6.36,noise,1.210301,noise
44,3,71,noise,4.13,noise,1.503475,noise
48,3,16,noise,6.47,signal,1.610471,signal
47,1,6,noise,5.6,signal,6.860649,noise
44,3,72,noise,5.52,noise,1.07076,noise
45,2,9,signal,6.08,noise,3.148265,noise
46,3,21,noise,6.17,noise,2.67338,noise
49,3,5,noise,3.74,noise,2.41155,noise
48,3,17,signal,6.47,signal,1.62035,signal
44,3,73,noise,5.65,noise,2.178666,noise
45,2,10,signal,8.28,signal,2.520636,noise
49,3,6,noise,5.28,noise,1.88481,noise
48,3,18,signal,6.51,noise,1.93156,noise
49,3,7,noise,4.23,noise,1.057323,noise
46,3,22,signal,7.69,signal,3.73701,signal
44,3,74,noise,7.21,noise,1.836487,signal
47,1,7,noise,7.73,signal,5.501745,signal
48,3,19,noise,7.06,noise,1.842222,noise
44,3,75,signal,4.61,noise,1.30054,noise
49,3,8,noise,5.25,noise,1.836872,noise
46,3,23,noise,3.43,noise,2.011145,noise
44,3,76,noise,7.33,noise,0.99758,signal
49,3,9,noise,6.32,noise,1.070203,noise
44,3,77,noise,5.91,noise,0.966298,noise
46,3,24,signal,4.25,signal,1.925832,noise
49,3,10,noise,5.66,noise,1.163225,noise
47,1,8,noise,5.66,noise,3.460829,noise
49,3,11,noise,6.12,noise,1.324971,noise
44,3,78,signal,6.2,noise,2.504728,noise
49,3,12,noise,6.78,noise,1.355974,noise
46,3,25,noise,4.49,signal,4.35422,noise
49,3,13,noise,8.05,noise,1.137894,signal
47,1,9,noise,5.7,noise,4.118808,noise
49,3,14,noise,9.42,signal,1.18671,signal
44,3,79,noise,7.23,noise,4.038281,noise
49,3,15,signal,5.97,noise,1.171629,signal
46,3,26,signal,7.82,signal,3.151116,signal
44,3,80,noise,6.85,noise,1.085976,signal
49,3,16,noise,4.23,noise,1.564722,noise
44,3,81,noise,3.84,noise,1.15098,noise
50,3,1,signal,7.59,signal,3.430169,signal
47,1,10,noise,4.03,noise,5.2392,noise
49,3,17,noise,6.03,noise,1.075178,noise
46,3,27,noise,6.54,signal,3.020484,signal
44,3,82,noise,6.3,noise,1.180211,noise
44,3,83,noise,6.34,noise,1.140189,noise
49,3,18,noise,5.27,noise,1.92495,noise
50,3,2,noise,6.76,noise,2.748261,noise
44,3,84,signal,6.19,noise,1.194987,noise
49,3,19,noise,7.24,noise,1.439329,signal
45,3,1,noise,7.03,noise,6.473487,noise
46,3,28,noise,6.47,noise,3.46258,noise
44,3,85,noise,6.7,noise,1.065104,noise
50,3,3,noise,6.1,noise,2.42145,signal
49,3,20,noise,6.85,noise,1.49535,noise
44,3,86,noise,5.41,noise,1.001996,noise
46,3,29,noise,6.22,signal,2.586396,signal
49,3,21,noise,5.1,noise,1.387256,noise
44,3,87,noise,6.25,noise,1.009276,noise
50,3,4,noise,6.38,noise,2.354235,noise
44,3,88,noise,5.95,noise,1.209393,signal
49,3,22,noise,6.02,noise,1.366457,noise
46,3,30,noise,6.1,noise,1.911556,noise
45,3,2,noise,7.71,noise,5.900123,signal
50,3,5,noise,6.64,noise,2.327698,noise
49,3,23,noise,7.14,noise,1.333034,noise
44,3,89,noise,7.7,noise,1.35191,signal
44,3,90,noise,5.29,noise,1.036063,noise
46,3,31,signal,7.81,signal,2.897526,signal
49,3,24,noise,7.48,noise,1.907568,noise
50,3,6,noise,4.77,noise,2.089232,noise
44,3,91,noise,8.26,noise,1.089206,signal
49,3,25,noise,6.51,noise,1.102104,noise
44,3,92,signal,4.4,noise,1.505038,noise
46,3,32,signal,6.45,signal,2.483198,noise
45,3,3,noise,5.34,noise,4.355435,noise
50,3,7,signal,5.42,signal,2.221487,signal
49,3,26,noise,7.33,noise,1.180681,noise
44,3,93,signal,7.13,noise,1.028085,signal
49,3,27,noise,8.43,noise,1.104789,signal
46,3,33,signal,7.23,signal,1.687997,signal
44,3,94,noise,5.09,noise,1.04854,noise
49,3,28,noise,4.98,noise,1.08586,noise
50,3,8,noise,4.98,noise,2.378641,noise
45,3,4,noise,6.19,noise,2.922745,noise
44,3,95,noise,4.75,noise,1.646129,noise
49,3,29,noise,6.65,noise,1.14428,noise
46,3,34,noise,3.62,noise,2.310639,noise
44,3,96,noise,5.53,noise,1.109292,noise
50,3,9,noise,5.85,noise,2.167155,noise
49,3,30,noise,5.6,noise,1.093332,noise
45,3,5,noise,5.59,noise,2.277921,noise
46,3,35,noise,4.58,noise,1.96414,noise
44,3,97,noise,6.75,noise,1.128653,noise
49,3,31,noise,4.59,noise,1.968295,noise
44,3,98,noise,6.5,noise,1.010235,noise
50,3,10,signal,5.04,signal,2.173222,signal
35,2,1,noise,5.85,noise,4.414205,noise
44,3,99,noise,6.27,noise,1.052624,signal
45,3,6,signal,7.38,noise,3.330493,noise
46,3,36,signal,7.18,signal,2.710688,signal
50,3,11,signal,7.31,signal,2.061304,signal
49,3,32,noise,7.38,noise,2.250449,noise
44,3,100,noise,6.14,noise,1.183191,noise
49,3,33,noise,6.71,noise,1.258163,signal
50,3,12,signal,5.43,signal,2.06515,noise
45,3,7,noise,6.53,noise,3.119046,noise
35,2,2,signal,6.37,noise,4.198354,noise
46,3,37,noise,4.61,noise,3.343228,noise
49,3,34,noise,5.09,noise,1.652543,noise
50,3,13,signal,6.02,signal,1.81461,signal
49,3,35,noise,3.88,noise,1.044386,noise
46,3,38,noise,4.04,noise,1.965955,noise
35,2,3,noise,5.06,noise,2.657737,noise
49,3,36,noise,4.44,noise,1.008805,noise
45,3,8,signal,5.84,signal,3.946051,signal
50,3,14,noise,4.66,noise,2.32936,noise
46,3,39,noise,5.74,noise,2.101302,noise
49,3,37,noise,5.66,noise,1.139191,noise
48,3,20,noise,6.06,noise,45.045051,noise
35,2,4,noise,5.81,noise,2.343274,noise
49,3,38,noise,3.67,noise,1.253892,noise
46,3,40,noise,4.19,noise,1.852604,noise
50,3,15,signal,5.62,signal,1.929597,signal
49,3,39,noise,5.9,noise,1.056545,noise
45,3,9,signal,7.49,noise,3.209203,noise
46,3,41,noise,3.42,noise,1.566272,noise
50,3,16,noise,6.92,noise,2.236324,noise
35,2,5,signal,4.21,noise,3.535624,noise
49,3,40,noise,4.27,noise,1.797802,noise
45,3,10,signal,8.04,signal,2.259255,signal
46,3,42,signal,6.01,signal,2.246378,noise
35,2,6,noise,4.56,noise,1.661069,noise
50,3,17,signal,7.47,signal,2.101263,signal
49,3,41,noise,4.29,noise,1.923249,noise
49,3,42,noise,5.32,noise,1.538089,noise
46,3,43,noise,5.98,noise,3.021149,noise
50,3,18,signal,8.29,signal,2.483759,signal
35,2,7,noise,6.43,noise,3.407909,noise
45,3,11,noise,7.24,noise,5.189813,noise
46,3,44,noise,9.91,signal,1.581172,signal
49,3,43,noise,4.9,noise,1.92929,noise
50,3,19,noise,6.97,noise,2.257541,noise
49,3,44,noise,6.78,noise,1.187826,signal
46,3,45,noise,3.74,noise,2.037722,noise
45,3,12,signal,7.51,signal,2.858514,noise
50,3,20,noise,7.96,noise,1.916504,noise
49,3,45,noise,4.52,noise,2.647127,noise
46,3,46,noise,5.21,noise,2.902599,noise
50,3,21,signal,7.1,signal,2.045151,signal
45,3,13,noise,5.82,noise,2.813977,noise
49,3,46,noise,7.29,noise,1.699269,signal
46,3,47,signal,7.84,signal,2.032045,signal
48,3,21,noise,6.49,noise,17.781917,noise
45,3,14,noise,6.74,noise,1.879276,noise
50,3,22,signal,8.19,signal,2.140105,signal
49,3,47,noise,6.89,noise,1.91522,signal
46,3,48,signal,8.2,signal,1.429229,signal
35,2,8,noise,4.56,noise,10.811826,noise
45,3,15,noise,6.06,noise,2.002138,noise
48,3,22,noise,6.67,noise,1.974109,noise
50,3,23,noise,3.75,noise,2.14425,noise
49,3,48,signal,8.93,signal,1.923247,signal
46,3,49,signal,7.31,noise,1.526869,noise
49,3,49,noise,6.1,noise,1.7571,noise
50,3,24,signal,8.1,signal,2.053797,signal
46,3,50,signal,7.51,signal,2.293577,signal
35,2,9,noise,5.45,noise,3.250888,noise
49,3,50,noise,4.21,noise,1.071088,noise
48,3,23,signal,5.9,signal,2.942142,noise
45,3,16,signal,7.89,noise,4.31416,signal
46,3,51,noise,6.82,noise,1.611013,noise
50,3,25,signal,7.0,signal,1.854221,signal
49,3,51,noise,4.8,noise,1.64289,noise
46,3,52,noise,5.87,noise,1.453961,noise
49,3,52,noise,5.6,noise,0.951033,noise
50,3,26,noise,6.92,noise,1.950472,noise
45,3,17,noise,4.54,noise,2.30516,noise
48,3,24,noise,6.73,noise,3.276029,signal
35,2,10,signal,6.01,noise,4.180082,noise
46,3,53,signal,7.0,signal,2.022231,signal
49,3,53,noise,5.69,noise,1.795885,noise
50,3,27,noise,7.02,noise,1.91881,signal
49,3,54,noise,6.21,noise,1.134589,noise
48,3,25,noise,6.37,noise,2.232421,noise
49,3,55,noise,6.72,noise,0.911807,signal
50,3,28,signal,7.36,signal,2.078858,noise
46,3,54,signal,8.79,signal,3.229524,signal
45,3,18,signal,5.98,noise,4.477532,noise
48,3,26,noise,4.75,noise,1.846877,noise
49,3,56,noise,5.22,noise,1.694534,noise
50,3,29,noise,4.56,noise,2.049182,noise
49,3,57,noise,3.99,noise,1.066395,noise
48,3,27,noise,5.83,noise,1.71697,noise
46,3,55,signal,5.06,signal,2.834216,signal
50,3,30,signal,7.43,signal,1.849082,signal
45,3,19,noise,6.08,noise,3.90493,noise
46,3,56,signal,6.43,noise,1.507992,noise
49,3,58,noise,7.06,noise,2.138069,signal
48,3,28,signal,6.86,signal,2.658911,noise
50,3,31,noise,7.41,noise,1.937702,noise
46,3,57,signal,7.2,signal,1.839955,signal
45,3,20,signal,8.28,signal,2.310395,noise
49,3,59,noise,5.27,noise,1.636129,noise
48,3,29,noise,7.19,noise,1.783232,noise
50,3,32,noise,4.91,noise,2.271744,noise
46,3,58,noise,4.82,signal,1.984671,noise
49,3,60,noise,6.77,noise,1.874843,noise
50,3,33,signal,8.89,signal,1.915447,signal
49,3,61,noise,4.13,noise,2.063681,noise
45,3,21,noise,6.23,noise,4.482929,noise
49,3,62,noise,6.14,noise,0.973093,noise
50,3,34,signal,7.27,signal,1.849378,signal
46,3,59,noise,6.11,noise,4.186802,noise
45,3,22,noise,7.07,noise,2.210268,noise
49,3,63,noise,5.29,noise,1.883136,noise
50,3,35,noise,7.33,noise,1.838557,noise
46,3,60,noise,5.73,noise,1.721986,noise
49,3,64,noise,3.44,noise,1.3977,noise
45,3,23,noise,6.17,noise,2.209379,noise
50,3,36,noise,7.27,noise,1.880228,noise
46,3,61,signal,7.0,signal,1.882363,signal
49,3,65,noise,6.19,noise,1.089288,noise
48,3,30,noise,7.14,noise,8.909553,signal
45,3,24,noise,6.52,noise,2.199032,noise
50,3,37,noise,4.38,noise,1.814687,noise
46,3,62,noise,5.02,noise,2.229541,noise
49,3,66,noise,4.12,noise,1.906816,noise
50,3,38,noise,4.67,noise,1.855388,noise
45,3,25,noise,4.96,noise,2.437598,noise
49,3,67,noise,5.09,noise,1.541127,noise
48,3,31,noise,5.6,noise,3.550058,noise
46,3,63,signal,8.07,signal,2.284156,signal
49,3,68,noise,8.33,noise,1.223634,signal
50,3,39,noise,7.08,noise,2.12661,signal
45,3,26,noise,6.39,noise,2.507294,signal
46,3,64,noise,6.34,noise,2.070328,noise
48,3,32,signal,6.04,signal,2.18379,signal
49,3,69,noise,5.73,noise,1.473974,noise
50,3,40,signal,7.59,signal,2.334248,signal
49,3,70,noise,4.26,noise,1.019988,noise
49,3,71,noise,5.02,noise,1.20321,noise
46,3,65,noise,4.44,noise,2.820138,noise
50,3,41,signal,7.23,signal,2.052322,signal
49,3,72,noise,5.95,noise,1.18147,noise
45,3,27,noise,7.23,noise,4.90547,noise
46,3,66,noise,4.37,noise,1.42957,noise
48,3,33,noise,5.94,noise,2.425065,noise
49,3,73,noise,6.68,noise,1.412901,noise
50,3,42,noise,3.07,noise,2.304835,noise
46,3,67,noise,4.27,noise,1.354589,noise
45,3,28,noise,6.19,noise,2.251085,noise
48,3,34,noise,5.46,noise,1.59056,noise
49,3,74,noise,7.76,noise,1.109446,signal
50,3,43,signal,6.68,signal,2.184702,signal
49,3,75,noise,5.75,noise,1.092211,noise
46,3,68,signal,8.66,signal,2.713777,signal
45,3,29,noise,5.42,noise,1.992353,noise
47,2,1,noise,6.87,signal,8.003299,noise
49,3,76,noise,6.21,noise,1.256547,noise
50,3,44,signal,6.56,signal,2.21674,noise
46,3,69,signal,6.96,signal,1.95551,signal
49,3,77,noise,4.78,noise,1.058767,noise
48,3,35,signal,6.73,signal,4.507504,signal
49,3,78,noise,5.93,noise,1.063452,noise
46,3,70,noise,5.81,noise,1.923227,noise
50,3,45,signal,6.73,signal,2.493926,signal
45,3,30,signal,7.0,noise,4.469626,noise
47,2,2,signal,7.86,signal,4.995781,signal
49,3,79,noise,2.99,noise,1.816464,noise
46,3,71,noise,4.34,noise,2.071582,noise
49,3,80,noise,4.9,noise,1.041581,noise
50,3,46,noise,5.08,noise,2.169533,noise
48,3,36,noise,6.89,noise,3.947699,signal
45,3,31,noise,6.04,noise,3.114804,noise
49,3,81,noise,4.52,noise,1.024514,noise
46,3,72,signal,7.82,signal,2.365279,signal
50,3,47,signal,5.92,signal,2.054941,signal
47,2,3,noise,5.43,noise,3.836539,noise
48,3,37,signal,7.27,signal,2.099316,signal
45,3,32,noise,6.43,noise,1.900133,noise
49,3,82,signal,4.33,signal,2.052867,noise
50,3,48,noise,6.01,noise,2.004141,signal
46,3,73,noise,5.38,noise,2.689229,noise
49,3,83,signal,5.92,noise,1.87186,noise
48,3,38,noise,8.91,noise,1.829249,signal
45,3,33,noise,7.46,noise,2.458355,noise
47,2,4,signal,8.03,noise,4.449968,noise
46,3,74,noise,6.28,noise,2.370233,noise
49,3,84,noise,6.17,noise,1.902777,noise
50,3,49,noise,7.15,noise,3.001325,noise
45,3,34,signal,5.94,signal,2.331348,signal
48,3,39,noise,5.97,noise,2.42191,signal
46,3,75,noise,7.29,noise,1.394225,signal
49,3,85,signal,4.71,signal,1.720814,noise
50,3,50,noise,5.06,noise,2.395593,noise
46,3,76,signal,4.09,signal,1.768967,noise
48,3,40,noise,5.16,noise,1.83458,noise
45,3,35,signal,4.71,signal,2.775718,signal
49,3,86,noise,6.71,noise,1.933257,noise
46,3,77,signal,5.4,signal,1.446983,noise
50,3,51,signal,7.19,signal,2.205539,signal
49,3,87,noise,6.03,noise,1.073045,noise
48,3,41,noise,5.37,noise,1.613403,noise
46,3,78,signal,5.11,signal,1.450171,noise
47,2,5,signal,7.87,noise,7.452687,signal
48,3,42,noise,6.12,noise,1.390903,noise
50,3,52,noise,6.94,noise,2.11725,signal
49,3,88,noise,5.42,noise,1.825921,noise
46,3,79,noise,6.11,noise,2.067217,noise
49,3,89,noise,6.55,noise,1.18844,signal
45,3,36,signal,8.42,noise,5.296916,noise
48,3,43,noise,5.98,noise,1.537943,noise
50,3,53,noise,4.52,noise,1.848657,noise
46,3,80,noise,4.95,noise,1.957941,noise
47,2,6,noise,5.71,noise,3.247472,noise
49,3,90,noise,4.14,noise,1.807487,noise
48,3,44,signal,7.61,signal,2.066796,signal
45,3,37,signal,4.45,signal,2.619566,noise
46,3,81,noise,4.44,noise,1.60278,noise
49,3,91,noise,7.16,noise,1.977883,noise
46,3,82,noise,5.59,noise,1.539766,noise
50,3,54,signal,6.25,signal,4.058856,signal
45,3,38,noise,6.44,noise,1.840995,noise
48,3,45,noise,6.57,noise,2.261368,signal
49,3,92,noise,5.66,signal,1.281929,noise
46,3,83,noise,3.66,noise,1.646432,noise
47,2,7,signal,9.34,noise,4.324667,signal
50,3,55,signal,8.84,signal,1.960201,signal
45,3,39,noise,7.39,noise,1.936421,noise
46,3,84,noise,4.19,noise,1.396573,noise
48,3,46,noise,5.58,noise,2.157953,noise
49,3,93,noise,6.5,noise,2.19068,noise
45,3,40,noise,4.16,noise,1.818481,noise
46,3,85,noise,4.84,noise,1.319445,noise
50,3,56,noise,6.76,noise,2.448325,noise
49,3,94,signal,8.92,signal,2.04723,signal
45,3,41,noise,6.89,noise,1.795606,signal
48,3,47,signal,5.24,signal,2.599016,noise
46,3,86,signal,7.67,signal,1.808315,signal
50,3,57,noise,7.92,noise,1.962401,noise
49,3,95,noise,4.93,noise,1.871114,noise
46,3,87,signal,5.09,noise,1.29952,noise
45,3,42,noise,7.1,noise,1.899005,noise
47,2,8,noise,6.73,noise,7.119751,signal
50,3,58,signal,8.21,signal,2.097697,noise
49,3,96,noise,4.6,noise,1.604116,noise
48,3,48,signal,6.43,signal,2.891542,noise
46,3,88,noise,8.41,noise,1.909383,signal
45,3,43,noise,4.42,noise,2.117725,noise
46,3,89,noise,6.49,noise,1.281371,noise
49,3,97,noise,6.18,noise,1.562639,noise
50,3,59,signal,7.54,signal,2.183963,signal
47,2,9,signal,8.71,signal,3.809669,signal
49,3,98,noise,6.3,noise,0.954873,noise
46,3,90,noise,6.49,noise,1.704507,noise
45,3,44,noise,6.0,noise,2.875073,noise
48,3,49,signal,5.71,signal,4.111504,signal
50,3,60,noise,4.78,noise,2.400775,noise
46,3,91,noise,4.99,noise,1.307492,noise
49,3,99,noise,5.48,noise,1.245048,noise
45,3,45,noise,5.52,noise,2.119281,noise
49,3,100,noise,5.36,noise,1.31136,noise
46,3,92,noise,7.25,noise,1.541541,signal
48,3,50,noise,6.35,noise,2.156372,signal
50,3,61,signal,7.79,signal,2.273339,signal
45,3,46,noise,5.37,noise,1.890327,noise
46,3,93,noise,5.85,noise,1.888131,noise
47,2,10,noise,6.25,noise,5.734207,noise
50,3,62,noise,6.32,noise,2.083924,signal
45,3,47,noise,6.22,noise,1.730171,noise
48,3,51,noise,6.32,noise,2.4685,noise
46,3,94,noise,6.99,noise,1.496717,noise
46,3,95,noise,4.53,noise,1.510134,noise
50,3,63,signal,7.08,signal,2.274639,noise
45,3,48,noise,6.22,noise,2.245454,noise
46,3,96,noise,6.55,noise,1.462007,noise
50,3,64,signal,6.85,signal,1.958974,signal
45,3,49,noise,7.67,noise,2.034483,noise
46,3,97,noise,4.63,noise,1.348763,noise
48,3,52,signal,7.03,signal,4.962169,noise
50,3,65,signal,9.04,signal,2.147744,signal
45,3,50,noise,5.17,noise,1.887949,noise
46,3,98,noise,5.48,noise,1.873523,noise
48,3,53,noise,4.63,noise,2.266784,noise
50,3,66,signal,7.8,signal,1.884659,signal
45,3,51,noise,7.03,noise,1.914482,noise
46,3,99,signal,6.91,signal,2.175303,signal
46,3,100,signal,6.92,noise,1.079807,noise
45,3,52,noise,6.47,noise,1.822863,signal
50,3,67,noise,4.53,noise,2.158683,noise
48,3,54,noise,5.38,noise,3.480828,noise
45,3,53,noise,5.51,noise,1.928698,noise
50,3,68,signal,7.76,signal,2.121478,signal
45,3,54,noise,5.0,noise,1.679149,signal
50,3,69,signal,6.02,signal,2.021833,signal
45,3,55,noise,7.43,noise,1.854375,signal
48,3,55,signal,7.9,signal,5.508659,signal
50,3,70,noise,7.13,noise,3.291149,noise
45,3,56,signal,6.72,signal,2.799783,signal
50,3,71,noise,6.58,noise,2.041541,noise
45,3,57,noise,6.41,noise,2.368477,noise
50,3,72,noise,9.4,noise,2.062448,noise
45,3,58,noise,6.2,noise,2.191668,noise
48,3,56,noise,4.96,noise,5.978276,noise
50,3,73,signal,6.15,signal,2.247309,signal
48,3,57,noise,7.03,noise,1.634557,signal
45,3,59,noise,7.14,noise,2.288859,noise
45,3,60,noise,6.83,noise,1.728523,noise
48,3,58,noise,5.59,noise,2.439011,noise
50,3,74,noise,5.79,noise,3.683836,noise
45,3,61,noise,7.19,noise,1.719448,noise
50,3,75,noise,5.56,noise,1.846649,noise
48,3,59,signal,7.42,signal,1.842433,signal
45,3,62,noise,5.67,noise,1.997958,noise
50,3,76,noise,4.86,noise,1.917733,noise
48,3,60,signal,6.9,signal,1.879015,signal
45,3,63,noise,6.54,noise,1.754343,noise
50,3,77,signal,6.4,signal,1.895657,signal
45,3,64,noise,5.35,noise,1.759556,noise
48,3,61,noise,6.5,noise,2.147825,noise
50,3,78,noise,3.2,noise,1.988546,noise
45,3,65,noise,5.63,noise,1.814633,signal
48,3,62,noise,5.31,noise,1.88708,noise
47,3,1,noise,5.93,noise,5.312266,noise
50,3,79,noise,7.32,noise,1.74031,noise
45,3,66,noise,7.52,noise,1.704208,noise
48,3,63,noise,7.29,noise,1.351565,noise
50,3,80,signal,7.42,signal,1.887573,signal
45,3,67,noise,8.01,noise,2.005776,noise
50,3,81,signal,6.28,signal,1.841235,signal
45,3,68,noise,4.57,noise,1.84321,noise
48,3,64,noise,6.24,noise,2.533022,noise
47,3,2,noise,4.76,signal,6.050683,noise
50,3,82,signal,7.88,signal,1.72894,signal
45,3,69,signal,5.2,signal,2.511688,noise
48,3,65,noise,6.49,signal,1.563116,signal
50,3,83,signal,6.86,signal,1.711229,signal
45,3,70,noise,7.11,noise,1.717163,noise
47,3,3,noise,4.74,noise,3.587042,noise
48,3,66,noise,6.91,noise,1.856233,noise
50,3,84,noise,6.22,noise,2.10364,noise
45,3,71,signal,7.76,signal,2.452414,signal
48,3,67,noise,5.24,noise,1.690869,noise
50,3,85,noise,8.43,noise,1.812884,signal
47,3,4,noise,5.24,noise,3.580312,noise
45,3,72,noise,5.61,noise,1.752037,noise
48,3,68,noise,6.37,noise,1.84055,noise
50,3,86,signal,7.02,signal,2.464014,signal
45,3,73,noise,5.93,noise,1.837716,noise
48,3,69,noise,6.24,signal,1.711482,signal
50,3,87,signal,5.87,signal,2.074951,noise
45,3,74,noise,5.1,noise,1.886858,noise
45,3,75,noise,6.98,noise,1.513128,noise
50,3,88,noise,4.89,noise,1.810873,noise
47,3,5,signal,7.52,signal,6.172485,noise
48,3,70,noise,6.12,noise,2.783535,noise
45,3,76,noise,7.28,noise,1.626639,noise
50,3,89,noise,6.66,noise,1.77569,noise
45,3,77,noise,6.58,noise,1.757272,noise
50,3,90,noise,5.75,noise,2.158373,noise
45,3,78,noise,6.57,noise,1.715991,noise
48,3,71,noise,6.96,noise,2.29703,noise
47,3,6,noise,5.6,signal,5.459221,noise
50,3,91,noise,7.36,noise,1.890597,noise
45,3,79,noise,2.07,noise,1.60867,noise
50,3,92,noise,4.2,noise,1.791722,noise
45,3,80,noise,6.38,noise,1.763788,noise
47,3,7,signal,7.73,signal,3.537162,signal
50,3,93,noise,7.62,noise,1.846775,signal
45,3,81,noise,3.67,noise,1.738738,noise
48,3,72,noise,6.58,noise,6.156397,noise
50,3,94,noise,5.64,noise,1.882965,noise
45,3,82,noise,9.44,noise,1.919893,signal
47,3,8,noise,5.66,noise,4.199247,noise
50,3,95,signal,4.96,signal,2.022945,signal
45,3,83,noise,6.22,noise,2.146525,noise
47,3,9,noise,5.7,noise,2.689582,noise
50,3,96,noise,4.79,noise,2.024521,noise
48,3,73,noise,5.49,noise,4.664534,noise
45,3,84,noise,6.21,noise,2.03297,noise
50,3,97,signal,6.03,signal,1.894716,signal
45,3,85,noise,4.79,noise,1.929718,noise
47,3,10,noise,4.03,noise,3.19486,noise
50,3,98,noise,5.0,noise,2.212297,noise
45,3,86,signal,6.11,signal,2.905056,noise
50,3,99,signal,7.69,signal,2.050961,signal
45,3,87,noise,7.07,noise,1.688078,signal
47,3,11,signal,6.87,signal,4.752139,noise
50,3,100,signal,6.95,signal,1.986387,signal
45,3,88,noise,6.84,noise,2.189381,signal
47,3,12,signal,7.86,signal,3.476908,signal
45,3,89,noise,5.29,noise,1.93399,noise
48,3,74,signal,6.86,signal,12.764871,signal
45,3,90,noise,7.04,noise,1.766215,noise
47,3,13,noise,5.43,noise,3.302807,noise
45,3,91,noise,4.92,noise,1.602385,noise
45,3,92,noise,5.48,noise,1.550311,noise
45,3,93,noise,7.36,noise,1.579937,noise
47,3,14,signal,8.03,noise,4.224598,noise
45,3,94,noise,6.34,noise,1.631662,noise
45,3,95,noise,5.07,noise,1.454857,noise
45,3,96,noise,5.54,noise,1.660962,noise
47,3,15,signal,7.87,noise,5.047502,signal
45,3,97,noise,6.84,noise,1.622554,noise
47,3,16,noise,5.71,noise,2.715758,noise
45,3,98,signal,7.63,signal,2.374765,signal
48,3,75,noise,5.6,noise,15.636034,noise
45,3,99,noise,5.72,noise,1.863926,noise
47,3,17,signal,9.34,noise,3.341441,signal
48,3,76,noise,6.3,noise,2.11054,noise
45,3,100,noise,7.46,signal,2.865706,signal
48,3,77,noise,4.64,noise,1.630446,noise
48,3,78,noise,6.07,noise,1.863339,noise
48,3,79,noise,6.03,noise,1.947615,noise
47,3,18,noise,6.73,noise,13.590199,signal
47,3,19,signal,8.71,signal,4.473971,signal
48,3,80,signal,5.32,signal,10.078269,noise
48,3,81,signal,6.4,signal,3.305346,signal
47,3,20,noise,6.25,noise,4.112297,noise
47,3,21,noise,6.57,noise,3.460811,noise
48,3,82,signal,7.74,signal,4.52673,signal
47,3,22,noise,4.23,noise,3.579339,noise
47,3,23,noise,5.42,noise,3.660115,noise
48,3,83,noise,6.68,noise,6.932971,noise
48,3,84,noise,6.41,noise,1.679509,noise
47,3,24,signal,7.84,signal,3.418487,signal
48,3,85,signal,6.28,signal,3.716227,signal
47,3,25,noise,6.75,noise,3.721644,noise
48,3,86,noise,8.08,noise,1.873408,signal
47,3,26,noise,5.07,noise,3.268859,noise
48,3,87,noise,7.36,noise,2.452437,noise
47,3,27,signal,9.53,noise,3.159856,signal
47,3,28,noise,4.99,noise,3.707127,noise
48,3,88,signal,6.92,signal,5.452765,signal
47,3,29,signal,7.59,noise,4.512564,signal
48,3,89,noise,7.36,noise,3.741314,signal
47,3,30,signal,7.81,noise,3.954644,signal
48,3,90,signal,4.32,signal,4.948311,noise
47,3,31,noise,6.8,noise,3.8291,noise
48,3,91,signal,7.19,signal,4.150905,signal
47,3,32,noise,5.15,noise,3.239013,noise
47,3,33,noise,5.7,signal,3.20156,noise
48,3,92,signal,8.03,signal,3.2046,signal
48,3,93,noise,7.38,noise,2.361896,signal
47,3,34,signal,7.7,noise,4.056717,signal
48,3,94,noise,7.09,noise,2.310032,noise
48,3,95,noise,6.9,noise,1.621651,noise
47,3,35,noise,4.49,noise,3.879549,noise
47,3,36,signal,8.53,noise,2.977942,signal
48,3,96,signal,6.55,signal,3.849355,signal
47,3,37,noise,5.35,signal,3.637219,noise
48,3,97,noise,8.15,noise,3.406691,signal
47,3,38,signal,7.17,signal,3.773816,signal
48,3,98,noise,7.02,noise,3.444124,noise
48,3,99,noise,5.47,noise,1.82034,noise
47,3,39,noise,5.02,noise,3.367795,noise
48,3,100,noise,5.83,noise,1.899514,noise
47,3,40,noise,5.86,signal,2.854517,signal
47,3,41,noise,5.55,noise,3.701016,noise
47,3,42,noise,3.84,noise,4.343118,noise
47,3,43,noise,6.77,noise,3.563924,signal
47,3,44,noise,4.4,noise,2.585822,noise
47,3,45,noise,5.37,noise,2.714359,noise
47,3,46,noise,5.05,noise,4.756651,noise
47,3,47,noise,6.81,signal,5.579876,signal
47,3,48,noise,6.05,noise,4.639692,noise
47,3,49,noise,5.04,noise,3.486485,noise
47,3,50,noise,4.68,signal,3.883824,noise
47,3,51,noise,5.87,noise,3.505516,noise
47,3,52,noise,5.51,noise,4.634692,noise
47,3,53,noise,4.89,noise,3.472621,noise
47,3,54,noise,6.23,noise,3.446735,noise
47,3,55,noise,7.16,noise,6.031962,signal
47,3,56,noise,5.3,noise,2.613934,noise
47,3,57,signal,9.3,noise,5.753854,signal
47,3,58,noise,5.51,noise,2.519314,noise
47,3,59,noise,4.99,noise,2.473786,noise
47,3,60,noise,4.65,noise,4.623525,noise
47,3,61,noise,5.31,noise,2.716001,noise
47,3,62,noise,6.49,noise,3.431886,signal
47,3,63,signal,7.65,noise,3.56634,signal
47,3,64,noise,5.28,noise,2.666151,noise
47,3,65,noise,4.46,noise,2.405006,noise
47,3,66,noise,5.73,noise,2.46764,noise
47,3,67,noise,5.19,noise,3.53973,noise
47,3,68,noise,5.48,noise,2.833579,noise
47,3,69,signal,7.59,signal,3.083247,signal
47,3,70,noise,5.78,noise,3.165632,noise
47,3,71,signal,8.13,noise,3.012342,signal
47,3,72,signal,7.54,signal,3.112712,signal
47,3,73,noise,6.12,signal,1.975877,signal
47,3,74,signal,9.18,noise,5.247349,signal
47,3,75,signal,7.18,noise,2.582332,signal
47,3,76,signal,6.72,noise,3.045976,noise
47,3,77,signal,7.27,noise,3.754222,noise
47,3,78,noise,4.73,noise,7.377281,noise
47,3,79,signal,6.35,signal,4.334288,signal
47,3,80,noise,5.78,noise,3.257761,noise
47,3,81,noise,5.56,signal,2.190469,noise
47,3,82,signal,7.98,signal,2.826353,signal
47,3,83,noise,6.08,noise,3.2898,signal
47,3,84,noise,6.04,noise,2.407924,noise
47,3,85,noise,5.06,noise,3.131683,noise
47,3,86,noise,4.97,noise,3.177808,noise
47,3,87,signal,7.07,noise,3.364155,signal
47,3,88,noise,4.89,noise,2.841894,noise
47,3,89,noise,5.17,noise,2.585414,noise
47,3,90,signal,7.91,signal,2.673192,signal
47,3,91,noise,5.53,noise,5.442597,noise
47,3,92,noise,5.11,noise,3.306206,noise
47,3,93,noise,5.2,noise,2.422874,noise
47,3,94,noise,4.29,noise,2.526347,noise
47,3,95,signal,7.49,signal,3.621685,signal
47,3,96,signal,7.21,noise,3.544619,signal
47,3,97,noise,5.57,noise,2.87395,noise
47,3,98,signal,7.28,signal,3.339722,signal
47,3,99,noise,6.25,noise,9.459512,noise
35,3,1,noise,4.82,noise,3.96917,noise
35,3,2,noise,4.58,noise,2.517883,noise
47,3,100,noise,4.89,noise,6.105011,noise
35,3,3,noise,6.29,signal,3.775602,signal
35,3,4,signal,6.08,noise,2.669976,noise
35,3,5,noise,6.14,noise,2.822592,noise
35,3,6,noise,5.9,noise,2.295289,noise
35,3,7,noise,4.69,noise,2.261631,noise
35,3,8,signal,6.58,noise,2.652572,noise
35,3,9,noise,5.25,noise,1.620457,noise
35,3,10,signal,7.58,noise,2.488639,signal
35,3,11,noise,5.85,noise,1.815958,noise
35,3,12,noise,6.37,noise,2.604818,noise
35,3,13,noise,5.06,noise,2.045001,noise
35,3,14,noise,5.81,noise,1.783607,noise
35,3,15,noise,4.21,noise,1.990637,noise
35,3,16,noise,4.56,noise,1.626128,noise
35,3,17,noise,6.43,noise,2.287837,noise
35,3,18,noise,4.56,noise,1.722561,noise
35,3,19,noise,5.45,noise,1.803909,noise
35,3,20,noise,6.01,noise,1.648372,noise
35,3,21,noise,6.28,noise,1.595309,noise
35,3,22,signal,7.48,noise,3.998161,noise
35,3,23,noise,6.71,noise,1.461776,noise
35,3,24,noise,6.4,noise,1.416086,noise
35,3,25,noise,6.55,signal,1.305717,noise
35,3,26,noise,5.62,noise,4.000487,noise
35,3,27,noise,6.63,noise,2.260093,signal
35,3,28,signal,8.15,signal,4.1044,signal
35,3,29,signal,7.05,noise,1.910287,noise
35,3,30,noise,6.95,noise,1.444762,signal
35,3,31,signal,6.28,noise,1.554836,noise
35,3,32,noise,4.67,noise,1.643966,noise
35,3,33,noise,7.06,signal,2.178561,signal
35,3,34,noise,5.96,noise,1.979178,noise
35,3,35,noise,5.05,noise,1.462322,noise
35,3,36,noise,6.69,signal,2.036864,signal
35,3,37,signal,7.41,noise,1.786292,signal
35,3,38,noise,4.35,noise,1.903668,noise
35,3,39,noise,6.92,noise,2.573687,noise
35,3,40,noise,4.71,noise,1.787946,noise
35,3,41,noise,5.35,noise,2.588439,noise
35,3,42,noise,6.16,noise,1.745912,noise
35,3,43,signal,7.43,noise,2.085676,noise
35,3,44,noise,5.56,noise,1.397274,noise
35,3,45,noise,5.03,noise,1.364924,noise
35,3,46,noise,5.23,noise,1.292583,noise
35,3,47,signal,7.13,signal,2.203354,signal
35,3,48,signal,8.61,noise,2.038457,signal
35,3,49,signal,7.42,noise,2.011901,noise
35,3,50,noise,3.71,noise,1.54613,noise
35,3,51,noise,6.21,noise,3.11632,noise
35,3,52,noise,6.14,noise,2.800936,noise
35,3,53,noise,6.4,noise,1.686377,noise
35,3,54,noise,4.69,signal,1.919533,noise
35,3,55,noise,6.16,noise,1.803239,noise
35,3,56,noise,5.47,noise,1.545323,noise
35,3,57,noise,5.31,noise,1.462679,noise
35,3,58,signal,7.25,signal,2.253994,signal
35,3,59,noise,5.62,noise,1.664569,noise
35,3,60,noise,5.24,noise,1.432999,noise
35,3,61,noise,5.16,noise,1.417351,noise
35,3,62,noise,4.81,noise,1.550423,noise
35,3,63,signal,8.39,signal,2.23177,signal
35,3,64,noise,6.98,noise,1.745475,noise
35,3,65,noise,6.57,noise,1.467332,noise
35,3,66,noise,6.5,noise,1.409492,noise
35,3,67,noise,6.68,noise,1.373714,noise
35,3,68,noise,6.97,noise,1.787603,noise
35,3,69,noise,6.56,noise,2.329852,noise
35,3,70,noise,6.0,noise,1.706664,noise
35,3,71,noise,4.6,noise,1.795979,noise
35,3,72,noise,4.39,noise,1.392324,noise
35,3,73,noise,7.26,noise,1.357619,signal
35,3,74,noise,7.74,noise,1.742011,signal
35,3,75,noise,5.46,noise,1.640913,noise
35,3,76,noise,4.93,noise,2.691891,noise
35,3,77,noise,3.99,noise,1.779187,noise
35,3,78,noise,6.73,noise,2.616864,noise
35,3,79,noise,5.12,noise,1.922152,noise
35,3,80,noise,6.02,noise,1.867964,noise
35,3,81,signal,9.73,signal,1.843946,signal
35,3,82,noise,6.94,signal,1.87079,signal
35,3,83,noise,5.59,noise,1.609559,noise
35,3,84,noise,4.73,noise,1.490661,noise
35,3,85,noise,6.71,signal,1.618377,signal
35,3,86,noise,5.09,noise,1.549955,noise
35,3,87,noise,5.01,signal,4.258833,noise
35,3,88,signal,6.95,noise,3.314729,signal
35,3,89,signal,8.49,signal,1.893228,signal
35,3,90,noise,3.88,noise,2.993595,noise
35,3,91,signal,7.72,noise,2.114522,noise
35,3,92,noise,5.69,noise,1.636837,noise
35,3,93,noise,5.85,noise,1.583294,noise
35,3,94,noise,5.19,noise,1.47409,noise
35,3,95,noise,4.26,noise,1.607207,noise
35,3,96,noise,6.11,noise,1.320898,signal
35,3,97,noise,5.63,noise,2.212373,noise
35,3,98,noise,6.76,noise,2.151102,noise
35,3,99,signal,7.14,noise,1.937387,noise
35,3,100,noise,6.22,noise,1.45752,noise
51,1,1,signal,5.71,noise,5.389373,noise
51,1,2,signal,8.31,noise,1.886661,signal
51,1,3,noise,5.83,signal,1.885711,noise
51,1,4,signal,5.04,signal,2.593023,noise
51,1,5,signal,5.29,signal,1.761029,noise
51,1,6,noise,8.48,signal,1.23705,signal
51,1,7,noise,6.09,noise,1.291737,noise
51,1,8,noise,8.0,signal,2.77367,signal
51,1,9,noise,7.93,noise,1.791819,signal
51,1,10,signal,5.97,noise,1.130303,noise
51,2,1,noise,4.55,noise,2.828282,noise
51,2,2,noise,4.93,noise,1.537185,noise
51,2,3,signal,8.48,signal,2.143369,signal
51,2,4,noise,3.64,noise,1.453633,noise
51,2,5,noise,9.93,noise,1.494611,signal
51,2,6,signal,9.76,signal,1.492272,signal
51,2,7,signal,8.08,signal,1.363536,signal
51,2,8,signal,4.59,signal,1.375805,noise
51,2,9,signal,6.5,noise,1.163578,noise
51,2,10,signal,5.34,signal,1.525911,noise
51,3,1,noise,5.71,noise,1.856367,noise
51,3,2,noise,8.31,noise,1.319566,signal
51,3,3,signal,5.83,signal,1.410264,noise
51,3,4,signal,5.04,signal,1.235265,noise
51,3,5,signal,5.29,signal,1.335129,noise
51,3,6,signal,8.48,signal,1.297608,signal
51,3,7,noise,6.09,noise,1.348721,noise
51,3,8,signal,8.0,signal,1.392174,signal
51,3,9,noise,7.93,noise,1.330624,signal
51,3,10,noise,5.97,noise,1.128122,noise
51,3,11,noise,4.55,noise,1.516708,noise
51,3,12,noise,4.93,noise,1.364119,noise
51,3,13,signal,8.48,signal,1.595157,signal
51,3,14,noise,3.64,noise,1.336534,noise
51,3,15,noise,9.93,noise,1.337807,signal
51,3,16,signal,9.76,signal,1.407521,signal
51,3,17,signal,8.08,signal,2.81418,signal
51,3,18,signal,4.59,signal,1.45291,noise
51,3,19,noise,6.5,noise,1.359713,noise
51,3,20,signal,5.34,signal,1.373808,noise
51,3,21,signal,7.33,signal,1.362477,signal
51,3,22,noise,4.89,noise,1.47683,noise
51,3,23,noise,5.05,noise,1.261419,noise
51,3,24,signal,5.67,signal,1.381102,noise
51,3,25,signal,5.89,signal,2.989285,signal
51,3,26,noise,7.51,noise,1.476208,signal
51,3,27,noise,6.34,noise,1.281382,noise
51,3,28,noise,3.84,noise,1.25798,noise
51,3,29,noise,3.67,noise,1.249791,noise
51,3,30,signal,4.31,signal,1.428003,noise
51,3,31,signal,7.14,noise,1.074885,signal
51,3,32,signal,8.15,signal,2.322118,signal
51,3,33,signal,6.89,signal,1.397324,signal
51,3,34,signal,6.11,signal,1.363688,signal
51,3,35,signal,7.04,signal,1.422153,signal
51,3,36,signal,7.33,signal,1.354506,signal
51,3,37,noise,7.42,noise,1.3812,signal
51,3,38,noise,6.16,noise,1.317746,noise
51,3,39,signal,3.93,signal,1.437042,noise
53,1,1,signal,6.06,noise,6.746307,noise
51,3,40,noise,4.99,noise,1.441062,noise
51,3,41,noise,6.66,noise,1.614358,signal
53,1,2,noise,8.84,signal,1.957026,signal
51,3,42,signal,5.29,signal,1.371968,noise
51,3,43,noise,3.35,noise,1.368591,noise
51,3,44,noise,8.58,noise,1.325523,signal
51,3,45,signal,3.83,signal,1.5586,noise
53,1,3,signal,7.08,noise,7.111308,noise
51,3,46,signal,5.63,signal,1.7977,signal
51,3,47,signal,7.52,signal,2.203549,noise
53,1,4,signal,5.91,noise,5.37816,noise
51,3,48,signal,6.49,signal,2.343315,signal
53,1,5,noise,4.24,noise,2.676348,noise
51,3,49,signal,7.64,signal,2.837664,signal
51,3,50,signal,5.44,signal,1.318555,signal
53,1,6,noise,7.66,signal,1.915956,signal
51,3,51,signal,7.53,signal,1.310504,signal
53,1,7,noise,3.04,noise,1.619573,noise
51,3,52,signal,7.17,signal,1.368003,signal
51,3,53,signal,3.98,noise,1.028242,noise
53,1,8,noise,5.71,noise,2.774667,noise
51,3,54,noise,8.31,noise,1.313302,signal
51,3,55,signal,6.08,signal,1.340386,signal
53,1,9,noise,6.32,noise,2.498188,noise
51,3,56,noise,7.25,noise,1.333039,signal
51,3,57,noise,4.87,noise,1.246935,noise
53,1,10,noise,6.82,noise,2.649832,signal
51,3,58,signal,6.78,signal,1.493671,noise
51,3,59,noise,8.12,noise,1.329776,signal
51,3,60,signal,7.35,signal,1.316455,signal
51,3,61,noise,5.54,noise,1.296541,noise
51,3,62,noise,6.5,noise,1.33727,signal
51,3,63,signal,7.58,signal,2.036527,signal
51,3,64,signal,6.2,signal,1.284467,noise
51,3,65,signal,8.36,signal,1.27685,signal
51,3,66,noise,5.86,noise,1.366952,noise
51,3,67,signal,5.63,signal,1.428601,noise
51,3,68,signal,8.19,signal,1.562335,signal
51,3,69,noise,7.4,noise,1.466612,signal
51,3,70,noise,6.65,noise,2.147516,signal
51,3,71,noise,6.42,noise,1.288531,noise
51,3,72,signal,8.63,signal,1.331899,signal
51,3,73,noise,7.9,noise,1.305077,signal
51,3,74,signal,8.48,signal,1.391325,signal
52,1,1,signal,3.47,noise,6.024295,noise
51,3,75,noise,9.1,noise,1.480528,signal
51,3,76,noise,4.85,noise,1.301363,noise
53,2,1,noise,6.19,noise,3.336476,noise
52,1,2,signal,4.94,noise,2.580902,noise
51,3,77,signal,4.68,signal,1.294103,noise
53,2,2,noise,4.25,noise,1.899861,noise
53,2,3,noise,8.64,noise,1.261515,signal
51,3,78,signal,7.07,signal,2.794048,signal
52,1,3,noise,6.04,noise,4.826721,noise
51,3,79,signal,7.14,signal,1.558197,signal
53,2,4,signal,6.13,signal,2.439346,signal
51,3,80,noise,7.79,noise,1.54148,signal
52,1,4,noise,4.82,noise,2.243757,noise
51,3,81,noise,5.93,noise,1.297398,noise
53,2,5,signal,6.86,signal,2.803,signal
52,1,5,signal,6.77,signal,2.534229,signal
51,3,82,noise,6.28,noise,1.880998,noise
53,2,6,noise,5.41,noise,2.141459,noise
51,3,83,noise,8.97,noise,1.344996,signal
52,1,6,noise,4.31,noise,2.37904,noise
51,3,84,noise,9.2,noise,1.287597,signal
53,2,7,noise,3.29,noise,2.224048,noise
52,1,7,noise,4.08,signal,1.808488,noise
51,3,85,signal,4.4,signal,1.385615,noise
53,2,8,noise,6.02,noise,2.033762,noise
51,3,86,signal,5.26,signal,2.246804,noise
53,2,9,noise,7.39,noise,1.733195,signal
52,1,8,signal,4.54,noise,3.516369,noise
51,3,87,noise,5.73,noise,1.362442,noise
53,2,10,noise,5.56,noise,1.719821,noise
52,1,9,signal,6.68,noise,1.838,noise
51,3,88,noise,5.4,noise,1.270641,noise
51,3,89,noise,5.7,noise,1.432774,noise
52,1,10,signal,5.28,noise,1.738475,noise
51,3,90,signal,8.49,signal,2.131847,signal
51,3,91,signal,7.87,signal,1.254784,signal
53,3,1,noise,6.06,noise,2.368797,noise
51,3,92,noise,5.15,noise,1.47984,noise
53,3,2,signal,8.84,signal,1.949436,signal
51,3,93,signal,7.81,signal,1.321543,signal
51,3,94,noise,8.25,noise,1.373125,signal
53,3,3,noise,7.08,noise,1.723112,noise
51,3,95,signal,6.16,signal,1.373419,signal
53,3,4,noise,5.91,noise,1.478468,noise
51,3,96,noise,5.17,noise,1.408693,noise
53,3,5,noise,4.24,noise,1.913581,noise
51,3,97,signal,6.32,signal,1.474445,noise
53,3,6,signal,7.66,signal,1.787382,signal
51,3,98,signal,7.1,signal,1.559627,signal
53,3,7,noise,3.04,noise,1.746904,noise
51,3,99,noise,6.72,noise,1.48254,signal
53,3,8,noise,5.71,noise,1.906438,noise
51,3,100,noise,7.09,noise,2.149668,signal
53,3,9,noise,6.32,noise,1.841259,noise
53,3,10,noise,6.82,noise,1.724521,signal
53,3,11,noise,6.19,noise,1.719418,noise
53,3,12,noise,4.25,noise,2.356173,noise
53,3,13,noise,8.64,noise,1.755508,signal
53,3,14,signal,6.13,signal,1.86305,signal
53,3,15,signal,6.86,signal,1.887199,signal
53,3,16,noise,5.41,noise,1.642604,noise
53,3,17,noise,3.29,noise,1.935525,noise
53,3,18,noise,6.02,noise,1.559536,noise
53,3,19,noise,7.39,noise,1.575597,signal
53,3,20,noise,5.56,noise,1.165157,noise
52,2,1,signal,8.71,signal,4.982036,signal
53,3,21,signal,4.81,signal,1.895606,noise
53,3,22,noise,6.85,noise,1.753468,signal
52,2,2,noise,4.4,noise,2.674994,noise
53,3,23,noise,7.03,noise,1.974101,signal
52,2,3,noise,6.27,signal,3.086416,signal
53,3,24,noise,6.23,noise,2.092587,noise
52,2,4,signal,8.18,signal,2.275343,signal
53,3,25,noise,7.57,noise,1.613556,signal
52,2,5,signal,6.57,signal,1.695166,noise
53,3,26,noise,5.9,noise,1.640841,noise
53,3,27,noise,6.57,noise,1.477297,signal
52,2,6,signal,7.86,signal,1.983775,signal
53,3,28,noise,7.82,noise,1.474897,signal
53,3,29,noise,7.03,noise,2.205371,signal
53,3,30,signal,5.92,noise,1.207921,noise
52,2,7,noise,8.67,noise,5.416193,signal
53,3,31,noise,5.63,noise,1.221503,noise
52,2,8,noise,5.79,signal,2.245167,signal
53,3,32,noise,5.73,noise,1.446312,noise
52,2,9,signal,7.74,signal,1.963116,signal
53,3,33,noise,4.63,noise,2.018643,noise
52,2,10,signal,7.53,noise,1.814589,signal
53,3,34,noise,5.27,noise,1.910541,noise
53,3,35,noise,5.38,noise,1.923378,signal
53,3,36,noise,8.11,noise,2.160804,signal
53,3,37,signal,8.06,noise,1.832161,signal
53,3,38,signal,7.29,noise,1.906322,signal
53,3,39,signal,7.38,noise,1.396087,signal
53,3,40,signal,8.2,signal,2.197902,signal
53,3,41,signal,7.96,signal,1.281648,signal
53,3,42,signal,8.5,noise,1.367116,signal
53,3,43,signal,7.84,noise,1.732278,signal
53,3,44,signal,4.3,noise,1.330488,noise
53,3,45,noise,5.54,noise,1.341565,noise
53,3,46,noise,6.6,noise,1.251742,noise
53,3,47,signal,6.2,signal,1.92771,signal
52,3,1,noise,3.47,noise,3.779332,noise
53,3,48,noise,7.85,noise,1.894893,signal
53,3,49,signal,6.1,noise,1.485432,noise
52,3,2,noise,4.94,noise,2.765098,noise
53,3,50,noise,7.13,signal,1.306572,noise
52,3,3,noise,6.04,noise,1.693159,noise
53,3,51,noise,8.0,signal,1.662577,signal
53,3,52,signal,6.27,signal,1.298323,signal
52,3,4,noise,4.82,noise,2.080369,noise
53,3,53,noise,7.15,noise,1.791686,noise
52,3,5,signal,6.77,signal,2.517103,signal
53,3,54,signal,4.89,signal,1.815933,noise
52,3,6,noise,4.31,noise,2.11141,noise
53,3,55,noise,4.32,noise,1.727674,noise
52,3,7,signal,4.08,signal,2.280526,noise
53,3,56,noise,5.65,noise,1.506959,noise
53,3,57,noise,6.15,noise,1.973563,noise
52,3,8,noise,4.54,noise,2.831767,noise
53,3,58,noise,6.78,noise,1.394934,noise
53,3,59,noise,6.2,signal,1.454266,signal
52,3,9,noise,6.68,noise,2.557178,noise
53,3,60,signal,4.53,noise,1.151167,noise
53,3,61,noise,5.86,noise,1.202894,noise
52,3,10,noise,5.28,noise,2.777087,noise
53,3,62,noise,5.2,noise,1.460581,noise
53,3,63,noise,8.01,noise,1.405799,signal
52,3,11,noise,8.71,signal,2.699321,signal
53,3,64,noise,4.45,noise,1.445429,noise
52,3,12,noise,4.4,noise,2.194139,noise
53,3,65,noise,6.72,noise,1.466226,noise
52,3,13,noise,6.27,signal,2.438717,signal
53,3,66,signal,7.24,signal,1.81443,signal
53,3,67,signal,3.13,noise,1.137831,noise
52,3,14,signal,8.18,signal,2.639825,signal
53,3,68,noise,7.85,noise,1.460998,noise
52,3,15,signal,6.57,signal,1.924976,noise
53,3,69,noise,4.9,noise,1.481625,noise
53,3,70,noise,4.88,noise,1.187199,noise
52,3,16,signal,7.86,signal,1.693351,signal
53,3,71,noise,8.65,noise,1.213163,noise
53,3,72,noise,4.73,noise,1.221794,noise
52,3,17,noise,8.67,noise,2.676616,signal
53,3,73,noise,5.08,signal,1.212866,noise
52,3,18,noise,5.79,signal,2.340634,signal
53,3,74,noise,7.45,signal,1.44854,signal
53,3,75,signal,3.75,noise,1.096516,noise
53,3,76,noise,5.64,noise,1.111887,noise
53,3,77,noise,7.68,noise,1.16415,signal
52,3,19,signal,7.74,signal,4.175971,signal
52,3,20,signal,7.53,noise,1.699544,signal
53,3,78,noise,4.87,noise,1.91374,noise
53,3,79,noise,6.51,noise,1.194736,noise
53,3,80,signal,6.35,signal,2.670548,noise
52,3,21,noise,5.04,noise,4.710894,noise
53,3,81,noise,2.77,noise,1.80797,noise
52,3,22,noise,3.95,noise,3.189723,noise
53,3,82,noise,5.1,noise,2.133247,noise
52,3,23,signal,6.2,noise,2.281094,noise
53,3,83,signal,8.37,signal,2.048859,signal
52,3,24,signal,6.08,noise,1.315341,noise
53,3,84,noise,7.08,noise,1.805195,signal
52,3,25,signal,4.79,noise,1.269238,noise
53,3,85,noise,7.08,noise,1.573582,noise
53,3,86,noise,6.57,noise,1.675076,noise
52,3,26,noise,5.98,noise,3.130375,noise
53,3,87,noise,5.24,noise,1.935534,noise
53,3,88,noise,5.67,noise,1.865588,noise
52,3,27,noise,6.02,noise,5.286099,noise
53,3,89,noise,4.79,noise,1.739732,noise
52,3,28,signal,8.4,signal,2.278757,signal
53,3,90,signal,7.95,signal,2.14733,signal
53,3,91,noise,6.04,noise,1.866429,noise
52,3,29,noise,4.93,noise,3.33329,noise
53,3,92,noise,4.19,noise,2.293169,noise
52,3,30,signal,7.36,noise,2.601024,noise
53,3,93,noise,6.12,noise,1.766905,noise
52,3,31,signal,5.71,noise,1.699853,noise
53,3,94,noise,6.58,noise,1.681059,noise
52,3,32,signal,6.39,noise,2.064927,noise
53,3,95,noise,5.42,noise,3.157288,noise
52,3,33,signal,8.5,noise,1.537121,signal
53,3,96,noise,6.7,noise,1.313889,noise
52,3,34,noise,5.27,signal,2.545561,noise
53,3,97,noise,7.72,noise,2.045826,signal
52,3,35,signal,9.47,signal,2.229195,signal
53,3,98,noise,7.97,noise,2.078116,signal
53,3,99,noise,5.95,signal,1.727629,noise
52,3,36,noise,4.98,noise,2.877347,noise
53,3,100,noise,5.46,noise,1.503477,noise
52,3,37,noise,4.02,noise,3.175791,noise
54,1,1,noise,6.03,noise,12.014382,noise
52,3,38,signal,7.22,signal,2.231398,signal
54,1,2,noise,7.42,noise,3.023342,noise
52,3,39,noise,5.88,noise,3.036448,noise
52,3,40,noise,5.79,noise,4.360882,noise
54,1,3,noise,3.74,noise,6.6839,noise
52,3,41,signal,7.82,signal,2.292522,signal
54,1,4,noise,4.85,noise,2.309664,noise
54,1,5,noise,5.77,noise,2.346847,noise
52,3,42,noise,5.78,noise,4.071346,noise
54,1,6,noise,3.63,noise,1.907187,noise
54,1,7,noise,4.47,noise,1.932334,noise
52,3,43,signal,6.09,noise,3.31715,noise
54,1,8,noise,4.86,noise,3.388634,noise
52,3,44,noise,4.97,noise,2.434252,noise
54,1,9,noise,7.08,noise,1.985343,noise
52,3,45,noise,5.63,noise,2.037685,noise
54,1,10,noise,5.41,noise,1.933865,noise
52,3,46,noise,4.35,noise,1.765927,noise
52,3,47,signal,7.21,noise,2.493357,signal
52,3,48,noise,4.59,noise,2.137944,noise
54,2,1,noise,6.26,signal,2.627023,signal
52,3,49,signal,6.58,noise,2.755732,noise
54,2,2,signal,5.67,noise,2.214675,noise
52,3,50,noise,5.15,noise,2.318109,noise
54,2,3,noise,5.14,noise,2.03543,noise
54,2,4,signal,6.61,signal,2.26748,signal
52,3,51,signal,9.47,signal,4.087703,signal
54,2,5,noise,5.7,noise,2.092115,noise
52,3,52,noise,8.69,noise,2.096625,signal
54,2,6,noise,5.17,noise,1.668553,noise
54,2,7,noise,8.17,noise,1.845271,signal
54,2,8,noise,4.33,noise,1.36515,noise
54,2,9,noise,5.57,signal,1.260665,signal
54,2,10,noise,6.86,noise,1.666903,noise
52,3,53,noise,4.39,noise,7.703572,noise
54,3,1,noise,6.03,noise,2.456198,noise
54,3,2,noise,7.42,noise,1.948617,noise
54,3,3,noise,3.74,noise,1.327788,noise
52,3,54,noise,3.18,noise,7.471501,noise
54,3,4,noise,4.85,noise,1.416218,noise
52,3,55,noise,6.3,signal,2.536301,signal
54,3,5,noise,5.77,noise,1.744389,noise
54,3,6,noise,3.63,noise,1.620937,noise
52,3,56,noise,5.6,noise,3.534516,noise
54,3,7,noise,4.47,noise,1.490665,noise
56,1,1,signal,5.99,noise,3.031416,noise
54,3,8,noise,4.86,noise,1.647957,noise
56,1,2,noise,6.58,signal,2.00045,signal
52,3,57,noise,5.06,noise,2.939689,noise
54,3,9,noise,7.08,noise,1.207996,noise
52,3,58,noise,4.66,noise,2.565209,noise
54,3,10,noise,5.41,noise,2.302229,noise
56,1,3,signal,7.91,noise,4.01289,noise
52,3,59,noise,5.36,noise,2.131381,noise
54,3,11,signal,6.26,signal,2.144795,signal
56,1,4,noise,7.69,signal,2.208415,signal
54,3,12,noise,5.67,noise,1.696229,noise
56,1,5,signal,6.02,signal,1.680251,signal
55,1,1,noise,5.49,noise,10.980907,noise
54,3,13,noise,5.14,noise,2.125551,noise
56,1,6,signal,6.27,noise,2.124605,noise
52,3,60,signal,3.67,noise,5.93819,noise
54,3,14,signal,6.61,signal,1.837277,signal
55,1,2,signal,6.64,noise,2.271557,noise
56,1,7,signal,6.47,noise,1.555285,noise
52,3,61,noise,5.35,noise,1.719723,noise
54,3,15,noise,5.7,noise,1.738041,noise
56,1,8,signal,5.97,signal,1.642687,signal
55,1,3,signal,7.23,signal,2.016492,signal
54,3,16,noise,5.17,noise,1.832052,noise
56,1,9,signal,5.89,noise,1.494472,noise
55,1,4,noise,5.63,noise,2.157215,noise
56,1,10,signal,9.83,signal,1.400921,signal
54,3,17,noise,8.17,noise,1.597859,signal
52,3,62,noise,6.9,signal,3.731472,signal
55,1,5,noise,5.34,signal,1.813375,noise
54,3,18,noise,4.33,noise,1.630439,noise
52,3,63,signal,6.41,signal,3.043849,signal
55,1,6,signal,7.42,noise,1.805228,signal
54,3,19,signal,5.57,signal,2.02563,signal
55,1,7,signal,9.03,signal,1.953449,signal
52,3,64,signal,7.44,signal,2.44445,signal
54,3,20,noise,6.86,noise,1.974638,noise
55,1,8,signal,8.02,signal,1.706787,signal
54,3,21,noise,5.32,noise,1.884667,noise
52,3,65,noise,5.6,noise,2.556821,noise
56,2,1,noise,5.7,noise,5.723669,noise
55,1,9,noise,5.41,signal,1.703789,noise
54,3,22,noise,6.11,noise,1.636131,noise
52,3,66,noise,5.31,noise,2.584155,noise
55,1,10,noise,5.81,signal,1.774549,noise
56,2,2,noise,4.93,noise,2.066505,noise
54,3,23,signal,8.04,signal,2.069444,signal
54,3,24,signal,5.25,signal,2.323825,noise
56,2,3,signal,7.41,signal,3.693125,signal
52,3,67,signal,8.19,signal,4.263556,signal
54,3,25,noise,5.97,noise,1.791408,noise
52,3,68,signal,7.52,signal,1.617201,signal
56,2,4,noise,5.55,noise,2.219471,noise
54,3,26,noise,5.96,noise,1.667194,noise
52,3,69,noise,4.66,noise,2.225381,noise
54,3,27,noise,6.99,noise,1.649117,noise
54,3,28,noise,9.59,signal,1.397123,signal
54,3,29,noise,5.56,noise,1.863105,noise
54,3,30,noise,6.39,noise,1.630554,noise
54,3,31,noise,5.88,noise,1.668306,noise
52,3,70,signal,7.69,signal,7.990682,signal
54,3,32,noise,6.13,noise,1.316134,noise
52,3,71,signal,7.43,signal,2.296824,signal
54,3,33,noise,5.11,noise,1.758639,noise
54,3,34,noise,4.88,noise,1.780712,noise
52,3,72,noise,6.06,noise,2.288215,noise
54,3,35,noise,5.67,noise,1.628564,noise
52,3,73,noise,5.16,noise,2.758763,noise
54,3,36,noise,7.01,noise,1.834867,noise
54,3,37,noise,6.0,noise,1.311,noise
54,3,38,noise,7.85,noise,1.608763,signal
54,3,39,noise,5.65,noise,1.621506,noise
54,3,40,signal,7.83,signal,4.047133,signal
52,3,74,noise,6.39,noise,10.721612,noise
54,3,41,noise,4.95,noise,1.831672,noise
54,3,42,noise,5.57,noise,1.833595,noise
52,3,75,noise,5.45,noise,5.057148,noise
54,3,43,noise,6.15,noise,3.254512,noise
54,3,44,noise,5.69,noise,2.270664,noise
52,3,76,noise,6.5,noise,4.104479,noise
54,3,45,noise,7.26,noise,1.021431,noise
54,3,46,noise,6.21,signal,0.973211,signal
52,3,77,noise,4.08,noise,1.716117,noise
52,3,78,noise,5.32,noise,1.561024,noise
54,3,47,signal,6.23,signal,2.23223,noise
52,3,79,noise,5.71,noise,1.62254,noise
54,3,48,noise,6.48,noise,1.756022,noise
54,3,49,noise,6.33,noise,1.891357,noise
52,3,80,signal,9.65,signal,2.918787,signal
54,3,50,noise,7.63,noise,3.306208,noise
52,3,81,noise,5.21,signal,3.840822,noise
54,3,51,signal,6.27,signal,2.29044,signal
54,3,52,signal,6.21,noise,1.391048,noise
54,3,53,noise,8.5,noise,1.691982,signal
55,2,1,noise,4.3,signal,3.616312,noise
54,3,54,noise,5.61,noise,1.995945,noise
54,3,55,noise,7.98,noise,0.949602,signal
55,2,2,signal,7.94,signal,2.969847,signal
52,3,82,signal,6.88,signal,8.71343,signal
54,3,56,noise,6.19,noise,0.95483,noise
55,2,3,signal,9.25,noise,2.160978,signal
59,1,1,signal,5.31,noise,8.066315,noise
55,2,4,signal,8.44,noise,1.930228,signal
62,1,1,noise,6.47,signal,8.915471,signal
59,1,2,signal,6.9,signal,2.724285,signal
55,2,5,noise,3.37,noise,1.959693,noise
62,1,2,signal,6.22,signal,1.756624,signal
59,1,3,signal,5.69,signal,2.074801,noise
55,2,6,noise,4.61,noise,1.806082,noise
52,3,83,signal,7.54,noise,8.43986,noise
62,1,3,signal,6.99,signal,1.798177,signal
59,1,4,signal,5.1,signal,1.839557,noise
54,3,57,noise,6.73,noise,9.926747,noise
55,2,7,noise,4.99,signal,2.297102,noise
62,1,4,signal,6.97,noise,1.594427,noise
59,1,5,signal,5.43,signal,1.837477,noise
52,3,84,signal,4.96,signal,3.259423,noise
62,1,5,signal,7.09,noise,1.512041,noise
55,2,8,signal,8.62,signal,1.995837,signal
59,1,6,signal,5.13,noise,1.904331,noise
62,1,6,noise,5.79,noise,1.748667,noise
52,3,85,noise,4.25,noise,2.759804,noise
55,2,9,signal,7.33,signal,1.849523,signal
59,1,7,signal,4.85,noise,2.018352,noise
62,1,7,noise,6.14,noise,1.683072,noise
55,2,10,signal,8.37,signal,1.656375,signal
52,3,86,signal,8.51,signal,2.245511,signal
59,1,8,signal,7.14,signal,1.998038,noise
62,1,8,noise,3.26,noise,2.013966,noise
52,3,87,noise,5.55,noise,2.37443,noise
59,1,9,signal,6.47,noise,2.204704,noise
62,1,9,signal,8.32,signal,2.588075,signal
52,3,88,noise,6.63,noise,2.375552,noise
59,1,10,signal,7.73,signal,1.86191,signal
62,1,10,signal,7.71,signal,1.538312,signal
54,3,58,noise,5.98,noise,12.643394,noise
54,3,59,noise,7.15,noise,1.450756,noise
56,2,5,signal,7.2,signal,86.448751,signal
57,1,1,noise,7.84,signal,14.864578,signal
52,3,89,signal,9.37,signal,5.885065,signal
56,2,6,noise,7.51,noise,3.043397,noise
57,1,2,noise,3.54,noise,3.756957,noise
56,2,7,noise,5.7,noise,2.637878,noise
52,3,90,signal,6.09,noise,3.960657,signal
56,2,8,noise,5.81,noise,1.432124,noise
52,3,91,signal,7.84,noise,2.59641,signal
56,2,9,noise,7.49,noise,1.973841,noise
57,1,3,signal,8.46,signal,5.385707,signal
60,1,1,noise,6.32,noise,7.247146,noise
56,2,10,noise,5.73,noise,1.43316,noise
52,3,92,noise,6.36,signal,2.934762,signal
60,1,2,noise,7.39,noise,2.661296,noise
67,1,1,signal,10.26,signal,6.448308,signal
57,1,4,noise,5.89,noise,4.176019,noise
52,3,93,noise,5.04,noise,2.822398,noise
62,2,1,noise,5.56,noise,3.706113,noise
60,1,3,noise,7.54,noise,2.023619,signal
57,1,5,noise,5.8,noise,2.897594,signal
52,3,94,signal,7.65,noise,2.584891,noise
62,2,2,noise,5.38,noise,2.020517,noise
67,1,2,signal,6.49,signal,4.470846,noise
60,1,4,signal,4.56,noise,2.519653,noise
61,1,1,noise,5.83,signal,6.849902,signal
62,2,3,noise,8.34,noise,1.375716,noise
57,1,6,noise,4.99,noise,2.02706,noise
52,3,95,signal,7.7,signal,2.136499,signal
54,3,60,noise,6.42,noise,22.14054,noise
67,1,3,noise,7.85,noise,2.761516,noise
62,2,4,signal,5.63,signal,1.636233,signal
61,1,2,signal,6.06,noise,2.865699,noise
57,1,7,noise,5.46,noise,2.568811,noise
62,2,5,signal,8.62,signal,1.372241,signal
67,1,4,noise,5.48,signal,2.120825,noise
62,2,6,signal,7.0,signal,1.361875,signal
60,1,5,noise,5.68,noise,5.916641,noise
52,3,96,noise,5.99,noise,4.486055,signal
61,1,3,noise,5.45,noise,3.234697,noise
67,1,5,noise,7.61,noise,2.06002,signal
62,2,7,signal,6.94,signal,1.35117,signal
57,1,8,signal,9.27,signal,3.477,signal
61,1,4,signal,4.45,noise,2.432323,noise
62,2,8,noise,5.05,noise,1.661904,noise
60,1,6,noise,6.01,noise,3.466978,noise
61,1,5,noise,7.68,signal,1.080045,signal
57,1,9,noise,4.09,noise,2.632687,noise
67,1,6,signal,6.24,noise,3.297279,noise
52,3,97,noise,4.35,noise,4.535229,noise
62,2,9,signal,7.19,signal,1.640234,signal
60,1,7,noise,6.58,noise,2.199984,noise
61,1,6,noise,6.06,signal,1.987576,signal
62,2,10,noise,6.5,noise,1.670888,signal
67,1,7,noise,7.61,noise,2.458064,noise
61,1,7,signal,5.04,noise,1.106865,noise
59,2,1,signal,5.77,signal,3.973744,signal
58,1,1,noise,6.12,signal,7.328206,noise
60,1,8,noise,6.36,noise,2.763357,signal
61,1,8,signal,6.53,noise,1.657042,noise
67,1,8,noise,6.27,signal,2.446417,noise
58,1,2,noise,7.48,signal,2.103753,signal
59,2,2,signal,5.97,noise,2.971366,noise
57,1,10,signal,6.17,noise,6.787568,noise
61,1,9,noise,5.55,noise,1.683896,noise
67,1,9,noise,6.07,signal,1.829962,signal
52,3,98,signal,7.44,noise,7.233406,signal
60,1,9,noise,5.64,noise,2.71397,noise
62,3,1,signal,6.47,signal,4.26939,signal
61,1,10,noise,4.95,noise,1.964199,noise
67,1,10,noise,7.71,signal,1.968335,signal
52,3,99,signal,6.89,noise,2.361656,noise
62,3,2,signal,6.22,signal,1.84302,signal
60,1,10,signal,4.32,noise,2.835906,noise
59,2,3,signal,8.09,signal,5.014512,signal
66,1,1,noise,5.81,noise,9.407898,noise
62,3,3,signal,6.99,signal,1.442428,signal
54,3,61,noise,6.02,noise,20.97002,noise
52,3,100,noise,5.61,noise,2.714325,noise
62,3,4,noise,6.97,noise,1.667789,noise
59,2,4,signal,8.94,signal,2.392769,signal
66,1,2,noise,4.84,noise,2.222362,noise
54,3,62,noise,5.72,noise,2.265414,noise
62,3,5,noise,7.09,noise,1.520619,noise
54,3,63,noise,5.54,noise,0.993139,noise
59,2,5,signal,4.39,signal,1.991173,noise
66,1,3,noise,5.42,noise,2.099064,noise
62,3,6,noise,5.79,noise,1.322657,noise
66,1,4,noise,5.01,noise,1.751775,noise
55,3,1,noise,5.49,noise,2.635886,noise
59,2,6,signal,7.63,signal,1.985953,signal
54,3,64,noise,4.84,noise,2.165507,noise
62,3,7,noise,6.14,noise,1.767916,noise
67,2,1,noise,6.47,noise,6.752801,noise
61,2,1,signal,6.97,signal,6.693758,signal
66,1,5,noise,5.75,noise,1.814171,noise
62,3,8,noise,3.26,noise,1.470192,noise
67,2,2,signal,6.06,noise,1.982597,noise
63,1,1,signal,5.7,noise,9.039175,noise
55,3,2,signal,6.64,noise,2.851894,noise
61,2,2,noise,5.32,noise,2.693976,noise
62,3,9,signal,8.32,signal,1.665863,signal
66,1,6,signal,7.93,noise,2.371488,signal
67,2,3,signal,6.71,signal,1.957979,signal
55,3,3,signal,7.23,signal,1.885472,signal
63,1,2,signal,5.17,noise,2.234593,noise
62,3,10,signal,7.71,signal,1.427539,signal
61,2,3,signal,6.58,noise,2.638418,noise
59,2,7,noise,7.21,noise,6.712142,noise
62,3,11,noise,5.56,noise,1.608105,noise
66,1,7,signal,6.25,noise,3.083607,noise
55,3,4,noise,5.63,noise,1.918254,noise
67,2,4,noise,7.34,noise,2.727096,noise
63,1,3,signal,5.97,noise,2.362429,noise
59,2,8,noise,4.26,noise,1.836894,noise
61,2,4,signal,7.75,signal,2.7846,signal
62,3,12,noise,5.38,noise,1.486421,noise
55,3,5,noise,5.34,signal,1.747481,noise
67,2,5,signal,5.05,signal,1.795094,signal
66,1,8,noise,5.86,noise,2.405418,noise
63,1,4,noise,5.13,noise,2.136013,noise
62,3,13,noise,8.34,noise,1.34388,noise
68,1,1,signal,7.44,noise,6.457613,noise
59,2,9,signal,9.62,signal,2.356444,signal
70,1,1,signal,4.49,noise,8.331108,noise
67,2,6,noise,4.88,noise,1.843707,noise
61,2,5,signal,6.37,noise,2.732472,noise
66,1,9,noise,5.44,noise,1.788395,noise
68,1,2,noise,6.53,signal,1.425451,signal
63,1,5,signal,6.77,noise,2.039654,noise
62,3,14,signal,5.63,signal,1.70348,signal
55,3,6,signal,7.42,noise,3.64593,signal
67,2,7,signal,9.21,signal,1.709259,signal
59,2,10,signal,6.86,signal,2.139331,signal
66,1,10,noise,3.62,noise,1.806332,noise
62,3,15,signal,8.62,signal,1.528672,signal
61,2,6,noise,6.04,noise,1.99047,noise
63,1,6,signal,8.9,noise,2.234207,signal
68,1,3,noise,5.85,noise,2.766192,noise
55,3,7,signal,9.03,signal,1.835316,signal
60,2,1,signal,5.77,noise,6.312298,noise
67,2,8,signal,7.46,signal,1.713287,signal
62,3,16,signal,7.0,signal,1.45919,signal
68,1,4,noise,5.42,noise,1.016843,noise
61,2,7,noise,4.26,noise,2.102773,noise
70,1,2,noise,5.12,noise,5.142934,noise
63,1,7,noise,6.93,noise,2.199556,noise
55,3,8,signal,8.02,signal,1.691453,signal
62,3,17,signal,6.94,signal,1.488201,signal
67,2,9,signal,5.39,signal,1.660692,signal
60,2,2,noise,6.86,noise,2.061652,noise
54,3,65,noise,7.36,noise,18.016662,noise
67,2,10,signal,5.93,signal,1.462073,noise
62,3,18,noise,5.05,noise,1.604205,noise
63,1,8,noise,4.37,noise,1.945896,noise
57,2,1,noise,4.28,noise,4.454675,noise
70,1,3,noise,5.23,noise,2.910986,noise
61,2,8,signal,6.0,signal,2.786885,signal
60,2,3,noise,5.18,noise,3.025433,signal
62,3,19,signal,7.19,signal,1.624171,signal
63,1,9,noise,5.29,noise,1.994551,noise
68,1,5,signal,7.4,noise,5.733307,noise
70,1,4,noise,5.03,noise,2.055856,noise
62,3,20,noise,6.5,noise,1.589292,signal
55,3,9,noise,5.41,signal,5.50567,noise
61,2,9,noise,5.36,noise,2.755431,noise
57,2,2,signal,6.28,noise,3.754026,signal
67,3,1,signal,10.26,signal,2.910389,signal
70,1,5,noise,4.16,noise,1.909253,noise
63,1,10,signal,7.05,noise,3.028924,noise
62,3,21,signal,7.02,signal,2.19795,signal
55,3,10,noise,5.81,signal,1.834893,noise
68,1,6,noise,5.36,noise,3.056384,noise
67,3,2,signal,6.49,signal,1.540793,noise
61,2,10,signal,6.18,noise,2.25826,noise
57,2,3,signal,7.89,signal,2.628257,signal
70,1,6,noise,4.21,noise,1.656349,noise
60,2,4,noise,5.92,signal,5.972437,noise
62,3,22,noise,5.75,noise,1.961379,noise
68,1,7,noise,6.7,signal,1.76606,signal
55,3,11,noise,4.3,signal,2.16904,noise
67,3,3,noise,7.85,noise,1.822942,noise
70,1,7,noise,3.75,noise,1.602362,noise
68,1,8,signal,3.75,noise,1.263152,noise
59,3,1,signal,5.31,noise,6.382603,noise
62,3,23,noise,6.48,noise,1.807583,noise
57,2,4,signal,7.63,signal,2.919505,signal
60,2,5,noise,6.84,noise,2.381324,signal
67,3,4,signal,5.48,signal,1.728482,noise
55,3,12,signal,7.94,signal,2.005942,signal
70,1,8,noise,4.89,noise,1.711212,noise
68,1,9,noise,5.7,noise,2.061043,noise
62,3,24,signal,6.79,signal,1.716554,signal
59,3,2,signal,6.9,signal,2.366504,signal
67,3,5,noise,7.61,noise,1.896535,signal
56,3,1,noise,5.99,noise,68.01537,noise
55,3,13,signal,9.25,noise,2.174968,signal
57,2,5,noise,5.14,noise,2.936517,noise
60,2,6,signal,5.01,noise,3.388975,noise
67,3,6,noise,6.24,noise,1.412438,noise
61,3,1,noise,5.83,signal,5.837077,signal
68,1,10,noise,6.46,noise,2.609356,signal
59,3,3,signal,5.69,signal,2.396245,noise
55,3,14,signal,8.44,noise,1.874911,signal
67,3,7,noise,7.61,noise,1.381594,noise
70,1,9,noise,4.3,noise,5.187707,noise
60,2,7,noise,6.05,noise,1.998673,noise
65,1,1,noise,5.95,noise,14.474213,noise
57,2,6,signal,6.41,noise,3.35771,noise
55,3,15,noise,3.37,noise,1.766187,noise
59,3,4,signal,5.1,signal,2.09585,noise
61,3,2,noise,6.06,noise,3.214689,noise
67,3,8,signal,6.27,signal,2.410338,noise
56,3,2,signal,6.58,signal,5.553302,signal
54,3,66,signal,5.1,signal,19.970976,noise
60,2,8,noise,5.8,noise,2.183362,signal
70,1,10,noise,7.03,noise,2.08497,signal
55,3,16,noise,4.61,noise,1.726405,noise
65,1,2,noise,6.93,signal,3.087954,signal
67,3,9,signal,6.07,signal,1.378233,signal
68,2,1,noise,5.96,noise,2.288123,noise
59,3,5,signal,5.43,signal,2.109441,noise
60,2,9,noise,4.18,noise,1.622882,noise
57,2,7,signal,6.47,signal,3.801292,signal
68,2,2,noise,7.38,signal,1.086354,signal
61,3,3,signal,5.45,noise,3.475193,noise
63,2,1,noise,6.91,noise,3.464137,signal
67,3,10,signal,7.71,signal,1.800713,signal
60,2,10,noise,6.88,noise,1.933708,noise
59,3,6,noise,5.13,noise,2.956438,noise
61,3,4,signal,4.45,noise,2.206734,noise
54,3,67,noise,5.6,noise,5.097468,signal
57,2,8,signal,7.31,noise,3.308219,signal
67,3,11,noise,6.47,noise,2.169583,noise
66,2,1,noise,7.06,noise,2.633723,noise
54,3,68,noise,4.98,noise,1.308195,noise
63,2,2,noise,6.8,noise,3.5768,noise
59,3,7,noise,4.85,noise,2.564256,noise
55,3,17,noise,4.99,signal,6.545055,noise
61,3,5,noise,7.68,signal,2.267073,signal
67,3,12,noise,6.06,noise,1.980855,noise
66,2,2,signal,6.37,signal,2.078546,signal
57,2,9,noise,4.06,noise,2.491276,noise
68,2,3,noise,7.03,noise,5.504,signal
54,3,69,noise,6.75,noise,1.295479,noise
70,2,1,noise,6.91,noise,3.864602,noise
71,1,1,signal,4.93,noise,5.831458,noise
61,3,6,noise,6.06,signal,1.674855,signal
59,3,8,signal,7.14,signal,2.098728,noise
55,3,18,signal,8.62,signal,2.001071,signal
66,2,3,noise,5.27,noise,1.560899,noise
63,2,3,noise,7.58,noise,2.924396,noise
54,3,70,noise,5.68,noise,1.326563,noise
69,1,1,noise,7.95,signal,7.79195,signal
68,2,4,noise,5.76,noise,2.111139,noise
67,3,13,signal,6.71,signal,2.800229,signal
71,1,2,noise,5.9,noise,2.385185,noise
55,3,19,signal,7.33,signal,1.737124,signal
68,2,5,noise,6.36,signal,1.06278,noise
66,2,4,noise,5.33,noise,1.813429,noise
57,2,10,noise,4.34,signal,3.880132,noise
59,3,9,noise,6.47,noise,2.59985,noise
65,1,3,signal,6.63,noise,11.275324,noise
67,3,14,noise,7.34,noise,1.856054,noise
62,3,25,signal,6.85,signal,19.686092,signal
70,2,2,noise,7.08,noise,3.776884,signal
69,1,2,signal,6.91,signal,2.454737,signal
63,2,4,noise,4.41,noise,2.774698,noise
61,3,7,noise,5.04,noise,3.522724,noise
54,3,71,noise,6.39,noise,3.070862,signal
68,2,6,signal,7.93,signal,1.434025,signal
71,1,3,noise,6.14,noise,1.83899,noise
55,3,20,signal,8.37,signal,1.97362,signal
67,3,15,noise,5.05,signal,1.254196,signal
62,3,26,signal,7.4,signal,1.436939,signal
59,3,10,signal,7.73,signal,2.018094,signal
66,2,5,noise,6.52,signal,3.000003,noise
63,2,5,noise,6.24,noise,1.764808,signal
71,1,4,noise,7.02,noise,1.710156,noise
69,1,3,signal,4.35,signal,2.27644,noise
61,3,8,noise,6.53,noise,2.020846,noise
68,2,7,signal,7.89,signal,2.108473,signal
67,3,16,noise,4.88,noise,1.769871,noise
62,3,27,noise,6.73,noise,1.660844,noise
70,2,3,noise,4.65,noise,3.4663,noise
59,3,11,signal,5.77,signal,2.158134,signal
55,3,21,noise,6.16,noise,2.633519,noise
66,2,6,noise,5.76,noise,2.398344,noise
68,2,8,signal,4.68,noise,1.650005,noise
71,1,5,signal,5.71,noise,2.199775,noise
62,3,28,noise,6.74,noise,1.458181,noise
61,3,9,noise,5.55,noise,2.110975,noise
67,3,17,signal,9.21,signal,1.739257,signal
63,2,6,noise,5.25,noise,3.04754,noise
60,3,1,noise,6.32,noise,2.581878,noise
69,1,4,signal,3.74,noise,3.005609,noise
59,3,12,noise,5.97,noise,2.02162,noise
56,3,3,noise,7.91,noise,19.654411,noise
66,2,7,noise,5.14,noise,1.734682,noise
55,3,22,noise,6.82,signal,2.457383,signal
68,2,9,noise,7.24,signal,2.009047,signal
67,3,18,signal,7.46,signal,1.598576,signal
61,3,10,noise,4.95,noise,1.774189,noise
62,3,29,noise,5.6,noise,1.942856,noise
71,1,6,signal,8.81,noise,2.113022,noise
63,2,7,noise,6.46,noise,2.350805,noise
70,2,4,noise,6.17,noise,4.245136,noise
59,3,13,signal,8.09,signal,2.10446,signal
66,2,8,noise,6.05,noise,1.824398,noise
62,3,30,noise,5.62,noise,1.371267,noise
68,2,10,noise,5.87,noise,1.803629,noise
60,3,2,noise,7.39,noise,3.149524,noise
69,1,5,noise,7.24,noise,3.195727,noise
55,3,23,noise,4.74,noise,2.310275,noise
71,1,7,signal,6.99,noise,1.854484,signal
67,3,19,signal,5.39,signal,2.256334,signal
61,3,11,signal,6.97,signal,2.460764,signal
66,2,9,noise,6.5,noise,1.563963,noise
60,3,3,noise,7.54,noise,1.536346,signal
63,2,8,signal,8.48,signal,2.34174,signal
59,3,14,signal,8.94,signal,2.099064,signal
71,1,8,noise,6.65,signal,1.319756,noise
62,3,31,signal,7.45,signal,2.142049,signal
70,2,5,noise,5.33,noise,2.778862,noise
55,3,24,noise,5.18,noise,2.280191,noise
61,3,12,noise,5.32,noise,2.014669,noise
74,1,1,noise,7.03,signal,8.427439,signal
54,3,72,noise,6.42,noise,12.042325,noise
69,1,6,signal,6.22,noise,3.23819,noise
65,1,4,noise,6.58,noise,13.333291,noise
67,3,20,signal,5.93,signal,3.327863,noise
63,2,9,noise,6.17,noise,2.145422,noise
66,2,10,noise,4.93,signal,2.285419,signal
71,1,9,noise,5.02,noise,1.935999,noise
59,3,15,signal,4.39,signal,2.321798,noise
60,3,4,signal,4.56,noise,2.67899,noise
55,3,25,noise,3.94,signal,1.759354,noise
70,2,6,noise,4.78,noise,2.096508,noise
62,3,32,signal,7.32,signal,2.449413,signal
74,1,2,signal,5.91,signal,2.133116,signal
71,1,10,signal,6.85,noise,0.992878,noise
60,3,5,noise,5.68,noise,1.010601,noise
61,3,13,signal,6.58,noise,2.965486,noise
67,3,21,signal,8.53,signal,2.054257,signal
59,3,16,signal,7.63,signal,1.843652,signal
63,2,10,noise,6.15,noise,2.009732,signal
55,3,26,noise,4.36,signal,1.719716,noise
62,3,33,noise,7.31,noise,1.619448,signal
70,2,7,noise,5.32,noise,1.883922,noise
69,1,7,noise,6.98,signal,3.085153,signal
74,1,3,signal,7.03,noise,1.8298,noise
65,1,5,noise,4.26,noise,3.783752,noise
60,3,6,noise,6.01,noise,2.058693,noise
67,3,22,noise,6.16,noise,1.824614,signal
61,3,14,signal,7.75,signal,2.179144,signal
59,3,17,noise,7.21,noise,1.924396,noise
62,3,34,signal,5.34,signal,1.66927,noise
55,3,27,noise,5.04,noise,1.833385,noise
74,1,4,signal,5.77,noise,1.522201,noise
70,2,8,noise,6.72,noise,1.893687,signal
71,2,1,noise,7.32,noise,1.679739,noise
69,1,8,signal,6.54,noise,2.690084,noise
67,3,23,noise,4.7,noise,1.631174,noise
60,3,7,noise,6.58,noise,1.96304,noise
65,1,6,signal,8.33,signal,2.87887,signal
62,3,35,signal,7.14,signal,2.19195,signal
61,3,15,noise,6.37,noise,2.657499,noise
70,2,9,noise,5.74,noise,2.008518,noise
55,3,28,signal,6.85,signal,2.390754,signal
71,2,2,noise,6.53,noise,1.616598,noise
74,1,5,noise,6.95,noise,2.539042,noise
69,1,9,noise,5.58,signal,1.928912,signal
67,3,24,noise,6.32,noise,1.883639,noise
59,3,18,noise,4.26,noise,3.662133,noise
62,3,36,signal,7.82,signal,1.463001,signal
60,3,8,noise,6.36,noise,2.586336,signal
71,2,3,signal,6.28,noise,1.175966,noise
61,3,16,noise,6.04,noise,2.307373,noise
74,1,6,signal,4.6,signal,1.97814,noise
67,3,25,noise,7.01,noise,1.542255,noise
70,2,10,noise,4.03,noise,2.691835,noise
56,3,4,signal,7.69,signal,16.869308,signal
55,3,29,signal,6.72,noise,2.597724,signal
60,3,9,noise,5.64,noise,1.597219,noise
59,3,19,signal,9.62,signal,2.312934,signal
62,3,37,noise,5.91,noise,1.95561,signal
69,1,10,noise,6.43,noise,2.767712,signal
66,3,1,noise,5.81,noise,4.339307,noise
67,3,26,noise,7.64,noise,1.491651,noise
74,1,7,noise,6.9,noise,1.797948,noise
61,3,17,noise,4.26,noise,2.375035,noise
71,2,4,noise,6.05,signal,3.066163,signal
60,3,10,noise,4.32,noise,1.514167,noise
65,1,7,noise,5.64,noise,5.529212,noise
55,3,30,signal,8.23,signal,2.16461,signal
56,3,5,signal,6.02,signal,2.480236,signal
59,3,20,signal,6.86,signal,1.98899,signal
62,3,38,noise,5.0,noise,2.133776,noise
66,3,2,noise,4.84,noise,2.115624,noise
74,1,8,signal,8.22,signal,1.784564,signal
71,2,5,noise,8.38,noise,1.710577,signal
56,3,6,signal,6.27,noise,1.235849,noise
61,3,18,noise,6.0,signal,2.41873,signal
70,3,1,noise,4.49,noise,3.138269,noise
55,3,31,signal,6.78,noise,2.212973,noise
62,3,39,noise,6.09,noise,1.838978,noise
60,3,11,noise,5.77,noise,2.648378,noise
59,3,21,noise,6.03,noise,1.968065,noise
66,3,3,noise,5.42,noise,2.121229,noise
74,1,9,signal,5.97,noise,1.863313,signal
67,3,27,noise,5.42,noise,4.514491,noise
65,1,8,noise,5.92,noise,3.462546,noise
71,2,6,noise,6.43,noise,2.341648,signal
62,3,40,signal,8.51,signal,1.568257,signal
61,3,19,noise,5.36,noise,2.456234,noise
56,3,7,noise,6.47,noise,3.004255,noise
70,3,2,noise,5.12,noise,1.857375,noise
69,2,1,noise,7.57,signal,2.954368,signal
66,3,4,noise,5.01,noise,1.826298,noise
55,3,32,signal,9.58,noise,2.132887,signal
74,1,10,noise,8.2,signal,1.8999,signal
59,3,22,signal,7.09,signal,2.173961,signal
67,3,28,noise,6.67,noise,1.83148,noise
71,2,7,signal,6.39,noise,1.612865,noise
60,3,12,noise,6.86,noise,2.742271,noise
69,2,2,signal,4.86,noise,1.166241,noise
66,3,5,noise,5.75,noise,1.775095,noise
70,3,3,noise,5.23,noise,1.98506,noise
67,3,29,signal,6.85,signal,1.833216,signal
71,2,8,signal,6.72,signal,1.6967,signal
56,3,8,signal,5.97,signal,2.800534,signal
61,3,20,signal,6.18,noise,2.965794,noise
63,3,1,noise,5.7,noise,3.749526,noise
55,3,33,noise,4.13,noise,2.239908,noise
60,3,13,noise,5.18,noise,2.40993,signal
59,3,23,noise,5.35,noise,3.51681,noise
66,3,6,signal,7.93,noise,1.954681,signal
69,2,3,signal,4.94,noise,3.003764,noise
67,3,30,noise,5.45,noise,1.912084,noise
70,3,4,noise,5.03,noise,2.619703,noise
71,2,9,noise,4.03,noise,2.319889,noise
63,3,2,noise,5.17,noise,2.208224,noise
61,3,21,signal,8.9,signal,2.442576,signal
55,3,34,signal,7.27,signal,2.319648,signal
67,3,31,noise,4.19,noise,1.787395,signal
66,3,7,noise,6.25,noise,2.248159,noise
69,2,4,signal,6.72,signal,2.058153,signal
56,3,9,noise,5.89,noise,4.201293,noise
71,2,10,signal,5.82,noise,1.770196,noise
59,3,24,noise,6.05,noise,3.175701,signal
55,3,35,signal,7.58,signal,1.976949,signal
61,3,22,noise,3.97,signal,2.145699,noise
63,3,3,noise,5.97,noise,2.346247,noise
65,1,9,signal,7.71,signal,9.396309,signal
60,3,14,signal,5.92,signal,4.669639,noise
67,3,32,noise,7.1,noise,1.585583,noise
70,3,5,noise,4.16,noise,3.349179,noise
66,3,8,noise,5.86,noise,1.660393,noise
69,2,5,signal,7.95,signal,1.883681,signal
59,3,25,noise,7.67,noise,1.921557,signal
56,3,10,signal,9.83,signal,2.487483,signal
67,3,33,signal,7.86,signal,1.720375,signal
65,1,10,signal,7.62,noise,2.155772,noise
66,3,9,noise,5.44,noise,1.687596,noise
55,3,36,noise,4.67,signal,2.772301,noise
63,3,4,noise,5.13,noise,2.672402,noise
60,3,15,noise,6.84,noise,2.4973,signal
61,3,23,noise,6.52,noise,2.976505,signal
71,3,1,noise,4.93,noise,1.985539,noise
56,3,11,noise,5.7,noise,2.113994,noise
67,3,34,signal,7.17,signal,1.718113,signal
59,3,26,signal,7.77,signal,2.565079,signal
70,3,6,noise,4.21,noise,3.443955,noise
66,3,10,noise,3.62,noise,1.77788,noise
71,3,2,noise,5.9,noise,1.676456,noise
55,3,37,signal,9.15,noise,2.088433,signal
69,2,6,signal,8.44,signal,4.152541,signal
61,3,24,noise,5.27,noise,2.172041,signal
67,3,35,noise,6.72,noise,1.6054,signal
63,3,5,noise,6.77,noise,3.101562,noise
70,3,7,noise,3.75,noise,1.90876,noise
56,3,12,noise,4.93,noise,2.471794,noise
66,3,11,signal,7.06,noise,2.074708,noise
59,3,27,signal,7.18,signal,2.491808,signal
71,3,3,signal,6.14,noise,1.865393,noise
69,2,7,signal,8.7,signal,1.731928,signal
55,3,38,signal,8.01,signal,1.789828,signal
67,3,36,signal,6.58,signal,1.528317,signal
57,3,1,signal,7.84,signal,3.589564,signal
61,3,25,noise,3.96,noise,2.374162,noise
74,2,1,noise,7.71,noise,3.814071,noise
71,3,4,signal,7.02,noise,1.387621,noise
70,3,8,noise,4.89,noise,2.361888,noise
63,3,6,signal,8.9,noise,2.537619,signal
66,3,12,noise,6.37,signal,2.164182,signal
69,2,8,signal,8.74,signal,2.276257,signal
67,3,37,noise,5.97,noise,1.833603,noise
59,3,28,signal,4.0,signal,2.60865,noise
55,3,39,noise,6.06,noise,2.551721,noise
71,3,5,signal,5.71,noise,1.690496,noise
61,3,26,signal,6.55,signal,2.28594,signal
70,3,9,noise,4.3,noise,1.613728,noise
57,3,2,noise,3.54,noise,2.645735,noise
66,3,13,noise,5.27,noise,1.955294,noise
74,2,2,noise,5.49,noise,2.575813,noise
56,3,13,signal,7.41,signal,4.854611,signal
69,2,9,noise,5.29,noise,1.759317,noise
63,3,7,noise,6.93,noise,2.455307,noise
77,1,1,signal,8.99,signal,15.917377,signal
71,3,6,signal,8.81,noise,1.278671,noise
59,3,29,signal,7.62,signal,2.322676,signal
55,3,40,noise,5.57,noise,1.942939,signal
67,3,38,signal,7.63,signal,2.556685,signal
70,3,10,noise,7.03,noise,1.725134,signal
71,3,7,signal,6.99,noise,1.086119,signal
66,3,14,noise,5.33,noise,1.728042,noise
69,2,10,signal,5.62,signal,1.711778,noise
74,2,3,noise,6.43,noise,1.91291,noise
63,3,8,noise,4.37,noise,2.007861,noise
61,3,27,noise,4.54,noise,2.750182,noise
67,3,39,signal,6.95,signal,1.778979,noise
59,3,30,signal,6.41,signal,2.266124,signal
56,3,14,noise,5.55,noise,3.181432,noise
55,3,41,signal,6.96,noise,2.414178,signal
57,3,3,signal,8.46,signal,4.043258,signal
71,3,8,signal,6.65,signal,1.943525,noise
74,2,4,noise,6.77,noise,1.77428,noise
66,3,15,signal,6.52,signal,2.59482,noise
70,3,11,noise,6.91,noise,3.171929,noise
63,3,9,noise,5.29,noise,2.081517,noise
61,3,28,noise,4.97,noise,2.158908,noise
71,3,9,noise,5.02,noise,1.093343,noise
55,3,42,noise,5.54,noise,1.948155,noise
69,3,1,signal,7.95,signal,2.071714,signal
74,2,5,noise,6.34,noise,1.902284,noise
59,3,31,signal,4.94,signal,2.419785,noise
71,3,10,noise,6.85,noise,1.006402,noise
57,3,4,signal,5.89,noise,2.469671,noise
66,3,16,noise,5.76,noise,1.793236,noise
67,3,40,signal,8.42,signal,3.61205,signal
70,3,12,noise,7.08,noise,2.307368,signal
79,1,1,noise,6.09,noise,8.193384,noise
74,2,6,noise,6.17,noise,1.491428,noise
77,1,2,signal,5.97,noise,7.341378,noise
61,3,29,signal,6.01,signal,2.592238,noise
55,3,43,signal,7.44,signal,2.000012,signal
69,3,2,signal,6.91,signal,2.039422,signal
63,3,10,noise,7.05,noise,3.299614,noise
71,3,11,signal,7.32,noise,2.039709,noise
59,3,32,signal,6.01,noise,2.266646,noise
66,3,17,noise,5.14,noise,2.3148,noise
67,3,41,signal,6.66,signal,2.140772,signal
74,2,7,noise,4.9,noise,1.440117,noise
70,3,13,noise,4.65,noise,2.00188,noise
56,3,15,signal,7.2,signal,6.105532,signal
57,3,5,noise,5.8,noise,3.509232,signal
77,1,3,signal,3.71,noise,2.566481,noise
63,3,11,noise,6.91,noise,2.160976,signal
71,3,12,noise,6.53,noise,2.05426,noise
59,3,33,signal,4.75,signal,2.057128,noise
61,3,30,noise,4.48,noise,2.702985,noise
66,3,18,noise,6.05,noise,1.92598,noise
69,3,3,signal,4.35,signal,2.838261,noise
74,2,8,signal,6.59,signal,1.932488,signal
55,3,44,noise,5.93,signal,3.066092,signal
67,3,42,signal,7.85,signal,2.292168,signal
70,3,14,noise,6.17,noise,2.241268,noise
77,1,4,noise,7.52,noise,1.428279,signal
59,3,34,signal,7.62,signal,1.503833,signal
71,3,13,signal,6.28,noise,1.979034,noise
66,3,19,noise,6.5,noise,1.917169,noise
61,3,31,noise,5.88,noise,1.624463,noise
69,3,4,noise,3.74,noise,1.984432,noise
63,3,12,noise,6.8,noise,2.443965,noise
67,3,43,signal,7.79,signal,1.698945,signal
74,2,9,noise,6.22,noise,2.248595,noise
77,1,5,signal,7.3,noise,1.696867,noise
70,3,15,noise,5.33,noise,1.974253,noise
66,3,20,noise,4.93,signal,1.218319,signal
71,3,14,noise,6.05,signal,2.01941,signal
69,3,5,noise,7.24,noise,1.833457,noise
74,2,10,noise,4.87,noise,1.772722,noise
59,3,35,noise,6.59,noise,3.268193,signal
63,3,13,noise,7.58,noise,2.30704,noise
61,3,32,signal,6.5,signal,2.910627,signal
67,3,44,noise,6.24,noise,2.617901,noise
70,3,16,noise,4.78,noise,2.508566,noise
66,3,21,noise,5.94,noise,1.823032,noise
56,3,16,noise,7.51,noise,7.576624,noise
71,3,15,signal,8.38,noise,2.111464,signal
69,3,6,noise,6.22,noise,2.142219,noise
55,3,45,noise,5.59,noise,6.059669,noise
79,1,2,noise,7.51,signal,10.329956,signal
54,3,73,noise,6.78,noise,56.10877,noise
63,3,14,noise,4.41,noise,1.988963,noise
67,3,45,noise,7.93,noise,1.821457,noise
77,1,6,noise,4.85,noise,4.653635,noise
57,3,6,noise,4.99,noise,9.064526,noise
66,3,22,noise,5.67,signal,1.889492,signal
71,3,16,noise,6.43,noise,1.363869,signal
61,3,33,noise,5.23,noise,3.415365,noise
71,3,17,signal,6.39,noise,0.943225,noise
74,3,1,signal,7.03,signal,2.589795,signal
59,3,36,signal,7.22,signal,4.257454,signal
55,3,46,signal,8.05,signal,2.472172,signal
69,3,7,signal,6.98,signal,2.766185,signal
70,3,17,noise,5.32,noise,3.971996,noise
67,3,46,noise,4.81,noise,2.117729,noise
56,3,17,noise,5.7,noise,3.733432,noise
66,3,23,noise,6.5,noise,1.843362,noise
63,3,15,noise,6.24,noise,2.616868,signal
79,1,3,signal,6.96,signal,3.159026,signal
77,1,7,signal,6.43,noise,2.650158,noise
71,3,18,signal,6.72,signal,1.107431,signal
80,1,1,noise,6.12,signal,3.689826,noise
57,3,7,noise,5.46,noise,3.003373,noise
61,3,34,noise,5.93,noise,2.135751,noise
74,3,2,signal,5.91,signal,1.551232,signal
66,3,24,noise,6.24,noise,1.147193,signal
67,3,47,signal,6.22,signal,1.789789,signal
72,1,1,noise,7.33,signal,60.474372,signal
71,3,19,signal,4.03,noise,1.372814,noise
59,3,37,noise,5.61,noise,2.410143,noise
76,1,1,signal,5.99,noise,4.42353,noise
63,3,16,noise,5.25,noise,2.110897,noise
69,3,8,noise,6.54,noise,2.707379,noise
74,3,3,noise,7.03,noise,1.712531,noise
56,3,18,noise,5.81,noise,2.843266,noise
66,3,25,noise,4.68,noise,1.571222,noise
71,3,20,signal,5.82,noise,0.953443,noise
61,3,35,noise,5.9,signal,2.258274,signal
80,1,2,noise,7.48,signal,2.80931,signal
70,3,18,noise,6.72,noise,3.395335,signal
77,1,8,signal,6.24,noise,3.13818,noise
79,1,4,signal,5.55,signal,3.336474,signal
67,3,48,signal,7.76,signal,1.909251,signal
57,3,8,signal,9.27,signal,2.928261,signal
55,3,47,noise,4.67,noise,4.573011,signal
59,3,38,signal,5.08,signal,2.096247,noise
74,3,4,noise,5.77,noise,1.5173,noise
71,3,21,noise,4.25,noise,1.191843,noise
63,3,17,noise,6.46,noise,2.587306,noise
56,3,19,noise,7.49,noise,2.19899,noise
69,3,9,signal,5.58,signal,2.695369,signal
77,1,9,noise,5.83,noise,1.36239,noise
66,3,26,signal,6.43,noise,2.326365,noise
76,1,2,noise,6.58,signal,3.139649,signal
70,3,19,noise,5.74,noise,1.843212,noise
61,3,36,signal,7.05,noise,2.180005,noise
80,1,3,noise,7.49,noise,2.254012,signal
67,3,49,noise,5.32,noise,1.939652,noise
74,3,5,noise,6.95,noise,1.621757,noise
79,1,5,signal,7.65,signal,2.51135,signal
55,3,48,signal,9.3,signal,1.88768,signal
66,3,27,noise,7.98,signal,1.046317,signal
77,1,10,noise,4.31,noise,1.302893,noise
57,3,9,noise,4.09,noise,3.104235,noise
70,3,20,noise,4.03,noise,1.525684,noise
59,3,39,noise,7.86,noise,2.43564,noise
72,1,2,signal,7.78,signal,5.632639,signal
71,3,22,signal,6.12,noise,2.620903,noise
63,3,18,signal,8.48,signal,2.361164,signal
67,3,50,signal,6.19,signal,1.816252,signal
61,3,37,signal,7.06,noise,2.315282,noise
69,3,10,noise,6.43,noise,2.725581,signal
74,3,6,signal,4.6,signal,1.876812,noise
76,1,3,noise,7.91,noise,2.727864,noise
55,3,49,noise,4.39,noise,1.782991,noise
66,3,28,noise,6.29,noise,1.929633,noise
56,3,20,noise,5.73,noise,3.830286,noise
70,3,21,noise,4.97,noise,1.775409,noise
71,3,23,signal,5.91,noise,1.612166,noise
59,3,40,signal,6.73,signal,1.978729,signal
63,3,19,noise,6.17,noise,1.970469,noise
67,3,51,signal,6.11,signal,1.960762,signal
79,1,6,signal,6.35,noise,3.398866,noise
57,3,10,signal,6.17,noise,2.966864,noise
61,3,38,signal,6.66,signal,2.034625,signal
69,3,11,signal,7.57,signal,2.112052,signal
74,3,7,noise,6.9,noise,2.241062,noise
70,3,22,noise,2.96,noise,1.609495,noise
76,1,4,noise,7.69,signal,2.42975,signal
66,3,29,noise,6.07,noise,2.186122,noise
71,3,24,noise,5.55,noise,1.795318,noise
56,3,21,noise,7.05,noise,2.251731,noise
55,3,50,noise,6.25,signal,3.14985,signal
67,3,52,signal,8.0,signal,2.139464,signal
79,1,7,signal,7.57,noise,2.141301,noise
69,3,12,noise,4.86,noise,2.053958,noise
74,3,8,signal,8.22,signal,1.932647,signal
63,3,20,noise,6.15,noise,2.671746,signal
57,3,11,noise,4.28,noise,2.724507,noise
56,3,22,noise,5.66,noise,1.76044,noise
70,3,23,noise,6.42,noise,2.299022,noise
61,3,39,noise,5.35,noise,3.048555,noise
71,3,25,signal,7.58,signal,2.101654,signal
59,3,41,signal,5.98,signal,4.125925,noise
66,3,30,noise,4.71,noise,2.417355,noise
76,1,5,noise,6.02,signal,2.768336,signal
55,3,51,signal,7.94,signal,1.867396,noise
79,1,8,signal,7.26,signal,1.882695,signal
67,3,53,noise,7.94,noise,2.173258,noise
63,3,21,noise,6.17,noise,1.392393,noise
71,3,26,signal,7.38,noise,1.266913,signal
74,3,9,noise,5.97,noise,2.409671,signal
66,3,31,noise,5.08,noise,1.450812,noise
69,3,13,noise,4.94,noise,2.871245,noise
59,3,42,signal,5.05,signal,2.268565,noise
61,3,40,noise,4.69,noise,2.609352,noise
76,1,6,noise,6.27,noise,2.514562,noise
57,3,12,signal,6.28,noise,3.105874,signal
63,3,22,noise,4.85,noise,1.273175,noise
67,3,54,signal,5.99,signal,2.238974,noise
55,3,52,noise,5.97,noise,2.566181,noise
79,1,9,noise,5.94,noise,2.6713,noise
70,3,24,noise,6.95,noise,4.055432,signal
69,3,14,signal,6.72,signal,2.087115,signal
74,3,10,signal,8.2,signal,2.510521,signal
66,3,32,noise,5.13,noise,2.560272,noise
71,3,27,signal,6.55,noise,3.059114,noise
76,1,7,noise,6.47,noise,1.387415,noise
61,3,41,signal,7.16,noise,2.223345,noise
59,3,43,signal,5.14,signal,2.419556,noise
57,3,13,signal,7.89,signal,2.578227,signal
66,3,33,noise,5.38,noise,0.979924,noise
63,3,23,noise,2.28,noise,2.273252,noise
69,3,15,signal,7.95,signal,1.668328,signal
70,3,25,noise,5.27,noise,1.977635,noise
74,3,11,noise,7.71,noise,1.885375,noise
67,3,55,noise,6.62,noise,2.746059,signal
55,3,53,noise,4.79,noise,2.49205,noise
71,3,28,noise,4.79,noise,1.97133,noise
76,1,8,signal,5.97,signal,2.102008,signal
61,3,42,signal,8.64,signal,2.262847,signal
69,3,16,signal,8.44,signal,1.337901,signal
59,3,44,noise,4.65,noise,2.325448,noise
79,1,10,signal,8.04,signal,3.681955,signal
56,3,23,signal,6.54,signal,8.627465,signal
57,3,14,signal,7.63,signal,2.647081,signal
66,3,34,signal,7.32,noise,2.589828,noise
63,3,24,noise,5.16,noise,2.564193,noise
70,3,26,noise,6.44,noise,2.067401,noise
67,3,56,signal,5.79,signal,2.262466,signal
71,3,29,noise,7.04,signal,2.056894,signal
74,3,12,noise,5.49,noise,2.258335,noise
76,1,9,signal,5.89,noise,2.220018,noise
69,3,17,signal,8.7,signal,1.653082,signal
55,3,54,signal,6.19,signal,2.60068,noise
61,3,43,noise,6.1,noise,2.463278,noise
59,3,45,signal,9.26,signal,2.306736,signal
56,3,24,signal,6.38,signal,2.784894,signal
63,3,25,noise,6.09,noise,2.106251,noise
57,3,15,noise,5.14,noise,2.831479,noise
70,3,27,noise,6.89,noise,1.88424,noise
71,3,30,noise,5.36,noise,1.771931,noise
67,3,57,noise,7.47,noise,2.068245,signal
74,3,13,noise,6.43,noise,2.017872,noise
54,3,74,noise,5.72,noise,29.896508,noise
69,3,18,signal,8.74,signal,2.049877,signal
76,1,10,noise,9.83,signal,2.300644,signal
61,3,44,noise,5.15,noise,2.30972,noise
66,3,35,signal,6.84,signal,4.018937,signal
56,3,25,signal,7.5,signal,2.273275,signal
71,3,31,noise,7.27,noise,1.471059,noise
69,3,19,signal,5.29,noise,1.413961,noise
63,3,26,noise,6.48,noise,2.494125,noise
70,3,28,noise,5.44,noise,1.912107,noise
57,3,16,signal,6.41,noise,2.518823,noise
67,3,58,signal,6.42,signal,1.937943,signal
55,3,55,signal,6.9,noise,4.070576,noise
74,3,14,noise,6.77,noise,2.239974,noise
61,3,45,noise,4.99,noise,2.187668,noise
66,3,36,signal,8.19,signal,2.185991,signal
69,3,20,signal,5.62,signal,1.446973,noise
67,3,59,signal,7.07,signal,1.610202,signal
70,3,29,noise,6.44,noise,1.92751,noise
71,3,32,noise,6.2,noise,2.294595,signal
63,3,27,signal,6.01,signal,2.152126,signal
55,3,56,noise,2.23,noise,2.145877,noise
57,3,17,signal,6.47,signal,2.848227,signal
69,3,21,signal,8.91,signal,1.626826,signal
61,3,46,noise,6.4,noise,2.330368,noise
59,3,46,signal,5.8,signal,7.120421,noise
74,3,15,noise,6.34,noise,3.048448,noise
56,3,26,noise,6.4,noise,4.282219,noise
66,3,37,noise,4.63,noise,3.216695,noise
67,3,60,noise,7.04,noise,2.119647,noise
71,3,33,signal,4.45,noise,2.089926,noise
69,3,22,signal,4.06,signal,1.096339,noise
63,3,28,noise,6.14,noise,2.714572,signal
74,3,16,noise,6.17,noise,1.832301,noise
57,3,18,signal,7.31,noise,2.668584,signal
70,3,30,noise,3.58,noise,3.939048,noise
79,2,1,signal,6.44,signal,5.20366,signal
69,3,23,noise,4.57,noise,1.680721,noise
61,3,47,noise,5.66,noise,3.012842,noise
67,3,61,noise,5.74,noise,2.1493,signal
66,3,38,noise,6.5,noise,2.494502,noise
55,3,57,signal,8.13,signal,4.36881,signal
74,3,17,noise,4.9,noise,1.546332,noise
71,3,34,signal,5.98,noise,2.922716,noise
77,2,1,signal,6.08,signal,14.118695,noise
59,3,47,noise,4.92,noise,4.2309,noise
72,1,3,signal,4.31,noise,29.302605,noise
70,3,31,noise,8.93,noise,1.617959,signal
63,3,29,noise,5.07,noise,2.822697,noise
79,2,2,noise,4.95,noise,1.958366,noise
67,3,62,signal,6.67,signal,1.82396,signal
69,3,24,noise,4.99,noise,2.08743,noise
61,3,48,noise,6.13,noise,2.443795,noise
57,3,19,noise,4.06,noise,3.463188,noise
72,1,4,noise,8.76,signal,1.152408,signal
56,3,27,signal,8.78,signal,5.574073,signal
74,3,18,signal,6.59,signal,2.08817,signal
66,3,39,signal,8.35,noise,2.78426,signal
55,3,58,noise,5.57,noise,2.768405,noise
71,3,35,signal,7.19,signal,2.250929,signal
65,2,1,noise,5.53,noise,5.817679,noise
70,3,32,noise,6.46,noise,1.957302,noise
79,2,3,signal,8.02,signal,1.794807,signal
69,3,25,noise,5.88,noise,1.619937,noise
67,3,63,noise,8.0,noise,1.779125,signal
63,3,30,noise,6.62,noise,2.767355,noise
57,3,20,noise,4.34,signal,1.932745,noise
71,3,36,signal,6.93,noise,1.413505,noise
74,3,19,noise,6.22,noise,1.982022,noise
55,3,59,noise,6.82,signal,1.460554,signal
59,3,48,noise,7.51,signal,4.055617,noise
61,3,49,noise,4.55,noise,2.402142,noise
70,3,33,noise,5.42,noise,1.800549,noise
56,3,28,signal,6.96,signal,2.782364,signal
69,3,26,signal,8.87,signal,1.839326,signal
79,2,4,noise,5.87,noise,1.86771,noise
67,3,64,signal,7.17,signal,1.934868,signal
66,3,40,signal,8.35,signal,3.089559,signal
65,2,2,signal,8.25,noise,3.099447,signal
71,3,37,signal,6.7,noise,1.511603,noise
74,3,20,noise,4.87,noise,1.458201,noise
57,3,21,noise,5.2,signal,2.288965,noise
63,3,31,noise,5.87,noise,2.697379,noise
69,3,27,noise,5.52,noise,1.490058,noise
61,3,50,noise,4.62,noise,1.173348,noise
70,3,34,noise,6.45,noise,1.952957,noise
59,3,49,noise,6.34,noise,2.393111,noise
55,3,60,signal,9.84,noise,2.781907,signal
71,3,38,signal,6.87,noise,1.57252,noise
67,3,65,signal,6.73,signal,2.269812,noise
79,2,5,noise,5.29,noise,2.132497,signal
66,3,41,noise,5.07,noise,2.273549,noise
56,3,29,signal,9.28,signal,2.898474,signal
74,3,21,signal,7.51,signal,2.141367,signal
69,3,28,signal,8.8,signal,1.397942,signal
70,3,35,noise,4.45,noise,1.697422,noise
57,3,22,noise,5.12,noise,2.737078,noise
65,2,3,noise,5.89,noise,3.436703,noise
61,3,51,signal,7.92,signal,2.418241,signal
63,3,32,signal,6.83,noise,2.562104,noise
67,3,66,noise,7.33,noise,2.111264,noise
69,3,29,noise,4.52,noise,1.530514,noise
74,3,22,signal,7.11,signal,1.641545,signal
79,2,6,noise,5.22,noise,2.220053,noise
55,3,61,signal,8.16,signal,2.897027,signal
66,3,42,signal,7.74,noise,2.71768,noise
71,3,39,noise,5.87,noise,3.124925,noise
56,3,30,noise,6.58,noise,3.077566,noise
57,3,23,signal,8.66,signal,2.311156,signal
61,3,52,signal,7.98,signal,2.104257,signal
69,3,30,noise,5.95,noise,1.592968,noise
63,3,33,noise,5.38,noise,2.01131,noise
70,3,36,noise,6.85,noise,2.88008,noise
79,2,7,noise,6.99,noise,1.765364,noise
72,1,5,signal,5.57,noise,10.096309,noise
67,3,67,signal,7.19,signal,1.991603,signal
59,3,50,noise,4.96,noise,5.0627,noise
76,2,1,signal,5.7,noise,4.193845,noise
74,3,23,noise,5.65,noise,2.403798,noise
71,3,40,noise,6.76,signal,1.776022,signal
69,3,31,noise,6.77,signal,0.857174,signal
66,3,43,noise,3.82,noise,2.88568,noise
79,2,8,signal,6.64,signal,1.756214,signal
57,3,24,noise,5.34,signal,2.684849,noise
74,3,24,noise,8.0,noise,1.506789,noise
69,3,32,signal,10.29,signal,1.42164,signal
70,3,37,noise,7.79,noise,2.102606,noise
67,3,68,noise,5.41,noise,2.174997,noise
63,3,34,signal,7.7,noise,2.489999,signal
62,3,41,signal,4.01,signal,93.741599,noise
71,3,41,noise,7.37,noise,2.015072,noise
61,3,53,noise,5.51,noise,3.125503,noise
65,2,4,signal,6.92,signal,5.737342,signal
59,3,51,signal,6.8,signal,2.666651,signal
72,1,6,signal,7.72,noise,2.952859,noise
55,3,62,signal,7.1,noise,5.13426,signal
70,3,38,noise,5.58,noise,0.97011,noise
74,3,25,noise,7.35,noise,1.620485,noise
79,2,9,noise,3.39,noise,1.854897,noise
69,3,33,noise,3.69,noise,1.691942,noise
57,3,25,noise,5.24,noise,2.265238,noise
76,2,2,signal,4.93,noise,4.119736,noise
71,3,42,signal,5.97,noise,1.748252,noise
66,3,44,noise,6.86,noise,3.349081,noise
63,3,35,noise,5.7,noise,2.091846,noise
61,3,54,noise,6.17,noise,1.550538,noise
70,3,39,noise,4.02,noise,1.228462,noise
77,2,2,noise,5.5,noise,17.669715,noise
67,3,69,signal,7.65,noise,2.735742,signal
55,3,63,signal,7.17,signal,1.797163,signal
69,3,34,signal,5.89,signal,1.502223,signal
74,3,26,signal,4.6,signal,1.929545,noise
71,3,43,noise,5.05,noise,1.365574,noise
65,2,5,signal,7.95,noise,3.137961,signal
79,2,10,noise,6.96,noise,2.509379,noise
70,3,40,noise,5.1,noise,1.518346,noise
66,3,45,noise,5.69,noise,2.055528,noise
67,3,70,signal,8.15,signal,1.512385,signal
63,3,36,noise,3.0,noise,1.983924,noise
71,3,44,signal,4.89,noise,1.016204,noise
57,3,26,noise,4.59,noise,3.086288,noise
55,3,64,signal,7.2,signal,1.821368,signal
69,3,35,noise,7.91,noise,1.878131,signal
76,2,3,noise,7.41,signal,3.272839,signal
59,3,52,noise,5.63,noise,4.517519,noise
77,2,3,signal,6.47,signal,2.560007,signal
61,3,55,noise,6.48,noise,2.716413,noise
56,3,31,noise,6.47,noise,9.445564,noise
72,1,7,noise,9.05,signal,4.980072,signal
70,3,41,noise,6.5,noise,1.419801,noise
74,3,27,signal,7.55,signal,2.92715,noise
71,3,45,noise,6.15,noise,1.641458,noise
69,3,36,noise,5.64,noise,1.544338,noise
67,3,71,noise,5.1,noise,2.505936,noise
65,2,6,signal,6.9,noise,3.459238,noise
55,3,65,signal,7.12,signal,1.736086,signal
70,3,42,noise,8.68,noise,1.371445,signal
63,3,37,signal,8.37,signal,2.770681,signal
66,3,46,noise,6.59,noise,3.121156,noise
57,3,27,signal,7.69,signal,2.590646,signal
74,3,28,signal,5.54,signal,1.48494,signal
77,2,4,noise,5.16,noise,2.335647,noise
71,3,46,noise,5.43,noise,1.038426,noise
59,3,53,noise,6.7,noise,2.782373,noise
76,2,4,signal,5.55,noise,2.965293,noise
72,1,8,signal,5.59,noise,2.562869,noise
61,3,56,noise,5.23,noise,2.414316,noise
69,3,37,signal,8.17,signal,1.574289,signal
71,3,47,noise,6.08,noise,0.999801,noise
55,3,66,signal,7.85,noise,1.664333,signal
67,3,72,noise,6.31,noise,2.112762,noise
79,3,1,noise,6.09,noise,2.41392,noise
70,3,43,noise,4.85,noise,1.887564,noise
66,3,47,noise,5.41,noise,1.966913,noise
56,3,32,noise,8.26,noise,4.137653,signal
63,3,38,noise,5.13,noise,2.232321,noise
74,3,29,noise,6.01,noise,1.94849,noise
71,3,48,noise,4.3,noise,1.137535,noise
65,2,7,noise,5.07,noise,3.063746,noise
72,1,9,signal,7.36,noise,2.022718,noise
59,3,54,signal,7.42,signal,2.511901,signal
57,3,28,noise,5.11,noise,3.056832,noise
69,3,38,noise,8.84,noise,2.263843,signal
77,2,5,noise,6.65,noise,3.088995,signal
67,3,73,signal,7.3,signal,1.800279,signal
79,3,2,signal,7.51,signal,1.833019,signal
55,3,67,signal,8.44,signal,1.943658,signal
74,3,30,noise,5.08,noise,1.526064,noise
61,3,57,signal,7.29,noise,3.130608,noise
66,3,48,noise,5.26,noise,1.948337,noise
76,2,5,signal,7.2,signal,3.489826,signal
71,3,49,noise,6.87,noise,1.635613,signal
63,3,39,noise,5.54,noise,2.258185,noise
69,3,39,noise,6.27,noise,1.289413,noise
78,1,1,signal,4.64,noise,11.310743,noise
74,3,31,noise,7.09,noise,1.391105,noise
79,3,3,signal,6.96,signal,1.742899,signal
65,2,8,noise,6.19,noise,2.825992,noise
71,3,50,signal,5.64,noise,1.209729,noise
77,2,6,signal,7.44,signal,2.380608,signal
72,1,10,noise,7.78,signal,3.067172,signal
57,3,29,signal,6.18,noise,2.780614,noise
69,3,40,signal,9.13,signal,1.705978,signal
67,3,74,noise,5.13,noise,2.793381,signal
55,3,68,noise,4.22,noise,2.669719,noise
74,3,32,noise,8.83,noise,1.34557,noise
61,3,58,signal,7.73,signal,2.517501,signal
63,3,40,signal,8.68,signal,2.288251,signal
76,2,6,signal,7.51,noise,2.911029,noise
59,3,55,noise,6.34,signal,3.898586,noise
71,3,51,signal,6.43,noise,1.173024,noise
79,3,4,signal,5.55,signal,1.857358,signal
69,3,41,noise,6.95,noise,1.452028,signal
77,2,7,noise,7.18,noise,2.331645,signal
65,2,9,noise,6.47,noise,2.766226,noise
74,3,33,signal,6.4,signal,1.908764,noise
71,3,52,noise,3.56,noise,1.507986,noise
66,3,49,signal,7.59,signal,4.796185,signal
67,3,75,signal,6.38,signal,2.261042,noise
55,3,69,noise,4.95,noise,2.209434,noise
78,1,2,noise,7.11,noise,4.058284,signal
63,3,41,noise,4.65,noise,2.109468,noise
79,3,5,signal,7.65,signal,1.730917,signal
76,2,7,signal,5.7,noise,2.733158,noise
61,3,59,signal,7.53,signal,2.451209,signal
71,3,53,signal,6.76,signal,1.223475,signal
59,3,56,noise,6.49,signal,3.028232,noise
69,3,42,signal,7.92,signal,2.449267,signal
74,3,34,noise,6.49,noise,1.7911,noise
66,3,50,noise,5.36,noise,1.828265,noise
67,3,76,signal,7.87,signal,1.721321,signal
78,1,3,signal,7.75,signal,2.032029,signal
71,3,54,signal,6.9,noise,1.002447,noise
77,2,8,noise,6.12,noise,3.197224,noise
79,3,6,noise,6.35,noise,2.107245,noise
63,3,42,noise,6.08,noise,2.267827,noise
74,3,35,noise,6.96,noise,1.53914,noise
75,1,1,signal,7.03,noise,82.827581,signal
54,3,75,noise,4.93,noise,46.471317,noise
66,3,51,noise,5.55,noise,1.750527,noise
67,3,77,noise,4.65,noise,1.711759,noise
71,3,55,noise,7.35,noise,1.152158,noise
69,3,43,noise,6.61,noise,2.567136,noise
65,2,10,noise,5.58,noise,4.821952,noise
78,1,4,signal,5.06,noise,1.753929,signal
74,3,36,noise,6.35,noise,1.416993,noise
59,3,57,noise,5.92,noise,3.372138,noise
79,3,7,noise,7.57,noise,2.077304,noise
72,2,1,signal,4.2,signal,3.494931,noise
63,3,43,signal,6.92,signal,2.229255,signal
55,3,70,noise,5.73,noise,4.861941,noise
71,3,56,noise,6.11,noise,1.336389,noise
76,2,8,noise,5.81,noise,4.723684,noise
66,3,52,noise,5.5,noise,1.75333,noise
67,3,78,noise,6.07,noise,1.856849,noise
77,2,9,noise,4.91,noise,3.209797,noise
54,3,76,noise,5.55,noise,2.286215,noise
74,3,37,noise,6.27,noise,1.355287,noise
69,3,44,noise,8.7,noise,2.062046,signal
78,1,5,signal,6.48,noise,1.849667,noise
71,3,57,signal,6.11,noise,1.244111,noise
79,3,8,signal,7.26,signal,1.879827,signal
55,3,71,noise,5.88,noise,1.899756,noise
67,3,79,noise,6.86,noise,1.748401,noise
71,3,58,signal,6.89,noise,0.950246,noise
63,3,44,noise,6.89,signal,2.484696,noise
74,3,38,noise,6.28,noise,1.546363,noise
59,3,58,signal,5.8,signal,3.087019,noise
72,2,2,noise,3.51,noise,3.137133,noise
76,2,9,noise,7.49,noise,2.495944,noise
61,3,60,noise,5.73,noise,7.211402,noise
69,3,45,signal,5.18,signal,1.991586,noise
66,3,53,signal,8.42,signal,2.707606,signal
79,3,9,noise,5.94,noise,2.04484,noise
77,2,10,noise,5.99,noise,3.185823,noise
74,3,39,noise,6.42,noise,1.371315,noise
67,3,80,noise,5.33,noise,1.598531,noise
55,3,72,noise,4.7,noise,2.027104,noise
71,3,59,noise,7.63,signal,1.748507,signal
56,3,33,signal,8.37,signal,17.323236,signal
69,3,46,noise,5.68,noise,1.50933,noise
63,3,45,noise,5.06,noise,2.180742,noise
75,1,2,signal,3.6,signal,5.802894,noise
66,3,54,noise,4.79,noise,1.816002,noise
76,2,10,noise,5.73,noise,2.209863,noise
61,3,61,signal,7.02,noise,2.418495,noise
74,3,40,noise,6.31,noise,1.41843,noise
79,3,10,signal,8.04,signal,1.84897,signal
78,1,6,signal,8.07,signal,4.780916,signal
71,3,60,signal,5.82,noise,1.674584,noise
67,3,81,signal,5.13,signal,1.900655,signal
55,3,73,noise,4.13,noise,2.002647,noise
57,3,30,signal,7.82,signal,15.533928,signal
69,3,47,noise,6.02,noise,2.024409,noise
74,3,41,noise,6.68,noise,1.343243,noise
72,2,3,noise,5.9,noise,4.479182,noise
63,3,46,noise,6.97,noise,2.354668,noise
66,3,55,noise,6.6,noise,2.34191,noise
71,3,61,signal,6.42,noise,1.358862,noise
79,3,11,signal,6.44,signal,2.033078,signal
78,1,7,signal,6.82,noise,1.94038,signal
61,3,62,signal,7.43,noise,2.345355,noise
67,3,82,noise,6.36,noise,1.800966,noise
69,3,48,signal,4.92,signal,1.399951,noise
55,3,74,signal,7.68,signal,2.089756,signal
74,3,42,noise,5.39,noise,1.482951,noise
59,3,59,noise,4.32,noise,6.111284,noise
71,3,62,signal,6.92,noise,1.493749,noise
79,3,12,noise,4.95,noise,1.716395,noise
78,1,8,signal,6.91,noise,1.711813,noise
57,3,31,signal,7.37,signal,3.320681,noise
69,3,49,noise,4.86,noise,1.778861,noise
63,3,47,noise,7.77,noise,2.655056,noise
75,1,3,noise,4.89,signal,4.99978,noise
67,3,83,noise,6.2,noise,2.003814,noise
66,3,56,noise,6.19,signal,2.983805,signal
61,3,63,noise,4.33,noise,2.402983,noise
74,3,43,signal,7.25,signal,2.061079,signal
56,3,34,noise,4.65,noise,6.545859,noise
71,3,63,signal,6.96,signal,1.664773,signal
59,3,60,noise,9.21,noise,2.23962,signal
72,2,4,signal,6.47,noise,3.860116,noise
55,3,75,signal,8.34,signal,3.032416,signal
79,3,13,signal,8.02,signal,1.757174,signal
67,3,84,noise,5.07,noise,1.493766,signal
69,3,50,noise,6.98,noise,1.794683,signal
63,3,48,noise,7.7,noise,2.109541,noise
61,3,64,noise,9.22,noise,1.590248,signal
56,3,35,noise,5.78,signal,1.737447,noise
74,3,44,noise,6.19,noise,1.845474,noise
71,3,64,noise,8.02,signal,1.961693,signal
66,3,57,noise,5.66,noise,2.315021,noise
78,1,9,signal,7.49,signal,3.29745,signal
79,3,14,noise,5.87,noise,1.755852,noise
72,2,5,signal,4.81,noise,2.577343,noise
67,3,85,noise,5.0,noise,1.544898,noise
69,3,51,noise,5.0,noise,1.577387,noise
55,3,76,noise,6.64,noise,2.240085,signal
71,3,65,noise,6.13,noise,1.015453,noise
74,3,45,noise,7.03,noise,1.375429,noise
63,3,49,noise,4.8,noise,2.356058,noise
66,3,58,noise,6.23,noise,2.142801,noise
69,3,52,signal,8.86,signal,1.546696,signal
78,1,10,signal,8.77,noise,2.005055,signal
79,3,15,noise,5.29,noise,1.906931,signal
59,3,61,noise,7.76,signal,4.717423,signal
71,3,66,signal,6.28,noise,1.599265,noise
67,3,86,noise,6.64,noise,1.916406,noise
74,3,46,signal,4.85,signal,1.730018,signal
56,3,36,noise,8.08,noise,3.665852,signal
69,3,53,signal,7.52,signal,1.520584,signal
75,1,4,signal,6.37,noise,6.252378,signal
66,3,59,noise,5.75,noise,1.877365,noise
72,2,6,signal,5.78,signal,3.636018,noise
63,3,50,noise,6.54,noise,2.089135,noise
71,3,67,noise,4.92,noise,1.676005,noise
79,3,16,noise,5.22,noise,1.789194,noise
67,3,87,noise,6.27,noise,1.790921,noise
74,3,47,noise,4.43,noise,1.777663,noise
57,3,32,signal,6.87,noise,8.82862,signal
55,3,77,signal,6.87,signal,4.787224,signal
69,3,54,noise,5.02,noise,1.830299,noise
59,3,62,signal,6.64,signal,3.173378,signal
71,3,68,noise,6.73,noise,1.296377,noise
72,2,7,noise,4.24,noise,1.952281,noise
74,3,48,noise,4.02,noise,1.465069,noise
66,3,60,signal,7.57,signal,2.26977,signal
79,3,17,noise,6.99,noise,1.785375,noise
67,3,88,signal,8.11,signal,1.786302,signal
71,3,69,signal,6.02,noise,1.135806,noise
61,3,65,noise,5.52,noise,8.01904,noise
69,3,55,noise,5.84,noise,1.493813,noise
56,3,37,signal,8.4,signal,4.422984,signal
63,3,51,noise,6.03,noise,2.260511,signal
74,3,49,noise,4.8,noise,1.380474,noise
57,3,33,noise,3.2,noise,2.625375,noise
67,3,89,signal,7.3,signal,1.719902,signal
66,3,61,noise,6.09,noise,1.939004,noise
75,1,5,signal,5.93,noise,3.086705,noise
79,3,18,signal,6.64,signal,2.290987,signal
59,3,63,signal,7.3,signal,2.98578,signal
71,3,70,noise,7.45,noise,1.526824,noise
69,3,56,noise,5.03,noise,1.439364,noise
65,3,1,noise,5.95,noise,4.24478,noise
72,2,8,noise,9.3,signal,3.368108,signal
74,3,50,noise,7.39,noise,1.72414,signal
55,3,78,signal,8.11,signal,3.991257,signal
56,3,38,signal,6.69,signal,2.256601,signal
61,3,66,signal,9.16,signal,2.544375,signal
63,3,52,noise,5.41,noise,2.204848,noise
69,3,57,noise,4.33,noise,1.211007,noise
79,3,19,noise,3.39,noise,1.71917,noise
57,3,34,noise,5.17,signal,2.782221,noise
67,3,90,signal,6.44,signal,2.689502,signal
71,3,71,signal,6.06,noise,2.224754,noise
74,3,51,signal,6.48,signal,1.712239,signal
59,3,64,noise,6.55,noise,2.547279,noise
76,3,1,noise,5.99,noise,3.863023,noise
55,3,79,noise,4.43,noise,2.049442,noise
69,3,58,noise,4.14,noise,1.659966,noise
72,2,9,signal,5.24,noise,2.781326,noise
63,3,53,noise,5.92,noise,2.200912,noise
65,3,2,signal,6.93,signal,3.033365,signal
71,3,72,signal,6.18,noise,1.397527,noise
61,3,67,noise,5.32,noise,2.925643,noise
74,3,52,noise,7.23,noise,1.546032,noise
66,3,62,signal,3.82,noise,4.729211,noise
79,3,20,noise,6.96,noise,2.525149,noise
67,3,91,noise,5.94,noise,2.124852,noise
56,3,39,noise,6.95,noise,3.541003,noise
69,3,59,signal,6.45,signal,1.612217,signal
57,3,35,noise,3.17,noise,3.440682,noise
55,3,80,noise,5.83,signal,2.70412,noise
76,3,2,signal,6.58,signal,3.085345,signal
59,3,65,signal,7.75,signal,3.234165,signal
71,3,73,noise,6.65,noise,1.971005,noise
63,3,54,noise,5.11,noise,2.546955,noise
74,3,53,noise,6.03,noise,1.897026,noise
66,3,63,noise,5.79,noise,1.9284,noise
61,3,68,signal,6.7,noise,2.362013,noise
67,3,92,noise,4.93,noise,1.73738,noise
79,3,21,noise,4.33,noise,2.153176,noise
72,2,10,noise,5.56,signal,3.422903,noise
69,3,60,noise,7.39,signal,1.915142,signal
56,3,40,noise,5.01,noise,2.441442,noise
71,3,74,noise,6.97,noise,1.170497,noise
74,3,54,noise,4.9,noise,1.409606,noise
66,3,64,noise,5.57,noise,1.304831,noise
75,1,6,signal,5.97,noise,7.937946,signal
65,3,3,noise,6.63,noise,4.638578,noise
61,3,69,noise,9.59,signal,1.148461,signal
63,3,55,noise,3.66,noise,1.896566,noise
67,3,93,noise,7.55,noise,1.640649,noise
76,3,3,noise,7.91,noise,2.619513,noise
77,3,1,signal,8.99,signal,3.109536,signal
69,3,61,noise,3.88,noise,1.699897,noise
57,3,36,signal,7.69,signal,3.055815,noise
71,3,75,noise,3.55,noise,1.608042,noise
79,3,22,signal,7.26,signal,2.302625,signal
55,3,81,noise,5.54,noise,3.080734,noise
74,3,55,noise,5.37,noise,1.636929,noise
59,3,66,noise,5.83,noise,3.482383,noise
56,3,41,noise,4.13,noise,2.676042,noise
67,3,94,signal,7.56,signal,1.656449,signal
65,3,4,noise,6.58,noise,2.219351,noise
61,3,70,signal,7.6,signal,1.458229,signal
71,3,76,noise,6.83,noise,1.417691,noise
69,3,62,signal,6.78,signal,1.765912,signal
74,3,56,noise,5.92,noise,1.380962,noise
70,3,44,noise,5.29,noise,48.066576,noise
76,3,4,noise,7.69,signal,2.714883,signal
63,3,56,noise,6.38,noise,2.908883,signal
66,3,65,signal,7.18,noise,3.587749,noise
77,3,2,noise,5.97,noise,2.422707,noise
78,2,1,signal,7.79,signal,2.53173,signal
56,3,42,noise,4.68,noise,2.248842,noise
67,3,95,noise,5.87,noise,1.838368,noise
71,3,77,noise,5.59,signal,1.342051,noise
59,3,67,signal,8.84,signal,2.767877,signal
69,3,63,noise,6.27,noise,1.595616,noise
74,3,57,signal,5.58,signal,1.815515,signal
70,3,45,noise,8.44,noise,1.455733,signal
71,3,78,noise,5.23,noise,0.994464,noise
66,3,66,noise,5.71,noise,1.662011,noise
61,3,71,noise,5.34,noise,2.914121,noise
56,3,43,noise,6.3,noise,1.671559,noise
65,3,5,noise,4.26,noise,3.426809,noise
67,3,96,noise,7.38,noise,1.709725,noise
78,2,2,signal,7.19,signal,2.207512,signal
63,3,57,noise,5.68,noise,2.363571,noise
76,3,5,signal,6.02,signal,2.718974,signal
69,3,64,noise,5.21,noise,1.655045,noise
55,3,82,signal,8.19,signal,5.151184,signal
74,3,58,signal,7.97,signal,1.682734,signal
71,3,79,noise,7.13,noise,1.21289,noise
81,1,1,signal,6.68,noise,9.911539,noise
59,3,68,noise,7.03,noise,2.36796,signal
79,3,23,noise,5.58,noise,5.690978,noise
77,3,3,noise,3.71,noise,3.386322,noise
66,3,67,noise,6.21,noise,1.739308,noise
61,3,72,noise,4.88,noise,2.263102,noise
78,2,3,signal,9.38,signal,1.93144,signal
75,1,7,noise,5.57,noise,7.883049,noise
71,3,80,noise,7.25,noise,1.546203,noise
74,3,59,noise,6.97,noise,1.777758,signal
67,3,97,signal,5.71,signal,2.540014,signal
69,3,65,signal,5.16,signal,2.391729,signal
65,3,6,signal,8.33,signal,3.032341,signal
57,3,37,signal,5.76,noise,8.123676,noise
66,3,68,noise,6.51,noise,1.746755,noise
76,3,6,noise,6.27,noise,2.934037,noise
63,3,58,signal,8.42,noise,3.098795,noise
56,3,44,signal,5.22,signal,3.967,signal
79,3,24,signal,7.1,signal,2.509938,signal
55,3,83,noise,3.94,signal,3.098067,noise
71,3,81,signal,5.6,noise,1.432003,noise
59,3,69,noise,5.33,noise,3.209991,signal
74,3,60,noise,6.73,noise,1.656895,signal
77,3,4,noise,7.52,noise,3.360543,signal
61,3,73,noise,4.94,signal,2.966149,noise
69,3,66,signal,4.32,signal,1.733977,noise
81,1,2,noise,5.22,noise,4.349534,noise
71,3,82,signal,6.6,noise,1.536002,signal
66,3,69,noise,4.39,noise,2.128647,noise
67,3,98,signal,6.57,signal,2.71197,signal
56,3,45,signal,6.93,signal,2.02952,signal
79,3,25,noise,4.55,noise,1.993377,noise
78,2,4,signal,6.38,noise,3.879666,signal
63,3,59,signal,8.35,signal,2.397014,signal
65,3,7,noise,5.64,noise,3.110383,noise
76,3,7,noise,6.47,noise,2.782214,noise
74,3,61,signal,7.03,signal,2.094321,signal
55,3,84,noise,6.0,signal,2.532903,noise
69,3,67,noise,3.94,noise,1.683761,noise
75,1,8,signal,7.38,noise,3.843745,signal
71,3,83,signal,5.72,noise,1.488331,noise
61,3,74,signal,7.06,noise,2.547248,noise
57,3,38,noise,5.81,noise,4.466408,noise
81,1,3,noise,6.31,noise,2.410319,noise
67,3,99,signal,5.94,signal,2.116738,signal
77,3,5,noise,7.3,noise,3.479339,noise
66,3,70,noise,4.39,noise,2.136574,noise
56,3,46,signal,4.11,signal,2.35422,noise
69,3,68,noise,5.74,noise,1.602404,noise
74,3,62,signal,6.63,signal,1.804755,noise
71,3,84,signal,7.19,signal,1.127408,noise
70,3,46,noise,5.47,noise,10.024101,noise
76,3,8,signal,5.97,signal,2.195761,signal
65,3,8,noise,5.92,noise,2.450228,noise
59,3,70,signal,5.23,noise,4.654594,noise
63,3,60,signal,9.43,noise,3.079054,signal
79,3,26,signal,5.95,signal,3.321208,signal
78,2,5,signal,3.59,noise,3.656774,noise
75,1,9,noise,7.75,noise,2.749375,noise
71,3,85,signal,5.11,noise,1.273687,noise
69,3,69,signal,5.33,signal,1.474574,noise
67,3,100,noise,6.32,noise,1.94738,noise
61,3,75,noise,5.1,noise,3.014972,noise
57,3,39,signal,7.95,signal,2.697813,signal
74,3,63,noise,6.07,noise,1.956745,noise
81,1,4,noise,5.98,signal,2.618811,signal
66,3,71,noise,6.83,noise,2.227469,noise
70,3,47,noise,6.42,noise,2.005994,signal
55,3,85,signal,8.4,signal,4.400165,signal
56,3,47,signal,7.67,signal,2.594326,signal
76,3,9,noise,5.89,noise,2.314293,noise
65,3,9,signal,7.71,signal,2.408453,signal
77,3,6,noise,4.85,noise,3.437594,noise
63,3,61,noise,6.41,noise,2.180353,signal
69,3,70,noise,9.13,signal,1.499348,signal
71,3,86,noise,5.58,noise,1.783744,noise
74,3,64,noise,6.27,noise,1.410029,noise
75,1,10,signal,8.08,noise,2.249258,signal
59,3,71,noise,5.93,noise,3.449668,signal
70,3,48,noise,9.08,noise,1.532506,signal
79,3,27,noise,7.38,noise,3.326952,signal
78,2,6,signal,8.96,signal,3.091068,signal
82,1,1,noise,6.97,signal,8.34385,signal
69,3,71,signal,8.44,signal,1.181599,signal
66,3,72,noise,4.88,noise,2.002428,noise
56,3,48,signal,5.39,signal,1.918066,noise
71,3,87,signal,6.66,noise,1.244538,noise
55,3,86,signal,8.1,noise,2.181328,signal
57,3,40,signal,8.16,signal,2.846305,signal
61,3,76,signal,7.17,signal,3.181413,signal
74,3,65,noise,6.23,noise,1.496622,noise
76,3,10,noise,9.83,signal,2.667305,signal
63,3,62,noise,5.54,noise,2.546626,noise
70,3,49,noise,6.45,noise,1.490331,noise
77,3,7,noise,6.43,noise,3.220245,noise
79,3,28,noise,5.65,noise,1.806891,noise
69,3,72,signal,8.7,signal,1.615771,signal
81,1,5,signal,5.97,signal,4.228075,signal
71,3,88,signal,6.47,signal,1.600181,signal
78,2,7,noise,3.43,noise,2.596357,noise
70,3,50,noise,4.0,noise,1.04896,noise
56,3,49,signal,6.37,signal,2.456803,signal
57,3,41,signal,8.44,noise,2.251791,signal
59,3,72,signal,6.92,signal,3.692457,signal
66,3,73,signal,8.31,noise,2.771916,signal
76,3,11,noise,5.7,noise,2.311358,noise
65,3,10,signal,7.62,noise,5.192333,noise
69,3,73,signal,8.46,signal,1.491435,signal
74,3,66,signal,6.51,signal,2.715604,signal
63,3,63,noise,3.58,noise,2.318546,noise
71,3,89,signal,7.46,noise,1.610486,noise
61,3,77,noise,6.07,noise,3.101661,noise
79,3,29,noise,5.19,noise,2.294952,noise
55,3,87,noise,5.6,noise,3.772108,noise
70,3,51,noise,5.22,noise,1.787569,noise
66,3,74,noise,5.43,noise,1.770794,noise
78,2,8,noise,4.76,noise,2.301878,noise
69,3,74,signal,5.52,signal,1.555048,signal
57,3,42,noise,5.77,noise,2.438133,noise
71,3,90,signal,4.91,noise,1.57074,noise
56,3,50,noise,8.0,noise,2.75956,signal
81,1,6,noise,4.35,noise,3.696485,noise
74,3,67,signal,5.89,signal,2.20576,signal
77,3,8,noise,6.24,noise,4.197286,noise
76,3,12,signal,4.93,noise,2.708222,noise
63,3,64,noise,6.58,noise,2.519829,noise
61,3,78,noise,5.53,noise,2.224538,noise
70,3,52,noise,5.46,noise,1.727171,noise
79,3,30,signal,6.61,signal,2.276163,signal
59,3,73,noise,5.99,noise,3.568838,noise
66,3,75,noise,4.72,noise,1.722076,noise
71,3,91,noise,6.51,noise,1.632216,noise
69,3,75,signal,6.34,signal,2.044562,signal
73,1,1,noise,6.23,noise,33.184706,noise
65,3,11,noise,5.53,noise,4.084836,noise
78,2,9,noise,5.9,noise,2.481076,noise
74,3,68,noise,7.21,noise,1.863049,signal
77,3,9,noise,5.83,noise,1.953043,noise
56,3,51,signal,6.63,signal,2.505165,signal
70,3,53,noise,6.41,noise,1.534843,signal
57,3,43,noise,6.4,signal,3.144547,signal
81,1,7,signal,5.75,noise,2.704806,noise
63,3,65,signal,8.83,signal,2.305263,signal
66,3,76,noise,6.67,noise,1.995284,noise
76,3,13,noise,7.41,signal,2.668528,signal
71,3,92,noise,4.54,noise,1.716967,noise
69,3,76,noise,5.41,noise,1.884819,noise
79,3,31,signal,5.76,signal,2.595412,noise
61,3,79,signal,7.08,noise,2.834034,noise
74,3,69,noise,6.59,noise,1.647876,signal
59,3,74,noise,6.43,noise,2.901676,noise
72,3,1,signal,7.33,signal,13.259115,signal
55,3,88,signal,7.96,signal,5.345014,signal
70,3,54,noise,4.94,noise,1.682467,noise
56,3,52,noise,5.13,noise,2.204127,noise
65,3,12,signal,8.25,noise,2.860922,signal
78,2,10,signal,6.56,signal,2.800503,signal
77,3,10,noise,4.31,noise,2.618149,noise
69,3,77,signal,4.5,signal,1.269641,noise
71,3,93,noise,5.56,noise,1.53381,noise
74,3,70,noise,6.0,noise,1.402257,noise
63,3,66,noise,6.97,noise,2.207587,signal
61,3,80,noise,4.27,noise,1.452808,noise
76,3,14,noise,5.55,noise,2.247657,noise
66,3,77,noise,5.94,signal,2.509284,signal
81,1,8,signal,7.19,signal,2.834897,signal
70,3,55,noise,7.37,noise,1.566536,signal
55,3,89,noise,4.84,noise,1.88175,noise
79,3,32,signal,6.11,signal,2.53475,noise
69,3,78,noise,8.56,noise,1.479865,signal
71,3,94,noise,3.9,noise,1.475986,noise
61,3,81,noise,5.92,noise,1.163821,noise
57,3,44,signal,8.01,noise,4.078392,signal
74,3,71,noise,5.32,noise,1.731097,noise
59,3,75,signal,7.01,signal,3.170907,signal
65,3,13,noise,5.89,noise,2.298045,noise
72,3,2,signal,7.78,signal,3.417144,signal
66,3,78,noise,5.55,noise,1.781733,noise
71,3,95,signal,6.48,noise,1.050542,noise
63,3,67,noise,6.16,noise,2.163581,noise
70,3,56,noise,5.69,noise,1.838544,noise
69,3,79,noise,6.19,noise,1.699155,noise
76,3,15,signal,7.2,signal,2.252936,signal
81,1,9,signal,7.83,signal,2.27771,noise
56,3,53,signal,6.65,signal,4.165148,signal
73,1,2,signal,5.18,noise,7.057455,noise
82,1,2,signal,6.21,noise,15.089505,noise
55,3,90,noise,6.29,noise,2.645322,noise
74,3,72,noise,4.8,noise,1.781047,noise
71,3,96,noise,6.6,noise,1.581811,noise
57,3,45,signal,7.51,signal,2.529726,signal
61,3,82,noise,4.43,noise,2.642686,noise
66,3,79,noise,4.43,noise,2.005345,noise
79,3,33,signal,7.84,signal,3.571232,signal
59,3,76,noise,5.69,noise,2.793994,noise
69,3,80,signal,4.95,signal,1.735624,noise
72,3,3,noise,4.31,noise,2.587671,noise
70,3,57,noise,5.12,noise,1.919244,noise
63,3,68,noise,6.23,noise,2.486191,noise
74,3,73,noise,6.45,noise,1.502832,noise
76,3,16,noise,7.51,noise,2.181392,noise
55,3,91,noise,4.54,noise,1.869806,noise
77,3,11,signal,6.08,signal,6.301863,noise
71,3,97,noise,4.93,noise,1.798592,noise
69,3,81,signal,7.58,signal,1.336766,signal
82,1,3,signal,7.75,noise,3.067953,noise
78,3,1,noise,4.64,noise,2.944124,noise
79,3,34,noise,4.09,noise,1.938183,noise
74,3,74,noise,4.92,noise,1.59867,noise
70,3,58,noise,5.25,noise,1.721728,noise
66,3,80,signal,7.48,noise,2.524885,noise
72,3,4,signal,8.76,signal,2.125785,signal
57,3,46,signal,6.77,signal,2.984686,signal
76,3,17,noise,5.7,noise,1.947598,noise
81,1,10,signal,5.75,noise,4.245475,noise
63,3,69,signal,7.69,signal,2.292992,signal
61,3,83,noise,5.63,noise,3.359533,noise
71,3,98,noise,5.58,noise,1.614395,noise
59,3,77,signal,7.56,signal,2.96899,signal
77,3,12,noise,5.5,noise,2.234765,noise
69,3,82,signal,6.38,signal,1.631191,signal
66,3,81,noise,5.94,noise,1.33474,noise
74,3,75,noise,5.42,noise,1.649827,noise
70,3,59,signal,6.67,noise,1.543405,noise
75,2,1,noise,4.99,signal,5.474,noise
79,3,35,signal,8.16,signal,2.010005,noise
72,3,5,noise,5.57,noise,1.856947,noise
78,3,2,signal,7.11,noise,2.360986,signal
69,3,83,signal,8.59,signal,1.302697,signal
76,3,18,noise,5.81,noise,1.986276,noise
65,3,14,signal,6.92,signal,8.026378,signal
71,3,99,noise,5.49,noise,1.711863,noise
55,3,92,signal,8.94,signal,4.374255,signal
57,3,47,noise,4.42,signal,2.570755,noise
63,3,70,noise,6.71,noise,2.348252,noise
66,3,82,noise,5.19,noise,1.626101,noise
77,3,13,signal,6.47,signal,2.295565,signal
61,3,84,noise,4.72,noise,2.583975,noise
70,3,60,noise,6.18,noise,1.623201,signal
69,3,84,noise,6.27,noise,1.086432,noise
73,1,3,noise,7.41,noise,7.530317,noise
74,3,76,signal,6.75,signal,2.051276,noise
79,3,36,noise,5.19,noise,1.992402,noise
72,3,6,noise,7.72,noise,2.175537,noise
76,3,19,noise,7.49,noise,1.8659,noise
59,3,78,signal,5.38,noise,3.857755,noise
71,3,100,noise,6.56,noise,1.942418,noise
55,3,93,signal,8.45,signal,1.891675,signal
75,2,2,signal,5.03,signal,2.810489,signal
66,3,83,noise,6.95,noise,1.84772,signal
82,1,4,noise,3.9,signal,5.956103,signal
65,3,15,signal,7.95,noise,2.787041,signal
70,3,61,noise,4.95,noise,1.784141,noise
69,3,85,noise,4.84,noise,1.691237,noise
63,3,71,noise,5.14,noise,2.556375,noise
74,3,77,noise,6.71,noise,1.918132,noise
77,3,14,noise,5.16,noise,2.439755,noise
78,3,3,signal,7.75,signal,3.966666,signal
76,3,20,noise,5.73,noise,1.703136,noise
57,3,48,signal,6.03,signal,3.496371,signal
61,3,85,signal,8.71,signal,3.253616,signal
66,3,84,noise,6.4,noise,1.569419,noise
69,3,86,noise,5.57,noise,1.335812,noise
70,3,62,noise,7.72,noise,1.766886,noise
74,3,78,signal,6.81,signal,1.838258,signal
73,1,4,signal,4.48,noise,4.279578,noise
59,3,79,signal,4.32,noise,3.116396,noise
76,3,21,noise,7.05,noise,1.595895,noise
63,3,72,signal,7.88,noise,2.342869,noise
66,3,85,noise,5.9,noise,1.598566,noise
69,3,87,noise,3.71,noise,1.427299,noise
78,3,4,noise,5.06,noise,2.413541,signal
65,3,16,signal,6.9,noise,3.539851,noise
77,3,15,noise,6.65,noise,3.01759,signal
57,3,49,signal,6.49,signal,2.873393,signal
75,2,3,signal,5.57,noise,4.109002,noise
55,3,94,noise,4.88,noise,4.391014,noise
61,3,86,signal,6.71,noise,2.639541,signal
70,3,63,noise,6.15,noise,1.712609,noise
74,3,79,noise,6.32,noise,1.820362,noise
76,3,22,noise,5.66,noise,1.804684,noise
69,3,88,noise,8.09,noise,1.542896,signal
66,3,86,noise,5.64,noise,1.695017,noise
63,3,73,noise,6.87,noise,2.063585,noise
72,3,7,signal,9.05,signal,6.506826,signal
78,3,5,signal,6.48,noise,2.356098,noise
74,3,80,noise,6.07,noise,1.620769,signal
77,3,16,signal,7.44,signal,2.370942,signal
75,2,4,noise,6.41,noise,2.074142,noise
70,3,64,noise,8.52,noise,2.100155,signal
59,3,80,noise,6.36,noise,3.681322,noise
57,3,50,signal,5.6,signal,2.786414,noise
69,3,89,signal,7.22,signal,1.581104,signal
61,3,87,signal,6.42,signal,2.676041,noise
55,3,95,noise,5.48,noise,2.782797,noise
66,3,87,noise,5.84,noise,1.824973,noise
65,3,17,noise,5.07,noise,3.522744,noise
63,3,74,noise,7.13,noise,2.061701,noise
76,3,23,signal,6.54,signal,2.530883,signal
74,3,81,noise,7.38,noise,1.566564,noise
79,3,37,noise,5.26,noise,9.433997,noise
78,3,6,signal,8.07,signal,2.582132,signal
70,3,65,noise,6.66,noise,1.860515,noise
75,2,5,signal,7.0,signal,1.840536,signal
55,3,96,noise,3.86,noise,1.679304,noise
77,3,17,noise,7.18,noise,2.691275,signal
69,3,90,noise,5.71,noise,2.151603,noise
61,3,88,signal,7.69,signal,2.259875,signal
76,3,24,signal,6.38,signal,1.98305,signal
66,3,88,noise,6.85,noise,2.461993,noise
57,3,51,signal,6.88,noise,3.119478,signal
74,3,82,noise,5.03,noise,2.204665,noise
70,3,66,noise,6.01,noise,1.650838,noise
69,3,91,noise,5.02,signal,1.258515,noise
82,1,5,signal,7.01,noise,10.846977,noise
59,3,81,noise,7.1,noise,3.960742,signal
73,1,5,noise,6.21,noise,8.270656,noise
65,3,18,noise,6.19,noise,3.562179,noise
79,3,38,noise,3.51,noise,3.236271,noise
63,3,75,noise,6.71,noise,3.580068,noise
55,3,97,signal,8.42,signal,2.055542,signal
76,3,25,noise,7.5,signal,1.655274,signal
66,3,89,noise,6.57,noise,1.680564,signal
61,3,89,noise,5.94,noise,2.20686,noise
74,3,83,signal,7.29,signal,1.955132,signal
70,3,67,noise,6.58,noise,1.490193,noise
69,3,92,noise,6.86,signal,2.022757,noise
75,2,6,noise,7.06,noise,3.502004,signal
78,3,7,signal,6.82,noise,4.310331,signal
79,3,39,noise,5.2,noise,1.777511,noise
76,3,26,noise,6.4,noise,1.762478,noise
65,3,19,noise,6.47,noise,2.318864,noise
57,3,52,noise,5.06,noise,3.649117,noise
74,3,84,noise,6.79,noise,1.714362,signal
73,1,6,noise,7.33,noise,3.024184,noise
59,3,82,noise,6.12,signal,3.141193,signal
66,3,90,noise,5.8,noise,2.221677,noise
63,3,76,noise,6.42,signal,2.791464,signal
70,3,68,noise,6.23,noise,1.960649,noise
69,3,93,signal,4.49,noise,1.545771,noise
61,3,90,noise,5.01,signal,2.640333,noise
82,1,6,signal,6.11,noise,4.25163,noise
77,3,18,noise,6.12,noise,6.478644,noise
75,2,7,noise,8.82,signal,2.256549,signal
65,3,20,noise,5.58,noise,2.115695,noise
66,3,91,noise,5.99,noise,1.407301,noise
78,3,8,signal,6.91,noise,2.923696,noise
76,3,27,signal,8.78,signal,2.596082,signal
69,3,94,noise,8.8,signal,1.611689,signal
57,3,53,noise,5.89,noise,2.490196,noise
70,3,69,noise,4.15,noise,1.791593,noise
74,3,85,noise,6.09,noise,2.330949,signal
61,3,91,noise,5.56,noise,2.267188,noise
63,3,77,noise,5.59,noise,2.56252,noise
59,3,83,signal,4.63,signal,2.879458,noise
69,3,95,signal,6.3,signal,1.366311,noise
66,3,92,noise,4.78,noise,1.748905,noise
70,3,70,noise,4.33,noise,1.401147,noise
75,2,8,signal,7.33,noise,1.961392,signal
82,1,7,signal,8.26,noise,3.211707,noise
74,3,86,noise,7.13,noise,1.775,noise
54,3,77,noise,4.67,noise,94.564835,noise
65,3,21,signal,7.82,signal,2.507282,signal
57,3,54,noise,4.82,noise,2.714561,noise
76,3,28,noise,6.96,signal,2.996113,signal
61,3,92,signal,7.46,signal,2.33781,signal
69,3,96,signal,7.94,signal,1.424985,signal
63,3,78,noise,7.65,noise,2.40927,noise
70,3,71,noise,6.07,noise,1.545628,noise
77,3,19,noise,4.91,noise,4.082239,noise
55,3,98,noise,6.16,noise,8.47471,noise
59,3,84,signal,5.21,signal,2.642317,signal
73,1,7,noise,4.81,noise,6.104303,noise
74,3,87,noise,6.15,noise,1.740503,noise
66,3,93,signal,7.28,signal,2.223213,noise
75,2,9,signal,6.75,noise,2.346102,noise
69,3,97,signal,8.71,signal,1.355286,signal
65,3,22,noise,6.9,signal,3.07139,signal
57,3,55,signal,7.68,noise,2.537448,signal
66,3,94,noise,7.45,signal,1.525007,signal
55,3,99,signal,8.99,signal,2.047174,signal
70,3,72,noise,6.16,noise,2.098732,noise
74,3,88,noise,5.58,noise,1.809345,noise
54,3,78,noise,7.34,noise,3.792596,noise
63,3,79,noise,5.1,noise,2.712963,noise
76,3,29,noise,9.28,signal,3.24786,signal
59,3,85,signal,5.06,noise,2.674113,noise
69,3,98,noise,3.33,noise,1.809095,noise
78,3,9,signal,7.49,signal,7.161543,signal
65,3,23,noise,5.26,noise,2.075657,noise
75,2,10,noise,6.95,noise,2.730471,noise
66,3,95,noise,9.32,noise,1.896359,signal
74,3,89,signal,8.22,signal,1.800761,signal
57,3,56,signal,8.81,signal,2.515185,signal
61,3,93,noise,4.82,noise,4.978533,noise
54,3,79,noise,5.28,noise,2.081145,noise
70,3,73,noise,6.51,noise,2.321495,noise
82,1,8,signal,5.63,noise,6.534416,noise
55,3,100,signal,7.73,signal,2.608113,signal
76,3,30,noise,6.58,noise,2.298384,noise
63,3,80,noise,5.19,noise,2.413515,noise
69,3,99,noise,5.32,noise,2.463825,noise
78,3,10,signal,8.77,noise,2.324988,signal
77,3,20,noise,5.99,noise,6.048086,noise
59,3,86,signal,7.92,signal,3.136202,signal
74,3,90,noise,6.7,noise,1.714582,noise
65,3,24,signal,7.35,signal,2.369404,signal
73,1,8,noise,7.22,noise,6.117349,signal
66,3,96,signal,8.04,signal,2.233335,signal
72,3,8,noise,5.59,noise,21.671718,noise
61,3,94,signal,6.82,noise,2.119195,noise
54,3,80,noise,5.6,noise,1.874406,noise
70,3,74,noise,6.75,noise,1.826752,noise
76,3,31,noise,6.47,noise,1.954786,noise
57,3,57,noise,4.47,noise,2.814631,noise
78,3,11,signal,7.79,signal,1.589319,signal
63,3,81,noise,5.8,noise,2.084003,noise
69,3,100,signal,8.24,signal,2.10973,signal
74,3,91,noise,5.87,noise,1.660163,noise
65,3,25,signal,7.66,signal,2.01702,signal
59,3,87,signal,9.08,noise,2.392714,signal
54,3,81,noise,4.78,noise,1.935368,noise
61,3,95,signal,8.22,signal,2.248392,signal
78,3,12,signal,7.19,signal,1.589514,signal
70,3,75,noise,3.82,noise,2.184774,noise
77,3,21,noise,6.37,noise,3.446268,noise
76,3,32,noise,8.26,noise,2.005559,signal
73,1,9,signal,7.22,noise,3.211056,noise
74,3,92,noise,5.82,noise,1.752354,noise
66,3,97,noise,7.2,noise,3.285571,signal
57,3,58,noise,4.91,noise,2.464955,noise
63,3,82,noise,5.09,signal,2.914455,noise
59,3,88,signal,8.26,noise,2.379987,signal
78,3,13,signal,9.38,signal,1.568504,signal
72,3,9,noise,7.36,noise,4.32653,noise
54,3,82,noise,5.59,noise,2.152382,noise
61,3,96,noise,3.94,noise,2.269938,noise
76,3,33,signal,8.37,signal,1.960587,signal
66,3,98,noise,6.28,noise,1.771227,noise
74,3,93,signal,6.72,signal,1.994425,signal
77,3,22,noise,4.82,noise,2.801406,noise
73,1,10,signal,6.23,noise,2.786469,noise
78,3,14,signal,6.38,noise,1.677686,signal
72,3,10,signal,7.78,signal,1.849101,signal
54,3,83,noise,7.17,noise,1.985466,signal
63,3,83,noise,6.8,noise,2.69737,noise
74,3,94,signal,6.87,signal,1.689223,signal
82,1,9,noise,4.76,noise,8.848516,noise
61,3,97,noise,4.49,noise,2.18355,noise
70,3,76,noise,5.81,noise,4.610622,noise
76,3,34,noise,4.65,noise,2.250013,noise
66,3,99,noise,5.94,noise,2.345379,noise
65,3,26,noise,6.66,noise,5.988306,noise
57,3,59,noise,6.58,signal,4.518509,signal
59,3,89,signal,7.14,signal,3.481006,signal
54,3,84,noise,6.42,noise,1.486251,noise
78,3,15,noise,3.59,noise,1.873045,noise
77,3,23,noise,6.37,noise,2.810171,noise
66,3,100,noise,5.78,noise,1.037915,noise
72,3,11,signal,4.2,signal,2.775074,noise
74,3,95,signal,5.31,signal,1.910646,signal
63,3,84,noise,4.86,noise,2.97831,noise
70,3,77,noise,5.55,noise,2.292768,noise
78,3,16,signal,8.96,signal,1.815481,signal
61,3,98,signal,7.47,signal,2.777663,signal
76,3,35,signal,5.78,signal,2.600803,noise
54,3,85,signal,6.66,signal,2.306354,signal
59,3,90,signal,7.3,signal,2.793892,signal
82,1,10,signal,6.93,noise,3.389818,noise
75,3,1,noise,7.03,noise,6.049488,signal
57,3,60,noise,5.12,signal,3.327942,noise
70,3,78,noise,8.42,noise,1.136025,signal
54,3,86,signal,6.17,noise,1.013323,noise
77,3,24,noise,5.8,noise,3.503577,noise
78,3,17,noise,3.43,noise,1.62858,noise
74,3,96,noise,6.47,noise,3.112611,noise
63,3,85,noise,6.12,noise,2.206382,noise
76,3,36,noise,8.08,noise,2.09751,signal
54,3,87,noise,5.49,noise,1.109035,signal
61,3,99,signal,6.88,noise,2.699068,noise
70,3,79,noise,3.52,noise,1.68026,noise
75,3,2,signal,3.6,signal,2.518175,noise
74,3,97,noise,7.25,noise,1.564478,noise
81,2,1,signal,7.86,signal,3.614174,signal
59,3,91,noise,5.43,noise,3.406088,noise
57,3,61,noise,6.03,signal,3.155439,noise
70,3,80,noise,7.76,noise,1.149545,noise
54,3,88,noise,6.48,noise,1.622894,noise
63,3,86,noise,5.11,noise,2.311492,noise
61,3,100,signal,8.4,signal,2.137979,signal
74,3,98,noise,7.38,noise,1.528019,noise
77,3,25,signal,7.98,signal,3.746875,signal
70,3,81,noise,7.37,noise,1.137329,signal
78,3,18,noise,4.76,noise,3.777505,noise
76,3,37,noise,8.4,signal,3.24243,signal
75,3,3,noise,4.89,signal,2.116302,noise
70,3,82,noise,6.32,noise,1.105567,noise
63,3,87,noise,7.91,noise,2.312793,noise
59,3,92,signal,4.87,signal,3.275654,noise
74,3,99,signal,8.39,signal,2.012588,signal
81,2,2,signal,7.0,noise,3.453881,signal
65,3,27,signal,9.14,noise,10.613761,signal
76,3,38,signal,6.69,signal,2.003972,signal
78,3,19,noise,5.9,noise,2.139757,noise
77,3,26,noise,4.32,noise,2.43344,noise
70,3,83,noise,5.92,noise,1.260562,noise
54,3,89,noise,5.92,noise,4.120547,noise
57,3,62,noise,4.8,noise,5.085631,noise
75,3,4,noise,6.37,noise,2.653913,signal
63,3,88,noise,5.6,noise,2.109458,noise
74,3,100,signal,7.33,signal,2.407966,signal
78,3,20,signal,6.56,signal,1.840252,signal
81,2,3,signal,6.71,signal,2.23121,signal
70,3,84,noise,5.39,noise,1.810322,noise
77,3,27,noise,5.79,noise,2.224412,noise
54,3,90,noise,6.59,noise,1.960376,noise
76,3,39,noise,6.95,noise,2.571384,noise
65,3,28,signal,7.85,signal,2.713784,noise
59,3,93,signal,8.02,noise,3.591584,signal
57,3,63,noise,5.29,signal,2.623717,noise
78,3,21,signal,7.4,signal,1.596594,signal
75,3,5,signal,5.93,noise,3.219599,noise
70,3,85,noise,7.04,noise,2.497248,noise
63,3,89,noise,5.75,signal,3.528439,signal
76,3,40,noise,5.01,noise,2.192065,noise
81,2,4,noise,5.11,noise,2.504065,noise
77,3,28,signal,6.18,signal,2.784242,signal
59,3,94,signal,7.06,noise,2.843218,signal
57,3,64,signal,7.69,noise,2.846351,signal
78,3,22,noise,5.23,noise,2.013051,noise
76,3,41,noise,4.13,noise,1.472874,noise
70,3,86,noise,7.71,noise,1.83015,signal
54,3,91,noise,4.94,noise,4.656912,noise
65,3,29,noise,5.49,noise,4.723522,noise
77,3,29,noise,5.93,noise,2.052577,noise
63,3,90,noise,6.08,noise,2.232883,noise
81,2,5,signal,6.06,noise,2.248296,noise
75,3,6,noise,5.97,noise,3.813477,signal
59,3,95,signal,7.37,noise,3.028963,signal
76,3,42,noise,4.68,noise,1.93706,noise
78,3,23,signal,8.21,signal,2.429207,signal
57,3,65,noise,5.96,noise,3.017494,noise
79,3,40,signal,6.03,signal,43.156789,signal
70,3,87,noise,6.59,noise,2.432212,noise
54,3,92,noise,5.67,noise,2.459913,noise
63,3,91,noise,4.44,noise,2.184461,noise
77,3,30,noise,4.91,noise,2.419311,noise
81,2,6,signal,7.37,signal,2.526956,signal
76,3,43,noise,6.3,noise,1.138783,noise
78,3,24,signal,7.67,signal,1.518233,signal
54,3,93,noise,5.19,noise,1.141141,noise
70,3,88,noise,6.78,noise,1.580083,signal
75,3,7,signal,5.57,noise,2.419829,noise
59,3,96,noise,5.67,noise,2.690864,noise
63,3,92,signal,6.29,signal,2.109214,noise
54,3,94,noise,8.3,noise,1.046,signal
70,3,89,noise,7.96,signal,1.125123,signal
78,3,25,signal,8.05,signal,1.68168,signal
76,3,44,signal,5.22,signal,2.640846,signal
57,3,66,noise,5.38,noise,3.769143,noise
79,3,41,noise,4.75,noise,4.464117,noise
81,2,7,signal,8.1,signal,3.805556,signal
63,3,93,noise,5.85,noise,1.942974,noise
77,3,31,signal,7.01,signal,4.222522,signal
70,3,90,noise,5.87,noise,1.618377,noise
75,3,8,signal,7.38,noise,2.619296,signal
65,3,30,noise,6.12,signal,7.538678,signal
59,3,97,signal,8.77,noise,3.000612,signal
78,3,26,noise,5.14,signal,2.028558,noise
54,3,95,signal,6.83,signal,2.675851,signal
76,3,45,signal,6.93,signal,2.097509,signal
57,3,67,noise,4.45,signal,3.080154,noise
70,3,91,noise,7.39,noise,1.611163,signal
63,3,94,noise,5.93,noise,2.127287,noise
81,2,8,noise,4.12,noise,2.393311,noise
77,3,32,noise,5.01,noise,2.426598,noise
75,3,9,signal,7.75,noise,2.299716,noise
78,3,27,signal,9.39,noise,2.289052,signal
54,3,96,noise,4.61,noise,2.55061,noise
70,3,92,noise,6.02,noise,1.296145,noise
59,3,98,noise,6.17,signal,3.069326,signal
76,3,46,signal,4.11,signal,2.493552,noise
63,3,95,noise,4.92,noise,2.098794,noise
54,3,97,noise,4.85,noise,1.088287,noise
78,3,28,signal,7.21,signal,1.768847,signal
57,3,68,noise,6.92,signal,3.112074,signal
70,3,93,noise,7.23,noise,1.625739,signal
81,2,9,noise,6.36,noise,3.084853,noise
75,3,10,signal,8.08,noise,2.222501,signal
54,3,98,noise,5.81,noise,1.275137,noise
77,3,33,signal,8.48,signal,3.575339,signal
78,3,29,signal,7.17,signal,1.889518,signal
63,3,96,noise,4.4,noise,2.291232,noise
65,3,31,noise,7.04,noise,6.720194,noise
59,3,99,noise,5.61,noise,3.383599,noise
76,3,47,noise,7.67,signal,3.622686,signal
70,3,94,noise,4.81,noise,2.10757,noise
57,3,69,signal,8.96,signal,2.695972,signal
81,2,10,noise,6.59,noise,2.437384,noise
54,3,99,noise,8.21,noise,2.068078,signal
75,3,11,noise,4.99,signal,2.485474,noise
78,3,30,signal,6.29,noise,1.751841,noise
70,3,95,noise,6.25,noise,1.713613,noise
63,3,97,noise,5.85,noise,2.120259,noise
77,3,34,signal,7.73,signal,3.465674,signal
76,3,48,signal,5.39,signal,2.542597,noise
57,3,70,signal,7.27,signal,2.61193,signal
59,3,100,signal,7.68,signal,2.956283,signal
54,3,100,noise,8.13,noise,1.835886,noise
70,3,96,noise,4.44,noise,1.144117,noise
72,3,12,signal,3.51,noise,36.350271,noise
63,3,98,noise,4.21,noise,2.306918,noise
78,3,31,signal,8.26,signal,2.873488,signal
70,3,97,noise,5.54,noise,1.199548,noise
65,3,32,noise,7.22,noise,5.101503,noise
76,3,49,signal,6.37,signal,2.072277,signal
72,3,13,noise,5.9,noise,1.986324,noise
75,3,12,noise,5.03,signal,3.593288,signal
57,3,71,noise,5.62,noise,2.987711,noise
70,3,98,noise,2.24,noise,1.378831,noise
79,3,42,noise,5.27,noise,14.843536,noise
78,3,32,noise,4.45,noise,1.718217,noise
63,3,99,noise,5.93,noise,2.001577,noise
77,3,35,signal,5.8,signal,4.788186,noise
65,3,33,signal,8.36,noise,2.383445,noise
76,3,50,noise,8.0,noise,2.302293,signal
72,3,14,noise,6.47,noise,2.17471,noise
70,3,99,noise,4.64,noise,1.334855,noise
78,3,33,signal,8.83,signal,1.584146,signal
75,3,13,noise,5.57,noise,2.186342,noise
79,3,43,noise,4.65,noise,1.803188,noise
57,3,72,signal,9.12,noise,2.423895,signal
63,3,100,noise,6.43,noise,2.052308,noise
70,3,100,noise,8.64,noise,2.149483,signal
72,3,15,noise,4.81,noise,2.345506,noise
77,3,36,noise,4.05,noise,2.828092,noise
76,3,51,signal,6.63,signal,2.821909,signal
65,3,34,noise,6.64,noise,2.940396,noise
79,3,44,noise,5.96,noise,2.152159,noise
78,3,34,signal,7.2,noise,2.627459,signal
75,3,14,signal,6.41,noise,2.686487,noise
57,3,73,signal,7.79,signal,2.988405,signal
77,3,37,noise,5.3,noise,1.861532,noise
76,3,52,noise,5.13,noise,1.901118,noise
79,3,45,signal,6.81,signal,1.83304,signal
72,3,16,signal,5.78,signal,2.322612,noise
65,3,35,noise,4.85,noise,2.647945,noise
78,3,35,noise,6.13,noise,2.640372,noise
75,3,15,noise,7.0,signal,2.353944,signal
57,3,74,signal,7.51,noise,2.544252,signal
76,3,53,signal,6.65,signal,2.042174,signal
81,3,1,noise,6.68,noise,3.541463,noise
79,3,46,signal,6.94,noise,2.472079,noise
78,3,36,noise,5.08,noise,1.785463,noise
65,3,36,noise,5.85,noise,2.244825,noise
76,3,54,signal,4.82,noise,1.172036,noise
81,3,2,noise,5.22,noise,1.74556,noise
77,3,38,signal,7.0,signal,4.593691,signal
65,3,37,noise,4.94,noise,1.687986,noise
57,3,75,noise,5.53,signal,3.627909,noise
78,3,37,noise,6.67,noise,2.191163,noise
76,3,55,noise,5.94,noise,2.104655,noise
81,3,3,noise,6.31,noise,1.959896,noise
78,3,38,signal,7.88,signal,1.469485,signal
79,3,47,noise,3.92,noise,4.017468,noise
77,3,39,noise,7.3,noise,2.425245,signal
76,3,56,signal,5.57,signal,2.071537,noise
65,3,38,signal,7.03,signal,2.983125,signal
57,3,76,signal,8.14,noise,3.278689,signal
78,3,39,noise,5.57,noise,1.615307,noise
81,3,4,signal,5.98,signal,2.381666,signal
79,3,48,signal,6.28,signal,2.936265,signal
65,3,39,signal,7.92,signal,1.960106,signal
76,3,57,noise,7.18,noise,2.234032,noise
77,3,40,signal,6.2,noise,3.600276,noise
81,3,5,signal,5.97,signal,1.975988,signal
78,3,40,signal,7.42,signal,2.800302,signal
57,3,77,signal,8.13,noise,3.447134,noise
76,3,58,noise,7.14,noise,1.497247,signal
65,3,40,signal,6.27,signal,2.135069,noise
79,3,49,signal,7.88,signal,2.533923,signal
78,3,41,noise,6.54,noise,1.737601,noise
81,3,6,noise,4.35,noise,2.066716,noise
65,3,41,noise,5.72,noise,1.801537,noise
79,3,50,signal,6.03,signal,1.724269,noise
76,3,59,noise,5.2,noise,2.632873,noise
78,3,42,noise,6.08,noise,1.637883,noise
79,3,51,signal,8.78,signal,1.622457,signal
81,3,7,signal,5.75,noise,2.559789,noise
65,3,42,noise,5.13,signal,2.15728,signal
77,3,41,noise,7.36,noise,4.329087,noise
76,3,60,noise,5.58,noise,2.027827,noise
78,3,43,noise,4.52,noise,1.981207,noise
79,3,52,signal,5.34,signal,1.673126,signal
81,3,8,signal,7.19,signal,1.912973,signal
82,2,1,noise,5.13,noise,7.260082,noise
76,3,61,noise,5.56,noise,1.940146,noise
65,3,43,noise,5.74,noise,2.281452,noise
78,3,44,noise,6.38,noise,1.830611,noise
79,3,53,signal,9.48,signal,1.689123,signal
57,3,78,noise,4.52,noise,8.57519,noise
78,3,45,noise,6.88,signal,1.565601,signal
76,3,62,signal,7.99,signal,2.122045,signal
81,3,9,signal,7.83,signal,2.754415,noise
79,3,54,signal,9.02,signal,1.688688,signal
57,3,79,noise,5.47,noise,2.306811,noise
65,3,44,noise,5.9,signal,4.174276,signal
79,3,55,signal,7.5,signal,1.429905,noise
81,3,10,noise,5.75,noise,2.282863,noise
77,3,42,noise,6.25,noise,7.708868,noise
56,3,54,noise,4.82,noise,118.189136,noise
76,3,63,signal,6.84,signal,3.097631,signal
78,3,46,noise,6.48,noise,3.837202,noise
62,3,42,noise,6.31,signal,208.908718,signal
57,3,80,signal,7.36,noise,2.256405,noise
79,3,56,noise,4.03,noise,1.660174,noise
81,3,11,signal,7.86,signal,2.113054,signal
65,3,45,noise,6.66,signal,3.28919,signal
78,3,47,noise,5.01,noise,1.735533,noise
76,3,64,noise,5.56,noise,2.284994,noise
77,3,43,signal,5.64,signal,2.6484,noise
56,3,55,noise,5.94,noise,2.717429,noise
62,3,43,noise,6.48,noise,2.397897,noise
79,3,57,noise,5.55,noise,2.216636,noise
57,3,81,signal,6.76,noise,3.406498,noise
76,3,65,signal,6.89,signal,2.256105,signal
56,3,56,noise,5.57,signal,2.087874,noise
81,3,12,noise,7.0,noise,3.068748,signal
65,3,46,noise,4.39,signal,2.76676,noise
77,3,44,noise,5.74,noise,2.494395,noise
79,3,58,noise,5.04,noise,2.10392,noise
78,3,48,signal,5.56,signal,3.244863,noise
57,3,82,noise,3.56,noise,2.440219,noise
62,3,44,signal,5.31,signal,3.888208,noise
79,3,59,signal,8.33,signal,1.762083,signal
81,3,13,signal,6.71,signal,2.467252,signal
76,3,66,signal,3.91,signal,3.084882,noise
56,3,57,noise,7.18,noise,2.832022,noise
78,3,49,noise,4.49,noise,2.258265,noise
82,2,2,noise,5.98,noise,14.290469,noise
62,3,45,signal,5.95,signal,1.781561,noise
65,3,47,noise,6.88,noise,3.97692,signal
79,3,60,noise,7.99,noise,1.85363,signal
81,3,14,noise,5.11,noise,1.881755,noise
57,3,83,noise,5.29,noise,3.417302,noise
78,3,50,noise,5.49,noise,1.950983,noise
56,3,58,noise,7.14,noise,2.441534,signal
76,3,67,signal,6.87,signal,2.643973,signal
77,3,45,noise,5.99,noise,5.504449,noise
62,3,46,noise,7.12,noise,1.767751,noise
62,3,47,noise,9.2,noise,1.402262,signal
57,3,84,signal,8.7,signal,2.424047,signal
82,2,3,signal,7.17,noise,4.23778,noise
78,3,51,signal,5.65,signal,2.46593,noise
56,3,59,noise,5.2,noise,2.379441,noise
79,3,61,signal,6.46,noise,3.591202,noise
81,3,15,noise,6.06,noise,3.038823,noise
76,3,68,noise,7.04,signal,2.576016,noise
65,3,48,signal,6.96,signal,4.145274,signal
73,2,1,noise,6.72,noise,4.883658,noise
56,3,60,noise,5.58,noise,1.942195,noise
62,3,48,noise,6.19,noise,2.287911,signal
78,3,52,noise,5.73,noise,2.055345,signal
77,3,46,signal,7.1,signal,4.398273,signal
79,3,62,noise,5.54,noise,2.162837,noise
81,3,16,signal,7.37,signal,1.971854,signal
57,3,85,signal,8.01,signal,3.233016,signal
65,3,49,noise,4.49,noise,2.30356,noise
72,3,17,noise,4.24,noise,41.866916,noise
62,3,49,noise,5.96,noise,1.344173,noise
76,3,69,noise,6.4,signal,2.851187,signal
79,3,63,noise,6.5,noise,1.548393,noise
56,3,61,noise,5.56,noise,2.292168,noise
78,3,53,noise,5.45,noise,2.289048,noise
81,3,17,signal,8.1,signal,2.000996,signal
62,3,50,noise,3.75,noise,1.506422,noise
79,3,64,noise,5.66,signal,1.134958,noise
76,3,70,signal,6.05,signal,1.914839,signal
72,3,18,signal,9.3,signal,2.373352,signal
57,3,86,noise,3.97,noise,3.080181,noise
73,2,2,noise,5.8,noise,5.190642,noise
65,3,50,noise,6.58,signal,3.104589,signal
62,3,51,noise,5.75,noise,1.423748,noise
56,3,62,signal,7.99,signal,2.496776,signal
78,3,54,noise,5.07,noise,2.344548,noise
81,3,18,noise,4.12,noise,2.149882,noise
76,3,71,signal,7.03,signal,1.550685,signal
72,3,19,noise,5.24,noise,1.973864,noise
79,3,65,signal,6.87,signal,2.48356,signal
62,3,52,noise,5.17,noise,1.41413,noise
65,3,51,noise,5.68,noise,2.159202,noise
57,3,87,signal,8.04,signal,2.824035,signal
56,3,63,signal,6.84,signal,2.118177,signal
77,3,47,noise,6.27,noise,7.210744,noise
78,3,55,noise,5.43,signal,2.214739,signal
76,3,72,noise,6.86,noise,1.82538,noise
79,3,66,signal,6.81,signal,1.780392,signal
73,2,3,noise,6.12,noise,3.465441,noise
62,3,53,signal,6.51,signal,1.647472,signal
81,3,19,noise,6.36,noise,2.86736,noise
72,3,20,noise,5.56,signal,3.384668,noise
65,3,52,signal,7.17,noise,2.772625,noise
79,3,67,signal,7.46,signal,1.802814,signal
76,3,73,noise,4.71,noise,1.968971,noise
56,3,64,noise,5.56,noise,2.750983,noise
62,3,54,noise,7.72,noise,1.849852,noise
57,3,88,signal,8.08,signal,3.124478,signal
81,3,20,noise,6.59,noise,2.082921,noise
73,2,4,noise,5.18,noise,3.386619,noise
78,3,56,noise,4.84,noise,4.053872,noise
62,3,55,signal,7.06,signal,1.563502,noise
65,3,53,noise,4.58,noise,2.337571,noise
57,3,89,noise,6.78,signal,2.259945,signal
79,3,68,noise,6.17,noise,2.727333,noise
76,3,74,noise,7.55,noise,2.931076,signal
56,3,65,signal,6.89,signal,2.951817,signal
81,3,21,noise,6.32,noise,2.225481,noise
78,3,57,noise,4.18,noise,1.642186,noise
62,3,56,noise,6.25,signal,1.529545,noise
77,3,48,noise,4.78,noise,6.380303,noise
65,3,54,noise,6.15,noise,2.171596,noise
73,2,5,signal,5.94,signal,3.168274,noise
79,3,69,noise,6.38,noise,1.676005,noise
76,3,75,noise,6.97,noise,1.67924,signal
78,3,58,noise,5.09,noise,1.488722,noise
56,3,66,signal,3.91,signal,2.045823,noise
62,3,57,noise,6.86,signal,1.55116,signal
57,3,90,signal,6.89,noise,2.661934,signal
81,3,22,noise,6.32,noise,2.059143,noise
77,3,49,signal,7.73,signal,2.324005,signal
79,3,70,signal,4.64,signal,1.630315,signal
65,3,55,noise,6.22,noise,2.188829,noise
62,3,58,signal,5.87,noise,1.281849,noise
78,3,59,signal,8.37,signal,1.692101,signal
76,3,76,signal,7.36,signal,2.151022,signal
81,3,23,signal,9.31,signal,1.792589,signal
82,2,4,noise,4.52,noise,20.247991,noise
73,2,6,noise,5.27,noise,3.192971,noise
56,3,67,signal,6.87,signal,2.6292,signal
79,3,71,signal,6.92,signal,1.72633,signal
76,3,77,noise,6.93,signal,1.407576,signal
65,3,56,noise,5.47,noise,2.242116,noise
57,3,91,signal,7.9,signal,3.654093,signal
78,3,60,noise,6.33,noise,2.012945,noise
77,3,50,signal,6.76,signal,2.881186,signal
56,3,68,signal,7.04,signal,1.971875,noise
79,3,72,noise,5.26,noise,1.59467,noise
81,3,24,noise,7.02,noise,2.534316,signal
82,2,5,noise,4.79,noise,3.345648,noise
78,3,61,signal,8.45,signal,1.929501,signal
65,3,57,noise,5.28,noise,2.391011,noise
57,3,92,signal,6.37,noise,2.285166,noise
76,3,78,noise,7.74,signal,2.756488,signal
77,3,51,noise,5.33,noise,2.409459,noise
73,2,7,noise,7.23,noise,4.144446,noise
56,3,69,signal,6.4,signal,2.863057,signal
78,3,62,signal,9.67,signal,1.621704,signal
79,3,73,signal,7.86,signal,3.014365,signal
65,3,58,noise,4.77,noise,1.872811,noise
72,3,21,signal,6.47,signal,14.395684,signal
81,3,25,noise,6.53,noise,3.160757,noise
57,3,93,signal,7.75,signal,2.411541,signal
77,3,52,signal,7.56,signal,2.379109,signal
76,3,79,noise,8.1,signal,2.643296,signal
82,2,6,signal,8.13,signal,3.544742,noise
78,3,63,signal,8.36,signal,1.685703,signal
56,3,70,signal,6.05,signal,2.041189,signal
65,3,59,noise,4.81,noise,1.75632,noise
81,3,26,noise,5.17,signal,1.72415,noise
73,2,8,noise,6.05,noise,3.364243,noise
76,3,80,signal,7.68,signal,1.137962,signal
79,3,74,signal,7.52,signal,2.583362,signal
57,3,94,signal,8.45,signal,2.192844,signal
77,3,53,signal,7.33,signal,2.709331,signal
78,3,64,noise,6.02,signal,2.182504,noise
56,3,71,signal,7.03,signal,2.354249,signal
65,3,60,noise,5.78,signal,2.389082,signal
76,3,81,noise,5.88,noise,1.846655,noise
79,3,75,signal,6.75,signal,1.769872,signal
57,3,95,signal,8.42,signal,2.158119,signal
81,3,27,signal,6.33,noise,2.855518,noise
78,3,65,signal,8.82,signal,1.793305,signal
79,3,76,signal,8.35,signal,1.619699,signal
77,3,54,signal,8.91,signal,2.613422,signal
65,3,61,signal,8.48,signal,2.440316,signal
56,3,72,noise,6.86,noise,2.778717,noise
73,2,9,noise,5.22,noise,4.96164,noise
76,3,82,noise,5.25,noise,2.593557,noise
57,3,96,signal,8.74,signal,2.378433,signal
81,3,28,noise,4.46,noise,1.812187,noise
78,3,66,noise,5.81,noise,1.698668,noise
79,3,77,signal,8.07,signal,1.791674,signal
77,3,55,noise,6.71,noise,2.140099,signal
65,3,62,signal,7.64,noise,1.921413,noise
56,3,73,noise,4.71,noise,2.047876,noise
72,3,22,noise,4.56,noise,9.142755,noise
76,3,83,signal,8.64,signal,1.834824,signal
78,3,67,noise,4.87,signal,2.035002,noise
81,3,29,signal,6.22,signal,2.512296,signal
82,2,7,signal,6.84,noise,9.006449,noise
57,3,97,signal,6.71,signal,3.00596,signal
79,3,78,signal,8.1,signal,2.186004,signal
77,3,56,noise,6.36,noise,2.156354,noise
56,3,74,noise,7.55,noise,2.051214,signal
76,3,84,noise,5.69,noise,1.783516,noise
72,3,23,noise,3.26,noise,2.428234,noise
79,3,79,signal,7.63,signal,1.73741,signal
73,2,10,noise,6.07,noise,5.248011,noise
65,3,63,noise,7.16,signal,3.790847,signal
57,3,98,signal,6.6,signal,2.209655,signal
76,3,85,noise,6.46,noise,2.130436,noise
56,3,75,noise,6.97,noise,2.418536,signal
77,3,57,signal,6.3,signal,2.594269,signal
81,3,30,noise,6.27,noise,3.032116,noise
62,3,59,signal,7.76,signal,20.776186,signal
79,3,80,signal,6.32,signal,1.550557,signal
72,3,24,noise,6.19,signal,3.022643,signal
65,3,64,noise,6.66,noise,2.567325,noise
82,2,8,signal,7.52,noise,4.894294,noise
57,3,99,signal,9.67,signal,2.229756,signal
81,3,31,noise,6.08,noise,2.131502,noise
62,3,60,noise,7.68,noise,2.208189,noise
76,3,86,noise,5.24,noise,2.650848,noise
56,3,76,signal,7.36,signal,2.701597,signal
77,3,58,noise,4.46,noise,2.74701,noise
79,3,81,signal,6.58,signal,2.264107,signal
78,3,68,noise,4.62,noise,7.148713,noise
76,3,87,signal,5.87,signal,1.747512,signal
62,3,61,signal,7.03,signal,2.149377,signal
57,3,100,signal,7.38,signal,2.836648,signal
65,3,65,noise,7.43,noise,3.189482,noise
81,3,32,noise,6.61,noise,2.725713,noise
82,2,9,signal,8.68,noise,3.428456,noise
78,3,69,noise,4.0,signal,1.573612,noise
77,3,59,noise,5.9,noise,2.572587,noise
56,3,77,signal,6.93,signal,2.749295,signal
79,3,82,signal,6.02,signal,2.966772,signal
76,3,88,noise,5.78,noise,1.5565,noise
65,3,66,noise,5.36,noise,2.013396,noise
78,3,70,noise,6.54,signal,1.44916,signal
62,3,62,signal,8.24,signal,2.47002,signal
81,3,33,noise,3.63,noise,1.925744,noise
56,3,78,signal,7.74,signal,1.991094,signal
79,3,83,signal,6.91,signal,1.50879,signal
76,3,89,noise,6.71,noise,1.278908,noise
77,3,60,noise,4.62,noise,3.399282,noise
78,3,71,signal,8.11,signal,1.944258,signal
65,3,67,noise,3.88,noise,2.195431,noise
79,3,84,signal,7.44,signal,1.524712,signal
76,3,90,noise,4.75,noise,1.215765,noise
56,3,79,signal,8.1,signal,2.012435,signal
62,3,63,noise,8.61,signal,2.570761,signal
81,3,34,signal,8.36,noise,2.764461,signal
76,3,91,noise,5.48,noise,0.895431,noise
77,3,61,noise,6.4,noise,1.98788,noise
79,3,85,signal,7.11,noise,1.745487,noise
62,3,64,signal,9.34,signal,1.459626,signal
56,3,80,signal,7.68,signal,2.043444,signal
65,3,68,signal,6.98,signal,2.476198,signal
82,2,10,noise,5.46,signal,7.293258,signal
81,3,35,signal,7.63,signal,2.120995,signal
79,3,86,noise,5.69,noise,1.568713,noise
78,3,72,noise,8.27,signal,4.106773,signal
76,3,92,noise,5.82,signal,2.807932,signal
62,3,65,signal,7.18,noise,1.881233,signal
56,3,81,noise,5.88,noise,2.595431,noise
77,3,62,noise,7.57,noise,3.730221,signal
79,3,87,noise,6.93,noise,1.786885,noise
81,3,36,noise,6.18,noise,2.384888,noise
65,3,69,noise,6.62,noise,3.143787,noise
62,3,66,signal,6.56,noise,1.594136,noise
78,3,73,noise,3.08,signal,1.893651,noise
76,3,93,noise,8.01,signal,2.431276,signal
56,3,82,noise,5.25,noise,2.02345,noise
62,3,67,signal,5.22,noise,1.319134,noise
79,3,88,signal,7.21,signal,1.820729,signal
78,3,74,noise,5.24,noise,1.656131,noise
81,3,37,noise,6.03,noise,1.981425,noise
77,3,63,noise,7.45,noise,2.514416,signal
65,3,70,noise,5.1,noise,2.379968,noise
62,3,68,signal,6.75,noise,1.326904,noise
77,3,64,signal,7.8,signal,1.482621,signal
56,3,83,signal,8.64,signal,2.730084,signal
78,3,75,noise,6.06,noise,1.963414,noise
81,3,38,noise,5.99,noise,1.973072,noise
62,3,69,signal,5.98,noise,1.367457,signal
76,3,94,noise,6.14,noise,3.725897,noise
79,3,89,noise,7.51,noise,3.336094,noise
65,3,71,signal,6.81,signal,2.779529,signal
62,3,70,signal,5.65,noise,1.313323,noise
78,3,76,noise,5.5,noise,1.791939,noise
76,3,95,noise,7.11,noise,1.666707,noise
56,3,84,noise,5.69,noise,2.792961,noise
81,3,39,signal,7.15,noise,2.549721,noise
79,3,90,signal,7.3,signal,1.856825,signal
62,3,71,signal,7.78,noise,1.365455,signal
73,3,1,noise,6.23,noise,6.408419,noise
76,3,96,signal,7.01,signal,1.874987,signal
65,3,72,noise,5.23,signal,3.166444,signal
56,3,85,noise,6.46,noise,2.027216,noise
78,3,77,signal,7.36,noise,2.91107,signal
81,3,40,noise,4.37,noise,1.803517,noise
62,3,72,signal,5.69,signal,2.041294,noise
76,3,97,noise,5.19,noise,1.610541,noise
79,3,91,signal,8.05,signal,2.706419,signal
78,3,78,noise,4.95,noise,1.75851,noise
56,3,86,noise,5.24,noise,2.135803,noise
62,3,73,signal,6.06,signal,1.445316,signal
65,3,73,noise,4.49,noise,2.711658,noise
62,3,74,signal,6.54,signal,1.320932,signal
76,3,98,signal,4.14,noise,2.56074,noise
81,3,41,noise,5.24,noise,3.491014,noise
78,3,79,signal,9.03,signal,1.805638,signal
65,3,74,noise,6.16,noise,1.809776,signal
73,3,2,noise,5.18,noise,5.777435,noise
56,3,87,signal,5.87,signal,2.520813,signal
79,3,92,signal,7.47,signal,3.553898,signal
62,3,75,noise,6.14,noise,1.601279,noise
78,3,80,noise,6.46,signal,2.162855,signal
65,3,75,signal,6.26,signal,2.596714,signal
76,3,99,noise,8.03,signal,3.192474,signal
62,3,76,noise,5.52,noise,1.589768,noise
81,3,42,signal,6.96,noise,3.296224,noise
56,3,88,noise,5.78,noise,2.543747,noise
82,3,1,signal,6.97,signal,4.015796,signal
76,3,100,signal,7.47,signal,1.689362,signal
62,3,77,signal,5.91,signal,1.655705,signal
81,3,43,noise,5.22,noise,1.82016,noise
56,3,89,noise,6.71,noise,1.939078,noise
78,3,81,signal,4.63,signal,3.77834,noise
73,3,3,noise,7.41,noise,5.712847,noise
65,3,76,noise,6.87,noise,3.336841,noise
62,3,78,noise,4.99,noise,1.875664,noise
79,3,93,signal,7.67,signal,6.268713,signal
56,3,90,noise,4.75,noise,2.123949,noise
81,3,44,signal,8.44,signal,2.419702,signal
62,3,79,signal,6.25,signal,1.940656,signal
65,3,77,noise,6.36,noise,2.922267,noise
56,3,91,noise,5.48,noise,2.106818,noise
78,3,82,noise,4.01,noise,4.159215,noise
79,3,94,noise,6.42,noise,3.119376,noise
73,3,4,noise,4.48,noise,4.490502,noise
81,3,45,signal,7.0,noise,3.133276,noise
62,3,80,signal,6.29,signal,2.092955,signal
56,3,92,signal,5.82,signal,2.59507,signal
79,3,95,noise,5.07,noise,1.877419,noise
65,3,78,signal,5.99,signal,3.284338,signal
62,3,81,signal,4.97,signal,1.399363,noise
77,3,65,noise,6.69,noise,22.754466,noise
78,3,83,noise,5.55,noise,3.074158,noise
81,3,46,noise,6.66,noise,2.383165,noise
82,3,2,signal,6.21,noise,9.399326,noise
62,3,82,noise,5.53,noise,1.608518,noise
65,3,79,noise,6.99,noise,2.606024,noise
81,3,47,noise,2.96,noise,1.8355,noise
77,3,66,noise,5.96,noise,2.392605,noise
62,3,83,noise,5.62,noise,1.335667,noise
82,3,3,signal,7.75,noise,2.983388,noise
78,3,84,noise,6.03,signal,3.699796,noise
79,3,96,noise,5.12,noise,4.963517,noise
56,3,93,signal,8.01,signal,5.355922,signal
81,3,48,noise,5.21,noise,1.948737,noise
62,3,84,signal,8.42,signal,1.670733,signal
77,3,67,signal,7.19,signal,2.418451,noise
65,3,80,noise,5.36,noise,2.808076,noise
73,3,5,noise,6.21,noise,7.797088,noise
79,3,97,noise,6.22,noise,1.822471,noise
78,3,85,noise,5.73,signal,1.923373,noise
62,3,85,noise,5.05,noise,1.782747,noise
65,3,81,noise,5.87,noise,1.691665,noise
81,3,49,noise,6.31,signal,2.296876,signal
56,3,94,noise,6.14,noise,2.694058,noise
77,3,68,noise,5.3,noise,2.315645,noise
79,3,98,noise,5.01,noise,1.362581,noise
78,3,86,noise,4.3,noise,1.463681,noise
62,3,86,signal,6.89,signal,1.567593,signal
81,3,50,noise,5.58,noise,1.831594,noise
56,3,95,noise,7.11,noise,2.027918,noise
78,3,87,signal,9.69,signal,1.626867,signal
79,3,99,noise,4.89,noise,1.826702,noise
73,3,6,noise,7.33,noise,4.813609,noise
62,3,87,signal,7.17,signal,1.784871,signal
77,3,69,noise,7.65,signal,3.25622,signal
65,3,82,noise,7.12,noise,3.980148,noise
56,3,96,signal,7.01,signal,2.461867,signal
78,3,88,signal,8.67,noise,2.141363,signal
62,3,88,noise,6.98,noise,2.139573,noise
81,3,51,noise,6.34,noise,3.341433,noise
77,3,70,noise,5.51,noise,2.056705,noise
79,3,100,noise,6.89,noise,3.348357,signal
62,3,89,noise,6.86,noise,1.340249,noise
65,3,83,signal,6.39,signal,2.838641,signal
78,3,89,noise,6.79,signal,1.966437,noise
81,3,52,noise,4.67,noise,1.87066,noise
62,3,90,noise,8.88,noise,1.277378,signal
77,3,71,noise,4.9,noise,2.681064,noise
56,3,97,noise,5.19,noise,4.083129,noise
78,3,90,noise,6.52,signal,1.683219,signal
65,3,84,noise,7.02,noise,2.406372,noise
62,3,91,noise,6.78,noise,1.471279,signal
81,3,53,signal,7.83,noise,2.306339,noise
72,3,25,noise,5.89,noise,59.787934,noise
73,3,7,noise,4.81,noise,7.922003,noise
78,3,91,noise,5.91,noise,2.050432,noise
65,3,85,noise,5.11,noise,2.055794,noise
77,3,72,signal,8.07,signal,2.58956,signal
62,3,92,noise,5.74,noise,1.699066,noise
56,3,98,noise,4.14,noise,3.103197,noise
82,3,4,signal,3.9,signal,15.674083,signal
81,3,54,noise,6.39,noise,1.817556,noise
78,3,92,noise,5.14,noise,1.705906,noise
62,3,93,noise,6.72,noise,1.458274,noise
81,3,55,noise,6.28,noise,1.554402,noise
65,3,86,noise,5.66,noise,2.096418,noise
72,3,26,signal,5.67,noise,3.469741,noise
56,3,99,signal,8.03,signal,2.41788,signal
77,3,73,signal,8.03,signal,3.386946,signal
62,3,94,signal,6.46,signal,1.72454,signal
78,3,93,noise,6.53,noise,2.405965,noise
65,3,87,noise,7.94,noise,1.68042,noise
81,3,56,noise,4.96,noise,2.33703,noise
72,3,27,signal,7.84,signal,2.003538,signal
62,3,95,signal,6.07,signal,1.340901,signal
82,3,5,noise,7.01,noise,4.922269,noise
56,3,100,signal,7.47,signal,2.554452,signal
78,3,94,noise,5.91,noise,1.615172,noise
65,3,88,noise,4.59,noise,1.763325,noise
77,3,74,signal,6.42,signal,2.491045,noise
81,3,57,noise,4.57,noise,1.608612,noise
72,3,28,signal,8.53,signal,1.907812,signal
73,3,8,noise,7.22,noise,7.750089,signal
62,3,96,noise,6.33,noise,1.663634,noise
77,3,75,noise,6.5,noise,1.200315,signal
78,3,95,signal,4.98,signal,2.128518,noise
65,3,89,noise,5.83,noise,2.115216,noise
81,3,58,noise,4.45,noise,1.734181,noise
72,3,29,signal,5.19,noise,1.657523,noise
62,3,97,signal,6.96,signal,1.575883,signal
82,3,6,noise,6.11,noise,4.175072,noise
77,3,76,noise,3.24,noise,1.972616,noise
62,3,98,signal,6.58,signal,1.374646,signal
78,3,96,signal,9.22,signal,2.116577,signal
65,3,90,noise,5.82,noise,2.637622,noise
81,3,59,noise,6.34,noise,2.375316,noise
78,3,97,noise,5.4,noise,1.585523,noise
72,3,30,signal,9.39,signal,3.909639,signal
62,3,99,noise,6.84,noise,2.362194,signal
81,3,60,noise,5.48,signal,1.995653,noise
65,3,91,noise,6.86,noise,2.280085,noise
73,3,9,noise,7.22,noise,6.464663,noise
78,3,98,signal,7.03,signal,1.645444,signal
72,3,31,noise,6.96,noise,1.974601,noise
82,3,7,signal,8.26,noise,5.184565,noise
81,3,61,noise,6.49,noise,2.13091,noise
78,3,99,noise,6.45,signal,1.888815,signal
65,3,92,signal,5.75,signal,2.616062,signal
81,3,62,noise,4.39,noise,1.836741,noise
78,3,100,signal,7.11,signal,2.493587,signal
77,3,77,noise,5.02,noise,9.351886,noise
82,3,8,noise,5.63,noise,4.806826,noise
73,3,10,noise,6.23,noise,6.324896,noise
81,3,63,signal,7.38,signal,2.669803,signal
77,3,78,noise,4.41,noise,2.28049,noise
81,3,64,noise,5.87,noise,1.669426,noise
65,3,93,signal,8.18,noise,6.469325,noise
82,3,9,noise,4.76,noise,3.015105,noise
73,3,11,noise,6.72,noise,4.530858,noise
81,3,65,signal,7.53,signal,2.004885,signal
65,3,94,noise,5.59,noise,2.049892,noise
81,3,66,noise,4.96,noise,1.650073,noise
65,3,95,noise,7.11,noise,2.782847,noise
81,3,67,noise,4.84,noise,1.617918,noise
73,3,12,noise,5.8,noise,4.133237,noise
82,3,10,noise,6.93,noise,6.405462,noise
65,3,96,noise,5.03,noise,1.725574,noise
62,3,100,signal,8.52,signal,17.450317,signal
81,3,68,noise,4.55,noise,1.884637,noise
65,3,97,noise,6.99,noise,2.361434,noise
82,3,11,noise,5.13,noise,2.684408,noise
81,3,69,signal,7.22,signal,1.924278,signal
65,3,98,noise,5.95,signal,2.284947,signal
82,3,12,noise,5.98,noise,2.558271,noise
81,3,70,noise,5.22,noise,1.997197,noise
72,3,32,signal,7.27,signal,20.462764,signal
77,3,79,signal,5.68,signal,14.356428,signal
73,3,13,noise,6.12,noise,7.747647,noise
65,3,99,signal,7.68,signal,2.208174,signal
81,3,71,noise,5.59,noise,1.844714,noise
72,3,33,noise,4.99,noise,2.241478,noise
82,3,13,noise,7.17,noise,3.839573,noise
81,3,72,signal,7.43,noise,2.8083,noise
72,3,34,noise,8.25,noise,2.627374,signal
65,3,100,noise,8.25,noise,3.270326,noise
81,3,73,noise,6.86,noise,1.391082,noise
73,3,14,noise,5.18,noise,6.552438,noise
82,3,14,noise,4.52,noise,4.698443,noise
81,3,74,signal,8.48,noise,2.079318,signal
72,3,35,noise,5.35,noise,4.829151,noise
77,3,80,signal,8.24,signal,10.043589,signal
81,3,75,noise,6.45,noise,2.052065,noise
82,3,15,noise,4.79,noise,3.544294,noise
81,3,76,noise,5.32,noise,2.462663,noise
77,3,81,signal,6.6,signal,2.919679,noise
73,3,15,signal,5.94,signal,7.363466,noise
72,3,36,noise,6.33,noise,6.039096,noise
81,3,77,noise,5.81,signal,2.394807,signal
72,3,37,noise,6.38,noise,2.81599,noise
82,3,16,signal,8.13,signal,7.164878,noise
81,3,78,signal,8.39,signal,2.767871,signal
73,3,16,noise,5.27,noise,4.390644,noise
81,3,79,noise,6.27,noise,1.91046,noise
73,3,17,noise,7.23,noise,3.300195,noise
72,3,38,noise,6.64,signal,4.63066,signal
81,3,80,noise,6.3,signal,2.354845,signal
82,3,17,noise,6.84,noise,4.887366,noise
72,3,39,noise,5.84,noise,2.070825,noise
81,3,81,noise,4.11,noise,2.931127,noise
73,3,18,noise,6.05,noise,4.842482,noise
77,3,82,noise,5.49,noise,14.417894,noise
81,3,82,noise,6.17,signal,1.242003,signal
72,3,40,signal,9.44,signal,2.266632,signal
81,3,83,noise,5.25,noise,2.005292,noise
77,3,83,noise,6.96,noise,2.662408,signal
73,3,19,noise,5.22,noise,3.361126,noise
72,3,41,signal,8.15,signal,2.021895,signal
82,3,18,signal,7.52,noise,8.246883,noise
81,3,84,noise,6.47,noise,2.758178,noise
73,3,20,noise,6.07,noise,3.770979,noise
72,3,42,signal,6.72,signal,3.816864,signal
81,3,85,noise,5.53,noise,1.958899,noise
82,3,19,signal,8.68,noise,3.537199,noise
81,3,86,noise,4.85,signal,3.104604,signal
73,3,21,noise,6.95,noise,4.11688,signal
82,3,20,signal,5.46,signal,3.41365,signal
81,3,87,noise,7.02,signal,2.827047,signal
82,3,21,noise,5.56,noise,3.320428,noise
81,3,88,signal,7.91,signal,1.837668,signal
72,3,43,signal,6.68,signal,9.671163,signal
82,3,22,noise,6.24,noise,2.695363,noise
77,3,84,signal,8.83,signal,2.794559,signal
72,3,44,noise,5.49,noise,1.756968,noise
81,3,89,signal,7.54,signal,3.393114,signal
72,3,45,signal,6.68,signal,2.066054,signal
82,3,23,noise,6.59,noise,3.508518,signal
81,3,90,noise,4.7,noise,2.092186,noise
73,3,22,noise,3.8,noise,10.944696,noise
77,3,85,noise,5.55,noise,2.667592,noise
81,3,91,noise,6.48,signal,2.196058,signal
73,3,23,signal,7.62,noise,3.104841,noise
72,3,46,signal,6.31,signal,4.624242,signal
77,3,86,noise,3.65,noise,3.241012,noise
81,3,92,noise,5.01,noise,2.658324,noise
82,3,24,noise,6.5,noise,6.385058,noise
73,3,24,noise,8.03,noise,2.977644,noise
72,3,47,signal,7.19,signal,2.966824,signal
81,3,93,noise,6.68,noise,2.42363,noise
72,3,48,signal,10.29,signal,2.163692,signal
82,3,25,noise,6.51,noise,3.672282,noise
73,3,25,noise,6.89,noise,3.433056,noise
81,3,94,noise,6.85,noise,2.179049,noise
72,3,49,noise,5.52,noise,1.709736,noise
77,3,87,signal,7.61,noise,6.151491,noise
72,3,50,signal,7.79,signal,1.872758,signal
82,3,26,noise,6.16,noise,3.336071,noise
81,3,95,signal,7.47,noise,2.5087,signal
73,3,26,noise,5.84,noise,3.997351,signal
72,3,51,noise,6.62,noise,1.71829,noise
77,3,88,noise,4.58,noise,4.29559,noise
81,3,96,signal,7.51,signal,2.165895,signal
82,3,27,noise,7.14,noise,2.705793,noise
72,3,52,noise,6.45,noise,2.422662,noise
81,3,97,signal,8.69,signal,1.958225,signal
77,3,89,noise,4.68,noise,2.861728,noise
82,3,28,noise,5.81,noise,2.539093,noise
81,3,98,noise,5.74,noise,1.981843,noise
72,3,53,signal,4.67,signal,2.78303,noise
73,3,27,noise,7.09,signal,5.866823,signal
82,3,29,signal,9.04,signal,2.811824,signal
73,3,28,noise,5.73,noise,1.837925,noise
81,3,99,noise,5.97,noise,2.00403,noise
77,3,90,noise,5.94,noise,3.81445,noise
81,3,100,signal,6.55,noise,2.495283,noise
82,3,30,noise,7.19,noise,3.406832,noise
73,3,29,noise,6.58,noise,3.963152,noise
77,3,91,noise,6.56,noise,4.144777,noise
82,3,31,noise,5.95,noise,3.264561,noise
77,3,92,noise,4.37,noise,3.08842,noise
73,3,30,noise,5.05,noise,3.580199,noise
82,3,32,noise,4.99,noise,3.43933,noise
73,3,31,noise,6.02,noise,4.3053,noise
82,3,33,noise,6.43,noise,2.882016,noise
77,3,93,signal,6.41,signal,6.679696,noise
73,3,32,noise,6.17,noise,3.212899,noise
82,3,34,noise,5.81,noise,2.700991,noise
72,3,54,signal,7.6,signal,19.880728,signal
82,3,35,noise,4.72,noise,2.720653,signal
77,3,94,signal,8.21,signal,7.366254,signal
82,3,36,signal,7.08,signal,3.870165,signal
73,3,33,noise,7.2,noise,7.225629,noise
77,3,95,signal,4.57,signal,3.055771,noise
82,3,37,noise,4.31,noise,3.125945,noise
73,3,34,noise,5.95,noise,3.525556,noise
72,3,55,signal,7.96,signal,10.257305,signal
82,3,38,noise,6.62,noise,3.001747,signal
77,3,96,noise,6.76,noise,6.253296,noise
73,3,35,signal,4.96,noise,4.890934,noise
72,3,56,signal,7.54,signal,3.641679,signal
73,3,36,noise,6.17,noise,1.623942,noise
72,3,57,signal,8.16,signal,2.507775,signal
77,3,97,noise,4.82,noise,3.885327,noise
73,3,37,noise,7.24,noise,2.417969,noise
72,3,58,noise,5.59,noise,2.73641,noise
82,3,39,signal,4.91,noise,8.487904,noise
73,3,38,noise,6.02,noise,2.318873,noise
77,3,98,noise,4.46,noise,3.355877,noise
72,3,59,signal,4.01,signal,1.769565,noise
82,3,40,noise,6.03,noise,2.313071,noise
73,3,39,noise,6.03,noise,2.439856,noise
77,3,99,signal,6.05,signal,3.775466,signal
82,3,41,signal,7.66,noise,5.085737,noise
73,3,40,noise,7.11,noise,4.298406,noise
77,3,100,noise,6.04,noise,3.297078,noise
82,3,42,noise,7.37,noise,3.605535,signal
73,3,41,noise,5.4,noise,8.208301,noise
82,3,43,noise,5.84,noise,4.983024,noise
73,3,42,noise,6.37,noise,3.058028,noise
82,3,44,noise,6.2,signal,3.615656,noise
73,3,43,noise,5.89,signal,4.476522,signal
82,3,45,noise,5.47,noise,4.244788,noise
73,3,44,noise,6.46,noise,2.583277,noise
82,3,46,signal,7.91,signal,3.239207,signal
73,3,45,noise,5.85,noise,2.92051,noise
82,3,47,noise,6.43,noise,4.587107,noise
73,3,46,noise,7.08,noise,3.601268,noise
72,3,60,noise,8.12,noise,31.841756,signal
82,3,48,noise,5.39,noise,2.579167,noise
72,3,61,noise,5.4,noise,2.617255,noise
73,3,47,noise,7.53,noise,4.395827,noise
72,3,62,noise,3.5,noise,2.586497,noise
82,3,49,signal,4.79,noise,4.130233,noise
73,3,48,noise,5.89,noise,3.225119,noise
72,3,63,noise,3.07,noise,1.941045,noise
72,3,64,signal,8.15,signal,2.073378,signal
82,3,50,noise,7.78,noise,3.873652,noise
72,3,65,signal,7.02,signal,1.676801,signal
73,3,49,noise,5.05,noise,4.06727,noise
82,3,51,noise,6.43,noise,2.369649,noise
72,3,66,noise,5.66,noise,2.106592,noise
73,3,50,noise,5.37,noise,2.336208,noise
72,3,67,signal,7.47,signal,2.070486,signal
82,3,52,noise,7.17,noise,3.856021,noise
73,3,51,noise,5.96,noise,2.082649,noise
72,3,68,noise,4.45,noise,1.651761,noise
73,3,52,noise,4.89,noise,2.51371,noise
72,3,69,noise,5.56,noise,1.665665,noise
82,3,53,noise,6.18,signal,5.243545,signal
72,3,70,signal,7.3,signal,2.139066,signal
73,3,53,noise,6.24,noise,2.945983,noise
72,3,71,signal,6.81,signal,1.990122,signal
82,3,54,noise,5.5,noise,2.91035,noise
72,3,72,noise,6.23,noise,1.982551,noise
82,3,55,noise,6.48,noise,2.983264,noise
73,3,54,noise,7.25,noise,6.146741,signal
82,3,56,noise,7.12,noise,3.948955,noise
73,3,55,noise,6.61,noise,3.7605,noise
73,3,56,noise,5.54,noise,2.41033,noise
82,3,57,noise,5.6,noise,4.142286,noise
73,3,57,signal,7.07,noise,4.193028,noise
82,3,58,noise,5.73,signal,4.539982,signal
73,3,58,signal,7.2,noise,2.458766,noise
73,3,59,noise,6.86,noise,1.824878,signal
72,3,73,signal,8.05,signal,20.759577,signal
82,3,59,signal,7.95,noise,6.725808,noise
73,3,60,noise,5.78,noise,4.567667,noise
72,3,74,signal,6.8,signal,2.052557,signal
82,3,60,noise,7.27,noise,2.280537,signal
72,3,75,signal,9.79,signal,2.60209,signal
73,3,61,noise,5.07,noise,5.54353,noise
72,3,76,noise,6.45,noise,2.053706,noise
72,3,77,noise,6.55,noise,1.704666,noise
82,3,61,signal,5.51,signal,6.42254,noise
73,3,62,noise,5.58,noise,3.031598,noise
72,3,78,noise,5.36,noise,1.721387,noise
82,3,62,noise,6.03,noise,2.579193,noise
72,3,79,noise,4.18,noise,1.983869,noise
82,3,63,noise,7.33,signal,2.966507,noise
73,3,63,noise,6.72,noise,4.733716,noise
72,3,80,noise,8.46,noise,2.196642,signal
82,3,64,noise,6.12,noise,2.432156,noise
73,3,64,noise,4.44,noise,3.053106,noise
82,3,65,noise,6.56,signal,3.933413,signal
73,3,65,noise,6.79,noise,5.771434,noise
82,3,66,signal,6.6,signal,3.023374,signal
82,3,67,noise,6.32,noise,2.70491,noise
73,3,66,noise,8.91,noise,4.408638,signal
82,3,68,noise,5.94,noise,2.792686,noise
73,3,67,noise,6.08,noise,3.228799,noise
82,3,69,noise,6.48,noise,3.996257,noise
73,3,68,noise,6.77,noise,3.056898,noise
73,3,69,noise,6.12,noise,2.653342,signal
73,3,70,noise,7.28,noise,4.241605,noise
82,3,70,noise,7.59,noise,8.01406,noise
82,3,71,noise,6.02,noise,2.261975,noise
73,3,71,noise,6.99,noise,4.198708,noise
72,3,81,noise,5.42,noise,31.581652,noise
82,3,72,signal,3.54,noise,2.938555,noise
72,3,82,noise,4.69,noise,1.791866,noise
73,3,72,noise,5.64,noise,3.35827,noise
72,3,83,signal,8.07,signal,1.768683,signal
82,3,73,noise,6.27,noise,3.648992,signal
72,3,84,signal,5.56,signal,2.61531,noise
73,3,73,noise,7.21,noise,4.25113,signal
82,3,74,noise,7.25,signal,3.347842,signal
72,3,85,noise,4.86,noise,3.822194,noise
73,3,74,signal,7.49,noise,3.879928,signal
82,3,75,signal,8.62,noise,3.251354,noise
72,3,86,noise,4.82,noise,1.841439,noise
72,3,87,signal,5.02,signal,2.046859,noise
82,3,76,noise,5.56,signal,2.859238,noise
73,3,75,noise,6.79,noise,4.351207,noise
82,3,77,noise,6.03,noise,2.962317,noise
72,3,88,signal,6.34,signal,4.538195,signal
73,3,76,noise,6.35,noise,3.175112,noise
82,3,78,noise,6.28,noise,2.64103,noise
73,3,77,noise,5.34,noise,2.324486,noise
82,3,79,noise,5.93,noise,3.074259,noise
73,3,78,noise,5.92,noise,2.153986,signal
72,3,89,signal,9.45,signal,6.634824,signal
73,3,79,noise,5.63,noise,3.206337,noise
82,3,80,signal,7.76,noise,3.671107,signal
72,3,90,signal,5.87,signal,1.929112,signal
72,3,91,noise,5.85,noise,2.143044,noise
82,3,81,signal,5.3,noise,4.285117,noise
72,3,92,signal,5.9,signal,1.807738,signal
72,3,93,signal,3.16,noise,1.697048,noise
82,3,82,noise,6.08,signal,3.683839,noise
72,3,94,signal,7.43,signal,2.861156,signal
73,3,80,noise,7.38,noise,10.654938,signal
82,3,83,noise,6.31,noise,2.448548,noise
72,3,95,noise,4.43,noise,1.859492,noise
73,3,81,noise,5.7,noise,1.695087,noise
72,3,96,noise,8.79,signal,1.388087,signal
73,3,82,noise,6.06,noise,1.872233,noise
82,3,84,noise,7.05,noise,4.967926,noise
73,3,83,noise,5.91,noise,2.141622,noise
82,3,85,signal,4.27,noise,2.670754,noise
82,3,86,signal,5.08,noise,3.443368,noise
73,3,84,noise,6.34,noise,5.955651,signal
73,3,85,noise,5.81,noise,2.929671,noise
82,3,87,noise,6.61,noise,3.728438,noise
82,3,88,noise,6.25,noise,1.921018,noise
73,3,86,noise,4.38,noise,4.338621,noise
82,3,89,signal,6.11,signal,3.302067,signal
73,3,87,noise,5.94,noise,4.474364,signal
82,3,90,noise,6.75,noise,3.416809,noise
82,3,91,signal,4.77,noise,2.599606,noise
73,3,88,signal,5.98,noise,5.391489,noise
73,3,89,signal,4.7,noise,3.056026,noise
73,3,90,noise,7.58,noise,1.359867,signal
72,3,97,signal,7.5,signal,33.396217,signal
72,3,98,noise,6.28,noise,1.760897,noise
82,3,92,noise,7.39,noise,10.313237,noise
72,3,99,signal,6.23,signal,1.706423,signal
82,3,93,noise,6.26,noise,2.156963,noise
73,3,91,noise,6.82,noise,6.799125,noise
82,3,94,noise,6.42,noise,2.65515,noise
73,3,92,noise,5.54,noise,2.207797,noise
72,3,100,noise,8.04,noise,4.604388,signal
73,3,93,noise,6.59,noise,2.062629,noise
82,3,95,noise,7.18,noise,4.134632,noise
82,3,96,signal,4.92,noise,4.291508,noise
73,3,94,noise,6.72,noise,5.844991,noise
73,3,95,noise,6.31,noise,4.087308,noise
82,3,97,noise,6.55,noise,5.118446,noise
73,3,96,noise,6.71,noise,3.511581,signal
82,3,98,signal,7.85,noise,5.023389,noise
73,3,97,noise,5.82,noise,3.002586,noise
82,3,99,noise,7.17,noise,2.766015,noise
73,3,98,noise,6.16,noise,1.98944,noise
73,3,99,signal,7.86,noise,2.563015,noise
82,3,100,noise,5.64,noise,3.436866,noise
73,3,100,noise,5.76,noise,3.409251,noise
83,1,1,signal,6.64,noise,9.630963,noise
83,1,2,signal,8.81,signal,5.568893,signal
83,1,3,signal,5.56,noise,4.170764,noise
83,1,4,signal,3.78,noise,3.075991,noise
83,1,5,signal,4.23,noise,2.723366,noise
83,1,6,signal,7.41,signal,3.349964,signal
83,1,7,noise,5.88,noise,4.015035,noise
83,1,8,signal,6.67,noise,2.183227,noise
83,1,9,noise,8.54,signal,1.827719,signal
83,1,10,signal,5.51,signal,2.117992,signal
83,2,1,signal,7.89,signal,4.570138,signal
83,2,2,noise,6.28,noise,1.989144,noise
83,2,3,noise,5.97,noise,3.41032,noise
83,2,4,noise,6.18,noise,2.477654,noise
83,2,5,signal,7.22,signal,3.393563,signal
83,2,6,noise,5.67,noise,2.921557,noise
83,2,7,signal,5.33,signal,2.749524,noise
83,2,8,signal,4.87,signal,3.334031,noise
83,2,9,noise,5.81,noise,3.46303,noise
83,2,10,noise,4.68,noise,2.200788,noise
83,3,1,noise,6.64,noise,3.774751,noise
83,3,2,signal,8.81,signal,2.482192,signal
83,3,3,noise,5.56,noise,2.261975,noise
83,3,4,noise,3.78,noise,2.628229,noise
83,3,5,noise,4.23,noise,2.287494,noise
83,3,6,signal,7.41,signal,3.8986,signal
83,3,7,noise,5.88,noise,7.618668,noise
83,3,8,noise,6.67,noise,2.758394,noise
83,3,9,signal,8.54,signal,3.034601,signal
83,3,10,signal,5.51,signal,3.81926,signal
83,3,11,signal,7.89,signal,5.978373,signal
83,3,12,noise,6.28,noise,2.823788,noise
83,3,13,noise,5.97,noise,1.953438,noise
83,3,14,noise,6.18,noise,1.804549,noise
83,3,15,signal,7.22,signal,2.825256,signal
83,3,16,noise,5.67,noise,3.897708,noise
83,3,17,signal,5.33,signal,19.811257,noise
83,3,18,signal,4.87,signal,9.799014,noise
83,3,19,noise,5.81,noise,3.082045,noise
83,3,20,noise,4.68,noise,2.078026,noise
83,3,21,noise,4.77,noise,2.558719,noise
83,3,22,noise,5.1,noise,1.930988,noise
83,3,23,noise,7.22,noise,2.20109,signal
83,3,24,signal,8.29,noise,2.813299,signal
83,3,25,signal,7.65,noise,2.695942,noise
83,3,26,noise,7.96,signal,1.809974,signal
83,3,27,noise,7.05,noise,2.896584,noise
83,3,28,signal,6.87,signal,2.931335,signal
83,3,29,noise,4.55,noise,3.250416,noise
83,3,30,noise,7.83,noise,3.487365,signal
83,3,31,signal,7.71,signal,2.71895,signal
83,3,32,noise,2.48,noise,5.645917,noise
83,3,33,signal,6.92,signal,5.175937,noise
83,3,34,noise,5.56,noise,2.685605,noise
83,3,35,noise,8.73,noise,4.693944,signal
83,3,36,signal,6.42,noise,2.43855,signal
83,3,37,signal,4.01,noise,2.354531,noise
83,3,38,signal,7.56,signal,4.246054,signal
83,3,39,noise,6.1,noise,3.587618,noise
83,3,40,signal,6.11,signal,4.005847,signal
83,3,41,signal,7.48,signal,3.175578,signal
83,3,42,noise,3.86,noise,2.532519,noise
83,3,43,signal,8.36,signal,2.902673,signal
83,3,44,noise,5.28,noise,2.938484,noise
83,3,45,noise,5.52,noise,3.766794,noise
83,3,46,noise,6.18,noise,7.198284,signal
83,3,47,signal,4.45,noise,2.501327,noise
83,3,48,noise,4.69,noise,1.966839,noise
83,3,49,noise,4.19,noise,2.90047,noise
83,3,50,noise,4.93,noise,2.068013,noise
83,3,51,signal,5.98,signal,13.619487,signal
83,3,52,signal,7.32,signal,2.292588,noise
83,3,53,noise,6.23,noise,2.548826,noise
83,3,54,noise,6.35,noise,6.900932,noise
83,3,55,noise,7.62,signal,1.799409,signal
83,3,56,signal,6.95,signal,3.248504,signal
83,3,57,signal,5.06,noise,1.725148,noise
83,3,58,noise,5.12,noise,2.926929,noise
83,3,59,noise,5.48,noise,2.754814,noise
83,3,60,signal,7.08,signal,2.320418,signal
83,3,61,noise,4.44,noise,2.727774,noise
83,3,62,signal,6.16,signal,3.618584,noise
83,3,63,noise,6.25,noise,2.240334,noise
83,3,64,noise,6.8,noise,1.89423,noise
83,3,65,noise,5.97,noise,1.967107,noise
83,3,66,noise,5.82,noise,1.899487,noise
83,3,67,noise,5.95,noise,2.298458,noise
83,3,68,noise,6.38,noise,1.457021,noise
83,3,69,noise,7.8,noise,1.879464,noise
83,3,70,noise,5.32,noise,2.396873,noise
83,3,71,signal,8.99,signal,4.046821,signal
83,3,72,signal,7.19,signal,2.734635,signal
83,3,73,signal,5.59,noise,2.229507,noise
83,3,74,noise,3.84,noise,2.762487,noise
83,3,75,signal,7.36,signal,2.947392,signal
83,3,76,noise,6.59,noise,6.812839,noise
83,3,77,noise,5.84,noise,6.151976,noise
83,3,78,signal,7.42,signal,4.589764,signal
83,3,79,noise,5.56,noise,12.758964,noise
83,3,80,noise,5.14,noise,2.264848,noise
83,3,81,signal,7.04,signal,5.741491,signal
83,3,82,noise,5.65,noise,12.758935,noise
83,3,83,noise,5.19,noise,2.842317,noise
83,3,84,noise,8.25,noise,1.973941,signal
83,3,85,noise,4.08,noise,2.08774,noise
83,3,86,noise,7.32,noise,1.87019,signal
83,3,87,signal,4.98,noise,3.669218,noise
83,3,88,noise,8.43,signal,1.727867,signal
83,3,89,signal,4.27,noise,1.053425,noise
83,3,90,noise,7.22,noise,28.836323,signal
83,3,91,noise,5.05,noise,3.772093,noise
83,3,92,noise,4.01,noise,12.878123,noise
83,3,93,signal,6.98,signal,10.826286,signal
83,3,94,noise,3.75,noise,2.976294,noise
83,3,95,noise,6.85,noise,7.065095,noise
83,3,96,noise,6.91,noise,2.744076,noise
83,3,97,signal,6.29,signal,11.091866,signal
83,3,98,noise,5.3,noise,2.629705,noise
83,3,99,noise,7.87,noise,5.863767,signal
83,3,100,signal,6.93,noise,2.354546,signal
84,1,1,noise,6.97,signal,7.622661,signal
84,1,2,signal,8.76,noise,8.730987,signal
84,1,3,noise,8.91,noise,4.092479,signal
84,1,4,signal,5.12,noise,4.745661,noise
84,1,5,noise,7.77,signal,2.870511,signal
84,1,6,signal,7.49,noise,2.518265,signal
84,1,7,signal,6.86,noise,3.257573,signal
84,1,8,signal,9.75,noise,3.209937,signal
84,1,9,signal,5.63,noise,2.906164,noise
84,1,10,signal,6.43,noise,2.157941,noise
84,2,1,signal,6.29,noise,3.860923,noise
84,2,2,signal,5.39,noise,2.220218,noise
84,2,3,noise,8.31,noise,2.010341,signal
84,2,4,signal,5.88,noise,1.762093,noise
84,2,5,signal,6.7,signal,1.938226,signal
84,2,6,signal,7.77,noise,2.305073,signal
84,2,7,signal,6.08,noise,2.271598,noise
84,2,8,noise,4.54,noise,2.817157,noise
84,2,9,noise,8.15,noise,1.923088,signal
84,2,10,noise,3.18,signal,1.757635,noise
84,3,1,noise,6.97,signal,2.882315,signal
84,3,2,noise,8.76,noise,2.001399,signal
84,3,3,signal,8.91,noise,2.094557,signal
84,3,4,signal,5.12,noise,1.976994,noise
84,3,5,noise,7.77,signal,1.730581,signal
84,3,6,noise,7.49,noise,3.57153,signal
84,3,7,signal,6.86,noise,2.201236,signal
84,3,8,signal,9.75,noise,2.986481,signal
84,3,9,signal,5.63,noise,3.650242,noise
84,3,10,noise,6.43,noise,4.611024,noise
84,3,11,noise,6.29,noise,2.955604,noise
84,3,12,noise,5.39,noise,2.72251,noise
84,3,13,signal,8.31,noise,2.706456,signal
84,3,14,noise,5.88,noise,4.826679,noise
84,3,15,signal,6.7,signal,4.016972,signal
84,3,16,signal,7.77,noise,2.413397,signal
84,3,17,signal,6.08,noise,2.580209,noise
84,3,18,noise,4.54,noise,3.317498,noise
84,3,19,signal,8.15,noise,2.277475,signal
84,3,20,noise,3.18,signal,2.720302,noise
84,3,21,signal,7.64,noise,2.664399,signal
84,3,22,noise,3.89,noise,4.402073,noise
84,3,23,signal,7.98,noise,2.40274,signal
84,3,24,noise,5.5,noise,2.803771,noise
84,3,25,noise,6.28,noise,2.38681,noise
84,3,26,signal,5.16,noise,3.110706,signal
84,3,27,signal,3.7,noise,2.360852,noise
84,3,28,signal,4.52,noise,2.938835,noise
84,3,29,noise,9.27,noise,2.691891,signal
84,3,30,noise,7.69,noise,2.099104,signal
84,3,31,signal,5.58,noise,2.145806,noise
84,3,32,signal,4.77,noise,2.405776,noise
84,3,33,noise,9.04,signal,2.110772,signal
84,3,34,noise,4.01,noise,1.848985,noise
84,3,35,signal,6.63,noise,3.061762,signal
84,3,36,signal,9.93,noise,2.648154,signal
84,3,37,signal,6.51,noise,2.927129,signal
84,3,38,noise,8.2,signal,5.64063,signal
84,3,39,noise,5.02,noise,3.525218,noise
84,3,40,noise,5.3,noise,2.544862,noise
84,3,41,signal,7.46,noise,2.52736,signal
84,3,42,noise,4.3,noise,2.641338,noise
84,3,43,signal,5.84,noise,4.837347,noise
84,3,44,noise,7.4,signal,2.56964,signal
84,3,45,signal,5.68,noise,3.262553,noise
84,3,46,noise,5.02,noise,2.48851,noise
84,3,47,noise,5.69,noise,2.328727,noise
84,3,48,noise,5.74,noise,2.289719,noise
84,3,49,noise,5.41,noise,2.20937,noise
84,3,50,signal,8.11,noise,2.737892,noise
84,3,51,noise,5.07,noise,2.053545,noise
84,3,52,noise,7.26,noise,1.914453,signal
84,3,53,noise,5.0,noise,2.809017,noise
84,3,54,signal,7.13,noise,3.253982,signal
84,3,55,noise,5.15,noise,2.27904,noise
84,3,56,noise,6.09,signal,3.054325,signal
84,3,57,signal,6.69,signal,2.192174,signal
84,3,58,noise,5.96,noise,2.842286,noise
84,3,59,signal,6.52,signal,2.498468,noise
84,3,60,noise,6.12,noise,1.822158,noise
84,3,61,noise,4.42,noise,1.854466,noise
84,3,62,signal,9.39,noise,2.364212,signal
84,3,63,noise,4.48,noise,2.264924,noise
84,3,64,noise,3.98,noise,2.34594,noise
84,3,65,signal,6.9,noise,2.476056,noise
84,3,66,noise,6.45,noise,2.400035,noise
84,3,67,noise,5.8,noise,2.283075,noise
84,3,68,noise,7.05,noise,2.677073,signal
84,3,69,noise,5.5,noise,4.344137,noise
84,3,70,noise,5.82,noise,2.737281,noise
84,3,71,signal,3.56,noise,3.409475,noise
84,3,72,noise,3.98,noise,1.990652,noise
84,3,73,noise,5.58,noise,2.584161,noise
84,3,74,noise,4.66,noise,2.989255,noise
84,3,75,noise,6.22,noise,2.821467,noise
84,3,76,noise,5.51,noise,2.426876,noise
84,3,77,noise,4.7,noise,2.074094,noise
84,3,78,noise,6.88,noise,2.936316,signal
84,3,79,noise,4.95,noise,2.123735,noise
84,3,80,signal,7.88,noise,2.550891,signal
84,3,81,signal,8.4,noise,2.144466,signal
84,3,82,signal,7.21,noise,2.184803,signal
85,1,1,signal,7.35,noise,8.183946,noise
84,3,83,noise,5.93,noise,2.845949,noise
84,3,84,noise,5.65,noise,2.056634,noise
85,1,2,noise,6.04,signal,5.23705,noise
85,1,3,noise,6.32,signal,2.25538,signal
84,3,85,signal,8.46,noise,2.471778,signal
85,1,4,noise,8.02,signal,2.900164,signal
84,3,86,noise,5.06,noise,3.063843,noise
85,1,5,noise,5.59,noise,2.645195,noise
84,3,87,noise,5.27,noise,2.141742,noise
84,3,88,noise,5.06,noise,2.035189,noise
85,1,6,signal,6.43,noise,3.290299,noise
84,3,89,noise,5.45,noise,2.110564,noise
85,1,7,signal,6.6,noise,2.753143,noise
84,3,90,signal,7.49,noise,2.761967,signal
85,1,8,noise,6.47,noise,3.774658,noise
84,3,91,signal,7.98,noise,2.20139,signal
84,3,92,noise,6.04,noise,4.018863,noise
84,3,93,noise,5.9,noise,2.190738,noise
85,1,9,noise,6.49,noise,8.02583,noise
84,3,94,noise,5.46,noise,2.367095,noise
85,1,10,signal,4.87,noise,3.356157,noise
84,3,95,noise,3.88,noise,2.716288,noise
84,3,96,noise,5.29,noise,2.222029,noise
84,3,97,noise,6.04,noise,2.575533,noise
84,3,98,noise,4.84,noise,2.121015,noise
85,2,1,signal,7.97,noise,7.536922,signal
84,3,99,noise,5.71,noise,2.359983,noise
84,3,100,signal,6.44,noise,2.522508,signal
85,2,2,signal,8.47,signal,4.223334,signal
85,2,3,noise,8.35,noise,2.645359,signal
85,2,4,signal,7.62,signal,2.488619,signal
85,2,5,noise,5.58,noise,2.176696,noise
85,2,6,noise,6.95,noise,3.59969,noise
85,2,7,noise,6.26,noise,3.906848,noise
85,2,8,noise,7.77,noise,5.412192,noise
85,2,9,signal,7.28,signal,2.750742,signal
85,2,10,signal,5.92,signal,3.212938,signal
85,3,1,noise,7.35,noise,3.271201,noise
85,3,2,signal,6.04,signal,2.59994,noise
85,3,3,signal,6.32,signal,5.101115,signal
85,3,4,signal,8.02,signal,2.786774,signal
85,3,5,noise,5.59,noise,2.632274,noise
85,3,6,noise,6.43,noise,2.788312,noise
85,3,7,noise,6.6,noise,2.869083,noise
85,3,8,noise,6.47,noise,2.547784,noise
85,3,9,noise,6.49,noise,2.743216,noise
85,3,10,noise,4.87,noise,2.521636,noise
85,3,11,noise,7.97,noise,2.286875,signal
85,3,12,signal,8.47,signal,3.003359,signal
85,3,13,noise,8.35,noise,2.44194,signal
85,3,14,signal,7.62,signal,2.574799,signal
85,3,15,signal,5.58,noise,2.728684,noise
85,3,16,noise,6.95,noise,1.329953,noise
85,3,17,noise,6.26,noise,3.350631,noise
85,3,18,noise,7.77,noise,2.776842,noise
85,3,19,signal,7.28,signal,2.683939,signal
85,3,20,signal,5.92,signal,2.811276,signal
85,3,21,noise,6.2,noise,3.964167,signal
85,3,22,signal,6.89,noise,2.193338,noise
85,3,23,noise,9.26,signal,1.296346,signal
85,3,24,noise,5.56,noise,2.993738,noise
85,3,25,noise,6.76,noise,3.380962,signal
85,3,26,noise,5.88,noise,3.023178,noise
85,3,27,noise,5.52,noise,3.007674,noise
85,3,28,noise,6.34,noise,3.101314,noise
85,3,29,noise,4.55,noise,2.748837,noise
85,3,30,noise,7.96,noise,1.591495,signal
85,3,31,signal,7.12,signal,2.750416,signal
85,3,32,signal,6.61,signal,2.595201,signal
85,3,33,noise,6.3,noise,2.880168,noise
85,3,34,signal,6.18,signal,2.706136,signal
85,3,35,noise,6.14,noise,2.513383,noise
85,3,36,noise,6.04,noise,2.456736,noise
85,3,37,noise,4.58,signal,1.386976,noise
85,3,38,signal,6.62,signal,5.008189,signal
85,3,39,noise,5.99,noise,2.817982,noise
85,3,40,noise,7.68,noise,2.268709,noise
85,3,41,noise,6.64,noise,2.855353,noise
85,3,42,noise,5.82,noise,2.189501,noise
85,3,43,noise,4.73,noise,3.271544,noise
85,3,44,noise,6.04,noise,2.542927,noise
85,3,45,noise,5.06,noise,1.160594,noise
85,3,46,noise,4.91,noise,1.616237,noise
85,3,47,noise,8.39,noise,3.775954,signal
85,3,48,noise,7.14,noise,5.431902,noise
85,3,49,noise,2.92,noise,3.207082,noise
85,3,50,noise,4.2,noise,5.968334,noise
85,3,51,signal,7.4,signal,2.434365,signal
85,3,52,signal,7.28,signal,3.462403,signal
85,3,53,noise,7.55,noise,2.632746,noise
85,3,54,noise,6.02,noise,3.823623,noise
85,3,55,signal,6.19,signal,2.393685,signal
85,3,56,noise,6.33,noise,2.907829,signal
85,3,57,noise,4.05,noise,2.537453,noise
85,3,58,noise,5.73,noise,2.917862,noise
85,3,59,noise,6.89,signal,1.533563,signal
85,3,60,signal,6.86,noise,2.792271,noise
85,3,61,noise,7.88,noise,1.367716,signal
85,3,62,noise,6.3,noise,1.986633,noise
85,3,63,noise,5.32,noise,2.799813,noise
85,3,64,noise,4.18,noise,5.008084,noise
85,3,65,noise,6.38,noise,2.568988,noise
85,3,66,noise,5.86,noise,2.690658,noise
85,3,67,noise,6.03,signal,1.663314,signal
85,3,68,noise,3.95,noise,2.55958,noise
85,3,69,noise,5.96,noise,2.93678,noise
85,3,70,signal,5.38,signal,2.990121,noise
85,3,71,noise,6.55,noise,2.833306,noise
85,3,72,noise,5.37,noise,4.129631,noise
85,3,73,noise,5.13,noise,4.305386,noise
85,3,74,noise,7.04,noise,1.406782,noise
85,3,75,noise,6.95,noise,3.207497,noise
85,3,76,noise,5.27,noise,2.737691,noise
85,3,77,noise,5.58,noise,2.435697,noise
85,3,78,signal,8.26,signal,2.513001,signal
85,3,79,signal,6.67,signal,3.8775,signal
85,3,80,noise,4.58,noise,2.771395,noise
85,3,81,signal,6.91,signal,2.982607,signal
85,3,82,noise,6.75,noise,2.571857,noise
85,3,83,signal,6.86,signal,2.888936,signal
85,3,84,signal,6.59,signal,3.230258,signal
85,3,85,signal,6.29,signal,3.14809,noise
85,3,86,noise,5.77,noise,2.652532,noise
85,3,87,noise,5.37,noise,2.598184,noise
85,3,88,noise,7.02,noise,2.593649,noise
85,3,89,noise,4.48,noise,2.633333,noise
85,3,90,noise,6.29,noise,2.981162,signal
85,3,91,noise,5.28,noise,2.763049,noise
85,3,92,noise,5.66,noise,2.947244,noise
85,3,93,noise,5.88,signal,1.680504,signal
85,3,94,signal,5.75,noise,1.232383,noise
85,3,95,noise,4.99,noise,3.273027,noise
85,3,96,noise,6.43,noise,2.545102,noise
85,3,97,signal,9.0,signal,2.678046,signal
85,3,98,signal,7.92,signal,2.561297,signal
85,3,99,noise,4.92,noise,2.315381,noise
85,3,100,noise,4.54,noise,3.350178,noise
87,1,1,noise,5.96,signal,16.619278,signal
87,1,2,signal,5.73,signal,9.720002,signal
87,1,3,signal,8.24,signal,3.220898,signal
87,1,4,signal,6.27,noise,2.386258,signal
87,1,5,signal,6.57,signal,4.428504,noise
87,1,6,signal,4.91,noise,0.94868,signal
87,1,7,signal,5.14,signal,0.996775,noise
87,1,8,noise,7.43,signal,1.982281,signal
87,1,9,noise,6.69,signal,1.162917,signal
89,1,1,signal,4.68,noise,10.755937,noise
87,1,10,noise,7.95,noise,1.029213,signal
89,1,2,signal,8.72,signal,2.503279,signal
89,1,3,noise,4.37,noise,1.223936,signal
89,1,4,signal,7.0,noise,2.538569,noise
89,1,5,signal,5.61,noise,1.984236,noise
87,2,1,noise,7.0,signal,5.301642,signal
89,1,6,signal,6.31,noise,1.747978,noise
87,2,2,signal,6.6,signal,1.779111,signal
89,1,7,signal,6.21,noise,1.780398,noise
89,1,8,signal,7.71,noise,1.726719,signal
88,1,1,noise,4.26,noise,10.235992,noise
87,2,3,signal,6.31,signal,3.775255,noise
87,2,4,noise,7.26,noise,0.967773,noise
89,1,9,noise,6.83,noise,1.933782,signal
88,1,2,signal,8.08,noise,2.951881,noise
89,1,10,noise,7.23,signal,1.722673,signal
87,2,5,noise,7.07,signal,2.894446,signal
88,1,3,noise,6.47,noise,2.47099,noise
88,1,4,noise,3.49,noise,2.275889,noise
89,2,1,noise,4.34,noise,3.84084,noise
88,1,5,noise,5.17,noise,2.325288,noise
89,2,2,signal,7.16,signal,1.899959,signal
88,1,6,noise,7.05,noise,2.09089,noise
89,2,3,noise,4.66,noise,1.604308,noise
88,1,7,noise,7.54,signal,2.061213,signal
89,2,4,signal,7.06,signal,1.601743,signal
88,1,8,noise,4.68,noise,2.169658,noise
89,2,5,signal,7.78,noise,1.937775,noise
87,2,6,signal,4.31,noise,13.205602,noise
89,2,6,signal,6.32,noise,1.762602,noise
88,1,9,noise,4.23,signal,2.318602,noise
89,2,7,noise,5.57,signal,1.483273,signal
89,2,8,noise,7.35,noise,1.523146,noise
88,1,10,noise,6.79,signal,3.379826,signal
89,2,9,signal,5.7,signal,1.661029,signal
89,2,10,noise,6.73,noise,1.759338,noise
89,3,1,noise,4.68,noise,5.520547,noise
89,3,2,signal,8.72,signal,1.512407,signal
89,3,3,noise,4.37,noise,1.557914,signal
89,3,4,noise,7.0,noise,1.300755,noise
89,3,5,signal,5.61,noise,1.651264,noise
89,3,6,noise,6.31,noise,1.561751,noise
89,3,7,noise,6.21,noise,1.575157,noise
88,2,1,noise,6.53,noise,8.492226,signal
89,3,8,signal,7.71,noise,1.575531,signal
89,3,9,signal,6.83,noise,1.703791,signal
87,2,7,signal,5.77,signal,32.368813,signal
89,3,10,noise,7.23,signal,1.760228,signal
87,2,8,noise,4.68,noise,1.274855,noise
88,2,2,signal,9.44,signal,6.629588,signal
89,3,11,noise,4.34,noise,1.976262,noise
89,3,12,signal,7.16,signal,1.679867,signal
88,2,3,noise,4.92,noise,3.589678,noise
87,2,9,signal,6.58,signal,4.929641,noise
89,3,13,noise,4.66,noise,1.703176,noise
91,1,1,signal,6.21,noise,8.045325,signal
87,2,10,noise,8.83,noise,0.985913,signal
89,3,14,signal,7.06,signal,1.620826,signal
89,3,15,noise,7.78,noise,1.665798,noise
91,1,2,signal,7.83,noise,3.642259,noise
88,2,4,noise,5.55,noise,4.719496,noise
89,3,16,noise,6.32,noise,1.725959,noise
88,2,5,noise,5.15,noise,2.530217,noise
89,3,17,signal,5.57,signal,1.73354,signal
90,1,1,noise,8.09,noise,30.111251,signal
91,1,3,signal,6.61,signal,4.79018,signal
88,2,6,noise,5.63,noise,2.334268,noise
89,3,18,noise,7.35,noise,2.059473,noise
90,1,2,signal,8.77,noise,2.368704,signal
89,3,19,noise,5.7,signal,1.419494,signal
87,3,1,noise,5.96,signal,5.490584,signal
92,1,1,noise,4.51,noise,32.730407,noise
90,1,3,noise,6.89,noise,1.660599,noise
91,1,4,signal,8.64,noise,3.248577,signal
89,3,20,noise,6.73,noise,1.786621,noise
88,2,7,signal,6.2,noise,4.610393,noise
90,1,4,noise,5.38,noise,2.182713,noise
89,3,21,signal,9.31,signal,1.667039,signal
87,3,2,signal,5.73,signal,4.211446,signal
88,2,8,noise,5.5,noise,2.101822,noise
91,1,5,signal,7.15,signal,4.051838,signal
89,3,22,noise,5.85,noise,2.028981,noise
88,2,9,noise,6.39,noise,2.380986,noise
89,3,23,signal,3.98,signal,1.667286,noise
87,3,3,noise,8.24,signal,3.413744,signal
91,1,6,noise,5.85,noise,2.818789,noise
87,3,4,signal,6.27,noise,1.033085,signal
89,3,24,noise,6.68,noise,1.646521,noise
88,2,10,signal,7.5,signal,2.64483,signal
91,1,7,noise,5.59,noise,2.64311,noise
89,3,25,noise,7.76,noise,1.775767,noise
89,3,26,noise,6.47,noise,1.643351,signal
91,1,8,signal,7.65,noise,3.076579,signal
89,3,27,signal,6.86,signal,1.617196,signal
89,3,28,noise,6.64,noise,1.60178,noise
91,1,9,signal,7.78,signal,2.747768,signal
89,3,29,noise,7.46,noise,1.600528,noise
91,1,10,noise,4.85,noise,2.178159,noise
89,3,30,noise,6.51,noise,1.598573,noise
88,3,1,noise,4.26,noise,3.477095,noise
89,3,31,signal,7.13,signal,1.663557,signal
89,3,32,signal,7.9,signal,1.593541,signal
92,1,2,noise,5.45,noise,23.882357,noise
88,3,2,signal,8.08,noise,2.687825,noise
89,3,33,noise,8.22,noise,1.719239,noise
88,3,3,noise,6.47,noise,2.423939,noise
89,3,34,signal,6.45,signal,1.613314,signal
90,1,5,signal,5.16,noise,25.952193,noise
86,1,1,noise,5.49,noise,4.936492,noise
89,3,35,noise,7.99,noise,1.659188,signal
88,3,4,noise,3.49,noise,2.473703,noise
89,3,36,noise,4.94,noise,1.716878,noise
87,3,5,noise,6.57,signal,22.386274,noise
88,3,5,noise,5.17,noise,1.821549,noise
89,3,37,signal,8.5,signal,1.669884,signal
86,1,2,signal,8.13,noise,4.299379,signal
88,3,6,noise,7.05,noise,2.473892,noise
89,3,38,noise,6.61,noise,1.646026,noise
86,1,3,noise,4.44,noise,2.345331,noise
89,3,39,noise,6.45,noise,1.675863,noise
89,3,40,noise,5.01,noise,1.913202,noise
88,3,7,noise,7.54,signal,4.80784,signal
86,1,4,signal,5.74,noise,5.187786,noise
89,3,41,noise,7.37,noise,2.323651,signal
88,3,8,noise,4.68,noise,1.833792,noise
89,3,42,noise,4.66,noise,1.701558,noise
88,3,9,noise,4.23,signal,2.227949,noise
86,1,5,noise,4.59,noise,3.493697,noise
89,3,43,signal,7.27,signal,1.75945,noise
89,3,44,noise,6.97,noise,1.831525,noise
86,1,6,noise,5.28,noise,2.367476,noise
88,3,10,signal,6.79,signal,3.992039,signal
91,2,1,signal,7.43,noise,4.812232,noise
92,1,3,signal,4.23,noise,25.04235,noise
86,1,7,noise,5.97,noise,2.096096,noise
89,3,45,noise,5.26,noise,2.661389,noise
88,3,11,signal,6.53,noise,2.107873,signal
91,2,2,noise,6.08,noise,2.809441,noise
86,1,8,signal,9.81,noise,1.992416,signal
89,3,46,signal,7.96,signal,1.741253,signal
88,3,12,signal,9.44,signal,1.967224,signal
86,1,9,signal,8.05,signal,1.954517,signal
91,2,3,noise,5.21,noise,2.500566,noise
89,3,47,noise,5.69,noise,2.419248,noise
88,3,13,noise,4.92,noise,2.32442,noise
86,1,10,noise,4.65,noise,1.853994,noise
88,3,14,noise,5.55,noise,2.16712,noise
94,1,1,signal,5.98,noise,8.430318,noise
91,2,4,noise,6.22,signal,4.694984,noise
89,3,48,noise,5.86,noise,4.989079,noise
88,3,15,noise,5.15,noise,1.973332,noise
89,3,49,noise,5.67,signal,1.570618,signal
94,1,2,signal,7.23,signal,3.11538,noise
91,2,5,noise,6.58,signal,2.795462,noise
88,3,16,noise,5.63,noise,2.517949,noise
89,3,50,noise,3.75,noise,1.527637,noise
94,1,3,noise,6.12,noise,1.633756,noise
89,3,51,noise,4.3,noise,1.657418,noise
91,2,6,noise,6.92,signal,2.799183,signal
88,3,17,noise,6.2,noise,2.665575,noise
89,3,52,noise,6.82,noise,1.629106,noise
94,1,4,noise,6.56,signal,3.80325,signal
91,2,7,noise,5.78,noise,2.492741,noise
88,3,18,noise,5.5,noise,2.500455,noise
94,1,5,signal,6.05,noise,0.95347,noise
89,3,53,noise,5.22,noise,2.018439,noise
91,2,8,noise,5.13,noise,2.620971,noise
89,3,54,signal,6.76,signal,1.597771,signal
94,1,6,noise,4.82,noise,1.954084,noise
88,3,19,noise,6.39,noise,2.764013,noise
91,2,9,signal,8.39,signal,2.370008,signal
92,1,4,signal,8.08,noise,23.775646,signal
94,1,7,signal,7.03,signal,2.22054,signal
89,3,55,noise,6.29,noise,3.065827,signal
88,3,20,signal,7.5,signal,2.989952,signal
91,2,10,signal,8.07,noise,2.410097,noise
94,1,8,signal,4.67,noise,2.442796,noise
89,3,56,signal,6.14,signal,2.56841,noise
88,3,21,noise,4.89,noise,2.12082,noise
94,1,9,noise,7.19,signal,1.19267,signal
89,3,57,signal,5.54,signal,1.897313,noise
94,1,10,signal,7.03,noise,1.243281,signal
89,3,58,signal,5.81,signal,1.620725,noise
88,3,22,noise,4.98,noise,3.513265,noise
89,3,59,noise,6.42,noise,1.879284,noise
88,3,23,noise,5.66,noise,3.832799,noise
89,3,60,noise,5.63,noise,2.487503,noise
94,2,1,signal,6.47,noise,2.594066,signal
89,3,61,noise,5.32,noise,1.938201,noise
94,2,2,noise,6.83,signal,0.966756,signal
88,3,24,noise,3.66,noise,3.101261,noise
89,3,62,signal,8.64,signal,1.739014,signal
94,2,3,noise,6.99,signal,1.6217,signal
88,3,25,noise,3.77,noise,1.991619,noise
89,3,63,noise,4.27,noise,1.987274,noise
94,2,4,signal,8.12,signal,2.123159,signal
88,3,26,signal,7.94,noise,2.426924,signal
89,3,64,noise,3.87,noise,1.85054,noise
94,2,5,noise,6.96,signal,1.22598,signal
88,3,27,noise,6.78,noise,2.64099,signal
94,2,6,signal,6.51,noise,1.973971,noise
92,1,5,signal,8.64,signal,22.576804,signal
89,3,65,noise,7.35,noise,2.793165,signal
94,2,7,noise,7.68,noise,1.217228,signal
87,3,6,noise,4.91,noise,66.247755,signal
88,3,28,signal,10.04,signal,2.071025,signal
89,3,66,signal,7.1,signal,2.357602,signal
87,3,7,signal,5.14,signal,1.339585,noise
86,2,1,noise,5.38,noise,4.752426,noise
88,3,29,noise,6.28,signal,2.276418,noise
87,3,8,noise,7.43,signal,1.009827,signal
89,3,67,noise,7.03,noise,1.833743,noise
94,2,8,signal,6.92,noise,3.565835,noise
87,3,9,noise,6.69,signal,1.162569,signal
88,3,30,noise,4.93,noise,1.910471,noise
89,3,68,noise,6.79,noise,1.645944,signal
86,2,2,signal,7.42,noise,3.546259,signal
87,3,10,signal,7.95,noise,1.262566,signal
91,3,1,noise,6.21,noise,3.627095,signal
94,2,9,noise,7.24,signal,2.648417,signal
88,3,31,noise,4.73,noise,1.892065,noise
89,3,69,noise,7.84,noise,1.917756,signal
87,3,11,signal,7.0,signal,2.222008,signal
94,2,10,signal,5.13,noise,1.369858,noise
86,2,3,noise,4.77,noise,3.013026,noise
91,3,2,signal,7.83,noise,3.256111,noise
88,3,32,noise,5.44,noise,2.155535,noise
89,3,70,noise,5.32,noise,1.714557,noise
89,3,71,noise,6.2,noise,1.716002,noise
88,3,33,noise,4.7,noise,1.848815,noise
86,2,4,signal,6.56,noise,3.038967,noise
91,3,3,noise,6.61,signal,2.484309,signal
89,3,72,noise,4.17,noise,1.568782,noise
94,3,1,signal,5.98,noise,2.371448,noise
88,3,34,noise,3.51,noise,2.346423,noise
91,3,4,signal,8.64,noise,2.619263,signal
94,3,2,signal,7.23,signal,2.022112,noise
89,3,73,signal,5.16,signal,2.683272,noise
91,3,5,signal,7.15,signal,2.399701,signal
88,3,35,noise,6.85,noise,3.296023,noise
89,3,74,signal,8.74,signal,1.556631,signal
94,3,3,signal,6.12,noise,1.916835,noise
86,2,5,noise,6.45,noise,5.975574,noise
89,3,75,noise,6.53,noise,1.727851,noise
91,3,6,noise,5.85,noise,2.292801,noise
94,3,4,noise,6.56,signal,1.819066,signal
88,3,36,signal,7.22,noise,2.722872,noise
86,2,6,noise,3.89,noise,2.55977,noise
94,3,5,signal,6.05,noise,0.983265,noise
92,1,6,noise,3.43,noise,22.403335,noise
89,3,76,noise,4.76,noise,1.766401,noise
91,3,7,noise,5.59,noise,2.358678,noise
87,3,12,noise,6.6,signal,14.3828,signal
88,3,37,noise,4.63,noise,2.150885,noise
89,3,77,noise,7.5,noise,1.534011,noise
94,3,6,signal,4.82,noise,2.074442,noise
86,2,7,noise,6.08,noise,3.582167,noise
94,3,7,noise,7.03,signal,1.306983,signal
88,3,38,noise,5.93,noise,1.972087,noise
89,3,78,signal,7.15,signal,1.843281,signal
94,3,8,signal,4.67,noise,1.27486,noise
88,3,39,noise,6.72,noise,2.255932,noise
89,3,79,noise,6.14,noise,2.364701,noise
94,3,9,signal,7.19,signal,1.177147,signal
91,3,8,signal,7.65,noise,6.398878,signal
88,3,40,noise,5.29,noise,1.857043,noise
89,3,80,noise,5.2,noise,1.929554,noise
94,3,10,noise,7.03,noise,1.996581,signal
91,3,9,signal,7.78,signal,2.073768,signal
88,3,41,noise,6.42,noise,1.900862,noise
94,3,11,signal,6.47,noise,1.121467,signal
89,3,81,noise,6.79,noise,2.288901,noise
88,3,42,noise,4.95,noise,2.042131,noise
89,3,82,signal,6.64,signal,1.562778,noise
94,3,12,signal,6.83,signal,2.389161,signal
91,3,10,noise,4.85,noise,4.513483,noise
88,3,43,noise,4.98,noise,2.615839,noise
89,3,83,signal,6.95,signal,2.156899,signal
89,3,84,noise,7.5,noise,1.459653,signal
94,3,13,signal,6.99,signal,3.81384,signal
88,3,44,noise,5.09,noise,2.076794,noise
91,3,11,signal,7.43,noise,3.294167,noise
89,3,85,noise,7.89,noise,1.602106,noise
86,2,8,noise,5.05,noise,15.902415,noise
94,3,14,signal,8.12,signal,2.312548,signal
89,3,86,noise,3.05,noise,1.651032,noise
91,3,12,noise,6.08,noise,2.37609,noise
88,3,45,signal,7.86,signal,3.319338,signal
94,3,15,noise,6.96,signal,1.447731,signal
86,2,9,noise,4.34,noise,2.256711,noise
89,3,87,signal,5.71,signal,1.878337,noise
91,3,13,noise,5.21,noise,1.776922,noise
88,3,46,noise,5.15,noise,1.942545,noise
86,2,10,noise,4.82,noise,1.837634,noise
94,3,16,noise,6.51,noise,2.616291,noise
92,1,7,noise,4.78,noise,24.003937,noise
89,3,88,noise,7.34,noise,2.242307,noise
88,3,47,noise,4.3,noise,1.778764,noise
94,3,17,signal,7.68,noise,2.363042,signal
90,1,6,signal,4.96,noise,116.633837,noise
88,3,48,noise,4.71,noise,1.863215,noise
89,3,89,noise,5.34,noise,2.283903,noise
94,3,18,signal,6.92,noise,2.295594,noise
89,3,90,signal,7.56,signal,1.55028,signal
88,3,49,noise,4.99,noise,1.758668,noise
90,1,7,noise,6.58,noise,2.373419,noise
89,3,91,noise,3.67,noise,1.643076,noise
94,3,19,signal,7.24,signal,2.085448,signal
90,1,8,signal,6.87,noise,2.807582,signal
91,3,14,noise,6.22,signal,9.765447,noise
88,3,50,signal,7.23,signal,3.237011,signal
89,3,92,signal,7.94,signal,1.656411,signal
94,3,20,signal,5.13,noise,1.63249,noise
89,3,93,noise,6.65,noise,1.503953,signal
86,3,1,noise,5.49,noise,2.85977,noise
91,3,15,noise,6.58,signal,2.076535,noise
88,3,51,noise,5.16,noise,2.218827,noise
89,3,94,signal,6.46,signal,1.494307,signal
86,3,2,signal,8.13,noise,2.100777,signal
91,3,16,noise,6.92,signal,2.06353,signal
88,3,52,noise,5.83,noise,1.95307,noise
89,3,95,signal,6.98,signal,1.653641,signal
91,3,17,noise,5.78,noise,1.957406,noise
88,3,53,noise,5.42,noise,1.924662,noise
86,3,3,noise,4.44,noise,2.442037,noise
89,3,96,signal,4.96,signal,1.588006,noise
90,1,9,noise,6.03,noise,8.738379,noise
86,3,4,noise,5.74,noise,1.978372,noise
89,3,97,signal,7.47,signal,1.798789,signal
88,3,54,signal,7.28,signal,2.166103,signal
91,3,18,noise,5.13,noise,2.872242,noise
89,3,98,noise,6.04,noise,1.605672,noise
86,3,5,noise,4.59,noise,2.258183,noise
88,3,55,noise,4.92,noise,2.064218,noise
91,3,19,signal,8.39,signal,2.326482,signal
89,3,99,noise,5.52,noise,1.435194,noise
89,3,100,noise,4.71,noise,1.461764,noise
91,3,20,signal,8.07,noise,1.860518,noise
88,3,56,noise,5.06,noise,3.593802,noise
92,1,8,noise,5.01,signal,23.442222,noise
91,3,21,noise,5.59,signal,2.650166,signal
88,3,57,signal,9.14,signal,2.132813,signal
90,1,10,signal,6.95,noise,9.920526,noise
91,3,22,noise,3.26,noise,2.376949,noise
88,3,58,noise,4.6,noise,2.356512,noise
86,3,6,noise,5.28,noise,9.162038,noise
88,3,59,noise,4.75,noise,2.347884,noise
86,3,7,noise,5.97,noise,2.097236,noise
86,3,8,signal,9.81,noise,1.950428,signal
88,3,60,signal,8.1,signal,2.378345,signal
90,2,1,noise,4.49,noise,3.425822,noise
91,3,23,signal,7.11,noise,7.818761,signal
86,3,9,signal,8.05,signal,2.866183,signal
88,3,61,noise,6.17,noise,2.976271,noise
90,2,2,signal,6.34,noise,2.369722,signal
86,3,10,noise,4.65,noise,1.916508,noise
91,3,24,noise,6.7,noise,2.370394,noise
88,3,62,noise,3.57,noise,1.802932,noise
90,2,3,noise,4.74,noise,2.051693,noise
86,3,11,noise,5.38,noise,2.670066,noise
91,3,25,noise,4.6,signal,2.544221,signal
88,3,63,signal,7.41,noise,3.006865,noise
86,3,12,signal,7.42,noise,2.354924,signal
91,3,26,noise,4.76,noise,2.555007,noise
90,2,4,noise,6.35,noise,4.640739,noise
88,3,64,noise,6.47,noise,2.441076,noise
87,3,13,signal,6.31,signal,68.500249,noise
90,2,5,signal,3.66,noise,1.63636,noise
88,3,65,noise,5.56,noise,1.767651,noise
87,3,14,noise,7.26,noise,1.048739,noise
91,3,27,signal,6.34,signal,3.052259,signal
88,3,66,noise,5.19,noise,1.840809,noise
90,2,6,noise,5.07,noise,2.493278,noise
88,3,67,signal,8.43,signal,2.128017,signal
90,2,7,noise,5.81,noise,2.480261,noise
91,3,28,noise,6.79,noise,5.196883,noise
90,2,8,noise,5.72,noise,1.749629,noise
88,3,68,noise,5.98,noise,2.427509,noise
91,3,29,noise,3.84,noise,2.719166,noise
90,2,9,noise,4.72,noise,2.444104,noise
88,3,69,noise,4.55,noise,2.348782,noise
91,3,30,signal,8.2,signal,2.101115,signal
88,3,70,noise,4.5,noise,2.161468,noise
90,2,10,noise,5.84,noise,2.659398,noise
88,3,71,noise,4.3,noise,1.894736,noise
88,3,72,signal,8.15,noise,2.648188,noise
90,3,1,noise,8.09,noise,5.769123,signal
88,3,73,noise,4.87,noise,4.623093,noise
90,3,2,signal,8.77,noise,2.671909,signal
91,3,31,noise,6.02,noise,13.204942,signal
88,3,74,noise,4.22,noise,3.282342,noise
94,3,21,signal,5.91,noise,62.824624,noise
91,3,32,noise,4.76,noise,2.28154,noise
94,3,22,signal,6.6,signal,2.325796,noise
88,3,75,noise,5.1,noise,2.856335,noise
90,3,3,noise,6.89,noise,4.967907,noise
87,3,15,noise,7.07,signal,28.679897,signal
91,3,33,noise,5.9,noise,2.694788,noise
94,3,23,signal,4.34,noise,2.282635,noise
90,3,4,noise,5.38,noise,1.883179,noise
88,3,76,noise,6.77,noise,2.492655,noise
87,3,16,signal,4.31,noise,1.918059,noise
94,3,24,signal,5.05,noise,1.865042,noise
90,3,5,noise,5.16,noise,2.734449,noise
94,3,25,signal,6.27,signal,1.378539,noise
91,3,34,noise,5.0,signal,4.743851,noise
88,3,77,noise,7.25,noise,4.394553,noise
94,3,26,signal,6.34,signal,1.613204,signal
90,3,6,noise,4.96,noise,2.498175,noise
91,3,35,noise,5.59,noise,2.238822,noise
94,3,27,signal,4.99,noise,1.414783,noise
90,3,7,noise,6.58,noise,2.615397,noise
91,3,36,noise,4.89,noise,1.932869,noise
88,3,78,noise,4.23,noise,3.77034,noise
94,3,28,noise,7.19,noise,1.763836,signal
94,3,29,signal,6.63,noise,1.151222,signal
90,3,8,noise,6.87,noise,2.913805,signal
91,3,37,signal,7.09,noise,2.982365,noise
88,3,79,signal,8.09,signal,2.633927,signal
94,3,30,signal,7.78,signal,1.594279,signal
92,1,9,signal,7.12,signal,66.402714,signal
91,3,38,signal,7.93,signal,1.92158,signal
90,3,9,signal,6.03,noise,2.678791,noise
88,3,80,noise,5.7,noise,3.14982,noise
91,3,39,noise,4.03,signal,2.711212,signal
90,3,10,noise,6.95,noise,3.089595,noise
88,3,81,noise,6.11,noise,2.201232,noise
94,3,31,signal,5.59,noise,4.61317,noise
86,3,13,noise,4.77,noise,53.327343,noise
94,3,32,signal,6.76,noise,1.737699,noise
90,3,11,noise,4.49,noise,2.231207,noise
88,3,82,noise,4.87,noise,2.135129,noise
91,3,40,noise,5.58,noise,3.737723,noise
94,3,33,signal,6.88,signal,1.991123,signal
86,3,14,noise,6.56,noise,2.523008,noise
90,3,12,noise,6.34,noise,2.933674,signal
94,3,34,signal,8.77,signal,1.208571,signal
88,3,83,noise,5.79,signal,3.501544,noise
86,3,15,noise,6.45,noise,1.852805,noise
90,3,13,signal,4.74,noise,1.969041,noise
94,3,35,noise,6.0,signal,1.625274,noise
91,3,41,signal,7.65,signal,5.40223,signal
88,3,84,noise,3.6,noise,2.846912,noise
94,3,36,noise,6.26,signal,1.793429,noise
90,3,14,noise,6.35,noise,2.930728,noise
86,3,16,noise,3.89,noise,4.368147,noise
94,3,37,noise,5.89,signal,1.192002,signal
88,3,85,noise,4.88,noise,2.68003,noise
94,3,38,signal,7.49,noise,1.343435,signal
86,3,17,noise,6.08,noise,2.350286,noise
90,3,15,noise,3.66,noise,2.920576,noise
94,3,39,signal,8.09,signal,1.388057,signal
86,3,18,noise,5.05,noise,1.670429,noise
88,3,86,signal,7.73,signal,3.202572,signal
90,3,16,signal,5.07,noise,2.015796,noise
94,3,40,noise,4.9,noise,1.140988,noise
90,3,17,noise,5.81,noise,1.534293,noise
91,3,42,noise,6.01,noise,9.244422,noise
88,3,87,signal,7.66,signal,2.467236,signal
86,3,19,noise,4.34,noise,3.486076,noise
94,3,41,signal,7.19,signal,3.097884,signal
91,3,43,noise,5.79,noise,2.491472,noise
86,3,20,noise,4.82,noise,1.711227,noise
88,3,88,signal,7.96,signal,2.560389,signal
90,3,18,noise,5.72,noise,2.900522,noise
94,3,42,signal,4.58,noise,1.784985,noise
94,3,43,signal,6.41,signal,1.018056,signal
86,3,21,noise,5.85,noise,2.066265,noise
90,3,19,noise,4.72,noise,2.366757,noise
88,3,89,noise,5.86,noise,3.034083,noise
86,3,22,noise,5.25,noise,1.607863,noise
94,3,44,signal,6.89,signal,2.436326,signal
90,3,20,signal,5.84,noise,2.077655,noise
88,3,90,signal,7.98,signal,2.630594,signal
94,3,45,signal,7.15,signal,1.075382,signal
92,1,10,noise,5.22,noise,31.577892,noise
86,3,23,noise,5.45,noise,2.667861,noise
90,3,21,noise,5.89,noise,2.492439,noise
94,3,46,signal,5.45,noise,1.542933,noise
91,3,44,signal,5.98,signal,8.559177,noise
86,3,24,noise,5.02,noise,2.217451,noise
94,3,47,signal,6.72,noise,1.290779,noise
88,3,91,noise,6.97,noise,3.352918,signal
90,3,22,noise,6.78,noise,2.069833,noise
86,3,25,noise,5.07,noise,2.000534,noise
88,3,92,noise,4.57,noise,2.348174,noise
90,3,23,noise,5.16,noise,2.357439,noise
94,3,48,noise,6.88,noise,3.561907,noise
94,3,49,noise,7.09,signal,1.116609,signal
88,3,93,noise,5.28,noise,2.367627,noise
86,3,26,noise,4.93,noise,3.86073,noise
91,3,45,signal,8.05,signal,6.793792,signal
90,3,24,noise,7.97,noise,3.171248,signal
94,3,50,signal,4.51,noise,1.255119,noise
86,3,27,signal,7.79,noise,1.924162,signal
88,3,94,signal,7.24,signal,2.749727,signal
90,3,25,signal,6.14,noise,1.769186,noise
91,3,46,noise,5.34,noise,2.312781,noise
94,3,51,signal,6.08,noise,1.334856,noise
86,3,28,signal,7.1,noise,2.518488,noise
94,3,52,signal,6.89,noise,1.538261,signal
90,3,26,noise,4.91,noise,2.943571,noise
88,3,95,noise,5.63,noise,3.247168,noise
91,3,47,noise,6.59,noise,3.082603,noise
94,3,53,signal,5.53,noise,1.012926,noise
86,3,29,noise,5.14,noise,1.672282,noise
94,3,54,signal,7.12,signal,0.968684,signal
90,3,27,noise,5.83,noise,3.179394,noise
94,3,55,signal,4.01,noise,1.488766,noise
88,3,96,noise,4.83,noise,3.188326,noise
86,3,30,noise,4.53,signal,2.902386,noise
94,3,56,signal,4.51,signal,1.172865,noise
88,3,97,noise,4.71,noise,2.609784,noise
94,3,57,signal,7.12,signal,1.354422,noise
90,3,28,noise,6.68,noise,3.890861,noise
86,3,31,noise,6.0,noise,4.135372,noise
94,3,58,noise,2.92,noise,1.320643,noise
88,3,98,signal,7.39,noise,3.460043,signal
94,3,59,signal,4.84,noise,1.977215,noise
90,3,29,noise,4.89,noise,2.850446,noise
86,3,32,noise,5.38,noise,2.675485,noise
91,3,48,noise,4.96,noise,11.054386,noise
94,3,60,noise,7.66,signal,1.306005,signal
88,3,99,noise,5.13,noise,2.189993,noise
86,3,33,noise,5.74,noise,2.144847,noise
94,3,61,signal,5.68,signal,1.231066,noise
90,3,30,noise,6.01,noise,4.049431,noise
94,3,62,noise,8.35,noise,1.285653,signal
86,3,34,noise,5.62,noise,1.925129,noise
91,3,49,signal,4.97,signal,4.152047,noise
88,3,100,noise,5.65,noise,3.346328,noise
94,3,63,signal,7.05,noise,1.589744,noise
87,3,17,signal,5.77,signal,75.897092,signal
86,3,35,signal,9.81,noise,2.160953,signal
94,3,64,noise,5.82,signal,0.92285,noise
90,3,31,noise,3.96,noise,2.928148,noise
91,3,50,signal,9.5,noise,2.510201,signal
94,3,65,signal,5.61,noise,1.132626,noise
94,3,66,signal,6.43,noise,1.353334,noise
87,3,18,signal,4.68,noise,3.81846,noise
86,3,36,noise,5.38,noise,3.894279,noise
94,3,67,signal,7.02,noise,1.158602,noise
87,3,19,noise,6.58,signal,0.973868,noise
86,3,37,signal,9.14,signal,2.162835,signal
91,3,51,noise,6.24,noise,6.353691,noise
90,3,32,noise,4.38,noise,7.48438,noise
86,3,38,noise,5.21,noise,2.300918,noise
94,3,68,signal,6.36,signal,3.75282,signal
94,3,69,noise,6.57,signal,1.13979,noise
86,3,39,signal,8.44,signal,2.383944,signal
90,3,33,noise,6.35,noise,2.628447,noise
94,3,70,signal,8.45,signal,1.191986,signal
90,3,34,noise,5.03,noise,1.631963,signal
94,3,71,signal,7.51,signal,1.594435,signal
94,3,72,noise,4.93,noise,1.001775,noise
90,3,35,noise,5.69,noise,1.914964,noise
86,3,40,noise,6.42,noise,4.073112,noise
91,3,52,noise,4.17,noise,9.007023,noise
94,3,73,signal,6.74,signal,1.596053,signal
90,3,36,signal,6.41,noise,2.358757,noise
94,3,74,signal,6.5,signal,1.294605,signal
91,3,53,signal,7.94,signal,2.470706,signal
90,3,37,noise,3.38,noise,1.718088,noise
94,3,75,signal,3.36,noise,1.753294,noise
94,3,76,signal,8.44,signal,1.272784,signal
90,3,38,noise,5.86,noise,2.788437,noise
94,3,77,signal,6.49,noise,1.634589,noise
94,3,78,signal,8.18,signal,1.365085,signal
90,3,39,noise,7.97,noise,2.608259,signal
94,3,79,noise,4.9,noise,1.125564,noise
91,3,54,signal,7.2,noise,8.732453,noise
94,3,80,signal,6.35,signal,1.379395,signal
94,3,81,noise,7.12,signal,1.105479,signal
92,2,1,noise,4.41,noise,23.841177,noise
94,3,82,noise,6.93,signal,1.24117,noise
90,3,40,noise,4.77,noise,6.205947,noise
94,3,83,noise,5.37,signal,1.425087,noise
90,3,41,noise,6.07,noise,1.904272,noise
94,3,84,signal,5.75,signal,1.199083,noise
94,3,85,signal,7.36,noise,1.520011,noise
90,3,42,noise,4.83,noise,2.226089,noise
94,3,86,signal,3.21,signal,1.062728,noise
90,3,43,noise,7.18,noise,2.373467,signal
94,3,87,signal,6.77,noise,1.923696,noise
91,3,55,noise,6.34,noise,11.601829,noise
91,3,56,signal,7.87,signal,2.194069,signal
90,3,44,noise,5.37,noise,3.135252,noise
94,3,88,signal,4.78,noise,1.048607,noise
92,2,2,noise,6.71,noise,13.693956,noise
86,3,41,noise,7.41,noise,29.678607,signal
91,3,57,signal,5.42,signal,2.587198,signal
94,3,89,noise,7.29,signal,1.41956,signal
90,3,45,noise,5.73,noise,3.231884,noise
86,3,42,signal,4.93,noise,1.225205,noise
94,3,90,noise,6.97,noise,1.386751,signal
91,3,58,noise,5.96,noise,2.414129,noise
90,3,46,noise,7.98,noise,2.082788,signal
94,3,91,noise,7.55,signal,1.594407,signal
86,3,43,noise,4.87,noise,3.374912,noise
91,3,59,noise,6.48,noise,2.442293,noise
90,3,47,noise,6.9,noise,2.389688,signal
94,3,92,noise,5.7,noise,1.382191,noise
94,3,93,noise,7.26,noise,1.22903,noise
86,3,44,signal,7.37,signal,2.557315,signal
90,3,48,noise,8.0,noise,1.740653,noise
91,3,60,signal,6.2,signal,2.368065,signal
94,3,94,noise,4.88,noise,2.042784,noise
91,3,61,noise,4.99,noise,2.054905,noise
86,3,45,noise,5.44,noise,2.722447,noise
94,3,95,signal,6.95,signal,1.272272,signal
90,3,49,noise,6.42,noise,3.816265,noise
91,3,62,noise,5.27,noise,1.873853,noise
86,3,46,noise,4.74,noise,1.76421,noise
94,3,96,signal,5.38,noise,1.152227,noise
94,3,97,noise,6.85,signal,1.769991,noise
86,3,47,noise,3.79,noise,2.196591,noise
90,3,50,noise,6.2,noise,2.792336,noise
94,3,98,signal,7.64,signal,1.20966,signal
90,3,51,noise,7.93,noise,2.284004,signal
94,3,99,noise,5.38,noise,1.006123,noise
91,3,63,signal,6.36,signal,6.012949,noise
94,3,100,signal,8.5,signal,1.438294,signal
91,3,64,noise,4.58,noise,2.309666,noise
90,3,52,noise,4.19,noise,3.833553,noise
91,3,65,signal,8.36,signal,1.961831,signal
90,3,53,noise,5.63,noise,2.65462,noise
92,2,3,noise,6.0,noise,25.262242,noise
91,3,66,noise,6.39,noise,2.216784,signal
86,3,48,signal,7.22,signal,12.276825,noise
90,3,54,noise,8.07,noise,3.014083,signal
91,3,67,signal,8.97,signal,2.0418,signal
86,3,49,noise,5.95,signal,1.737717,signal
90,3,55,noise,5.05,noise,3.096499,noise
90,3,56,noise,4.21,noise,2.90867,noise
86,3,50,noise,4.4,noise,6.458414,noise
91,3,68,noise,6.59,noise,7.633291,noise
86,3,51,noise,4.89,noise,2.11405,noise
91,3,69,signal,5.62,signal,2.042642,noise
86,3,52,noise,5.11,noise,1.721726,noise
91,3,70,noise,6.89,noise,2.020433,noise
86,3,53,noise,6.44,noise,3.012813,signal
90,3,57,noise,6.68,noise,8.924016,signal
90,3,58,noise,6.26,noise,2.73784,noise
90,3,59,noise,5.78,noise,1.684132,noise
92,2,4,noise,4.43,noise,24.070068,noise
91,3,71,noise,6.61,noise,10.524191,signal
90,3,60,noise,6.91,noise,3.949067,noise
86,3,54,signal,6.65,signal,10.455815,noise
91,3,72,noise,5.32,noise,3.364966,noise
90,3,61,noise,6.24,noise,3.476523,noise
91,3,73,noise,5.85,noise,2.425247,noise
90,3,62,noise,5.01,signal,3.62148,noise
86,3,55,noise,4.12,noise,6.818923,noise
86,3,56,noise,5.55,noise,2.035272,noise
90,3,63,noise,8.69,noise,2.794059,signal
91,3,74,noise,5.22,noise,5.791559,noise
86,3,57,noise,6.53,noise,2.303986,noise
91,3,75,signal,7.16,noise,3.270178,noise
90,3,64,signal,5.18,noise,3.362315,noise
86,3,58,noise,6.55,noise,2.128623,signal
90,3,65,signal,5.71,noise,1.743093,noise
91,3,76,noise,4.56,noise,4.008098,noise
86,3,59,signal,7.67,noise,4.372577,signal
90,3,66,noise,7.16,noise,3.516852,signal
91,3,77,signal,9.07,signal,2.020711,signal
92,2,5,noise,4.94,noise,24.034486,noise
90,3,67,signal,6.66,noise,2.124817,noise
86,3,60,noise,6.01,noise,2.88587,noise
90,3,68,noise,6.2,noise,1.458082,noise
86,3,61,noise,4.86,signal,2.741099,noise
90,3,69,signal,4.67,noise,1.811828,noise
90,3,70,noise,8.52,noise,2.043212,signal
86,3,62,noise,6.14,noise,2.743027,noise
86,3,63,noise,4.56,noise,1.854443,noise
90,3,71,noise,5.11,noise,2.237536,noise
91,3,78,noise,4.28,noise,10.883007,noise
86,3,64,noise,4.19,noise,1.725974,noise
90,3,72,noise,8.44,noise,2.1008,signal
91,3,79,noise,6.21,noise,1.843596,noise
91,3,80,noise,4.06,noise,1.785582,noise
90,3,73,noise,5.24,noise,3.03756,noise
86,3,65,noise,6.54,noise,4.20077,noise
91,3,81,noise,6.91,noise,2.121415,signal
86,3,66,noise,5.02,noise,1.951516,noise
90,3,74,noise,6.81,noise,2.272728,noise
91,3,82,noise,6.65,noise,2.082147,noise
90,3,75,noise,4.76,noise,1.765825,noise
86,3,67,signal,6.49,signal,2.57508,signal
91,3,83,signal,7.38,signal,2.201125,signal
92,2,6,noise,5.54,noise,22.933174,noise
90,3,76,noise,8.2,noise,2.982022,signal
90,3,77,signal,5.09,noise,2.658714,noise
86,3,68,noise,4.12,noise,7.763893,noise
90,3,78,signal,5.37,noise,2.826509,noise
90,3,79,noise,5.26,noise,1.683706,noise
91,3,84,signal,7.6,noise,12.147883,noise
90,3,80,noise,5.61,noise,3.209229,noise
91,3,85,noise,6.94,noise,2.136987,signal
90,3,81,noise,5.48,noise,2.389401,noise
90,3,82,noise,5.53,noise,1.474318,noise
86,3,69,signal,8.59,signal,12.414903,signal
90,3,83,noise,5.51,noise,3.02792,noise
86,3,70,signal,6.85,signal,2.828692,noise
90,3,84,noise,5.8,noise,1.688101,noise
91,3,86,signal,8.04,noise,8.872695,signal
90,3,85,noise,6.03,noise,2.396396,noise
92,2,7,noise,5.6,noise,24.475555,noise
91,3,87,signal,7.37,signal,2.283419,signal
90,3,86,noise,6.86,noise,2.225882,signal
91,3,88,noise,4.54,noise,2.120223,noise
86,3,71,noise,5.38,noise,6.799256,noise
90,3,87,signal,5.72,noise,2.401159,signal
91,3,89,signal,8.39,signal,4.017378,signal
90,3,88,signal,5.32,noise,2.21221,noise
91,3,90,noise,6.6,noise,1.842844,noise
86,3,72,noise,5.66,noise,6.286215,noise
90,3,89,noise,5.16,noise,2.857691,noise
86,3,73,noise,3.11,noise,1.883434,noise
86,3,74,noise,3.41,noise,1.716096,noise
90,3,90,noise,6.63,noise,3.534258,noise
86,3,75,noise,5.33,noise,1.738587,noise
90,3,91,noise,6.24,noise,1.697753,noise
90,3,92,signal,3.92,noise,2.149994,noise
86,3,76,signal,7.97,noise,3.105301,signal
91,3,91,noise,3.91,noise,9.806842,noise
91,3,92,noise,2.78,noise,1.814409,noise
90,3,93,noise,4.49,noise,2.606852,noise
86,3,77,noise,6.34,noise,2.501545,noise
90,3,94,noise,4.83,noise,1.645002,noise
91,3,93,noise,6.66,noise,1.952612,noise
92,2,8,noise,6.22,noise,23.897364,noise
91,3,94,noise,4.98,noise,1.711381,noise
90,3,95,noise,6.34,noise,2.165536,noise
91,3,95,signal,8.11,signal,1.94846,signal
90,3,96,noise,5.15,noise,1.900589,noise
91,3,96,noise,5.47,noise,1.703557,noise
90,3,97,noise,4.22,noise,1.882643,noise
91,3,97,noise,5.55,noise,1.541479,noise
90,3,98,noise,5.9,noise,1.739488,noise
91,3,98,noise,4.62,noise,1.910342,noise
90,3,99,noise,3.57,noise,1.749188,noise
91,3,99,noise,6.08,noise,1.963777,noise
90,3,100,noise,4.64,noise,2.517993,noise
92,2,9,noise,5.87,noise,26.39523,noise
91,3,100,signal,6.89,signal,16.146304,signal
92,2,10,signal,6.1,noise,25.619816,noise
92,3,1,noise,4.51,noise,22.985476,noise
92,3,2,noise,5.45,noise,24.255732,noise
92,3,3,noise,4.23,noise,2.22417,noise
92,3,4,noise,8.08,noise,1.788796,signal
92,3,5,signal,8.64,signal,3.028215,signal
92,3,6,noise,3.43,noise,2.443482,noise
92,3,7,noise,4.78,noise,1.441698,noise
92,3,8,signal,5.01,signal,2.12938,noise
92,3,9,signal,7.12,signal,2.682766,signal
92,3,10,noise,5.22,noise,2.554003,noise
92,3,11,noise,4.41,noise,24.501064,noise
92,3,12,noise,6.71,noise,3.237314,noise
92,3,13,noise,6.0,noise,7.8958,noise
92,3,14,noise,4.43,noise,25.110638,noise
92,3,15,noise,4.94,noise,5.305324,noise
92,3,16,noise,5.54,noise,2.599015,noise
92,3,17,noise,5.6,noise,2.793849,noise
92,3,18,noise,6.22,noise,2.702823,noise
92,3,19,noise,5.87,noise,2.623345,noise
92,3,20,noise,6.1,noise,2.66571,noise
92,3,21,noise,4.21,noise,1.794096,noise
92,3,22,noise,5.2,noise,3.496036,noise
92,3,23,noise,6.47,noise,2.571882,noise
92,3,24,noise,6.56,noise,1.913349,noise
92,3,25,noise,4.65,noise,3.827382,noise
92,3,26,noise,6.25,noise,1.74517,noise
92,3,27,noise,4.48,noise,3.555805,noise
92,3,28,signal,6.13,signal,2.418674,noise
92,3,29,noise,4.86,noise,3.062472,noise
92,3,30,noise,5.07,noise,2.890831,noise
92,3,31,noise,9.15,noise,3.835197,signal
92,3,32,signal,6.42,signal,2.973979,noise
92,3,33,noise,6.57,noise,3.393967,noise
92,3,34,signal,7.65,signal,2.165455,signal
92,3,35,signal,7.82,signal,2.940305,signal
92,3,36,noise,6.78,noise,2.245949,noise
92,3,37,noise,7.61,noise,3.085129,signal
92,3,38,noise,5.4,noise,6.175111,noise
92,3,39,noise,6.62,noise,3.390607,noise
92,3,40,signal,6.83,signal,3.639032,signal
92,3,41,noise,6.16,noise,2.664087,noise
92,3,42,signal,6.35,signal,2.958499,signal
92,3,43,noise,5.6,noise,2.46695,noise
92,3,44,noise,6.09,noise,2.96977,noise
92,3,45,noise,5.08,noise,2.065631,noise
92,3,46,noise,5.25,noise,2.003567,noise
92,3,47,noise,7.01,noise,1.909482,noise
92,3,48,noise,4.76,noise,2.116629,noise
92,3,49,noise,5.19,noise,3.041347,noise
92,3,50,noise,5.35,noise,1.488297,noise
92,3,51,noise,5.34,noise,1.547059,noise
92,3,52,noise,6.37,noise,1.911432,noise
92,3,53,noise,7.9,noise,2.215428,signal
92,3,54,noise,8.58,noise,2.127652,signal
92,3,55,signal,5.14,signal,2.089924,noise
92,3,56,noise,5.49,noise,6.819683,noise
92,3,57,noise,5.78,noise,3.49056,noise
92,3,58,signal,6.29,signal,2.788997,signal
92,3,59,noise,4.79,noise,2.722351,noise
92,3,60,noise,5.99,noise,2.666611,noise
92,3,61,signal,6.73,signal,2.289593,signal
92,3,62,noise,6.42,noise,2.045386,noise
92,3,63,signal,6.5,signal,2.202696,signal
92,3,64,noise,6.09,noise,2.037782,noise
92,3,65,noise,5.87,noise,2.12957,noise
92,3,66,noise,5.48,noise,2.006929,noise
92,3,67,noise,4.55,noise,1.821572,noise
92,3,68,noise,8.16,signal,1.853288,signal
92,3,69,noise,4.96,noise,2.077202,noise
92,3,70,noise,4.88,noise,1.904108,noise
92,3,71,noise,5.82,noise,1.37858,noise
92,3,72,noise,5.2,noise,2.848039,noise
92,3,73,noise,3.14,noise,2.190227,noise
92,3,74,noise,7.0,noise,4.91019,signal
92,3,75,signal,8.18,signal,1.966199,signal
92,3,76,noise,5.63,noise,2.270868,noise
92,3,77,signal,7.59,signal,3.620639,signal
92,3,78,noise,6.09,noise,2.364385,noise
92,3,79,noise,6.26,noise,2.51672,noise
92,3,80,noise,5.87,noise,2.53673,noise
92,3,81,noise,5.75,noise,2.022223,noise
92,3,82,noise,6.03,noise,2.054267,noise
92,3,83,noise,3.87,noise,2.828141,noise
92,3,84,noise,7.61,noise,2.297649,signal
92,3,85,signal,4.33,signal,1.920336,noise
92,3,86,noise,7.26,noise,1.874763,noise
92,3,87,noise,3.44,noise,3.342645,noise
92,3,88,signal,7.28,signal,1.996822,noise
92,3,89,signal,6.94,signal,4.278993,signal
92,3,90,noise,5.57,noise,2.464813,noise
92,3,91,noise,5.5,noise,2.549296,noise
92,3,92,noise,4.76,noise,2.29803,noise
92,3,93,noise,6.81,noise,2.313608,noise
92,3,94,noise,7.25,noise,2.468616,noise
92,3,95,noise,4.13,noise,2.375153,noise
92,3,96,noise,5.9,noise,2.375504,noise
92,3,97,noise,4.93,noise,2.566996,noise
92,3,98,noise,8.33,noise,2.665357,signal
92,3,99,noise,4.29,noise,3.11171,noise
92,3,100,noise,6.97,noise,2.363896,noise
86,3,78,noise,4.56,noise,455.68021,noise
86,3,79,noise,5.0,noise,1.646808,noise
86,3,80,signal,7.36,noise,3.484476,noise
86,3,81,noise,5.1,noise,6.260874,noise
86,3,82,noise,3.7,noise,1.449153,noise
86,3,83,noise,4.96,noise,2.202243,noise
86,3,84,noise,6.38,noise,4.935144,noise
86,3,85,noise,5.55,noise,1.761501,noise
86,3,86,noise,6.07,noise,1.897583,noise
86,3,87,noise,5.97,noise,2.175513,noise
86,3,88,noise,5.79,noise,1.673831,noise
86,3,89,noise,4.5,noise,1.433296,noise
86,3,90,noise,5.4,noise,1.706421,noise
86,3,91,noise,5.98,noise,14.982686,noise
86,3,92,noise,3.99,noise,10.094925,noise
86,3,93,signal,7.27,signal,15.728432,signal
86,3,94,noise,6.07,noise,9.32987,noise
86,3,95,noise,5.06,noise,2.092082,noise
86,3,96,signal,8.14,noise,2.885052,noise
86,3,97,noise,3.86,noise,99.883148,noise
86,3,98,noise,4.86,noise,1.435271,noise
86,3,99,noise,4.13,noise,1.367882,noise
86,3,100,signal,5.85,signal,3.879378,noise
