id,block,trial,y_true,proba,test_rank
1,4,33,0,0.25,1
1,4,34,0,0.16129031777381897,2
1,4,35,0,0.01534526888281107,3
1,4,36,0,0.03888889029622078,4
1,4,37,0,0.032786883413791656,5
1,4,38,0,0.03888889029622078,6
1,4,39,0,0.0,7
1,4,40,0,0.0,8
1,6,1,0,0.032786883413791656,9
1,6,2,0,0.054794520139694214,10
1,6,3,0,0.054794520139694214,11
1,6,4,0,0.16129031777381897,12
1,6,5,0,0.12871287763118744,13
1,6,6,0,0.16129031777381897,14
1,6,7,0,0.2164948433637619,15
1,6,8,0,0.16129031777381897,16
1,6,9,0,0.10526315867900848,17
1,6,10,0,0.25,18
1,6,11,0,0.03888889029622078,19
1,6,12,0,0.03888889029622078,20
1,6,13,1,0.06666667014360428,21
1,6,14,0,0.8135592937469482,22
1,6,15,0,0.25,23
1,6,16,0,0.3589743673801422,24
1,6,17,1,0.30000001192092896,25
1,6,18,1,0.9947534203529358,26
1,6,19,1,0.9947534203529358,27
1,6,20,1,0.9947534203529358,28
1,6,21,0,0.5,29
1,6,22,0,0.3589743673801422,30
1,6,23,0,0.9117646813392639,31
1,6,24,1,0.9947534203529358,32
1,6,25,1,0.9947534203529358,33
1,6,26,1,0.970588207244873,34
1,6,27,1,0.30000001192092896,35
1,6,28,0,0.30000001192092896,36
1,6,29,1,0.7142857313156128,37
1,6,30,1,0.0,38
1,6,31,0,0.7142857313156128,39
1,6,32,0,0.5263158082962036,40
1,6,33,1,0.01534526888281107,41
1,6,34,1,0.008064515888690948,42
1,6,35,0,0.0,43
1,6,36,0,0.054794520139694214,44
1,6,37,0,0.25,45
1,6,38,0,0.01534526888281107,46
1,6,39,1,0.2164948433637619,47
1,6,40,1,0.0,48
4,5,33,1,0.2164948433637619,1
4,5,34,0,0.032786883413791656,2
4,5,35,0,0.01534526888281107,3
4,5,36,1,0.01534526888281107,4
4,5,37,0,0.25,5
4,5,38,0,0.16129031777381897,6
4,5,39,1,0.2164948433637619,7
4,5,40,0,0.25,8
4,6,1,0,0.054794520139694214,9
4,6,2,0,0.032786883413791656,10
4,6,3,0,0.027027027681469917,11
4,6,4,1,0.30000001192092896,12
4,6,5,0,0.3589743673801422,13
4,6,6,0,0.16129031777381897,14
4,6,7,0,0.16129031777381897,15
4,6,8,0,0.25,16
4,6,9,0,0.16129031777381897,17
4,6,10,0,0.2164948433637619,18
4,6,11,0,0.25,19
4,6,12,0,0.03888889029622078,20
4,6,13,1,0.2164948433637619,21
4,6,14,0,0.30000001192092896,22
4,6,15,0,0.12871287763118744,23
4,6,16,0,0.12871287763118744,24
4,6,17,1,0.8135592937469482,25
4,6,18,1,0.8974359035491943,26
4,6,19,1,0.8135592937469482,27
4,6,20,1,0.9947534203529358,28
4,6,21,0,0.3589743673801422,29
4,6,22,0,0.7142857313156128,30
4,6,23,0,0.8999999761581421,31
4,6,24,1,0.9117646813392639,32
4,6,25,1,0.9947534203529358,33
4,6,26,1,0.9947534203529358,34
4,6,27,1,0.3589743673801422,35
4,6,28,0,0.8135592937469482,36
4,6,29,1,0.970588207244873,37
4,6,30,1,0.03888889029622078,38
4,6,31,0,0.7142857313156128,39
4,6,32,0,0.7142857313156128,40
4,6,33,1,0.025974025949835777,41
4,6,34,1,0.0,42
4,6,35,0,0.0,43
4,6,36,0,0.054794520139694214,44
4,6,37,0,0.3589743673801422,45
4,6,38,0,0.03888889029622078,46
4,6,39,1,0.2164948433637619,47
4,6,40,1,0.0,48
5,5,5,1,0.7142857313156128,1
5,5,6,0,0.03888889029622078,2
5,5,7,0,0.007751937955617905,3
5,5,8,1,0.30000001192092896,4
5,5,9,0,0.032786883413791656,5
5,5,10,1,0.9947534203529358,6
5,5,11,1,0.25,7
5,5,12,0,0.09090909361839294,8
5,5,13,1,0.7142857313156128,9
5,5,14,0,0.01534526888281107,10
5,5,15,0,0.007751937955617905,11
5,5,16,0,0.2164948433637619,12
5,5,17,0,0.008064515888690948,13
5,5,18,1,0.800000011920929,14
5,5,19,1,0.2164948433637619,15
5,5,20,1,0.3589743673801422,16
5,5,21,0,0.0,17
5,5,22,0,0.008064515888690948,18
5,5,23,0,0.025974025949835777,19
5,5,24,1,0.8974359035491943,20
5,5,25,0,0.0,21
5,5,26,0,0.0,22
5,5,27,0,0.0,23
5,5,28,1,1.0,24
5,5,29,0,0.0,25
5,5,30,0,0.008064515888690948,26
5,5,31,0,0.01534526888281107,27
5,5,32,0,0.01534526888281107,28
5,5,33,1,0.8135592937469482,29
5,5,34,0,0.03888889029622078,30
5,5,35,0,0.0,31
5,5,36,1,0.8974359035491943,32
5,5,37,0,0.01534526888281107,33
5,5,38,0,0.0,34
5,5,39,1,0.970588207244873,35
5,5,40,0,0.0,36
6,4,33,0,0.25,1
6,4,34,0,0.16129031777381897,2
6,4,35,0,0.01534526888281107,3
6,4,36,0,0.03888889029622078,4
6,4,37,0,0.032786883413791656,5
6,4,38,0,0.03888889029622078,6
6,4,39,0,0.0,7
6,4,40,0,0.0,8
6,6,1,0,0.054794520139694214,9
6,6,2,0,0.03888889029622078,10
6,6,3,0,0.03888889029622078,11
6,6,4,0,0.12871287763118744,12
6,6,5,0,0.06666667014360428,13
6,6,6,0,0.12871287763118744,14
6,6,7,0,0.16129031777381897,15
6,6,8,0,0.16129031777381897,16
6,6,9,0,0.16129031777381897,17
6,6,10,0,0.12871287763118744,18
6,6,11,0,0.12871287763118744,19
6,6,12,0,0.054794520139694214,20
6,6,13,0,0.2164948433637619,21
6,6,14,0,0.16129031777381897,22
6,6,15,0,0.16129031777381897,23
6,6,16,0,0.16129031777381897,24
6,6,17,1,0.3589743673801422,25
6,6,18,1,0.7142857313156128,26
6,6,19,1,0.970588207244873,27
6,6,20,1,0.8135592937469482,28
6,6,21,0,0.054794520139694214,29
6,6,22,0,0.5,30
6,6,23,0,0.5,31
6,6,24,1,0.25,32
6,6,25,1,0.9117646813392639,33
6,6,26,1,0.9947534203529358,34
6,6,27,1,0.2164948433637619,35
6,6,28,0,0.6410256624221802,36
6,6,29,1,0.8988157510757446,37
6,6,30,1,0.032786883413791656,38
6,6,31,1,0.9947534203529358,39
6,6,32,0,0.12871287763118744,40
6,6,33,1,0.027027027681469917,41
6,6,34,1,0.0,42
6,6,35,0,0.0,43
6,6,36,0,0.01534526888281107,44
6,6,37,0,0.12871287763118744,45
6,6,38,0,0.007751937955617905,46
6,6,39,1,0.06666667014360428,47
6,6,40,1,0.0,48
8,4,17,0,0.3589743673801422,1
8,4,18,0,0.7142857313156128,2
8,4,19,0,0.5243661999702454,3
8,4,20,1,0.5263158082962036,4
8,4,21,0,0.12871287763118744,5
8,4,22,1,0.16129031777381897,6
8,4,23,1,0.16129031777381897,7
8,4,24,0,0.25,8
8,4,25,0,0.2164948433637619,9
8,4,26,0,0.30000001192092896,10
8,4,27,0,0.01534526888281107,11
8,4,28,1,0.6410256624221802,12
8,4,29,1,0.3589743673801422,13
8,4,30,0,0.054794520139694214,14
8,4,31,1,0.9947534203529358,15
8,4,32,0,0.0,16
8,4,33,0,0.0,17
8,4,34,0,0.0,18
8,4,35,0,0.0,19
8,4,36,0,0.7142857313156128,20
8,4,37,0,0.16129031777381897,21
8,4,38,0,0.0,22
8,4,39,0,0.03888889029622078,23
8,4,40,0,0.0,24
9,5,5,1,0.7142857313156128,1
9,5,6,0,0.12871287763118744,2
9,5,7,0,0.03888889029622078,3
9,5,8,1,0.5,4
9,5,9,0,0.03888889029622078,5
9,5,10,1,0.9947534203529358,6
9,5,11,1,0.25,7
9,5,12,0,0.12871287763118744,8
9,5,13,1,0.800000011920929,9
9,5,14,0,0.01534526888281107,10
9,5,15,0,0.007751937955617905,11
9,5,16,0,0.2164948433637619,12
9,5,17,0,0.01534526888281107,13
9,5,18,1,0.8135592937469482,14
9,5,19,1,0.2164948433637619,15
9,5,20,1,0.5,16
9,5,21,0,0.0,17
9,5,22,0,0.008064515888690948,18
9,5,23,0,0.025974025949835777,19
9,5,24,1,0.6410256624221802,20
9,5,25,0,0.0,21
9,5,26,0,0.0,22
9,5,27,0,0.0,23
9,5,28,1,0.9947534203529358,24
9,5,29,0,0.0,25
9,5,30,0,0.01534526888281107,26
9,5,31,0,0.01534526888281107,27
9,5,32,0,0.01534526888281107,28
9,5,33,1,0.7142857313156128,29
9,5,34,0,0.03888889029622078,30
9,5,35,0,0.008064515888690948,31
9,5,36,1,0.9166666865348816,32
9,5,37,0,0.01534526888281107,33
9,5,38,0,0.0,34
9,5,39,1,0.9947534203529358,35
9,5,40,0,0.0,36
10,5,21,0,0.30000001192092896,1
10,5,22,0,0.5198682546615601,2
10,5,23,0,0.5263158082962036,3
10,5,24,1,0.5,4
10,5,25,0,0.03888889029622078,5
10,5,26,0,0.12871287763118744,6
10,5,27,0,0.03888889029622078,7
10,5,28,1,0.9947534203529358,8
10,5,29,0,0.027027027681469917,9
10,5,30,0,0.054794520139694214,10
10,5,31,0,0.12871287763118744,11
10,5,32,0,0.25,12
10,5,33,1,0.3589743673801422,13
10,5,34,0,0.16129031777381897,14
10,5,35,0,0.01534526888281107,15
10,5,36,1,0.30000001192092896,16
10,5,37,0,0.032786883413791656,17
10,5,38,0,0.12871287763118744,18
10,5,39,1,0.8135592937469482,19
10,5,40,0,0.01534526888281107,20
10,6,1,0,0.06666667014360428,21
10,6,2,0,0.025974025949835777,22
10,6,3,0,0.03888889029622078,23
10,6,4,0,0.25,24
10,6,5,0,0.16129031777381897,25
10,6,6,0,0.03888889029622078,26
10,6,7,0,0.054794520139694214,27
10,6,8,0,0.03888889029622078,28
10,6,9,0,0.03888889029622078,29
10,6,10,0,0.30000001192092896,30
10,6,11,0,0.30000001192092896,31
10,6,12,0,0.12871287763118744,32
10,6,13,0,0.5263158082962036,33
10,6,14,0,0.3589743673801422,34
10,6,15,0,0.30000001192092896,35
10,6,16,0,0.16129031777381897,36
10,6,17,1,0.3589743673801422,37
10,6,18,1,0.8135592937469482,38
10,6,19,1,0.9947534203529358,39
10,6,20,1,0.8974359035491943,40
10,6,21,0,0.7142857313156128,41
10,6,22,0,0.9117646813392639,42
10,6,23,0,0.9117646813392639,43
10,6,24,1,0.800000011920929,44
10,6,25,1,0.9947534203529358,45
10,6,26,1,0.9947534203529358,46
10,6,27,0,0.25,47
10,6,28,0,0.9947534203529358,48
10,6,29,1,0.9947534203529358,49
10,6,30,1,0.3589743673801422,50
10,6,31,0,0.8135592937469482,51
10,6,32,0,0.8135592937469482,52
10,6,33,1,0.7142857313156128,53
10,6,34,1,0.054794520139694214,54
10,6,35,0,0.0,55
10,6,36,0,0.12871287763118744,56
10,6,37,0,0.5,57
10,6,38,0,0.01534526888281107,58
10,6,39,1,0.25,59
10,6,40,1,0.0,60
11,6,5,0,0.6410256624221802,1
11,6,6,0,0.12871287763118744,2
11,6,7,0,0.2164948433637619,3
11,6,8,0,0.16129031777381897,4
11,6,9,0,0.16129031777381897,5
11,6,10,0,0.16129031777381897,6
11,6,11,0,0.12871287763118744,7
11,6,12,0,0.054794520139694214,8
11,6,13,0,0.2164948433637619,9
11,6,14,0,0.12871287763118744,10
11,6,15,0,0.16129031777381897,11
11,6,16,0,0.16129031777381897,12
11,6,17,1,0.3589743673801422,13
11,6,18,1,0.7142857313156128,14
11,6,19,1,0.9117646813392639,15
11,6,20,1,0.9947534203529358,16
11,6,21,0,0.03888889029622078,17
11,6,22,0,0.2164948433637619,18
11,6,23,0,0.12871287763118744,19
11,6,24,1,0.8974359035491943,20
11,6,25,1,0.9947534203529358,21
11,6,26,1,0.9947534203529358,22
11,6,27,0,0.054794520139694214,23
11,6,28,0,0.800000011920929,24
11,6,29,1,0.8135592937469482,25
11,6,30,1,0.2164948433637619,26
11,6,31,0,0.3589743673801422,27
11,6,32,0,0.800000011920929,28
11,6,33,1,0.7142857313156128,29
11,6,34,1,0.12871287763118744,30
11,6,35,0,0.0,31
11,6,36,0,0.16129031777381897,32
11,6,37,0,0.3589743673801422,33
11,6,38,0,0.0,34
11,6,39,1,0.12871287763118744,35
11,6,40,1,0.0,36
14,4,5,1,0.800000011920929,1
14,4,6,0,0.03888889029622078,2
14,4,7,1,0.007751937955617905,3
14,4,8,0,0.16129031777381897,4
14,4,9,1,0.30000001192092896,5
14,4,10,1,0.25,6
14,4,11,1,0.9947534203529358,7
14,4,12,0,0.054794520139694214,8
14,4,13,1,0.9947534203529358,9
14,4,14,0,0.0,10
14,4,15,0,0.03888889029622078,11
14,4,16,1,0.970588207244873,12
14,4,17,0,0.0,13
14,4,18,1,0.30000001192092896,14
14,4,19,0,0.027027027681469917,15
14,4,20,1,0.800000011920929,16
14,4,21,0,0.0,17
14,4,22,0,0.12871287763118744,18
14,4,23,1,0.6410256624221802,19
14,4,24,0,0.0,20
14,4,25,0,0.0,21
14,4,26,0,0.0,22
14,4,27,0,0.0,23
14,4,28,1,0.9947534203529358,24
14,4,29,1,0.5263158082962036,25
14,4,30,0,0.054794520139694214,26
14,4,31,1,0.9947534203529358,27
14,4,32,0,0.0,28
14,4,33,0,0.0,29
14,4,34,0,0.0,30
14,4,35,0,0.0,31
14,4,36,0,0.0,32
14,4,37,0,0.0,33
14,4,38,0,0.0,34
14,4,39,0,0.0,35
14,4,40,0,0.0,36
15,5,33,1,0.2164948433637619,1
15,5,34,0,0.25,2
15,5,35,0,0.025974025949835777,3
15,5,36,1,0.03888889029622078,4
15,5,37,0,0.25,5
15,5,38,0,0.008064515888690948,6
15,5,39,1,0.16129031777381897,7
15,5,40,0,0.25,8
15,6,1,0,0.01534526888281107,9
15,6,2,0,0.0,10
15,6,3,0,0.01534526888281107,11
15,6,4,0,0.25,12
15,6,5,0,0.03888889029622078,13
15,6,6,0,0.03888889029622078,14
15,6,7,0,0.2164948433637619,15
15,6,8,0,0.054794520139694214,16
15,6,9,0,0.25,17
15,6,10,0,0.054794520139694214,18
15,6,11,0,0.12871287763118744,19
15,6,12,0,0.2164948433637619,20
15,6,13,0,0.3589743673801422,21
15,6,14,0,0.25,22
15,6,15,0,0.3589743673801422,23
15,6,16,0,0.30000001192092896,24
15,6,17,1,0.3589743673801422,25
15,6,18,1,0.8135592937469482,26
15,6,19,1,0.3589743673801422,27
15,6,20,1,0.8135592937469482,28
15,6,21,0,0.12871287763118744,29
15,6,22,0,0.6410256624221802,30
15,6,23,0,0.5,31
15,6,24,1,0.7142857313156128,32
15,6,25,1,0.9947534203529358,33
15,6,26,1,0.9947534203529358,34
15,6,27,1,0.6410256624221802,35
15,6,28,0,0.8135592937469482,36
15,6,29,1,0.9947534203529358,37
15,6,30,1,0.01534526888281107,38
15,6,31,0,0.9117646813392639,39
15,6,32,0,0.9947534203529358,40
15,6,33,1,0.25,41
15,6,34,1,0.01534526888281107,42
15,6,35,0,0.0,43
15,6,36,0,0.16129031777381897,44
15,6,37,0,0.7142857313156128,45
15,6,38,0,0.025974025949835777,46
15,6,39,1,0.25,47
15,6,40,1,0.0,48
17,4,33,0,0.25,1
17,4,34,0,0.16129031777381897,2
17,4,35,0,0.01534526888281107,3
17,4,36,0,0.03888889029622078,4
17,4,37,0,0.032786883413791656,5
17,4,38,0,0.03888889029622078,6
17,4,39,0,0.0,7
17,4,40,0,0.0,8
17,5,1,1,0.3589743673801422,9
17,5,2,0,0.007751937955617905,10
17,5,3,0,0.16129031777381897,11
17,5,4,1,0.7142857313156128,12
17,5,5,1,0.2164948433637619,13
17,5,6,0,0.0,14
17,5,7,0,0.01534526888281107,15
17,5,8,1,0.7142857313156128,16
17,5,9,0,0.03888889029622078,17
17,5,10,1,0.8135592937469482,18
17,5,11,1,0.9947534203529358,19
17,5,12,0,0.0,20
17,5,13,1,0.9947534203529358,21
17,5,14,0,0.0,22
17,5,15,0,0.01534526888281107,23
17,5,16,0,0.027027027681469917,24
17,5,17,0,0.025974025949835777,25
17,5,18,1,0.9947534203529358,26
17,5,19,1,0.3589743673801422,27
17,5,20,1,0.9947534203529358,28
17,5,21,0,0.01534526888281107,29
17,5,22,0,0.6410256624221802,30
17,5,23,0,0.25,31
17,5,24,1,0.9117646813392639,32
17,5,25,0,0.0,33
17,5,26,0,0.12871287763118744,34
17,5,27,0,0.01534526888281107,35
17,5,28,1,0.9947534203529358,36
17,5,29,0,0.0,37
17,5,30,0,0.054794520139694214,38
17,5,31,0,0.25,39
17,5,32,0,0.03888889029622078,40
17,5,33,1,0.8991714715957642,41
17,5,34,0,0.025974025949835777,42
17,5,35,0,0.01534526888281107,43
17,5,36,1,0.970588207244873,44
17,5,37,0,0.032786883413791656,45
17,5,38,0,0.01534526888281107,46
17,5,39,1,0.9947534203529358,47
17,5,40,0,0.0,48
18,5,5,1,0.7142857313156128,1
18,5,6,0,0.12871287763118744,2
18,5,7,0,0.03888889029622078,3
18,5,8,1,0.5,4
18,5,9,0,0.03888889029622078,5
18,5,10,1,0.9947534203529358,6
18,5,11,1,0.6410256624221802,7
18,5,12,0,0.16129031777381897,8
18,5,13,1,0.8093905448913574,9
18,5,14,0,0.008064515888690948,10
18,5,15,0,0.007751937955617905,11
18,5,16,0,0.2164948433637619,12
18,5,17,0,0.025974025949835777,13
18,5,18,1,0.8974359035491943,14
18,5,19,0,0.30000001192092896,15
18,5,20,1,0.5263158082962036,16
18,5,21,0,0.0,17
18,5,22,0,0.0,18
18,5,23,0,0.03888889029622078,19
18,5,24,1,0.9947534203529358,20
18,5,25,0,0.0,21
18,5,26,0,0.007751937955617905,22
18,5,27,0,0.0,23
18,5,28,1,1.0,24
18,5,29,0,0.0,25
18,5,30,0,0.0,26
18,5,31,0,0.008064515888690948,27
18,5,32,0,0.03888889029622078,28
18,5,33,1,0.7142857313156128,29
18,5,34,0,0.054794520139694214,30
18,5,35,0,0.01534526888281107,31
18,5,36,1,0.9117646813392639,32
18,5,37,0,0.032786883413791656,33
18,5,38,0,0.0,34
18,5,39,1,0.9947534203529358,35
18,5,40,0,0.007751937955617905,36
19,5,21,0,0.30000001192092896,1
19,5,22,0,0.054794520139694214,2
19,5,23,0,0.12871287763118744,3
19,5,24,1,0.05633324384689331,4
19,5,25,0,0.03888889029622078,5
19,5,26,0,0.054794520139694214,6
19,5,27,0,0.03888889029622078,7
19,5,28,1,0.9947534203529358,8
19,5,29,0,0.025974025949835777,9
19,5,30,0,0.054794520139694214,10
19,5,31,0,0.11287309229373932,11
19,5,32,0,0.2164948433637619,12
19,5,33,1,0.25,13
19,5,34,0,0.16129031777381897,14
19,5,35,0,0.01534526888281107,15
19,5,36,1,0.3589743673801422,16
19,5,37,0,0.032786883413791656,17
19,5,38,0,0.12871287763118744,18
19,5,39,1,0.8135592937469482,19
19,5,40,0,0.007751937955617905,20
19,6,1,0,0.06666667014360428,21
19,6,2,0,0.027027027681469917,22
19,6,3,0,0.054794520139694214,23
19,6,4,1,0.25,24
19,6,5,0,0.25,25
19,6,6,0,0.09090909361839294,26
19,6,7,0,0.12871287763118744,27
19,6,8,0,0.25,28
19,6,9,0,0.25,29
19,6,10,0,0.3589743673801422,30
19,6,11,0,0.25,31
19,6,12,0,0.12871287763118744,32
19,6,13,1,0.3589743673801422,33
19,6,14,0,0.3589743673801422,34
19,6,15,0,0.25,35
19,6,16,0,0.25,36
19,6,17,1,0.7142857313156128,37
19,6,18,1,0.5,38
19,6,19,1,0.3589743673801422,39
19,6,20,1,0.7142857313156128,40
19,6,21,0,0.25,41
19,6,22,0,0.3589743673801422,42
19,6,23,0,0.5,43
19,6,24,1,0.8999999761581421,44
19,6,25,1,0.9947534203529358,45
19,6,26,1,0.9947534203529358,46
19,6,27,1,0.3589743673801422,47
19,6,28,0,0.9117646813392639,48
19,6,29,1,0.9947534203529358,49
19,6,30,1,0.12871287763118744,50
19,6,31,1,0.9947534203529358,51
19,6,32,0,0.25,52
19,6,33,1,0.03888889029622078,53
19,6,34,1,0.007751937955617905,54
19,6,35,0,0.0,55
19,6,36,0,0.007751937955617905,56
19,6,37,0,0.25,57
19,6,38,0,0.01534526888281107,58
19,6,39,1,0.2164948433637619,59
19,6,40,1,0.007751937955617905,60
21,4,33,0,0.25,1
21,4,34,0,0.16129031777381897,2
21,4,35,0,0.01534526888281107,3
21,4,36,0,0.03888889029622078,4
21,4,37,0,0.032786883413791656,5
21,4,38,0,0.03888889029622078,6
21,4,39,0,0.0,7
21,4,40,0,0.0,8
21,6,1,0,0.12871287763118744,9
21,6,2,0,0.06666667014360428,10
21,6,3,0,0.10526315867900848,11
21,6,4,0,0.16129031777381897,12
21,6,5,0,0.12871287763118744,13
21,6,6,0,0.16129031777381897,14
21,6,7,0,0.25,15
21,6,8,0,0.25,16
21,6,9,0,0.2164948433637619,17
21,6,10,0,0.2164948433637619,18
21,6,11,0,0.16129031777381897,19
21,6,12,0,0.12871287763118744,20
21,6,13,0,0.25,21
21,6,14,0,0.2164948433637619,22
21,6,15,0,0.25,23
21,6,16,0,0.2164948433637619,24
21,6,17,1,0.5,25
21,6,18,1,0.9947534203529358,26
21,6,19,1,0.9947534203529358,27
21,6,20,1,0.9117646813392639,28
21,6,21,0,0.2164948433637619,29
21,6,22,0,0.25,30
21,6,23,0,0.25,31
21,6,24,1,0.7142857313156128,32
21,6,25,1,0.9947534203529358,33
21,6,26,1,0.9947534203529358,34
21,6,27,0,0.7142857313156128,35
21,6,28,0,0.9117646813392639,36
21,6,29,1,0.8135592937469482,37
21,6,30,1,0.5,38
21,6,31,0,0.9947534203529358,39
21,6,32,0,0.8135592937469482,40
21,6,33,1,0.6410256624221802,41
21,6,34,1,0.12871287763118744,42
21,6,35,0,0.0,43
21,6,36,0,0.25,44
21,6,37,0,0.5,45
21,6,38,0,0.01534526888281107,46
21,6,39,1,0.2164948433637619,47
21,6,40,1,0.0,48
22,4,33,0,0.25,1
22,4,34,0,0.16129031777381897,2
22,4,35,0,0.01534526888281107,3
22,4,36,0,0.03888889029622078,4
22,4,37,0,0.032786883413791656,5
22,4,38,0,0.03888889029622078,6
22,4,39,0,0.0,7
22,4,40,0,0.0,8
22,6,1,0,0.12871287763118744,9
22,6,2,0,0.06666667014360428,10
22,6,3,0,0.10526315867900848,11
22,6,4,0,0.16129031777381897,12
22,6,5,0,0.12871287763118744,13
22,6,6,0,0.16129031777381897,14
22,6,7,0,0.25,15
22,6,8,0,0.25,16
22,6,9,0,0.2164948433637619,17
22,6,10,0,0.2164948433637619,18
22,6,11,0,0.16129031777381897,19
22,6,12,0,0.12871287763118744,20
22,6,13,0,0.25,21
22,6,14,0,0.2164948433637619,22
22,6,15,0,0.25,23
22,6,16,0,0.2164948433637619,24
22,6,17,1,0.5,25
22,6,18,1,0.9947534203529358,26
22,6,19,1,0.9947534203529358,27
22,6,20,1,0.9117646813392639,28
22,6,21,0,0.2164948433637619,29
22,6,22,0,0.25,30
22,6,23,0,0.25,31
22,6,24,1,0.7142857313156128,32
22,6,25,1,0.9947534203529358,33
22,6,26,1,0.9947534203529358,34
22,6,27,1,0.7142857313156128,35
22,6,28,0,0.8135592937469482,36
22,6,29,1,0.970588207244873,37
22,6,30,1,0.16129031777381897,38
22,6,31,1,0.9947534203529358,39
22,6,32,0,0.16129031777381897,40
22,6,33,1,0.03888889029622078,41
22,6,34,1,0.0,42
22,6,35,0,0.0,43
22,6,36,0,0.12871287763118744,44
22,6,37,0,0.25,45
22,6,38,0,0.01534526888281107,46
22,6,39,1,0.2164948433637619,47
22,6,40,1,0.007751937955617905,48
23,6,5,0,0.7142857313156128,1
23,6,6,0,0.16129031777381897,2
23,6,7,0,0.25,3
23,6,8,0,0.25,4
23,6,9,0,0.2164948433637619,5
23,6,10,0,0.2164948433637619,6
23,6,11,0,0.2164948433637619,7
23,6,12,0,0.12871287763118744,8
23,6,13,0,0.25,9
23,6,14,0,0.2164948433637619,10
23,6,15,0,0.2164948433637619,11
23,6,16,0,0.2164948433637619,12
23,6,17,0,0.5,13
23,6,18,0,0.6410256624221802,14
23,6,19,0,0.5263158082962036,15
23,6,20,0,0.5263158082962036,16
23,6,21,0,0.03888889029622078,17
23,6,22,0,0.2164948433637619,18
23,6,23,0,0.25,19
23,6,24,0,0.25,20
23,6,25,0,0.25,21
23,6,26,0,0.2164948433637619,22
23,6,27,0,0.03888889029622078,23
23,6,28,0,0.2164948433637619,24
23,6,29,0,0.2164948433637619,25
23,6,30,0,0.025974025949835777,26
23,6,31,0,0.03888889029622078,27
23,6,32,0,0.03888889029622078,28
23,6,33,0,0.12871287763118744,29
23,6,34,0,0.025974025949835777,30
23,6,35,0,0.0,31
23,6,36,0,0.01534526888281107,32
23,6,37,0,0.01534526888281107,33
23,6,38,0,0.01534526888281107,34
23,6,39,0,0.0,35
23,6,40,0,0.0,36
25,4,17,0,0.3589743673801422,1
25,4,18,1,0.7142857313156128,2
25,4,19,0,0.054794520139694214,3
25,4,20,1,0.7142857313156128,4
25,4,21,0,0.03888889029622078,5
25,4,22,0,0.12871287763118744,6
25,4,23,1,0.2164948433637619,7
25,4,24,0,0.3589743673801422,8
25,4,25,0,0.2164948433637619,9
25,4,26,0,0.2164948433637619,10
25,4,27,0,0.054794520139694214,11
25,4,28,1,0.5263158082962036,12
25,4,29,1,0.30000001192092896,13
25,4,30,0,0.12871287763118744,14
25,4,31,1,0.9117646813392639,15
25,4,32,0,0.0,16
25,4,33,0,0.0,17
25,4,34,0,0.0,18
25,4,35,0,0.0,19
25,4,36,0,0.3589743673801422,20
25,4,37,0,0.12871287763118744,21
25,4,38,0,0.01534526888281107,22
25,4,39,0,0.03888889029622078,23
25,4,40,0,0.007751937955617905,24
27,4,5,1,0.800000011920929,1
27,4,6,0,0.03888889029622078,2
27,4,7,1,0.007751937955617905,3
27,4,8,0,0.16129031777381897,4
27,4,9,1,0.30000001192092896,5
27,4,10,1,0.25,6
27,4,11,1,0.9947534203529358,7
27,4,12,0,0.054794520139694214,8
27,4,13,1,0.9947534203529358,9
27,4,14,0,0.0,10
27,4,15,0,0.03888889029622078,11
27,4,16,1,0.970588207244873,12
27,4,17,0,0.0,13
27,4,18,1,0.30000001192092896,14
27,4,19,0,0.027027027681469917,15
27,4,20,1,0.800000011920929,16
27,4,21,0,0.0,17
27,4,22,1,0.12871287763118744,18
27,4,23,1,0.800000011920929,19
27,4,24,0,0.01534526888281107,20
27,4,25,0,0.01534526888281107,21
27,4,26,0,0.0,22
27,4,27,0,0.0,23
27,4,28,1,0.9947534203529358,24
27,4,29,0,0.5,25
27,4,30,1,0.25,26
27,4,31,1,0.3589743673801422,27
27,4,32,0,0.054794520139694214,28
27,4,33,0,0.054794520139694214,29
27,4,34,0,0.03888889029622078,30
27,4,35,0,0.0,31
27,4,36,0,0.008064515888690948,32
27,4,37,0,0.025974025949835777,33
27,4,38,0,0.0,34
27,4,39,0,0.0,35
27,4,40,0,0.0,36
29,4,33,0,0.25,1
29,4,34,0,0.16129031777381897,2
29,4,35,0,0.01534526888281107,3
29,4,36,0,0.03888889029622078,4
29,4,37,0,0.032786883413791656,5
29,4,38,0,0.03888889029622078,6
29,4,39,0,0.0,7
29,4,40,0,0.0,8
29,5,1,0,0.3589743673801422,9
29,5,2,0,0.30000001192092896,10
29,5,3,0,0.30000001192092896,11
29,5,4,1,0.5,12
29,5,5,1,0.3589743673801422,13
29,5,6,0,0.0,14
29,5,7,0,0.01534526888281107,15
29,5,8,1,0.800000011920929,16
29,5,9,0,0.16129031777381897,17
29,5,10,1,0.8135592937469482,18
29,5,11,1,0.9947534203529358,19
29,5,12,0,0.054794520139694214,20
29,5,13,1,0.9947534203529358,21
29,5,14,0,0.0,22
29,5,15,0,0.008064515888690948,23
29,5,16,0,0.054794520139694214,24
29,5,17,0,0.01534526888281107,25
29,5,18,1,0.9947534203529358,26
29,5,19,1,0.6410256624221802,27
29,5,20,1,0.9947534203529358,28
29,5,21,0,0.01534526888281107,29
29,5,22,0,0.054794520139694214,30
29,5,23,0,0.03888889029622078,31
29,5,24,1,0.9947534203529358,32
29,5,25,0,0.0,33
29,5,26,0,0.007751937955617905,34
29,5,27,0,0.0,35
29,5,28,1,1.0,36
29,5,29,0,0.0,37
29,5,30,0,0.0,38
29,5,31,0,0.007751937955617905,39
29,5,32,0,0.025974025949835777,40
29,5,33,1,0.7142857313156128,41
29,5,34,0,0.01534526888281107,42
29,5,35,0,0.01534526888281107,43
29,5,36,1,0.8999999761581421,44
29,5,37,0,0.025974025949835777,45
29,5,38,0,0.008064515888690948,46
29,5,39,1,0.9947534203529358,47
29,5,40,0,0.0,48
32,4,33,0,0.25,1
32,4,34,0,0.16129031777381897,2
32,4,35,0,0.01534526888281107,3
32,4,36,0,0.03888889029622078,4
32,4,37,0,0.032786883413791656,5
32,4,38,0,0.03888889029622078,6
32,4,39,0,0.0,7
32,4,40,0,0.0,8
32,5,1,0,0.3589743673801422,9
32,5,2,0,0.30000001192092896,10
32,5,3,0,0.30000001192092896,11
32,5,4,1,0.5,12
32,5,5,1,0.3589743673801422,13
32,5,6,0,0.0,14
32,5,7,0,0.01534526888281107,15
32,5,8,1,0.800000011920929,16
32,5,9,0,0.16129031777381897,17
32,5,10,1,0.8135592937469482,18
32,5,11,1,0.9947534203529358,19
32,5,12,0,0.054794520139694214,20
32,5,13,1,0.9947534203529358,21
32,5,14,0,0.0,22
32,5,15,0,0.008064515888690948,23
32,5,16,0,0.054794520139694214,24
32,5,17,0,0.01534526888281107,25
32,5,18,1,0.9947534203529358,26
32,5,19,1,0.6410256624221802,27
32,5,20,1,0.9947534203529358,28
32,5,21,0,0.01534526888281107,29
32,5,22,0,0.054794520139694214,30
32,5,23,0,0.03888889029622078,31
32,5,24,1,0.9947534203529358,32
32,5,25,0,0.0,33
32,5,26,0,0.007751937955617905,34
32,5,27,0,0.0,35
32,5,28,1,1.0,36
32,5,29,0,0.0,37
32,5,30,0,0.0,38
32,5,31,0,0.007751937955617905,39
32,5,32,0,0.025974025949835777,40
32,5,33,1,0.7142857313156128,41
32,5,34,0,0.01534526888281107,42
32,5,35,0,0.01534526888281107,43
32,5,36,1,0.8999999761581421,44
32,5,37,0,0.025974025949835777,45
32,5,38,0,0.008064515888690948,46
32,5,39,1,0.9947534203529358,47
32,5,40,0,0.0,48
34,5,5,1,0.7142857313156128,1
34,5,6,0,0.12871287763118744,2
34,5,7,0,0.03888889029622078,3
34,5,8,1,0.5,4
34,5,9,0,0.03888889029622078,5
34,5,10,1,0.9947534203529358,6
34,5,11,1,0.6410256624221802,7
34,5,12,0,0.16129031777381897,8
34,5,13,1,0.8093905448913574,9
34,5,14,0,0.008064515888690948,10
34,5,15,0,0.007751937955617905,11
34,5,16,0,0.2164948433637619,12
34,5,17,0,0.025974025949835777,13
34,5,18,1,0.8974359035491943,14
34,5,19,1,0.30000001192092896,15
34,5,20,1,0.5,16
34,5,21,0,0.0,17
34,5,22,0,0.01534526888281107,18
34,5,23,0,0.054794520139694214,19
34,5,24,1,0.9947534203529358,20
34,5,25,0,0.0,21
34,5,26,0,0.0,22
34,5,27,0,0.0,23
34,5,28,1,1.0,24
34,5,29,0,0.0,25
34,5,30,0,0.0,26
34,5,31,0,0.007751937955617905,27
34,5,32,0,0.025974025949835777,28
34,5,33,1,0.8135592937469482,29
34,5,34,0,0.03888889029622078,30
34,5,35,0,0.01534526888281107,31
34,5,36,1,0.9166666865348816,32
34,5,37,0,0.01534526888281107,33
34,5,38,0,0.0,34
34,5,39,1,0.9947534203529358,35
34,5,40,0,0.0,36
36,4,33,0,0.25,1
36,4,34,0,0.16129031777381897,2
36,4,35,0,0.01534526888281107,3
36,4,36,0,0.03888889029622078,4
36,4,37,0,0.032786883413791656,5
36,4,38,0,0.03888889029622078,6
36,4,39,0,0.0,7
36,4,40,0,0.0,8
36,5,1,1,0.3589743673801422,9
36,5,2,0,0.007751937955617905,10
36,5,3,0,0.16129031777381897,11
36,5,4,1,0.7142857313156128,12
36,5,5,1,0.2164948433637619,13
36,5,6,0,0.0,14
36,5,7,0,0.01534526888281107,15
36,5,8,1,0.7142857313156128,16
36,5,9,0,0.03888889029622078,17
36,5,10,1,0.8135592937469482,18
36,5,11,1,0.9947534203529358,19
36,5,12,0,0.0,20
36,5,13,1,0.9947534203529358,21
36,5,14,0,0.0,22
36,5,15,0,0.01534526888281107,23
36,5,16,0,0.027027027681469917,24
36,5,17,0,0.025974025949835777,25
36,5,18,1,0.9947534203529358,26
36,5,19,1,0.3589743673801422,27
36,5,20,1,0.9947534203529358,28
36,5,21,0,0.01534526888281107,29
36,5,22,0,0.6410256624221802,30
36,5,23,0,0.25,31
36,5,24,1,0.9117646813392639,32
36,5,25,0,0.0,33
36,5,26,0,0.12871287763118744,34
36,5,27,0,0.01534526888281107,35
36,5,28,1,0.9947534203529358,36
36,5,29,0,0.0,37
36,5,30,0,0.054794520139694214,38
36,5,31,0,0.25,39
36,5,32,0,0.03888889029622078,40
36,5,33,1,0.8991714715957642,41
36,5,34,0,0.025974025949835777,42
36,5,35,0,0.01534526888281107,43
36,5,36,1,0.970588207244873,44
36,5,37,0,0.032786883413791656,45
36,5,38,0,0.01534526888281107,46
36,5,39,1,0.9947534203529358,47
36,5,40,0,0.0,48
39,5,21,0,0.30000001192092896,1
39,5,22,0,0.054794520139694214,2
39,5,23,0,0.12871287763118744,3
39,5,24,1,0.05633324384689331,4
39,5,25,0,0.03888889029622078,5
39,5,26,0,0.054794520139694214,6
39,5,27,0,0.03888889029622078,7
39,5,28,1,0.9947534203529358,8
39,5,29,0,0.025974025949835777,9
39,5,30,0,0.054794520139694214,10
39,5,31,0,0.11287309229373932,11
39,5,32,0,0.2164948433637619,12
39,5,33,1,0.25,13
39,5,34,0,0.16129031777381897,14
39,5,35,0,0.01534526888281107,15
39,5,36,1,0.3589743673801422,16
39,5,37,0,0.032786883413791656,17
39,5,38,0,0.12871287763118744,18
39,5,39,1,0.8135592937469482,19
39,5,40,0,0.007751937955617905,20
39,6,1,0,0.06666667014360428,21
39,6,2,0,0.027027027681469917,22
39,6,3,0,0.054794520139694214,23
39,6,4,0,0.25,24
39,6,5,0,0.2164948433637619,25
39,6,6,0,0.09090909361839294,26
39,6,7,0,0.12871287763118744,27
39,6,8,0,0.03888889029622078,28
39,6,9,0,0.03888889029622078,29
39,6,10,0,0.30000001192092896,30
39,6,11,0,0.30000001192092896,31
39,6,12,0,0.12871287763118744,32
39,6,13,0,0.5263158082962036,33
39,6,14,0,0.3589743673801422,34
39,6,15,0,0.30000001192092896,35
39,6,16,0,0.16129031777381897,36
39,6,17,1,0.3589743673801422,37
39,6,18,1,0.8135592937469482,38
39,6,19,1,0.8974359035491943,39
39,6,20,1,0.8135592937469482,40
39,6,21,0,0.25,41
39,6,22,0,0.3589743673801422,42
39,6,23,0,0.5,43
39,6,24,1,0.7142857313156128,44
39,6,25,1,0.9947534203529358,45
39,6,26,1,0.9947534203529358,46
39,6,27,1,0.5263158082962036,47
39,6,28,0,0.8135592937469482,48
39,6,29,1,0.970588207244873,49
39,6,30,1,0.12871287763118744,50
39,6,31,1,0.9947534203529358,51
39,6,32,0,0.12871287763118744,52
39,6,33,1,0.03888889029622078,53
39,6,34,1,0.0,54
39,6,35,0,0.0,55
39,6,36,0,0.008064515888690948,56
39,6,37,0,0.30000001192092896,57
39,6,38,0,0.01534526888281107,58
39,6,39,1,0.25,59
39,6,40,1,0.007751937955617905,60
42,5,33,1,0.2164948433637619,1
42,5,34,0,0.25,2
42,5,35,0,0.025974025949835777,3
42,5,36,1,0.03888889029622078,4
42,5,37,0,0.25,5
42,5,38,0,0.008064515888690948,6
42,5,39,1,0.16129031777381897,7
42,5,40,0,0.25,8
42,6,1,0,0.01534526888281107,9
42,6,2,0,0.0,10
42,6,3,0,0.01534526888281107,11
42,6,4,0,0.25,12
42,6,5,0,0.03888889029622078,13
42,6,6,0,0.03888889029622078,14
42,6,7,0,0.2164948433637619,15
42,6,8,0,0.054794520139694214,16
42,6,9,0,0.25,17
42,6,10,0,0.054794520139694214,18
42,6,11,0,0.12871287763118744,19
42,6,12,0,0.2164948433637619,20
42,6,13,0,0.3589743673801422,21
42,6,14,0,0.25,22
42,6,15,0,0.3589743673801422,23
42,6,16,0,0.30000001192092896,24
42,6,17,1,0.3589743673801422,25
42,6,18,1,0.8135592937469482,26
42,6,19,1,0.3589743673801422,27
42,6,20,1,0.8135592937469482,28
42,6,21,0,0.12871287763118744,29
42,6,22,0,0.6410256624221802,30
42,6,23,0,0.5,31
42,6,24,1,0.7142857313156128,32
42,6,25,1,0.9947534203529358,33
42,6,26,1,0.9947534203529358,34
42,6,27,1,0.6410256624221802,35
42,6,28,0,0.8135592937469482,36
42,6,29,1,0.9947534203529358,37
42,6,30,1,0.01534526888281107,38
42,6,31,0,0.9117646813392639,39
42,6,32,0,0.9947534203529358,40
42,6,33,1,0.25,41
42,6,34,1,0.01534526888281107,42
42,6,35,0,0.0,43
42,6,36,0,0.16129031777381897,44
42,6,37,0,0.7142857313156128,45
42,6,38,0,0.025974025949835777,46
42,6,39,1,0.25,47
42,6,40,1,0.0,48
43,4,33,0,0.25,1
43,4,34,0,0.16129031777381897,2
43,4,35,0,0.01534526888281107,3
43,4,36,0,0.03888889029622078,4
43,4,37,0,0.032786883413791656,5
43,4,38,0,0.03888889029622078,6
43,4,39,0,0.0,7
43,4,40,0,0.0,8
43,6,1,0,0.12871287763118744,9
43,6,2,0,0.06666667014360428,10
43,6,3,0,0.10526315867900848,11
43,6,4,0,0.16129031777381897,12
43,6,5,0,0.12871287763118744,13
43,6,6,0,0.16129031777381897,14
43,6,7,0,0.25,15
43,6,8,0,0.25,16
43,6,9,0,0.2164948433637619,17
43,6,10,0,0.2164948433637619,18
43,6,11,0,0.16129031777381897,19
43,6,12,0,0.12871287763118744,20
43,6,13,0,0.25,21
43,6,14,0,0.2164948433637619,22
43,6,15,0,0.25,23
43,6,16,0,0.2164948433637619,24
43,6,17,1,0.5,25
43,6,18,1,0.9947534203529358,26
43,6,19,1,0.9947534203529358,27
43,6,20,1,0.9117646813392639,28
43,6,21,0,0.2164948433637619,29
43,6,22,0,0.25,30
43,6,23,0,0.25,31
43,6,24,1,0.7142857313156128,32
43,6,25,1,0.9947534203529358,33
43,6,26,1,0.9947534203529358,34
43,6,27,1,0.7142857313156128,35
43,6,28,0,0.8135592937469482,36
43,6,29,1,0.970588207244873,37
43,6,30,1,0.16129031777381897,38
43,6,31,0,0.9947534203529358,39
43,6,32,0,0.9947534203529358,40
43,6,33,1,0.25,41
43,6,34,1,0.025974025949835777,42
43,6,35,0,0.0,43
43,6,36,0,0.25,44
43,6,37,0,0.5263158082962036,45
43,6,38,0,0.01534526888281107,46
43,6,39,1,0.2164948433637619,47
43,6,40,1,0.0,48
44,4,33,0,0.25,1
44,4,34,0,0.16129031777381897,2
44,4,35,0,0.01534526888281107,3
44,4,36,0,0.03888889029622078,4
44,4,37,0,0.032786883413791656,5
44,4,38,0,0.03888889029622078,6
44,4,39,0,0.0,7
44,4,40,0,0.0,8
44,6,1,0,0.12871287763118744,9
44,6,2,0,0.06666667014360428,10
44,6,3,0,0.10526315867900848,11
44,6,4,0,0.16129031777381897,12
44,6,5,0,0.12871287763118744,13
44,6,6,0,0.16129031777381897,14
44,6,7,0,0.25,15
44,6,8,0,0.25,16
44,6,9,0,0.2164948433637619,17
44,6,10,0,0.2164948433637619,18
44,6,11,0,0.16129031777381897,19
44,6,12,0,0.12871287763118744,20
44,6,13,0,0.25,21
44,6,14,0,0.2164948433637619,22
44,6,15,0,0.25,23
44,6,16,0,0.2164948433637619,24
44,6,17,1,0.5,25
44,6,18,1,0.9947534203529358,26
44,6,19,1,0.9947534203529358,27
44,6,20,1,0.9117646813392639,28
44,6,21,0,0.2164948433637619,29
44,6,22,0,0.25,30
44,6,23,0,0.25,31
44,6,24,1,0.7142857313156128,32
44,6,25,1,0.9947534203529358,33
44,6,26,1,0.9947534203529358,34
44,6,27,1,0.7142857313156128,35
44,6,28,0,0.8135592937469482,36
44,6,29,1,0.970588207244873,37
44,6,30,1,0.16129031777381897,38
44,6,31,1,0.9947534203529358,39
44,6,32,0,0.16129031777381897,40
44,6,33,1,0.03888889029622078,41
44,6,34,1,0.0,42
44,6,35,0,0.0,43
44,6,36,0,0.12871287763118744,44
44,6,37,0,0.25,45
44,6,38,0,0.01534526888281107,46
44,6,39,1,0.2164948433637619,47
44,6,40,1,0.007751937955617905,48
45,5,21,0,0.30000001192092896,1
45,5,22,0,0.054794520139694214,2
45,5,23,0,0.12871287763118744,3
45,5,24,1,0.05633324384689331,4
45,5,25,0,0.03888889029622078,5
45,5,26,0,0.054794520139694214,6
45,5,27,0,0.03888889029622078,7
45,5,28,1,0.9947534203529358,8
45,5,29,0,0.025974025949835777,9
45,5,30,0,0.054794520139694214,10
45,5,31,0,0.11287309229373932,11
45,5,32,0,0.2164948433637619,12
45,5,33,1,0.25,13
45,5,34,0,0.16129031777381897,14
45,5,35,0,0.01534526888281107,15
45,5,36,1,0.3589743673801422,16
45,5,37,0,0.032786883413791656,17
45,5,38,0,0.12871287763118744,18
45,5,39,1,0.8135592937469482,19
45,5,40,0,0.007751937955617905,20
45,6,1,0,0.06666667014360428,21
45,6,2,0,0.027027027681469917,22
45,6,3,0,0.054794520139694214,23
45,6,4,0,0.25,24
45,6,5,0,0.2164948433637619,25
45,6,6,0,0.09090909361839294,26
45,6,7,0,0.12871287763118744,27
45,6,8,0,0.03888889029622078,28
45,6,9,0,0.03888889029622078,29
45,6,10,0,0.30000001192092896,30
45,6,11,0,0.30000001192092896,31
45,6,12,0,0.12871287763118744,32
45,6,13,0,0.5263158082962036,33
45,6,14,0,0.3589743673801422,34
45,6,15,0,0.30000001192092896,35
45,6,16,0,0.16129031777381897,36
45,6,17,1,0.3589743673801422,37
45,6,18,1,0.8135592937469482,38
45,6,19,1,0.8974359035491943,39
45,6,20,1,0.8135592937469482,40
45,6,21,0,0.25,41
45,6,22,0,0.3589743673801422,42
45,6,23,0,0.5,43
45,6,24,1,0.7142857313156128,44
45,6,25,1,0.9947534203529358,45
45,6,26,1,0.9947534203529358,46
45,6,27,1,0.5263158082962036,47
45,6,28,0,0.8135592937469482,48
45,6,29,1,0.970588207244873,49
45,6,30,1,0.12871287763118744,50
45,6,31,0,0.9947534203529358,51
45,6,32,0,0.9947534203529358,52
45,6,33,1,0.25,53
45,6,34,1,0.01534526888281107,54
45,6,35,0,0.0,55
45,6,36,0,0.16129031777381897,56
45,6,37,0,0.7142857313156128,57
45,6,38,0,0.025974025949835777,58
45,6,39,1,0.25,59
45,6,40,1,0.0,60
46,6,5,0,0.7142857313156128,1
46,6,6,0,0.16129031777381897,2
46,6,7,0,0.25,3
46,6,8,0,0.25,4
46,6,9,0,0.2164948433637619,5
46,6,10,0,0.2164948433637619,6
46,6,11,0,0.2164948433637619,7
46,6,12,0,0.12871287763118744,8
46,6,13,0,0.25,9
46,6,14,0,0.2164948433637619,10
46,6,15,0,0.2164948433637619,11
46,6,16,0,0.2164948433637619,12
46,6,17,1,0.5,13
46,6,18,1,0.8135592937469482,14
46,6,19,1,0.970588207244873,15
46,6,20,1,0.9947534203529358,16
46,6,21,0,0.054794520139694214,17
46,6,22,0,0.2164948433637619,18
46,6,23,0,0.25,19
46,6,24,1,0.9947534203529358,20
46,6,25,1,0.9947534203529358,21
46,6,26,1,0.9947534203529358,22
46,6,27,0,0.6410256624221802,23
46,6,28,0,0.9947534203529358,24
46,6,29,1,0.970588207244873,25
46,6,30,1,0.25,26
46,6,31,1,0.5263158082962036,27
46,6,32,0,0.03888889029622078,28
46,6,33,1,0.16129031777381897,29
46,6,34,1,0.0,30
46,6,35,0,0.0,31
46,6,36,0,0.007751937955617905,32
46,6,37,0,0.03888889029622078,33
46,6,38,0,0.0,34
46,6,39,1,0.01534526888281107,35
46,6,40,1,0.007751937955617905,36
48,6,5,0,0.7142857313156128,1
48,6,6,0,0.16129031777381897,2
48,6,7,0,0.25,3
48,6,8,0,0.25,4
48,6,9,0,0.2164948433637619,5
48,6,10,0,0.2164948433637619,6
48,6,11,0,0.2164948433637619,7
48,6,12,0,0.12871287763118744,8
48,6,13,0,0.25,9
48,6,14,0,0.054794520139694214,10
48,6,15,0,0.054794520139694214,11
48,6,16,0,0.03888889029622078,12
48,6,17,1,0.7142857313156128,13
48,6,18,1,0.9947534203529358,14
48,6,19,1,0.9947534203529358,15
48,6,20,1,1.0,16
48,6,21,0,0.5,17
48,6,22,0,0.7142857313156128,18
48,6,23,0,0.7142857313156128,19
48,6,24,1,0.9947534203529358,20
48,6,25,1,0.9947534203529358,21
48,6,26,1,0.9947534203529358,22
48,6,27,0,0.5,23
48,6,28,0,0.5263158082962036,24
48,6,29,1,0.9117646813392639,25
48,6,30,1,0.2164948433637619,26
48,6,31,1,0.3589743673801422,27
48,6,32,0,0.03888889029622078,28
48,6,33,1,0.03888889029622078,29
48,6,34,1,0.0,30
48,6,35,0,0.0,31
48,6,36,0,0.0,32
48,6,37,0,0.03888889029622078,33
48,6,38,0,0.0,34
48,6,39,1,0.025974025949835777,35
48,6,40,1,0.01534526888281107,36
50,5,33,1,0.2164948433637619,1
50,5,34,0,0.25,2
50,5,35,0,0.025974025949835777,3
50,5,36,1,0.03888889029622078,4
50,5,37,0,0.25,5
50,5,38,0,0.008064515888690948,6
50,5,39,1,0.16129031777381897,7
50,5,40,0,0.30000001192092896,8
50,6,1,0,0.03888889029622078,9
50,6,2,0,0.008064515888690948,10
50,6,3,0,0.01534526888281107,11
50,6,4,0,0.2164948433637619,12
50,6,5,0,0.03888889029622078,13
50,6,6,0,0.03888889029622078,14
50,6,7,0,0.25,15
50,6,8,0,0.054794520139694214,16
50,6,9,0,0.2164948433637619,17
50,6,10,0,0.054794520139694214,18
50,6,11,0,0.12871287763118744,19
50,6,12,0,0.25,20
50,6,13,1,0.3589743673801422,21
50,6,14,0,0.5,22
50,6,15,0,0.2164948433637619,23
50,6,16,0,0.12871287763118744,24
50,6,17,1,0.5,25
50,6,18,1,0.800000011920929,26
50,6,19,1,0.8135592937469482,27
50,6,20,1,0.9947534203529358,28
50,6,21,0,0.5,29
50,6,22,0,0.8974359035491943,30
50,6,23,0,0.6410256624221802,31
50,6,24,1,0.970588207244873,32
50,6,25,1,0.9947534203529358,33
50,6,26,1,0.9947534203529358,34
50,6,27,0,0.3589743673801422,35
50,6,28,0,0.9117646813392639,36
50,6,29,1,0.9947534203529358,37
50,6,30,1,0.25,38
50,6,31,1,0.5263158082962036,39
50,6,32,0,0.3589743673801422,40
50,6,33,1,0.054794520139694214,41
50,6,34,1,0.0,42
50,6,35,0,0.0,43
50,6,36,0,0.01534526888281107,44
50,6,37,0,0.30000001192092896,45
50,6,38,0,0.025974025949835777,46
50,6,39,1,0.30000001192092896,47
50,6,40,1,0.01534526888281107,48
51,4,17,0,0.3589743673801422,1
51,4,18,1,0.7142857313156128,2
51,4,19,0,0.054794520139694214,3
51,4,20,1,0.7142857313156128,4
51,4,21,0,0.03888889029622078,5
51,4,22,0,0.12871287763118744,6
51,4,23,1,0.2164948433637619,7
51,4,24,0,0.5,8
51,4,25,0,0.2164948433637619,9
51,4,26,0,0.2164948433637619,10
51,4,27,0,0.10526315867900848,11
51,4,28,1,0.5263158082962036,12
51,4,29,1,0.3589743673801422,13
51,4,30,0,0.16129031777381897,14
51,4,31,1,0.9117646813392639,15
51,4,32,0,0.0,16
51,4,33,0,0.0,17
51,4,34,0,0.0,18
51,4,35,0,0.0,19
51,4,36,0,0.7142857313156128,20
51,4,37,0,0.12871287763118744,21
51,4,38,0,0.0,22
51,4,39,0,0.03888889029622078,23
51,4,40,0,0.008064515888690948,24
52,6,5,0,0.7142857313156128,1
52,6,6,0,0.16129031777381897,2
52,6,7,0,0.25,3
52,6,8,0,0.25,4
52,6,9,0,0.2164948433637619,5
52,6,10,0,0.2164948433637619,6
52,6,11,0,0.2164948433637619,7
52,6,12,0,0.12871287763118744,8
52,6,13,0,0.25,9
52,6,14,0,0.054794520139694214,10
52,6,15,0,0.054794520139694214,11
52,6,16,0,0.03888889029622078,12
52,6,17,1,0.7142857313156128,13
52,6,18,1,0.9947534203529358,14
52,6,19,1,0.9947534203529358,15
52,6,20,1,1.0,16
52,6,21,0,0.5,17
52,6,22,0,0.7142857313156128,18
52,6,23,0,0.7142857313156128,19
52,6,24,1,0.9947534203529358,20
52,6,25,1,0.9947534203529358,21
52,6,26,1,0.9947534203529358,22
52,6,27,1,0.5,23
52,6,28,0,0.2164948433637619,24
52,6,29,1,0.8974359035491943,25
52,6,30,1,0.03888889029622078,26
52,6,31,0,0.8035430908203125,27
52,6,32,0,0.9947534203529358,28
52,6,33,1,0.12871287763118744,29
52,6,34,1,0.0,30
52,6,35,0,0.0,31
52,6,36,0,0.01534526888281107,32
52,6,37,0,0.25,33
52,6,38,0,0.0,34
52,6,39,1,0.025974025949835777,35
52,6,40,1,0.01534526888281107,36
53,4,5,1,0.800000011920929,1
53,4,6,0,0.12871287763118744,2
53,4,7,1,0.032786883413791656,3
53,4,8,0,0.25,4
53,4,9,1,0.3589743673801422,5
53,4,10,1,0.30000001192092896,6
53,4,11,1,0.9947534203529358,7
53,4,12,0,0.054794520139694214,8
53,4,13,1,0.9947534203529358,9
53,4,14,0,0.03888889029622078,10
53,4,15,0,0.03888889029622078,11
53,4,16,1,0.8974359035491943,12
53,4,17,0,0.008064515888690948,13
53,4,18,1,0.5,14
53,4,19,0,0.025974025949835777,15
53,4,20,1,0.800000011920929,16
53,4,21,0,0.0,17
53,4,22,0,0.12871287763118744,18
53,4,23,1,0.7142857313156128,19
53,4,24,0,0.008064515888690948,20
53,4,25,0,0.0,21
53,4,26,0,0.0,22
53,4,27,0,0.0,23
53,4,28,1,0.9947534203529358,24
53,4,29,0,0.7142857313156128,25
53,4,30,0,0.3589743673801422,26
53,4,31,1,0.9947534203529358,27
53,4,32,0,0.01534526888281107,28
53,4,33,0,0.025974025949835777,29
53,4,34,0,0.025974025949835777,30
53,4,35,0,0.0,31
53,4,36,0,0.027027027681469917,32
53,4,37,0,0.01534526888281107,33
53,4,38,0,0.0,34
53,4,39,0,0.0,35
53,4,40,0,0.0,36
54,4,33,0,0.25,1
54,4,34,0,0.16129031777381897,2
54,4,35,0,0.01534526888281107,3
54,4,36,0,0.03888889029622078,4
54,4,37,0,0.032786883413791656,5
54,4,38,0,0.03888889029622078,6
54,4,39,0,0.0,7
54,4,40,0,0.0,8
54,6,1,0,0.12871287763118744,9
54,6,2,0,0.06666667014360428,10
54,6,3,0,0.10526315867900848,11
54,6,4,0,0.16129031777381897,12
54,6,5,0,0.12871287763118744,13
54,6,6,0,0.16129031777381897,14
54,6,7,0,0.25,15
54,6,8,0,0.25,16
54,6,9,0,0.2164948433637619,17
54,6,10,0,0.2164948433637619,18
54,6,11,0,0.16129031777381897,19
54,6,12,0,0.12871287763118744,20
54,6,13,0,0.25,21
54,6,14,0,0.10526315867900848,22
54,6,15,0,0.06666667014360428,23
54,6,16,0,0.054794520139694214,24
54,6,17,0,0.7142857313156128,25
54,6,18,1,0.9117646813392639,26
54,6,19,1,0.9947534203529358,27
54,6,20,1,0.9947534203529358,28
54,6,21,0,0.9166666865348816,29
54,6,22,0,0.970588207244873,30
54,6,23,0,0.970588207244873,31
54,6,24,1,0.6410256624221802,32
54,6,25,1,0.9947534203529358,33
54,6,26,1,0.9947534203529358,34
54,6,27,1,0.3589743673801422,35
54,6,28,0,0.9166666865348816,36
54,6,29,1,0.8135592937469482,37
54,6,30,1,0.16129031777381897,38
54,6,31,1,0.9947534203529358,39
54,6,32,0,0.16129031777381897,40
54,6,33,1,0.025974025949835777,41
54,6,34,1,0.0,42
54,6,35,0,0.0,43
54,6,36,0,0.025974025949835777,44
54,6,37,0,0.2164948433637619,45
54,6,38,0,0.027027027681469917,46
54,6,39,1,0.25,47
54,6,40,1,0.01534526888281107,48
55,4,33,0,0.25,1
55,4,34,0,0.16129031777381897,2
55,4,35,0,0.01534526888281107,3
55,4,36,0,0.03888889029622078,4
55,4,37,0,0.032786883413791656,5
55,4,38,0,0.03888889029622078,6
55,4,39,0,0.0,7
55,4,40,0,0.0,8
55,5,1,0,0.3589743673801422,9
55,5,2,0,0.054794520139694214,10
55,5,3,0,0.10526315867900848,11
55,5,4,1,0.25,12
55,5,5,1,0.3589743673801422,13
55,5,6,0,0.0,14
55,5,7,0,0.025974025949835777,15
55,5,8,1,0.800000011920929,16
55,5,9,0,0.16129031777381897,17
55,5,10,1,0.8135592937469482,18
55,5,11,1,0.9947534203529358,19
55,5,12,0,0.054794520139694214,20
55,5,13,1,0.9947534203529358,21
55,5,14,0,0.0,22
55,5,15,0,0.008064515888690948,23
55,5,16,0,0.054794520139694214,24
55,5,17,0,0.01534526888281107,25
55,5,18,1,0.9947534203529358,26
55,5,19,0,0.5263158082962036,27
55,5,20,1,0.8135592937469482,28
55,5,21,0,0.0,29
55,5,22,0,0.01534526888281107,30
55,5,23,0,0.03888889029622078,31
55,5,24,1,0.9947534203529358,32
55,5,25,0,0.0,33
55,5,26,0,0.01534526888281107,34
55,5,27,0,0.0,35
55,5,28,1,1.0,36
55,5,29,0,0.0,37
55,5,30,0,0.0,38
55,5,31,0,0.025974025949835777,39
55,5,32,0,0.032786883413791656,40
55,5,33,1,0.3589743673801422,41
55,5,34,0,0.03888889029622078,42
55,5,35,0,0.025974025949835777,43
55,5,36,1,0.970588207244873,44
55,5,37,0,0.032786883413791656,45
55,5,38,0,0.008064515888690948,46
55,5,39,1,0.9947534203529358,47
55,5,40,0,0.0,48
56,5,21,0,0.30000001192092896,1
56,5,22,0,0.5198682546615601,2
56,5,23,0,0.5263158082962036,3
56,5,24,1,0.5,4
56,5,25,0,0.03888889029622078,5
56,5,26,0,0.12871287763118744,6
56,5,27,0,0.03888889029622078,7
56,5,28,1,0.9947534203529358,8
56,5,29,0,0.027027027681469917,9
56,5,30,0,0.054794520139694214,10
56,5,31,0,0.12871287763118744,11
56,5,32,0,0.25,12
56,5,33,1,0.3589743673801422,13
56,5,34,0,0.16129031777381897,14
56,5,35,0,0.01534526888281107,15
56,5,36,1,0.30000001192092896,16
56,5,37,0,0.032786883413791656,17
56,5,38,0,0.12871287763118744,18
56,5,39,1,0.8135592937469482,19
56,5,40,0,0.01534526888281107,20
56,6,1,0,0.06666667014360428,21
56,6,2,1,0.025974025949835777,22
56,6,3,0,0.03888889029622078,23
56,6,4,0,0.2164948433637619,24
56,6,5,1,0.09090909361839294,25
56,6,6,1,0.03888889029622078,26
56,6,7,1,0.025974025949835777,27
56,6,8,0,0.12871287763118744,28
56,6,9,0,0.30000001192092896,29
56,6,10,0,0.5263158082962036,30
56,6,11,1,0.25,31
56,6,12,0,0.30000001192092896,32
56,6,13,1,0.3589743673801422,33
56,6,14,0,0.8974359035491943,34
56,6,15,0,0.2164948433637619,35
56,6,16,0,0.2164948433637619,36
56,6,17,1,0.3589743673801422,37
56,6,18,1,0.8135592937469482,38
56,6,19,0,0.7142857313156128,39
56,6,20,0,0.5,40
56,6,21,0,0.3589743673801422,41
56,6,22,1,0.5,42
56,6,23,0,0.3589743673801422,43
56,6,24,1,0.30000001192092896,44
56,6,25,0,0.5263158082962036,45
56,6,26,0,0.25,46
56,6,27,0,0.03888889029622078,47
56,6,28,1,0.12871287763118744,48
56,6,29,0,0.30000001192092896,49
56,6,30,1,0.025974025949835777,50
56,6,31,1,0.25,51
56,6,32,1,0.5130531191825867,52
56,6,33,1,0.30000001192092896,53
56,6,34,0,0.25,54
56,6,35,0,0.0,55
56,6,36,0,0.054794520139694214,56
56,6,37,1,0.01534526888281107,57
56,6,38,0,0.25,58
56,6,39,1,0.25,59
56,6,40,0,0.25,60
57,6,5,0,0.7142857313156128,1
57,6,6,0,0.16129031777381897,2
57,6,7,0,0.25,3
57,6,8,0,0.25,4
57,6,9,0,0.2164948433637619,5
57,6,10,0,0.2164948433637619,6
57,6,11,0,0.2164948433637619,7
57,6,12,0,0.12871287763118744,8
57,6,13,0,0.25,9
57,6,14,0,0.054794520139694214,10
57,6,15,0,0.054794520139694214,11
57,6,16,0,0.03888889029622078,12
57,6,17,1,0.7142857313156128,13
57,6,18,1,0.9947534203529358,14
57,6,19,1,0.9947534203529358,15
57,6,20,1,1.0,16
57,6,21,0,0.5,17
57,6,22,0,0.7142857313156128,18
57,6,23,0,0.7142857313156128,19
57,6,24,1,0.9947534203529358,20
57,6,25,1,0.9947534203529358,21
57,6,26,1,0.9947534203529358,22
57,6,27,0,0.5,23
57,6,28,0,0.5263158082962036,24
57,6,29,1,0.9117646813392639,25
57,6,30,1,0.2164948433637619,26
57,6,31,0,0.3589743673801422,27
57,6,32,0,0.8135592937469482,28
57,6,33,1,0.5263158082962036,29
57,6,34,1,0.025974025949835777,30
57,6,35,0,0.0,31
57,6,36,0,0.12871287763118744,32
57,6,37,0,0.3589743673801422,33
57,6,38,0,0.01534526888281107,34
57,6,39,1,0.2164948433637619,35
57,6,40,1,0.0,36
58,5,33,1,0.2164948433637619,1
58,5,34,0,0.25,2
58,5,35,0,0.025974025949835777,3
58,5,36,1,0.03888889029622078,4
58,5,37,0,0.25,5
58,5,38,0,0.008064515888690948,6
58,5,39,1,0.16129031777381897,7
58,5,40,0,0.30000001192092896,8
58,6,1,0,0.03888889029622078,9
58,6,2,0,0.008064515888690948,10
58,6,3,0,0.01534526888281107,11
58,6,4,0,0.2164948433637619,12
58,6,5,0,0.03888889029622078,13
58,6,6,0,0.03888889029622078,14
58,6,7,0,0.25,15
58,6,8,0,0.054794520139694214,16
58,6,9,0,0.2164948433637619,17
58,6,10,0,0.054794520139694214,18
58,6,11,0,0.12871287763118744,19
58,6,12,0,0.25,20
58,6,13,0,0.3589743673801422,21
58,6,14,0,0.25,22
58,6,15,0,0.5,23
58,6,16,0,0.3589743673801422,24
58,6,17,1,0.5263158082962036,25
58,6,18,1,0.9947534203529358,26
58,6,19,1,0.8135592937469482,27
58,6,20,1,0.9947534203529358,28
58,6,21,0,0.5263158082962036,29
58,6,22,0,0.9947534203529358,30
58,6,23,0,0.970588207244873,31
58,6,24,1,0.8974359035491943,32
58,6,25,1,0.9947534203529358,33
58,6,26,1,0.9947534203529358,34
58,6,27,1,0.5005185604095459,35
58,6,28,0,0.5,36
58,6,29,1,0.970588207244873,37
58,6,30,1,0.025974025949835777,38
58,6,31,0,0.9947534203529358,39
58,6,32,0,0.9947534203529358,40
58,6,33,1,0.16129031777381897,41
58,6,34,1,0.01534526888281107,42
58,6,35,0,0.0,43
58,6,36,0,0.16129031777381897,44
58,6,37,0,0.5263158082962036,45
58,6,38,0,0.03888889029622078,46
58,6,39,1,0.25,47
58,6,40,1,0.0,48
60,4,33,0,0.25,1
60,4,34,0,0.16129031777381897,2
60,4,35,0,0.01534526888281107,3
60,4,36,0,0.03888889029622078,4
60,4,37,0,0.032786883413791656,5
60,4,38,0,0.03888889029622078,6
60,4,39,0,0.0,7
60,4,40,0,0.0,8
60,5,1,0,0.3589743673801422,9
60,5,2,0,0.054794520139694214,10
60,5,3,0,0.10526315867900848,11
60,5,4,1,0.25,12
60,5,5,0,0.3589743673801422,13
60,5,6,0,0.16129031777381897,14
60,5,7,0,0.7142857313156128,15
60,5,8,1,0.5263158082962036,16
60,5,9,0,0.5263158082962036,17
60,5,10,1,0.9947534203529358,18
60,5,11,1,0.9947534203529358,19
60,5,12,0,0.03888889029622078,20
60,5,13,1,0.9947534203529358,21
60,5,14,0,0.008064515888690948,22
60,5,15,0,0.0,23
60,5,16,0,0.025974025949835777,24
60,5,17,0,0.12871287763118744,25
60,5,18,1,0.9947534203529358,26
60,5,19,1,0.5263158082962036,27
60,5,20,1,0.7142857313156128,28
60,5,21,0,0.008064515888690948,29
60,5,22,1,0.09090909361839294,30
60,5,23,0,0.01534526888281107,31
60,5,24,1,0.7142857313156128,32
60,5,25,0,0.007751937955617905,33
60,5,26,0,0.008064515888690948,34
60,5,27,0,0.0,35
60,5,28,1,1.0,36
60,5,29,0,0.0,37
60,5,30,0,0.0,38
60,5,31,0,0.0,39
60,5,32,0,0.01534526888281107,40
60,5,33,1,0.7142857313156128,41
60,5,34,0,0.01534526888281107,42
60,5,35,0,0.0,43
60,5,36,1,0.8974359035491943,44
60,5,37,0,0.027027027681469917,45
60,5,38,0,0.0,46
60,5,39,1,0.9947534203529358,47
60,5,40,0,0.0,48
61,5,33,1,0.16129031777381897,1
61,5,34,0,0.032786883413791656,2
61,5,35,0,0.008064515888690948,3
61,5,36,1,0.01534526888281107,4
61,5,37,0,0.30000001192092896,5
61,5,38,0,0.01534526888281107,6
61,5,39,1,0.2164948433637619,7
61,5,40,0,0.25,8
61,7,1,0,0.01534526888281107,9
61,7,2,0,0.01534526888281107,10
61,7,3,0,0.0,11
61,7,4,0,0.03888889029622078,12
61,7,5,1,0.01534526888281107,13
61,7,6,1,0.01534526888281107,14
61,7,7,0,0.007751937955617905,15
61,7,8,1,0.03888889029622078,16
61,7,9,0,0.008064515888690948,17
61,7,10,0,0.054794520139694214,18
61,7,11,0,0.2646806836128235,19
61,7,12,1,0.2164948433637619,20
61,7,13,0,0.054794520139694214,21
61,7,14,1,0.16129031777381897,22
61,7,15,0,0.01534526888281107,23
61,7,16,0,0.01534526888281107,24
61,7,17,0,0.054794520139694214,25
61,7,18,1,0.06666667014360428,26
61,7,19,0,0.032786883413791656,27
61,7,20,0,0.3589743673801422,28
61,7,21,1,0.03888889029622078,29
61,7,22,0,0.2164948433637619,30
61,7,23,0,0.3589743673801422,31
61,7,24,0,0.25,32
61,7,25,0,0.30000001192092896,33
61,7,26,0,0.2164948433637619,34
61,7,27,0,0.054794520139694214,35
61,7,28,1,0.8974359035491943,36
61,7,29,0,0.6410256624221802,37
61,7,30,1,0.2164948433637619,38
61,7,31,1,0.2164948433637619,39
61,7,32,0,0.032786883413791656,40
61,7,33,0,0.01534526888281107,41
61,7,34,0,0.01534526888281107,42
61,7,35,0,0.007751937955617905,43
61,7,36,0,0.03888889029622078,44
61,7,37,0,0.03888889029622078,45
61,7,38,1,0.0,46
61,7,39,0,0.03888889029622078,47
61,7,40,0,0.0,48
62,4,33,0,0.25,1
62,4,34,0,0.16129031777381897,2
62,4,35,0,0.0,3
62,4,36,0,0.008064515888690948,4
62,4,37,0,0.0,5
62,4,38,0,0.054794520139694214,6
62,4,39,0,0.007751937955617905,7
62,4,40,0,0.0,8
62,5,1,0,0.12871287763118744,9
62,5,2,0,0.03888889029622078,10
62,5,3,0,0.054794520139694214,11
62,5,4,1,0.16129031777381897,12
62,5,5,1,0.3589743673801422,13
62,5,6,0,0.0,14
62,5,7,0,0.027027027681469917,15
62,5,8,1,0.5263158082962036,16
62,5,9,0,0.25,17
62,5,10,1,0.8135592937469482,18
62,5,11,1,0.9947534203529358,19
62,5,12,0,0.10526315867900848,20
62,5,13,1,0.9947534203529358,21
62,5,14,0,0.0,22
62,5,15,0,0.008064515888690948,23
62,5,16,0,0.054794520139694214,24
62,5,17,0,0.01534526888281107,25
62,5,18,1,0.9947534203529358,26
62,5,19,1,0.7142857313156128,27
62,5,20,1,0.7142857313156128,28
62,5,21,0,0.008064515888690948,29
62,5,22,1,0.06666667014360428,30
62,5,23,0,0.03888889029622078,31
62,5,24,1,0.9117646813392639,32
62,5,25,0,0.0,33
62,5,26,0,0.007751937955617905,34
62,5,27,0,0.0,35
62,5,28,1,1.0,36
62,5,29,0,0.0,37
62,5,30,0,0.0,38
62,5,31,0,0.01534526888281107,39
62,5,32,0,0.007751937955617905,40
62,5,33,1,0.7142857313156128,41
62,5,34,0,0.008064515888690948,42
62,5,35,0,0.0,43
62,5,36,1,0.9947534203529358,44
62,5,37,0,0.01534526888281107,45
62,5,38,0,0.0,46
62,5,39,1,0.9947534203529358,47
62,5,40,0,0.0,48
63,4,33,0,0.25,1
63,4,34,0,0.16129031777381897,2
63,4,35,0,0.0,3
63,4,36,0,0.008064515888690948,4
63,4,37,0,0.0,5
63,4,38,0,0.054794520139694214,6
63,4,39,0,0.007751937955617905,7
63,4,40,0,0.0,8
63,7,1,0,0.054794520139694214,9
63,7,2,0,0.03888889029622078,10
63,7,3,0,0.01534526888281107,11
63,7,4,0,0.06666667014360428,12
63,7,5,0,0.054794520139694214,13
63,7,6,0,0.2164948433637619,14
63,7,7,0,0.25,15
63,7,8,1,0.25,16
63,7,9,0,0.25,17
63,7,10,0,0.25,18
63,7,11,0,0.25,19
63,7,12,0,0.2164948433637619,20
63,7,13,0,0.5263158082962036,21
63,7,14,1,0.3589743673801422,22
63,7,15,0,0.3589743673801422,23
63,7,16,0,0.3589743673801422,24
63,7,17,0,0.7142857313156128,25
63,7,18,1,0.3589743673801422,26
63,7,19,0,0.25,27
63,7,20,0,0.3589743673801422,28
63,7,21,1,0.16129031777381897,29
63,7,22,0,0.25,30
63,7,23,0,0.5,31
63,7,24,0,0.7142857313156128,32
63,7,25,0,0.5263158082962036,33
63,7,26,0,0.11935120820999146,34
63,7,27,0,0.12871287763118744,35
63,7,28,0,0.5,36
63,7,29,0,0.12871287763118744,37
63,7,30,0,0.025974025949835777,38
63,7,31,1,0.027027027681469917,39
63,7,32,0,0.5,40
63,7,33,0,0.5,41
63,7,34,0,0.3589743673801422,42
63,7,35,0,0.032786883413791656,43
63,7,36,0,0.30000001192092896,44
63,7,37,0,0.25,45
63,7,38,0,0.16129031777381897,46
63,7,39,0,0.007751937955617905,47
63,7,40,0,0.0,48
64,6,21,0,0.3589743673801422,1
64,6,22,0,0.3589743673801422,2
64,6,23,0,0.5,3
64,6,24,1,0.3589743673801422,4
64,6,25,1,0.5263158082962036,5
64,6,26,1,0.800000011920929,6
64,6,27,1,0.03888889029622078,7
64,6,28,0,0.5048813223838806,8
64,6,29,1,0.9117646813392639,9
64,6,30,1,0.01534526888281107,10
64,6,31,0,0.3589743673801422,11
64,6,32,0,0.25,12
64,6,33,1,0.008064515888690948,13
64,6,34,1,0.0,14
64,6,35,0,0.0,15
64,6,36,0,0.0,16
64,6,37,0,0.054794520139694214,17
64,6,38,0,0.0,18
64,6,39,1,0.01534526888281107,19
64,6,40,1,0.0,20
64,7,1,0,0.2164948433637619,21
64,7,2,0,0.3589743673801422,22
64,7,3,0,0.25,23
64,7,4,0,0.5263158082962036,24
64,7,5,1,0.5,25
64,7,6,1,0.25,26
64,7,7,0,0.2164948433637619,27
64,7,8,0,0.3589743673801422,28
64,7,9,0,0.06666667014360428,29
64,7,10,0,0.25,30
64,7,11,1,0.03888889029622078,31
64,7,12,0,0.008064515888690948,32
64,7,13,0,0.03888889029622078,33
64,7,14,0,0.03888889029622078,34
64,7,15,0,0.01534526888281107,35
64,7,16,0,0.25,36
64,7,17,0,0.2164948433637619,37
64,7,18,0,0.051278941333293915,38
64,7,19,1,0.16129031777381897,39
64,7,20,0,0.12871287763118744,40
64,7,21,0,0.025974025949835777,41
64,7,22,0,0.12871287763118744,42
64,7,23,0,0.16129031777381897,43
64,7,24,0,0.2164948433637619,44
64,7,25,0,0.25,45
64,7,26,0,0.12871287763118744,46
64,7,27,0,0.03888889029622078,47
64,7,28,0,0.6410256624221802,48
64,7,29,0,0.3589743673801422,49
64,7,30,0,0.10515940934419632,50
64,7,31,0,0.03888889029622078,51
64,7,32,0,0.0,52
64,7,33,1,0.054794520139694214,53
64,7,34,0,0.03888889029622078,54
64,7,35,1,0.0,55
64,7,36,0,0.2164948433637619,56
64,7,37,0,0.054794520139694214,57
64,7,38,0,0.12871287763118744,58
64,7,39,0,0.008064515888690948,59
64,7,40,0,0.0,60
65,6,5,0,0.6410256624221802,1
65,6,6,0,0.12871287763118744,2
65,6,7,0,0.2164948433637619,3
65,6,8,0,0.16129031777381897,4
65,6,9,0,0.16129031777381897,5
65,6,10,0,0.054794520139694214,6
65,6,11,0,0.008064515888690948,7
65,6,12,0,0.0,8
65,6,13,1,0.01534526888281107,9
65,6,14,0,0.01534526888281107,10
65,6,15,0,0.03888889029622078,11
65,6,16,0,0.16129031777381897,12
65,6,17,1,0.3589743673801422,13
65,6,18,1,0.8974359035491943,14
65,6,19,1,0.8974359035491943,15
65,6,20,1,0.9947534203529358,16
65,6,21,0,0.032786883413791656,17
65,6,22,0,0.054794520139694214,18
65,6,23,0,0.2164948433637619,19
65,6,24,1,0.8135592937469482,20
65,6,25,1,0.9947534203529358,21
65,6,26,1,0.9947534203529358,22
65,6,27,1,0.11827658116817474,23
65,6,28,0,0.3589743673801422,24
65,6,29,1,0.9166666865348816,25
65,6,30,1,0.03888889029622078,26
65,6,31,1,0.5,27
65,6,32,0,0.03888889029622078,28
65,6,33,1,0.0,29
65,6,34,1,0.0,30
65,6,35,0,0.0,31
65,6,36,0,0.0,32
65,6,37,0,0.032786883413791656,33
65,6,38,0,0.0,34
65,6,39,1,0.032786883413791656,35
65,6,40,1,0.0,36
67,5,33,1,0.16129031777381897,1
67,5,34,0,0.032786883413791656,2
67,5,35,0,0.008064515888690948,3
67,5,36,1,0.01534526888281107,4
67,5,37,0,0.30000001192092896,5
67,5,38,0,0.01534526888281107,6
67,5,39,1,0.2164948433637619,7
67,5,40,0,0.25,8
67,7,1,0,0.01534526888281107,9
67,7,2,0,0.01534526888281107,10
67,7,3,0,0.0,11
67,7,4,1,0.03888889029622078,12
67,7,5,1,0.03888889029622078,13
67,7,6,1,0.01534526888281107,14
67,7,7,0,0.007751937955617905,15
67,7,8,1,0.25,16
67,7,9,0,0.01534526888281107,17
67,7,10,0,0.25,18
67,7,11,1,0.5248732566833496,19
67,7,12,1,0.01534526888281107,20
67,7,13,1,0.3589743673801422,21
67,7,14,1,0.2164948433637619,22
67,7,15,0,0.2164948433637619,23
67,7,16,0,0.25,24
67,7,17,0,0.2164948433637619,25
67,7,18,1,0.25,26
67,7,19,0,0.10526315867900848,27
67,7,20,0,0.25,28
67,7,21,1,0.054794520139694214,29
67,7,22,0,0.25,30
67,7,23,1,0.3589743673801422,31
67,7,24,0,0.3589743673801422,32
67,7,25,0,0.3589743673801422,33
67,7,26,0,0.16129031777381897,34
67,7,27,0,0.027027027681469917,35
67,7,28,1,0.30000001192092896,36
67,7,29,1,0.2164948433637619,37
67,7,30,1,0.01534526888281107,38
67,7,31,1,0.2164948433637619,39
67,7,32,0,0.03888889029622078,40
67,7,33,0,0.025974025949835777,41
67,7,34,0,0.03888889029622078,42
67,7,35,0,0.01534526888281107,43
67,7,36,0,0.12871287763118744,44
67,7,37,0,0.03888889029622078,45
67,7,38,1,0.01534526888281107,46
67,7,39,0,0.032786883413791656,47
67,7,40,0,0.0,48
68,6,33,1,0.25,1
68,6,34,1,0.0,2
68,6,35,0,0.0,3
68,6,36,0,0.0,4
68,6,37,0,0.025974025949835777,5
68,6,38,0,0.007751937955617905,6
68,6,39,1,0.0,7
68,6,40,1,0.0,8
68,7,1,0,0.2164948433637619,9
68,7,2,0,0.3589743673801422,10
68,7,3,0,0.16129031777381897,11
68,7,4,0,0.5051230788230896,12
68,7,5,1,0.3589743673801422,13
68,7,6,0,0.16129031777381897,14
68,7,7,0,0.032786883413791656,15
68,7,8,1,0.025974025949835777,16
68,7,9,0,0.008064515888690948,17
68,7,10,0,0.03888889029622078,18
68,7,11,0,0.03888889029622078,19
68,7,12,1,0.3589743673801422,20
68,7,13,0,0.03888889029622078,21
68,7,14,1,0.025974025949835777,22
68,7,15,0,0.01534526888281107,23
68,7,16,0,0.01534526888281107,24
68,7,17,0,0.06666667014360428,25
68,7,18,1,0.03888889029622078,26
68,7,19,0,0.01534526888281107,27
68,7,20,1,0.3589743673801422,28
68,7,21,1,0.03888889029622078,29
68,7,22,1,0.16129031777381897,30
68,7,23,1,0.16129031777381897,31
68,7,24,0,0.5,32
68,7,25,1,0.7142857313156128,33
68,7,26,0,0.30000001192092896,34
68,7,27,0,0.2164948433637619,35
68,7,28,1,0.9117646813392639,36
68,7,29,0,0.30000001192092896,37
68,7,30,1,0.2164948433637619,38
68,7,31,1,0.032786883413791656,39
68,7,32,0,0.12871287763118744,40
68,7,33,0,0.12871287763118744,41
68,7,34,0,0.16129031777381897,42
68,7,35,0,0.03888889029622078,43
68,7,36,0,0.06666667014360428,44
68,7,37,0,0.054794520139694214,45
68,7,38,0,0.025974025949835777,46
68,7,39,0,0.3589743673801422,47
68,7,40,0,0.0,48
72,6,33,1,0.25,1
72,6,34,1,0.0,2
72,6,35,0,0.0,3
72,6,36,0,0.0,4
72,6,37,0,0.025974025949835777,5
72,6,38,0,0.007751937955617905,6
72,6,39,1,0.0,7
72,6,40,1,0.0,8
72,7,1,0,0.2164948433637619,9
72,7,2,0,0.3589743673801422,10
72,7,3,0,0.16129031777381897,11
72,7,4,0,0.5051230788230896,12
72,7,5,1,0.3589743673801422,13
72,7,6,1,0.16129031777381897,14
72,7,7,0,0.01534526888281107,15
72,7,8,1,0.03888889029622078,16
72,7,9,0,0.02365230582654476,17
72,7,10,0,0.03888889029622078,18
72,7,11,0,0.03888889029622078,19
72,7,12,1,0.16129031777381897,20
72,7,13,1,0.03888889029622078,21
72,7,14,1,0.01534526888281107,22
72,7,15,0,0.03888889029622078,23
72,7,16,0,0.008064515888690948,24
72,7,17,0,0.03888889029622078,25
72,7,18,1,0.12871287763118744,26
72,7,19,0,0.16129031777381897,27
72,7,20,0,0.25,28
72,7,21,1,0.03888889029622078,29
72,7,22,0,0.2164948433637619,30
72,7,23,0,0.30000001192092896,31
72,7,24,0,0.16129031777381897,32
72,7,25,0,0.12871287763118744,33
72,7,26,0,0.054794520139694214,34
72,7,27,1,0.03888889029622078,35
72,7,28,1,0.2164948433637619,36
72,7,29,1,0.2164948433637619,37
72,7,30,1,0.054794520139694214,38
72,7,31,1,0.3589743673801422,39
72,7,32,0,0.032786883413791656,40
72,7,33,0,0.0,41
72,7,34,0,0.01534526888281107,42
72,7,35,0,0.0,43
72,7,36,0,0.12871287763118744,44
72,7,37,0,0.03888889029622078,45
72,7,38,1,0.01534526888281107,46
72,7,39,0,0.12871287763118744,47
72,7,40,0,0.01534526888281107,48
74,5,5,1,0.7142857313156128,1
74,5,6,0,0.03888889029622078,2
74,5,7,0,0.16129031777381897,3
74,5,8,1,0.25,4
74,5,9,0,0.03888889029622078,5
74,5,10,1,0.9947534203529358,6
74,5,11,1,0.3589743673801422,7
74,5,12,0,0.3589743673801422,8
74,5,13,1,0.9117646813392639,9
74,5,14,0,0.007751937955617905,10
74,5,15,0,0.0,11
74,5,16,0,0.2164948433637619,12
74,5,17,0,0.01534526888281107,13
74,5,18,1,0.8135592937469482,14
74,5,19,1,0.30000001192092896,15
74,5,20,1,0.3589743673801422,16
74,5,21,0,0.0,17
74,5,22,0,0.01534526888281107,18
74,5,23,0,0.008064515888690948,19
74,5,24,1,0.9947534203529358,20
74,5,25,0,0.0,21
74,5,26,0,0.0,22
74,5,27,0,0.0,23
74,5,28,1,1.0,24
74,5,29,0,0.0,25
74,5,30,0,0.0,26
74,5,31,0,0.0,27
74,5,32,0,0.01534526888281107,28
74,5,33,1,0.8135592937469482,29
74,5,34,0,0.03888889029622078,30
74,5,35,0,0.0,31
74,5,36,1,0.9166666865348816,32
74,5,37,0,0.01534526888281107,33
74,5,38,0,0.0,34
74,5,39,1,0.9947534203529358,35
74,5,40,0,0.0,36
75,4,33,0,0.25,1
75,4,34,0,0.16129031777381897,2
75,4,35,0,0.0,3
75,4,36,0,0.008064515888690948,4
75,4,37,0,0.0,5
75,4,38,0,0.054794520139694214,6
75,4,39,0,0.007751937955617905,7
75,4,40,0,0.0,8
75,7,1,0,0.054794520139694214,9
75,7,2,0,0.03888889029622078,10
75,7,3,0,0.01534526888281107,11
75,7,4,0,0.06666667014360428,12
75,7,5,0,0.054794520139694214,13
75,7,6,0,0.2164948433637619,14
75,7,7,0,0.25,15
75,7,8,0,0.25,16
75,7,9,0,0.01534526888281107,17
75,7,10,0,0.025974025949835777,18
75,7,11,0,0.025974025949835777,19
75,7,12,0,0.032786883413791656,20
75,7,13,0,0.25,21
75,7,14,0,0.2164948433637619,22
75,7,15,0,0.2164948433637619,23
75,7,16,0,0.2164948433637619,24
75,7,17,0,0.5,25
75,7,18,0,0.5263158082962036,26
75,7,19,0,0.03888889029622078,27
75,7,20,0,0.10526315867900848,28
75,7,21,0,0.008064515888690948,29
75,7,22,0,0.01534526888281107,30
75,7,23,0,0.032786883413791656,31
75,7,24,0,0.032786883413791656,32
75,7,25,0,0.09090909361839294,33
75,7,26,0,0.03888889029622078,34
75,7,27,0,0.16129031777381897,35
75,7,28,0,0.25,36
75,7,29,0,0.054794520139694214,37
75,7,30,0,0.025974025949835777,38
75,7,31,0,0.025974025949835777,39
75,7,32,0,0.0,40
75,7,33,0,0.03888889029622078,41
75,7,34,0,0.01534526888281107,42
75,7,35,0,0.0,43
75,7,36,0,0.03888889029622078,44
75,7,37,0,0.032786883413791656,45
75,7,38,0,0.03888889029622078,46
75,7,39,0,0.0,47
75,7,40,0,0.0,48
76,6,21,0,0.3589743673801422,1
76,6,22,0,0.3589743673801422,2
76,6,23,0,0.5,3
76,6,24,1,0.3589743673801422,4
76,6,25,1,0.5263158082962036,5
76,6,26,1,0.800000011920929,6
76,6,27,1,0.03888889029622078,7
76,6,28,0,0.5048813223838806,8
76,6,29,1,0.9117646813392639,9
76,6,30,1,0.01534526888281107,10
76,6,31,0,0.3589743673801422,11
76,6,32,0,0.25,12
76,6,33,1,0.008064515888690948,13
76,6,34,1,0.0,14
76,6,35,0,0.0,15
76,6,36,0,0.0,16
76,6,37,0,0.054794520139694214,17
76,6,38,0,0.0,18
76,6,39,1,0.01534526888281107,19
76,6,40,1,0.0,20
76,7,1,0,0.2164948433637619,21
76,7,2,0,0.3589743673801422,22
76,7,3,0,0.25,23
76,7,4,0,0.5263158082962036,24
76,7,5,1,0.5,25
76,7,6,0,0.25,26
76,7,7,0,0.5,27
76,7,8,1,0.25,28
76,7,9,0,0.25,29
76,7,10,0,0.5,30
76,7,11,0,0.054794520139694214,31
76,7,12,1,0.025974025949835777,32
76,7,13,0,0.025974025949835777,33
76,7,14,1,0.03888889029622078,34
76,7,15,0,0.0,35
76,7,16,0,0.03888889029622078,36
76,7,17,0,0.032786883413791656,37
76,7,18,1,0.03888889029622078,38
76,7,19,0,0.03888889029622078,39
76,7,20,0,0.30000001192092896,40
76,7,21,1,0.027027027681469917,41
76,7,22,0,0.054794520139694214,42
76,7,23,0,0.25,43
76,7,24,0,0.2164948433637619,44
76,7,25,0,0.12871287763118744,45
76,7,26,0,0.122001051902771,46
76,7,27,0,0.03888889029622078,47
76,7,28,1,0.5263158082962036,48
76,7,29,0,0.30000001192092896,49
76,7,30,0,0.30000001192092896,50
76,7,31,1,0.25,51
76,7,32,0,0.03888889029622078,52
76,7,33,0,0.12871287763118744,53
76,7,34,0,0.054794520139694214,54
76,7,35,0,0.01534526888281107,55
76,7,36,0,0.2164948433637619,56
76,7,37,0,0.12871287763118744,57
76,7,38,0,0.007751937955617905,58
76,7,39,0,0.025974025949835777,59
76,7,40,0,0.0,60
78,4,17,0,0.3589743673801422,1
78,4,18,0,0.7142857313156128,2
78,4,19,0,0.5243661999702454,3
78,4,20,1,0.5263158082962036,4
78,4,21,0,0.12871287763118744,5
78,4,22,0,0.16129031777381897,6
78,4,23,1,0.054794520139694214,7
78,4,24,0,0.03888889029622078,8
78,4,25,0,0.0,9
78,4,26,0,0.0,10
78,4,27,0,0.0,11
78,4,28,1,0.10526315867900848,12
78,4,29,1,0.25,13
78,4,30,1,0.09090909361839294,14
78,4,31,1,0.7142857313156128,15
78,4,32,0,0.01534526888281107,16
78,4,33,0,0.01534526888281107,17
78,4,34,0,0.01534526888281107,18
78,4,35,0,0.0,19
78,4,36,0,0.2164948433637619,20
78,4,37,0,0.10526315867900848,21
78,4,38,0,0.01534526888281107,22
78,4,39,0,0.03606551140546799,23
78,4,40,0,0.0,24
79,4,33,0,0.25,1
79,4,34,0,0.16129031777381897,2
79,4,35,0,0.0,3
79,4,36,0,0.008064515888690948,4
79,4,37,0,0.0,5
79,4,38,0,0.054794520139694214,6
79,4,39,0,0.007751937955617905,7
79,4,40,0,0.0,8
79,7,1,0,0.054794520139694214,9
79,7,2,0,0.03888889029622078,10
79,7,3,0,0.01534526888281107,11
79,7,4,0,0.06666667014360428,12
79,7,5,1,0.054794520139694214,13
79,7,6,1,0.6410256624221802,14
79,7,7,0,0.5,15
79,7,8,1,0.5,16
79,7,9,0,0.008064515888690948,17
79,7,10,0,0.025974025949835777,18
79,7,11,0,0.025974025949835777,19
79,7,12,0,0.16129031777381897,20
79,7,13,0,0.800000011920929,21
79,7,14,1,0.5,22
79,7,15,0,0.054794520139694214,23
79,7,16,0,0.03888889029622078,24
79,7,17,0,0.25,25
79,7,18,1,0.3589743673801422,26
79,7,19,0,0.2164948433637619,27
79,7,20,0,0.3589743673801422,28
79,7,21,1,0.12871287763118744,29
79,7,22,0,0.3589743673801422,30
79,7,23,0,0.5263158082962036,31
79,7,24,0,0.8113998174667358,32
79,7,25,0,0.9117646813392639,33
79,7,26,0,0.30000001192092896,34
79,7,27,0,0.12871287763118744,35
79,7,28,1,0.800000011920929,36
79,7,29,0,0.9117646813392639,37
79,7,30,1,0.7142857313156128,38
79,7,31,1,0.054794520139694214,39
79,7,32,0,0.025974025949835777,40
79,7,33,0,0.007751937955617905,41
79,7,34,0,0.01534526888281107,42
79,7,35,0,0.01534526888281107,43
79,7,36,0,0.054794520139694214,44
79,7,37,0,0.03888889029622078,45
79,7,38,0,0.0,46
79,7,39,0,0.0,47
79,7,40,0,0.0,48
81,6,17,1,0.3013952970504761,1
81,6,18,1,0.25,2
81,6,19,1,0.8974359035491943,3
81,6,20,1,0.9947534203529358,4
81,6,21,0,0.25,5
81,6,22,0,0.5,6
81,6,23,0,0.8135592937469482,7
81,6,24,1,0.8135592937469482,8
81,6,25,1,0.25,9
81,6,26,1,0.30000001192092896,10
81,6,27,1,0.30000001192092896,11
81,6,28,0,0.7142857313156128,12
81,6,29,1,0.9947534203529358,13
81,6,30,1,0.12871287763118744,14
81,6,31,0,0.8974359035491943,15
81,6,32,0,0.16129031777381897,16
81,6,33,1,0.0,17
81,6,34,1,0.0,18
81,6,35,0,0.0,19
81,6,36,0,0.007751937955617905,20
81,6,37,0,0.2164948433637619,21
81,6,38,0,0.0,22
81,6,39,1,0.01534526888281107,23
81,6,40,1,0.0,24
82,7,5,1,0.6410256624221802,1
82,7,6,1,0.30000001192092896,2
82,7,7,0,0.3589743673801422,3
82,7,8,1,0.2164948433637619,4
82,7,9,0,0.5,5
82,7,10,0,0.8135592937469482,6
82,7,11,0,0.5263158082962036,7
82,7,12,1,0.25,8
82,7,13,1,0.03888889029622078,9
82,7,14,1,0.027027027681469917,10
82,7,15,0,0.2164948433637619,11
82,7,16,0,0.2164948433637619,12
82,7,17,0,0.12871287763118744,13
82,7,18,1,0.2164948433637619,14
82,7,19,0,0.054794520139694214,15
82,7,20,0,0.16129031777381897,16
82,7,21,0,0.09936472773551941,17
82,7,22,1,0.12871287763118744,18
82,7,23,0,0.03888889029622078,19
82,7,24,0,0.2164948433637619,20
82,7,25,0,0.10526315867900848,21
82,7,26,0,0.16129031777381897,22
82,7,27,0,0.25,23
82,7,28,1,0.800000011920929,24
82,7,29,0,0.5263158082962036,25
82,7,30,0,0.25,26
82,7,31,1,0.12871287763118744,27
82,7,32,0,0.01534526888281107,28
82,7,33,0,0.054794520139694214,29
82,7,34,0,0.03888889029622078,30
82,7,35,0,0.0,31
82,7,36,0,0.054794520139694214,32
82,7,37,0,0.12871287763118744,33
82,7,38,0,0.0,34
82,7,39,0,0.007751937955617905,35
82,7,40,0,0.0,36
83,6,21,0,0.3589743673801422,1
83,6,22,0,0.3589743673801422,2
83,6,23,0,0.5,3
83,6,24,1,0.3589743673801422,4
83,6,25,1,0.5263158082962036,5
83,6,26,1,0.800000011920929,6
83,6,27,1,0.03888889029622078,7
83,6,28,0,0.5048813223838806,8
83,6,29,1,0.9117646813392639,9
83,6,30,1,0.01534526888281107,10
83,6,31,1,0.3589743673801422,11
83,6,32,0,0.01534526888281107,12
83,6,33,1,0.01534526888281107,13
83,6,34,1,0.008064515888690948,14
83,6,35,0,0.007751937955617905,15
83,6,36,0,0.0,16
83,6,37,0,0.025974025949835777,17
83,6,38,0,0.0,18
83,6,39,1,0.01534526888281107,19
83,6,40,1,0.01534526888281107,20
83,7,1,1,0.25,21
83,7,2,0,0.01534526888281107,22
83,7,3,0,0.25,23
83,7,4,0,0.5263158082962036,24
83,7,5,0,0.3589743673801422,25
83,7,6,0,0.3589743673801422,26
83,7,7,1,0.6410256624221802,27
83,7,8,0,0.03888889029622078,28
83,7,9,0,0.5,29
83,7,10,1,0.6410256624221802,30
83,7,11,0,0.12871287763118744,31
83,7,12,0,0.12871287763118744,32
83,7,13,1,0.12871287763118744,33
83,7,14,0,0.025974025949835777,34
83,7,15,0,0.025974025949835777,35
83,7,16,0,0.025974025949835777,36
83,7,17,0,0.03888889029622078,37
83,7,18,0,0.2164948433637619,38
83,7,19,0,0.03888889029622078,39
83,7,20,0,0.25,40
83,7,21,0,0.01534526888281107,41
83,7,22,0,0.054794520139694214,42
83,7,23,0,0.12871287763118744,43
83,7,24,0,0.03888889029622078,44
83,7,25,1,0.054794520139694214,45
83,7,26,0,0.025974025949835777,46
83,7,27,0,0.008064515888690948,47
83,7,28,0,0.2164948433637619,48
83,7,29,0,0.03888889029622078,49
83,7,30,0,0.008064515888690948,50
83,7,31,0,0.01534526888281107,51
83,7,32,0,0.0,52
83,7,33,0,0.03888889029622078,53
83,7,34,0,0.021769290789961815,54
83,7,35,0,0.0,55
83,7,36,0,0.01534526888281107,56
83,7,37,0,0.01534526888281107,57
83,7,38,0,0.025974025949835777,58
83,7,39,0,0.0,59
83,7,40,0,0.0,60
85,4,17,0,0.3589743673801422,1
85,4,18,1,0.7142857313156128,2
85,4,19,0,0.054794520139694214,3
85,4,20,1,0.3589743673801422,4
85,4,21,0,0.054794520139694214,5
85,4,22,0,0.16129031777381897,6
85,4,23,1,0.054794520139694214,7
85,4,24,0,0.5263158082962036,8
85,4,25,0,0.2164948433637619,9
85,4,26,0,0.10526315867900848,10
85,4,27,0,0.0,11
85,4,28,1,0.5263158082962036,12
85,4,29,1,0.25,13
85,4,30,0,0.12871287763118744,14
85,4,31,1,0.9117646813392639,15
85,4,32,0,0.0,16
85,4,33,0,0.0,17
85,4,34,0,0.0,18
85,4,35,0,0.0,19
85,4,36,0,0.6410256624221802,20
85,4,37,0,0.12871287763118744,21
85,4,38,0,0.0,22
85,4,39,0,0.03888889029622078,23
85,4,40,0,0.008064515888690948,24
86,4,17,0,0.3589743673801422,1
86,4,18,1,0.7142857313156128,2
86,4,19,0,0.054794520139694214,3
86,4,20,1,0.3589743673801422,4
86,4,21,0,0.054794520139694214,5
86,4,22,0,0.16129031777381897,6
86,4,23,1,0.054794520139694214,7
86,4,24,0,0.5263158082962036,8
86,4,25,0,0.2164948433637619,9
86,4,26,0,0.10526315867900848,10
86,4,27,0,0.0,11
86,4,28,1,0.5263158082962036,12
86,4,29,0,0.25,13
86,4,30,0,0.3589743673801422,14
86,4,31,1,0.9117646813392639,15
86,4,32,0,0.01534526888281107,16
86,4,33,0,0.12871287763118744,17
86,4,34,0,0.06666667014360428,18
86,4,35,0,0.027027027681469917,19
86,4,36,0,0.6410256624221802,20
86,4,37,0,0.2164948433637619,21
86,4,38,0,0.01534526888281107,22
86,4,39,0,0.03888889029622078,23
86,4,40,0,0.01534526888281107,24
87,4,5,1,0.800000011920929,1
87,4,6,0,0.12871287763118744,2
87,4,7,1,0.03888889029622078,3
87,4,8,0,0.25,4
87,4,9,1,0.3589743673801422,5
87,4,10,1,0.30000001192092896,6
87,4,11,1,0.9947534203529358,7
87,4,12,0,0.054794520139694214,8
87,4,13,1,0.9947534203529358,9
87,4,14,0,0.0,10
87,4,15,0,0.027027027681469917,11
87,4,16,1,0.9117646813392639,12
87,4,17,0,0.0,13
87,4,18,1,0.25,14
87,4,19,0,0.01534526888281107,15
87,4,20,1,0.5,16
87,4,21,0,0.0,17
87,4,22,0,0.16129031777381897,18
87,4,23,1,0.5263158082962036,19
87,4,24,0,0.007751937955617905,20
87,4,25,0,0.008064515888690948,21
87,4,26,0,0.0,22
87,4,27,0,0.0,23
87,4,28,1,0.9947534203529358,24
87,4,29,1,0.5263158082962036,25
87,4,30,0,0.03888889029622078,26
87,4,31,1,0.9947534203529358,27
87,4,32,0,0.0,28
87,4,33,0,0.0,29
87,4,34,0,0.0,30
87,4,35,0,0.0,31
87,4,36,0,0.0,32
87,4,37,0,0.0,33
87,4,38,0,0.0,34
87,4,39,0,0.0,35
87,4,40,0,0.0,36
89,6,5,0,0.7142857313156128,1
89,6,6,0,0.16129031777381897,2
89,6,7,0,0.25,3
89,6,8,0,0.25,4
89,6,9,0,0.2164948433637619,5
89,6,10,0,0.2164948433637619,6
89,6,11,0,0.2164948433637619,7
89,6,12,0,0.10526315867900848,8
89,6,13,0,0.2164948433637619,9
89,6,14,0,0.16129031777381897,10
89,6,15,0,0.16129031777381897,11
89,6,16,0,0.16129031777381897,12
89,6,17,1,0.3589743673801422,13
89,6,18,1,0.7142857313156128,14
89,6,19,1,0.9947534203529358,15
89,6,20,1,0.7142857313156128,16
89,6,21,0,0.2164948433637619,17
89,6,22,0,0.3589743673801422,18
89,6,23,0,0.3589743673801422,19
89,6,24,1,0.3589743673801422,20
89,6,25,1,0.8974359035491943,21
89,6,26,1,0.5,22
89,6,27,0,0.032786883413791656,23
89,6,28,0,0.7142857313156128,24
89,6,29,1,0.7142857313156128,25
89,6,30,1,0.10526315867900848,26
89,6,31,0,0.25,27
89,6,32,0,0.3589743673801422,28
89,6,33,1,0.5,29
89,6,34,1,0.054794520139694214,30
89,6,35,0,0.0,31
89,6,36,0,0.12871287763118744,32
89,6,37,0,0.25,33
89,6,38,0,0.01534526888281107,34
89,6,39,1,0.16129031777381897,35
89,6,40,1,0.0,36
90,5,5,1,0.800000011920929,1
90,5,6,0,0.03888889029622078,2
90,5,7,0,0.01534526888281107,3
90,5,8,1,0.3589743673801422,4
90,5,9,0,0.032786883413791656,5
90,5,10,1,0.9947534203529358,6
90,5,11,1,0.25,7
90,5,12,0,0.054794520139694214,8
90,5,13,1,0.7142857313156128,9
90,5,14,0,0.01534526888281107,10
90,5,15,0,0.0,11
90,5,16,0,0.12871287763118744,12
90,5,17,0,0.0,13
90,5,18,1,0.7142857313156128,14
90,5,19,1,0.16129031777381897,15
90,5,20,1,0.3589743673801422,16
90,5,21,0,0.0,17
90,5,22,1,0.007751937955617905,18
90,5,23,0,0.007751937955617905,19
90,5,24,1,0.3589743673801422,20
90,5,25,0,0.0,21
90,5,26,0,0.0,22
90,5,27,0,0.0,23
90,5,28,1,0.9947534203529358,24
90,5,29,0,0.0,25
90,5,30,0,0.01534526888281107,26
90,5,31,0,0.01534526888281107,27
90,5,32,0,0.025974025949835777,28
90,5,33,1,0.5263158082962036,29
90,5,34,0,0.03888889029622078,30
90,5,35,0,0.0,31
90,5,36,1,0.7142857313156128,32
90,5,37,0,0.027027027681469917,33
90,5,38,0,0.0,34
90,5,39,1,0.9947534203529358,35
90,5,40,0,0.0,36
92,6,5,0,0.7142857313156128,1
92,6,6,0,0.16129031777381897,2
92,6,7,0,0.25,3
92,6,8,0,0.25,4
92,6,9,0,0.2164948433637619,5
92,6,10,0,0.2164948433637619,6
92,6,11,0,0.2164948433637619,7
92,6,12,0,0.10526315867900848,8
92,6,13,0,0.2164948433637619,9
92,6,14,0,0.16129031777381897,10
92,6,15,0,0.16129031777381897,11
92,6,16,0,0.16129031777381897,12
92,6,17,1,0.3589743673801422,13
92,6,18,1,0.7142857313156128,14
92,6,19,1,0.9947534203529358,15
92,6,20,1,0.7142857313156128,16
92,6,21,0,0.2164948433637619,17
92,6,22,0,0.3589743673801422,18
92,6,23,0,0.3589743673801422,19
92,6,24,1,0.3589743673801422,20
92,6,25,1,0.8974359035491943,21
92,6,26,1,0.5,22
92,6,27,0,0.032786883413791656,23
92,6,28,0,0.7142857313156128,24
92,6,29,1,0.7142857313156128,25
92,6,30,1,0.10526315867900848,26
92,6,31,1,0.25,27
92,6,32,0,0.01534526888281107,28
92,6,33,1,0.03888889029622078,29
92,6,34,1,0.0,30
92,6,35,0,0.0,31
92,6,36,0,0.007751937955617905,32
92,6,37,0,0.03888889029622078,33
92,6,38,0,0.0,34
92,6,39,1,0.025974025949835777,35
92,6,40,1,0.008064515888690948,36
93,3,17,0,0.9947534203529358,1
93,3,18,0,0.8974359035491943,2
93,3,19,1,0.8135592937469482,3
93,3,20,1,0.25,4
93,3,21,0,0.027027027681469917,5
93,3,22,0,0.12871287763118744,6
93,3,23,0,0.032786883413791656,7
93,3,24,0,0.8135592937469482,8
93,3,25,0,0.3589743673801422,9
93,3,26,1,0.7142857313156128,10
93,3,27,0,0.01534526888281107,11
93,3,28,1,0.9947534203529358,12
93,3,29,1,0.5,13
93,3,30,0,0.0,14
93,3,31,0,0.25,15
93,3,32,1,0.9947534203529358,16
93,3,33,0,0.0,17
93,3,34,1,0.3589743673801422,18
93,3,35,0,0.0,19
93,3,36,1,0.9947534203529358,20
93,3,37,1,0.9947534203529358,21
93,3,38,0,0.0,22
93,3,39,0,0.0,23
93,3,40,0,0.0,24
94,4,5,1,0.800000011920929,1
94,4,6,0,0.12871287763118744,2
94,4,7,1,0.03888889029622078,3
94,4,8,0,0.25,4
94,4,9,1,0.3589743673801422,5
94,4,10,1,0.30000001192092896,6
94,4,11,1,0.9947534203529358,7
94,4,12,0,0.054794520139694214,8
94,4,13,1,0.9947534203529358,9
94,4,14,0,0.0,10
94,4,15,0,0.027027027681469917,11
94,4,16,1,0.9117646813392639,12
94,4,17,0,0.0,13
94,4,18,1,0.25,14
94,4,19,0,0.01534526888281107,15
94,4,20,1,0.5,16
94,4,21,0,0.0,17
94,4,22,0,0.16129031777381897,18
94,4,23,1,0.5263158082962036,19
94,4,24,0,0.007751937955617905,20
94,4,25,0,0.008064515888690948,21
94,4,26,0,0.0,22
94,4,27,0,0.0,23
94,4,28,1,0.9947534203529358,24
94,4,29,1,0.5263158082962036,25
94,4,30,0,0.03888889029622078,26
94,4,31,1,0.9947534203529358,27
94,4,32,0,0.0,28
94,4,33,0,0.0,29
94,4,34,0,0.0,30
94,4,35,0,0.0,31
94,4,36,0,0.0,32
94,4,37,0,0.0,33
94,4,38,0,0.0,34
94,4,39,0,0.0,35
94,4,40,0,0.0,36
95,4,33,0,0.25,1
95,4,34,0,0.2164948433637619,2
95,4,35,0,0.032786883413791656,3
95,4,36,0,0.054794520139694214,4
95,4,37,0,0.03888889029622078,5
95,4,38,0,0.06666667014360428,6
95,4,39,0,0.01534526888281107,7
95,4,40,0,0.0,8
95,6,1,0,0.12871287763118744,9
95,6,2,0,0.06666667014360428,10
95,6,3,0,0.10526315867900848,11
95,6,4,0,0.16129031777381897,12
95,6,5,0,0.12871287763118744,13
95,6,6,0,0.16129031777381897,14
95,6,7,0,0.25,15
95,6,8,0,0.25,16
95,6,9,0,0.2164948433637619,17
95,6,10,0,0.2164948433637619,18
95,6,11,0,0.2164948433637619,19
95,6,12,0,0.10526315867900848,20
95,6,13,0,0.2164948433637619,21
95,6,14,0,0.16129031777381897,22
95,6,15,0,0.16129031777381897,23
95,6,16,0,0.16129031777381897,24
95,6,17,1,0.5,25
95,6,18,1,0.6410256624221802,26
95,6,19,1,0.9166666865348816,27
95,6,20,1,0.8135592937469482,28
95,6,21,0,0.054794520139694214,29
95,6,22,0,0.5263158082962036,30
95,6,23,0,0.5263158082962036,31
95,6,24,1,0.30000001192092896,32
95,6,25,1,0.970588207244873,33
95,6,26,1,0.9947534203529358,34
95,6,27,1,0.2164948433637619,35
95,6,28,0,0.3589743673801422,36
95,6,29,1,0.7142857313156128,37
95,6,30,1,0.032786883413791656,38
95,6,31,1,0.9947534203529358,39
95,6,32,0,0.10526315867900848,40
95,6,33,1,0.01534526888281107,41
95,6,34,1,0.0,42
95,6,35,0,0.0,43
95,6,36,0,0.025974025949835777,44
95,6,37,0,0.16129031777381897,45
95,6,38,0,0.01534526888281107,46
95,6,39,1,0.12871287763118744,47
95,6,40,1,0.0,48
97,5,33,1,0.2164948433637619,1
97,5,34,0,0.032786883413791656,2
97,5,35,0,0.0,3
97,5,36,1,0.01534526888281107,4
97,5,37,0,0.2164948433637619,5
97,5,38,0,0.01534526888281107,6
97,5,39,1,0.2164948433637619,7
97,5,40,0,0.25,8
97,6,1,0,0.032786883413791656,9
97,6,2,0,0.008064515888690948,10
97,6,3,0,0.01534526888281107,11
97,6,4,0,0.25,12
97,6,5,0,0.054794520139694214,13
97,6,6,0,0.03888889029622078,14
97,6,7,0,0.2164948433637619,15
97,6,8,0,0.06666667014360428,16
97,6,9,0,0.2164948433637619,17
97,6,10,0,0.12871287763118744,18
97,6,11,0,0.027027027681469917,19
97,6,12,0,0.054794520139694214,20
97,6,13,0,0.3589743673801422,21
97,6,14,0,0.2164948433637619,22
97,6,15,0,0.3589743673801422,23
97,6,16,0,0.3589743673801422,24
97,6,17,1,0.5263158082962036,25
97,6,18,1,0.9947534203529358,26
97,6,19,1,0.8999999761581421,27
97,6,20,1,0.8135592937469482,28
97,6,21,0,0.25,29
97,6,22,0,0.8135592937469482,30
97,6,23,0,0.9947534203529358,31
97,6,24,1,0.8974359035491943,32
97,6,25,1,0.9947534203529358,33
97,6,26,1,0.9117646813392639,34
97,6,27,1,0.25,35
97,6,28,0,0.25,36
97,6,29,1,0.5,37
97,6,30,1,0.0,38
97,6,31,1,0.7142857313156128,39
97,6,32,0,0.01534526888281107,40
97,6,33,1,0.008064515888690948,41
97,6,34,1,0.0,42
97,6,35,0,0.0,43
97,6,36,0,0.0,44
97,6,37,0,0.2164948433637619,45
97,6,38,0,0.01534526888281107,46
97,6,39,1,0.2164948433637619,47
97,6,40,1,0.0,48
98,5,17,0,0.30000001192092896,1
98,5,18,1,0.7142857313156128,2
98,5,19,1,0.10526315867900848,3
98,5,20,1,0.3589743673801422,4
98,5,21,0,0.032786883413791656,5
98,5,22,1,0.12871287763118744,6
98,5,23,0,0.03888889029622078,7
98,5,24,1,0.7142857313156128,8
98,5,25,0,0.0,9
98,5,26,0,0.25,10
98,5,27,0,0.026978766545653343,11
98,5,28,1,0.9947534203529358,12
98,5,29,0,0.0,13
98,5,30,0,0.007751937955617905,14
98,5,31,0,0.01534526888281107,15
98,5,32,0,0.10526315867900848,16
98,5,33,1,0.8974359035491943,17
98,5,34,0,0.0,18
98,5,35,0,0.01534526888281107,19
98,5,36,1,0.9947534203529358,20
98,5,37,0,0.054794520139694214,21
98,5,38,0,0.0,22
98,5,39,1,0.9947534203529358,23
98,5,40,0,0.0,24
100,5,5,1,0.7142857313156128,1
100,5,6,0,0.03888889029622078,2
100,5,7,0,0.2164948433637619,3
100,5,8,1,0.30000001192092896,4
100,5,9,0,0.03888889029622078,5
100,5,10,1,0.9947534203529358,6
100,5,11,1,0.30000001192092896,7
100,5,12,0,0.25,8
100,5,13,1,0.8974359035491943,9
100,5,14,0,0.0,10
100,5,15,0,0.007751937955617905,11
100,5,16,0,0.2164948433637619,12
100,5,17,0,0.01534526888281107,13
100,5,18,1,0.8135592937469482,14
100,5,19,0,0.25,15
100,5,20,1,0.7142857313156128,16
100,5,21,0,0.0,17
100,5,22,1,0.008064515888690948,18
100,5,23,0,0.03888889029622078,19
100,5,24,1,0.054794520139694214,20
100,5,25,0,0.0,21
100,5,26,0,0.0,22
100,5,27,0,0.0,23
100,5,28,1,1.0,24
100,5,29,0,0.0,25
100,5,30,0,0.007751937955617905,26
100,5,31,0,0.01534526888281107,27
100,5,32,0,0.03888889029622078,28
100,5,33,1,0.7142857313156128,29
100,5,34,0,0.03888889029622078,30
100,5,35,0,0.007751937955617905,31
100,5,36,1,0.7142857313156128,32
100,5,37,0,0.027027027681469917,33
100,5,38,0,0.0,34
100,5,39,1,0.9947534203529358,35
100,5,40,0,0.0,36
101,5,17,0,0.30000001192092896,1
101,5,18,1,0.7142857313156128,2
101,5,19,1,0.10526315867900848,3
101,5,20,1,0.3589743673801422,4
101,5,21,0,0.032786883413791656,5
101,5,22,0,0.12871287763118744,6
101,5,23,0,0.16129031777381897,7
101,5,24,1,0.9947534203529358,8
101,5,25,0,0.054794520139694214,9
101,5,26,0,0.2164948433637619,10
101,5,27,0,0.0,11
101,5,28,1,1.0,12
101,5,29,0,0.0,13
101,5,30,0,0.01534526888281107,14
101,5,31,0,0.01534526888281107,15
101,5,32,0,0.2164948433637619,16
101,5,33,1,0.8974359035491943,17
101,5,34,0,0.0,18
101,5,35,0,0.025974025949835777,19
101,5,36,1,0.9947534203529358,20
101,5,37,0,0.054794520139694214,21
101,5,38,0,0.007751937955617905,22
101,5,39,1,1.0,23
101,5,40,0,0.0,24
102,5,5,0,0.7142857313156128,1
102,5,6,0,0.3589743673801422,2
102,5,7,0,0.7142857313156128,3
102,5,8,1,0.3589743673801422,4
102,5,9,0,0.03888889029622078,5
102,5,10,1,0.25,6
102,5,11,1,0.25,7
102,5,12,0,0.008064515888690948,8
102,5,13,1,0.5263158082962036,9
102,5,14,0,0.0,10
102,5,15,0,0.0,11
102,5,16,0,0.007751937955617905,12
102,5,17,0,0.16129031777381897,13
102,5,18,1,0.9947534203529358,14
102,5,19,1,0.2164948433637619,15
102,5,20,1,0.5,16
102,5,21,0,0.0,17
102,5,22,0,0.03888889029622078,18
102,5,23,0,0.01534526888281107,19
102,5,24,1,0.9947534203529358,20
102,5,25,0,0.0,21
102,5,26,0,0.007751937955617905,22
102,5,27,0,0.0,23
102,5,28,1,1.0,24
102,5,29,0,0.0,25
102,5,30,0,0.0,26
102,5,31,0,0.007751937955617905,27
102,5,32,0,0.03888889029622078,28
102,5,33,1,0.7142857313156128,29
102,5,34,0,0.03888889029622078,30
102,5,35,0,0.03888889029622078,31
102,5,36,1,0.9947534203529358,32
102,5,37,0,0.2164948433637619,33
102,5,38,0,0.01534526888281107,34
102,5,39,1,0.9947534203529358,35
102,5,40,0,0.0,36
103,5,33,1,0.2164948433637619,1
103,5,34,0,0.032786883413791656,2
103,5,35,0,0.0,3
103,5,36,1,0.01534526888281107,4
103,5,37,0,0.2164948433637619,5
103,5,38,0,0.01534526888281107,6
103,5,39,1,0.2164948433637619,7
103,5,40,0,0.25,8
103,6,1,0,0.032786883413791656,9
103,6,2,0,0.008064515888690948,10
103,6,3,0,0.01534526888281107,11
103,6,4,0,0.25,12
103,6,5,0,0.054794520139694214,13
103,6,6,0,0.03888889029622078,14
103,6,7,0,0.2164948433637619,15
103,6,8,0,0.06666667014360428,16
103,6,9,0,0.2164948433637619,17
103,6,10,0,0.12871287763118744,18
103,6,11,0,0.027027027681469917,19
103,6,12,0,0.054794520139694214,20
103,6,13,0,0.3589743673801422,21
103,6,14,0,0.2164948433637619,22
103,6,15,0,0.3589743673801422,23
103,6,16,0,0.3589743673801422,24
103,6,17,1,0.5263158082962036,25
103,6,18,1,0.9947534203529358,26
103,6,19,1,0.8999999761581421,27
103,6,20,1,0.8135592937469482,28
103,6,21,0,0.25,29
103,6,22,0,0.8135592937469482,30
103,6,23,0,0.9947534203529358,31
103,6,24,1,0.8974359035491943,32
103,6,25,1,0.9947534203529358,33
103,6,26,1,0.9117646813392639,34
103,6,27,1,0.25,35
103,6,28,0,0.25,36
103,6,29,1,0.5,37
103,6,30,1,0.0,38
103,6,31,0,0.7142857313156128,39
103,6,32,0,0.5,40
103,6,33,1,0.0,41
103,6,34,1,0.0,42
103,6,35,0,0.0,43
103,6,36,0,0.03888889029622078,44
103,6,37,0,0.30000001192092896,45
103,6,38,0,0.01534526888281107,46
103,6,39,1,0.2164948433637619,47
103,6,40,1,0.0,48
104,4,33,0,0.25,1
104,4,34,0,0.16129031777381897,2
104,4,35,0,0.0,3
104,4,36,0,0.008064515888690948,4
104,4,37,0,0.0,5
104,4,38,0,0.054794520139694214,6
104,4,39,0,0.0,7
104,4,40,0,0.0,8
104,5,1,0,0.12871287763118744,9
104,5,2,0,0.054794520139694214,10
104,5,3,0,0.054794520139694214,11
104,5,4,1,0.16129031777381897,12
104,5,5,1,0.3589743673801422,13
104,5,6,0,0.0,14
104,5,7,0,0.027027027681469917,15
104,5,8,1,0.5263158082962036,16
104,5,9,0,0.25,17
104,5,10,1,0.8135592937469482,18
104,5,11,1,0.9947534203529358,19
104,5,12,0,0.12871287763118744,20
104,5,13,1,0.9947534203529358,21
104,5,14,0,0.0,22
104,5,15,0,0.008064515888690948,23
104,5,16,0,0.054794520139694214,24
104,5,17,0,0.02365671843290329,25
104,5,18,1,0.9947534203529358,26
104,5,19,0,0.7142857313156128,27
104,5,20,1,0.9947534203529358,28
104,5,21,0,0.01534526888281107,29
104,5,22,0,0.025974025949835777,30
104,5,23,0,0.032786883413791656,31
104,5,24,1,0.9947534203529358,32
104,5,25,0,0.0,33
104,5,26,0,0.025974025949835777,34
104,5,27,0,0.0,35
104,5,28,1,1.0,36
104,5,29,0,0.0,37
104,5,30,0,0.0,38
104,5,31,0,0.025974025949835777,39
104,5,32,0,0.027027027681469917,40
104,5,33,1,0.5263158082962036,41
104,5,34,0,0.025974025949835777,42
104,5,35,0,0.0,43
104,5,36,1,0.9166666865348816,44
104,5,37,0,0.03888889029622078,45
104,5,38,0,0.01534526888281107,46
104,5,39,1,0.970588207244873,47
104,5,40,0,0.0,48
105,5,21,0,0.30000001192092896,1
105,5,22,0,0.054794520139694214,2
105,5,23,0,0.12871287763118744,3
105,5,24,1,0.05633324384689331,4
105,5,25,0,0.03888889029622078,5
105,5,26,0,0.054794520139694214,6
105,5,27,0,0.03888889029622078,7
105,5,28,1,0.9947534203529358,8
105,5,29,0,0.025974025949835777,9
105,5,30,0,0.054794520139694214,10
105,5,31,0,0.11287309229373932,11
105,5,32,0,0.2164948433637619,12
105,5,33,1,0.25,13
105,5,34,0,0.16129031777381897,14
105,5,35,0,0.01534526888281107,15
105,5,36,1,0.3589743673801422,16
105,5,37,0,0.032786883413791656,17
105,5,38,0,0.12871287763118744,18
105,5,39,1,0.8135592937469482,19
105,5,40,0,0.007751937955617905,20
105,6,1,0,0.06666667014360428,21
105,6,2,0,0.027027027681469917,22
105,6,3,0,0.054794520139694214,23
105,6,4,0,0.25,24
105,6,5,0,0.2164948433637619,25
105,6,6,0,0.09090909361839294,26
105,6,7,0,0.12871287763118744,27
105,6,8,0,0.03888889029622078,28
105,6,9,0,0.03888889029622078,29
105,6,10,0,0.30000001192092896,30
105,6,11,0,0.30000001192092896,31
105,6,12,0,0.12871287763118744,32
105,6,13,0,0.5263158082962036,33
105,6,14,0,0.3589743673801422,34
105,6,15,0,0.30000001192092896,35
105,6,16,0,0.16129031777381897,36
105,6,17,1,0.3589743673801422,37
105,6,18,1,0.8135592937469482,38
105,6,19,1,0.8974359035491943,39
105,6,20,1,0.8135592937469482,40
105,6,21,0,0.25,41
105,6,22,0,0.3589743673801422,42
105,6,23,0,0.5,43
105,6,24,1,0.7142857313156128,44
105,6,25,1,0.9947534203529358,45
105,6,26,1,0.9947534203529358,46
105,6,27,1,0.5263158082962036,47
105,6,28,0,0.8135592937469482,48
105,6,29,1,0.970588207244873,49
105,6,30,1,0.12871287763118744,50
105,6,31,0,0.9947534203529358,51
105,6,32,0,0.9947534203529358,52
105,6,33,1,0.25,53
105,6,34,1,0.01534526888281107,54
105,6,35,0,0.0,55
105,6,36,0,0.16129031777381897,56
105,6,37,0,0.7142857313156128,57
105,6,38,0,0.025974025949835777,58
105,6,39,1,0.25,59
105,6,40,1,0.0,60
106,5,21,0,0.30000001192092896,1
106,5,22,0,0.054794520139694214,2
106,5,23,0,0.12871287763118744,3
106,5,24,1,0.05633324384689331,4
106,5,25,0,0.03888889029622078,5
106,5,26,0,0.054794520139694214,6
106,5,27,0,0.03888889029622078,7
106,5,28,1,0.9947534203529358,8
106,5,29,0,0.025974025949835777,9
106,5,30,0,0.054794520139694214,10
106,5,31,0,0.11287309229373932,11
106,5,32,0,0.2164948433637619,12
106,5,33,1,0.25,13
106,5,34,0,0.16129031777381897,14
106,5,35,0,0.01534526888281107,15
106,5,36,1,0.3589743673801422,16
106,5,37,0,0.032786883413791656,17
106,5,38,0,0.12871287763118744,18
106,5,39,1,0.8135592937469482,19
106,5,40,0,0.007751937955617905,20
106,6,1,0,0.06666667014360428,21
106,6,2,0,0.027027027681469917,22
106,6,3,0,0.054794520139694214,23
106,6,4,0,0.25,24
106,6,5,0,0.2164948433637619,25
106,6,6,0,0.09090909361839294,26
106,6,7,0,0.12871287763118744,27
106,6,8,0,0.03888889029622078,28
106,6,9,0,0.03888889029622078,29
106,6,10,0,0.30000001192092896,30
106,6,11,0,0.30000001192092896,31
106,6,12,0,0.12871287763118744,32
106,6,13,0,0.5263158082962036,33
106,6,14,0,0.3589743673801422,34
106,6,15,0,0.30000001192092896,35
106,6,16,0,0.16129031777381897,36
106,6,17,1,0.3589743673801422,37
106,6,18,1,0.8135592937469482,38
106,6,19,1,0.8974359035491943,39
106,6,20,1,0.8135592937469482,40
106,6,21,0,0.25,41
106,6,22,0,0.3589743673801422,42
106,6,23,0,0.5,43
106,6,24,1,0.7142857313156128,44
106,6,25,1,0.9947534203529358,45
106,6,26,1,0.9947534203529358,46
106,6,27,1,0.5263158082962036,47
106,6,28,0,0.8135592937469482,48
106,6,29,1,0.970588207244873,49
106,6,30,1,0.12871287763118744,50
106,6,31,0,0.9947534203529358,51
106,6,32,0,0.9947534203529358,52
106,6,33,1,0.25,53
106,6,34,1,0.01534526888281107,54
106,6,35,0,0.0,55
106,6,36,0,0.16129031777381897,56
106,6,37,0,0.7142857313156128,57
106,6,38,0,0.025974025949835777,58
106,6,39,1,0.25,59
106,6,40,1,0.0,60
110,5,33,1,0.2164948433637619,1
110,5,34,0,0.25,2
110,5,35,0,0.025974025949835777,3
110,5,36,1,0.03888889029622078,4
110,5,37,0,0.25,5
110,5,38,0,0.008064515888690948,6
110,5,39,1,0.16129031777381897,7
110,5,40,0,0.25,8
110,6,1,0,0.01534526888281107,9
110,6,2,0,0.0,10
110,6,3,0,0.01534526888281107,11
110,6,4,0,0.25,12
110,6,5,0,0.03888889029622078,13
110,6,6,0,0.03888889029622078,14
110,6,7,0,0.2164948433637619,15
110,6,8,0,0.054794520139694214,16
110,6,9,0,0.25,17
110,6,10,0,0.054794520139694214,18
110,6,11,0,0.12871287763118744,19
110,6,12,0,0.2164948433637619,20
110,6,13,0,0.3589743673801422,21
110,6,14,0,0.25,22
110,6,15,0,0.3589743673801422,23
110,6,16,0,0.30000001192092896,24
110,6,17,1,0.3589743673801422,25
110,6,18,1,0.8135592937469482,26
110,6,19,1,0.3589743673801422,27
110,6,20,1,0.8135592937469482,28
110,6,21,0,0.12871287763118744,29
110,6,22,0,0.6410256624221802,30
110,6,23,0,0.5,31
110,6,24,1,0.7142857313156128,32
110,6,25,1,0.9947534203529358,33
110,6,26,1,0.9947534203529358,34
110,6,27,0,0.6410256624221802,35
110,6,28,0,0.9947534203529358,36
110,6,29,1,0.9947534203529358,37
110,6,30,1,0.12871287763118744,38
110,6,31,0,0.800000011920929,39
110,6,32,0,0.970588207244873,40
110,6,33,1,0.8135592937469482,41
110,6,34,1,0.054794520139694214,42
110,6,35,0,0.0,43
110,6,36,0,0.16129031777381897,44
110,6,37,0,0.5040233731269836,45
110,6,38,0,0.01534526888281107,46
110,6,39,1,0.25,47
110,6,40,1,0.0,48
112,5,5,1,0.7142857313156128,1
112,5,6,0,0.12871287763118744,2
112,5,7,0,0.03888889029622078,3
112,5,8,1,0.5,4
112,5,9,0,0.03888889029622078,5
112,5,10,1,0.9947534203529358,6
112,5,11,1,0.6410256624221802,7
112,5,12,0,0.16129031777381897,8
112,5,13,1,0.8093905448913574,9
112,5,14,0,0.008064515888690948,10
112,5,15,0,0.007751937955617905,11
112,5,16,0,0.2164948433637619,12
112,5,17,0,0.025974025949835777,13
112,5,18,1,0.8974359035491943,14
112,5,19,0,0.30000001192092896,15
112,5,20,1,0.5263158082962036,16
112,5,21,0,0.0,17
112,5,22,0,0.0,18
112,5,23,0,0.03888889029622078,19
112,5,24,1,0.9947534203529358,20
112,5,25,0,0.0,21
112,5,26,0,0.007751937955617905,22
112,5,27,0,0.0,23
112,5,28,1,1.0,24
112,5,29,0,0.0,25
112,5,30,0,0.0,26
112,5,31,0,0.008064515888690948,27
112,5,32,0,0.03888889029622078,28
112,5,33,1,0.7142857313156128,29
112,5,34,0,0.054794520139694214,30
112,5,35,0,0.01534526888281107,31
112,5,36,1,0.9117646813392639,32
112,5,37,0,0.032786883413791656,33
112,5,38,0,0.0,34
112,5,39,1,0.9947534203529358,35
112,5,40,0,0.007751937955617905,36
114,5,5,1,0.7142857313156128,1
114,5,6,0,0.12871287763118744,2
114,5,7,0,0.03888889029622078,3
114,5,8,1,0.5,4
114,5,9,0,0.03888889029622078,5
114,5,10,1,0.9947534203529358,6
114,5,11,1,0.6410256624221802,7
114,5,12,0,0.16129031777381897,8
114,5,13,1,0.8093905448913574,9
114,5,14,0,0.008064515888690948,10
114,5,15,0,0.007751937955617905,11
114,5,16,0,0.2164948433637619,12
114,5,17,0,0.025974025949835777,13
114,5,18,1,0.8974359035491943,14
114,5,19,1,0.30000001192092896,15
114,5,20,1,0.5,16
114,5,21,0,0.0,17
114,5,22,0,0.01534526888281107,18
114,5,23,0,0.054794520139694214,19
114,5,24,1,0.9947534203529358,20
114,5,25,0,0.0,21
114,5,26,0,0.0,22
114,5,27,0,0.0,23
114,5,28,1,1.0,24
114,5,29,0,0.0,25
114,5,30,0,0.0,26
114,5,31,0,0.007751937955617905,27
114,5,32,0,0.025974025949835777,28
114,5,33,1,0.8135592937469482,29
114,5,34,0,0.03888889029622078,30
114,5,35,0,0.01534526888281107,31
114,5,36,1,0.9166666865348816,32
114,5,37,0,0.01534526888281107,33
114,5,38,0,0.0,34
114,5,39,1,0.9947534203529358,35
114,5,40,0,0.0,36
121,4,33,0,0.25,1
121,4,34,0,0.16129031777381897,2
121,4,35,0,0.01534526888281107,3
121,4,36,0,0.03888889029622078,4
121,4,37,0,0.032786883413791656,5
121,4,38,0,0.03888889029622078,6
121,4,39,0,0.0,7
121,4,40,0,0.0,8
121,5,1,0,0.3589743673801422,9
121,5,2,0,0.30000001192092896,10
121,5,3,0,0.30000001192092896,11
121,5,4,1,0.5,12
121,5,5,1,0.3589743673801422,13
121,5,6,0,0.0,14
121,5,7,0,0.01534526888281107,15
121,5,8,1,0.800000011920929,16
121,5,9,0,0.16129031777381897,17
121,5,10,1,0.8135592937469482,18
121,5,11,1,0.9947534203529358,19
121,5,12,0,0.054794520139694214,20
121,5,13,1,0.9947534203529358,21
121,5,14,0,0.0,22
121,5,15,0,0.008064515888690948,23
121,5,16,0,0.054794520139694214,24
121,5,17,0,0.01534526888281107,25
121,5,18,1,0.9947534203529358,26
121,5,19,0,0.6410256624221802,27
121,5,20,1,0.9947534203529358,28
121,5,21,0,0.01534526888281107,29
121,5,22,0,0.008064515888690948,30
121,5,23,0,0.054794520139694214,31
121,5,24,1,0.970588207244873,32
121,5,25,0,0.0,33
121,5,26,0,0.025974025949835777,34
121,5,27,0,0.0,35
121,5,28,1,1.0,36
121,5,29,0,0.0,37
121,5,30,0,0.0,38
121,5,31,0,0.01534526888281107,39
121,5,32,0,0.025974025949835777,40
121,5,33,1,0.6410256624221802,41
121,5,34,0,0.032786883413791656,42
121,5,35,0,0.01534526888281107,43
121,5,36,1,0.970588207244873,44
121,5,37,0,0.032786883413791656,45
121,5,38,0,0.008064515888690948,46
121,5,39,1,0.9947534203529358,47
121,5,40,0,0.0,48
122,5,33,1,0.2164948433637619,1
122,5,34,0,0.25,2
122,5,35,0,0.025974025949835777,3
122,5,36,1,0.03888889029622078,4
122,5,37,0,0.25,5
122,5,38,0,0.008064515888690948,6
122,5,39,1,0.16129031777381897,7
122,5,40,0,0.25,8
122,6,1,0,0.01534526888281107,9
122,6,2,0,0.0,10
122,6,3,0,0.01534526888281107,11
122,6,4,0,0.25,12
122,6,5,0,0.03888889029622078,13
122,6,6,0,0.03888889029622078,14
122,6,7,0,0.2164948433637619,15
122,6,8,0,0.054794520139694214,16
122,6,9,0,0.25,17
122,6,10,0,0.054794520139694214,18
122,6,11,0,0.12871287763118744,19
122,6,12,0,0.2164948433637619,20
122,6,13,0,0.3589743673801422,21
122,6,14,0,0.25,22
122,6,15,0,0.3589743673801422,23
122,6,16,0,0.30000001192092896,24
122,6,17,1,0.3589743673801422,25
122,6,18,1,0.8135592937469482,26
122,6,19,1,0.3589743673801422,27
122,6,20,1,0.8135592937469482,28
122,6,21,0,0.12871287763118744,29
122,6,22,0,0.6410256624221802,30
122,6,23,0,0.5,31
122,6,24,1,0.7142857313156128,32
122,6,25,1,0.9947534203529358,33
122,6,26,1,0.9947534203529358,34
122,6,27,0,0.6410256624221802,35
122,6,28,0,0.9947534203529358,36
122,6,29,1,0.9947534203529358,37
122,6,30,1,0.12871287763118744,38
122,6,31,0,0.800000011920929,39
122,6,32,0,0.970588207244873,40
122,6,33,1,0.8135592937469482,41
122,6,34,1,0.054794520139694214,42
122,6,35,0,0.0,43
122,6,36,0,0.16129031777381897,44
122,6,37,0,0.5040233731269836,45
122,6,38,0,0.01534526888281107,46
122,6,39,1,0.25,47
122,6,40,1,0.0,48
124,5,5,1,0.7142857313156128,1
124,5,6,0,0.03888889029622078,2
124,5,7,0,0.007751937955617905,3
124,5,8,1,0.30000001192092896,4
124,5,9,0,0.032786883413791656,5
124,5,10,1,0.9947534203529358,6
124,5,11,1,0.5263158082962036,7
124,5,12,0,0.16129031777381897,8
124,5,13,1,0.8135592937469482,9
124,5,14,0,0.0,10
124,5,15,0,0.0,11
124,5,16,0,0.2164948433637619,12
124,5,17,0,0.01534526888281107,13
124,5,18,1,0.8974359035491943,14
124,5,19,0,0.25,15
124,5,20,1,0.7142857313156128,16
124,5,21,0,0.0,17
124,5,22,0,0.01534526888281107,18
124,5,23,0,0.03888889029622078,19
124,5,24,1,0.9947534203529358,20
124,5,25,0,0.0,21
124,5,26,0,0.0,22
124,5,27,0,0.0,23
124,5,28,1,1.0,24
124,5,29,0,0.0,25
124,5,30,0,0.007751937955617905,26
124,5,31,0,0.01534526888281107,27
124,5,32,0,0.054794520139694214,28
124,5,33,1,0.5,29
124,5,34,0,0.09090909361839294,30
124,5,35,0,0.01534526888281107,31
124,5,36,1,0.9117646813392639,32
124,5,37,0,0.025974025949835777,33
124,5,38,0,0.0,34
124,5,39,1,0.9947534203529358,35
124,5,40,0,0.0,36
125,4,33,0,0.25,1
125,4,34,0,0.16129031777381897,2
125,4,35,0,0.01534526888281107,3
125,4,36,0,0.03888889029622078,4
125,4,37,0,0.032786883413791656,5
125,4,38,0,0.03888889029622078,6
125,4,39,0,0.0,7
125,4,40,0,0.0,8
125,5,1,0,0.3589743673801422,9
125,5,2,0,0.054794520139694214,10
125,5,3,0,0.10526315867900848,11
125,5,4,1,0.25,12
125,5,5,1,0.3589743673801422,13
125,5,6,0,0.0,14
125,5,7,0,0.025974025949835777,15
125,5,8,1,0.800000011920929,16
125,5,9,0,0.16129031777381897,17
125,5,10,1,0.8135592937469482,18
125,5,11,1,0.9947534203529358,19
125,5,12,0,0.054794520139694214,20
125,5,13,1,0.9947534203529358,21
125,5,14,0,0.0,22
125,5,15,0,0.008064515888690948,23
125,5,16,0,0.054794520139694214,24
125,5,17,0,0.01534526888281107,25
125,5,18,1,0.9947534203529358,26
125,5,19,0,0.5263158082962036,27
125,5,20,1,0.8135592937469482,28
125,5,21,0,0.0,29
125,5,22,0,0.01534526888281107,30
125,5,23,0,0.03888889029622078,31
125,5,24,1,0.9947534203529358,32
125,5,25,0,0.0,33
125,5,26,0,0.01534526888281107,34
125,5,27,0,0.0,35
125,5,28,1,1.0,36
125,5,29,0,0.0,37
125,5,30,0,0.0,38
125,5,31,0,0.025974025949835777,39
125,5,32,0,0.032786883413791656,40
125,5,33,1,0.3589743673801422,41
125,5,34,0,0.03888889029622078,42
125,5,35,0,0.025974025949835777,43
125,5,36,1,0.970588207244873,44
125,5,37,0,0.032786883413791656,45
125,5,38,0,0.008064515888690948,46
125,5,39,1,0.9947534203529358,47
125,5,40,0,0.0,48
126,5,21,0,0.30000001192092896,1
126,5,22,0,0.5198682546615601,2
126,5,23,0,0.5263158082962036,3
126,5,24,1,0.5,4
126,5,25,0,0.03888889029622078,5
126,5,26,0,0.12871287763118744,6
126,5,27,0,0.03888889029622078,7
126,5,28,1,0.9947534203529358,8
126,5,29,0,0.027027027681469917,9
126,5,30,0,0.054794520139694214,10
126,5,31,0,0.12871287763118744,11
126,5,32,0,0.25,12
126,5,33,1,0.3589743673801422,13
126,5,34,0,0.16129031777381897,14
126,5,35,0,0.01534526888281107,15
126,5,36,1,0.30000001192092896,16
126,5,37,0,0.032786883413791656,17
126,5,38,0,0.12871287763118744,18
126,5,39,1,0.8135592937469482,19
126,5,40,0,0.01534526888281107,20
126,6,1,0,0.06666667014360428,21
126,6,2,0,0.025974025949835777,22
126,6,3,0,0.03888889029622078,23
126,6,4,0,0.25,24
126,6,5,0,0.16129031777381897,25
126,6,6,0,0.03888889029622078,26
126,6,7,0,0.054794520139694214,27
126,6,8,0,0.03888889029622078,28
126,6,9,0,0.03888889029622078,29
126,6,10,0,0.30000001192092896,30
126,6,11,0,0.30000001192092896,31
126,6,12,0,0.12871287763118744,32
126,6,13,0,0.5263158082962036,33
126,6,14,0,0.5,34
126,6,15,0,0.3589743673801422,35
126,6,16,0,0.1700991988182068,36
126,6,17,1,0.5263158082962036,37
126,6,18,1,0.9947534203529358,38
126,6,19,1,0.9947534203529358,39
126,6,20,1,0.9947534203529358,40
126,6,21,0,0.800000011920929,41
126,6,22,0,0.9166666865348816,42
126,6,23,0,0.970588207244873,43
126,6,24,1,0.8974359035491943,44
126,6,25,1,0.9947534203529358,45
126,6,26,1,0.9947534203529358,46
126,6,27,1,0.48838090896606445,47
126,6,28,0,0.8135592937469482,48
126,6,29,1,0.970588207244873,49
126,6,30,1,0.16129031777381897,50
126,6,31,0,0.9947534203529358,51
126,6,32,0,0.9947534203529358,52
126,6,33,1,0.16129031777381897,53
126,6,34,1,0.01534526888281107,54
126,6,35,0,0.0,55
126,6,36,0,0.16129031777381897,56
126,6,37,0,0.5263158082962036,57
126,6,38,0,0.03888889029622078,58
126,6,39,1,0.25,59
126,6,40,1,0.0,60
129,5,21,0,0.30000001192092896,1
129,5,22,0,0.5198682546615601,2
129,5,23,0,0.5263158082962036,3
129,5,24,1,0.5,4
129,5,25,0,0.03888889029622078,5
129,5,26,0,0.12871287763118744,6
129,5,27,0,0.03888889029622078,7
129,5,28,1,0.9947534203529358,8
129,5,29,0,0.027027027681469917,9
129,5,30,0,0.054794520139694214,10
129,5,31,0,0.12871287763118744,11
129,5,32,0,0.25,12
129,5,33,1,0.3589743673801422,13
129,5,34,0,0.16129031777381897,14
129,5,35,0,0.01534526888281107,15
129,5,36,1,0.30000001192092896,16
129,5,37,0,0.032786883413791656,17
129,5,38,0,0.12871287763118744,18
129,5,39,1,0.8135592937469482,19
129,5,40,0,0.01534526888281107,20
129,6,1,0,0.06666667014360428,21
129,6,2,0,0.025974025949835777,22
129,6,3,0,0.03888889029622078,23
129,6,4,0,0.25,24
129,6,5,0,0.16129031777381897,25
129,6,6,0,0.03888889029622078,26
129,6,7,0,0.054794520139694214,27
129,6,8,0,0.03888889029622078,28
129,6,9,0,0.03888889029622078,29
129,6,10,0,0.30000001192092896,30
129,6,11,0,0.30000001192092896,31
129,6,12,0,0.12871287763118744,32
129,6,13,0,0.5263158082962036,33
129,6,14,0,0.5,34
129,6,15,0,0.3589743673801422,35
129,6,16,0,0.1700991988182068,36
129,6,17,1,0.5263158082962036,37
129,6,18,1,0.9947534203529358,38
129,6,19,1,0.9947534203529358,39
129,6,20,1,0.9947534203529358,40
129,6,21,0,0.800000011920929,41
129,6,22,0,0.9166666865348816,42
129,6,23,0,0.970588207244873,43
129,6,24,1,0.8974359035491943,44
129,6,25,1,0.9947534203529358,45
129,6,26,1,0.9947534203529358,46
129,6,27,1,0.48838090896606445,47
129,6,28,0,0.8135592937469482,48
129,6,29,1,0.970588207244873,49
129,6,30,1,0.16129031777381897,50
129,6,31,0,0.9947534203529358,51
129,6,32,0,0.9947534203529358,52
129,6,33,1,0.16129031777381897,53
129,6,34,1,0.01534526888281107,54
129,6,35,0,0.0,55
129,6,36,0,0.16129031777381897,56
129,6,37,0,0.5263158082962036,57
129,6,38,0,0.03888889029622078,58
129,6,39,1,0.25,59
129,6,40,1,0.0,60
130,5,21,0,0.30000001192092896,1
130,5,22,0,0.5198682546615601,2
130,5,23,0,0.5263158082962036,3
130,5,24,1,0.5,4
130,5,25,0,0.03888889029622078,5
130,5,26,0,0.12871287763118744,6
130,5,27,0,0.03888889029622078,7
130,5,28,1,0.9947534203529358,8
130,5,29,0,0.027027027681469917,9
130,5,30,0,0.054794520139694214,10
130,5,31,0,0.12871287763118744,11
130,5,32,0,0.25,12
130,5,33,1,0.3589743673801422,13
130,5,34,0,0.16129031777381897,14
130,5,35,0,0.01534526888281107,15
130,5,36,1,0.30000001192092896,16
130,5,37,0,0.032786883413791656,17
130,5,38,0,0.12871287763118744,18
130,5,39,1,0.8135592937469482,19
130,5,40,0,0.01534526888281107,20
130,6,1,0,0.06666667014360428,21
130,6,2,0,0.025974025949835777,22
130,6,3,0,0.03888889029622078,23
130,6,4,0,0.25,24
130,6,5,0,0.16129031777381897,25
130,6,6,0,0.03888889029622078,26
130,6,7,0,0.054794520139694214,27
130,6,8,0,0.03888889029622078,28
130,6,9,0,0.03888889029622078,29
130,6,10,0,0.30000001192092896,30
130,6,11,0,0.30000001192092896,31
130,6,12,0,0.12871287763118744,32
130,6,13,0,0.5263158082962036,33
130,6,14,0,0.5,34
130,6,15,0,0.3589743673801422,35
130,6,16,0,0.1700991988182068,36
130,6,17,1,0.5263158082962036,37
130,6,18,1,0.9947534203529358,38
130,6,19,1,0.9947534203529358,39
130,6,20,1,0.9947534203529358,40
130,6,21,0,0.800000011920929,41
130,6,22,0,0.9166666865348816,42
130,6,23,0,0.970588207244873,43
130,6,24,1,0.8974359035491943,44
130,6,25,1,0.9947534203529358,45
130,6,26,1,0.9947534203529358,46
130,6,27,1,0.48838090896606445,47
130,6,28,0,0.8135592937469482,48
130,6,29,1,0.970588207244873,49
130,6,30,1,0.16129031777381897,50
130,6,31,1,0.9947534203529358,51
130,6,32,0,0.12871287763118744,52
130,6,33,1,0.025974025949835777,53
130,6,34,1,0.0,54
130,6,35,0,0.0,55
130,6,36,0,0.0,56
130,6,37,0,0.25,57
130,6,38,0,0.025974025949835777,58
130,6,39,1,0.25,59
130,6,40,1,0.01534526888281107,60
131,5,5,1,0.7142857313156128,1
131,5,6,0,0.03888889029622078,2
131,5,7,0,0.007751937955617905,3
131,5,8,1,0.30000001192092896,4
131,5,9,0,0.032786883413791656,5
131,5,10,1,0.9947534203529358,6
131,5,11,1,0.5263158082962036,7
131,5,12,0,0.16129031777381897,8
131,5,13,1,0.8135592937469482,9
131,5,14,0,0.0,10
131,5,15,0,0.0,11
131,5,16,0,0.2164948433637619,12
131,5,17,0,0.01534526888281107,13
131,5,18,1,0.8974359035491943,14
131,5,19,1,0.25,15
131,5,20,1,0.3589743673801422,16
131,5,21,0,0.0,17
131,5,22,0,0.027027027681469917,18
131,5,23,0,0.054794520139694214,19
131,5,24,0,0.9947534203529358,20
131,5,25,0,0.8135592937469482,21
131,5,26,0,0.8994619846343994,22
131,5,27,0,0.30000001192092896,23
131,5,28,1,0.9947534203529358,24
131,5,29,0,0.0,25
131,5,30,0,0.025974025949835777,26
131,5,31,0,0.032786883413791656,27
131,5,32,0,0.03888889029622078,28
131,5,33,1,0.7142857313156128,29
131,5,34,0,0.25,30
131,5,35,0,0.01534526888281107,31
131,5,36,1,0.9117646813392639,32
131,5,37,0,0.16129031777381897,33
131,5,38,0,0.03888889029622078,34
131,5,39,1,0.970588207244873,35
131,5,40,0,0.0,36
133,4,33,0,0.25,1
133,4,34,0,0.16129031777381897,2
133,4,35,0,0.01534526888281107,3
133,4,36,0,0.03888889029622078,4
133,4,37,1,0.032786883413791656,5
133,4,38,0,0.16129031777381897,6
133,4,39,0,0.01534526888281107,7
133,4,40,0,0.032786883413791656,8
133,5,1,0,0.25,9
133,5,2,0,0.01534526888281107,10
133,5,3,0,0.16129031777381897,11
133,5,4,0,0.6410256624221802,12
133,5,5,1,0.16129031777381897,13
133,5,6,0,0.032786883413791656,14
133,5,7,0,0.5,15
133,5,8,0,0.3589743673801422,16
133,5,9,0,0.25,17
133,5,10,0,0.054794520139694214,18
133,5,11,0,0.2164948433637619,19
133,5,12,0,0.16129031777381897,20
133,5,13,0,0.3589743673801422,21
133,5,14,0,0.2164948433637619,22
133,5,15,0,0.3589743673801422,23
133,5,16,0,0.30000001192092896,24
133,5,17,0,0.12871287763118744,25
133,5,18,0,0.3589743673801422,26
133,5,19,0,0.2164948433637619,27
133,5,20,0,0.2164948433637619,28
133,5,21,0,0.16129031777381897,29
133,5,22,0,0.30000001192092896,30
133,5,23,0,0.3589743673801422,31
133,5,24,0,0.30000001192092896,32
133,5,25,0,0.25,33
133,5,26,0,0.2164948433637619,34
133,5,27,0,0.12871287763118744,35
133,5,28,0,0.25,36
133,5,29,0,0.054794520139694214,37
133,5,30,0,0.03888889029622078,38
133,5,31,0,0.03888889029622078,39
133,5,32,1,0.10526315867900848,40
133,5,33,0,0.16129031777381897,41
133,5,34,0,0.01534526888281107,42
133,5,35,0,0.0,43
133,5,36,0,0.03888889029622078,44
133,5,37,0,0.025974025949835777,45
133,5,38,1,0.025974025949835777,46
133,5,39,0,0.007751937955617905,47
133,5,40,0,0.0,48
134,5,33,1,0.2164948433637619,1
134,5,34,0,0.25,2
134,5,35,0,0.025974025949835777,3
134,5,36,1,0.03888889029622078,4
134,5,37,0,0.25,5
134,5,38,0,0.008064515888690948,6
134,5,39,1,0.16129031777381897,7
134,5,40,0,0.30000001192092896,8
134,6,1,0,0.03888889029622078,9
134,6,2,0,0.008064515888690948,10
134,6,3,0,0.01534526888281107,11
134,6,4,0,0.2164948433637619,12
134,6,5,0,0.03888889029622078,13
134,6,6,0,0.03888889029622078,14
134,6,7,0,0.25,15
134,6,8,0,0.054794520139694214,16
134,6,9,0,0.2164948433637619,17
134,6,10,0,0.054794520139694214,18
134,6,11,0,0.12871287763118744,19
134,6,12,0,0.25,20
134,6,13,0,0.3589743673801422,21
134,6,14,0,0.25,22
134,6,15,0,0.3589743673801422,23
134,6,16,0,0.30000001192092896,24
134,6,17,1,0.3589743673801422,25
134,6,18,1,0.8135592937469482,26
134,6,19,1,0.7142857313156128,27
134,6,20,1,0.970588207244873,28
134,6,21,0,0.16129031777381897,29
134,6,22,0,0.9947534203529358,30
134,6,23,0,0.9117646813392639,31
134,6,24,1,0.800000011920929,32
134,6,25,1,0.9947534203529358,33
134,6,26,1,0.9947534203529358,34
134,6,27,0,0.16129031777381897,35
134,6,28,0,0.970588207244873,36
134,6,29,1,0.8999999761581421,37
134,6,30,1,0.12871287763118744,38
134,6,31,1,0.7142857313156128,39
134,6,32,0,0.25,40
134,6,33,1,0.12871287763118744,41
134,6,34,1,0.01534526888281107,42
134,6,35,0,0.0,43
134,6,36,0,0.03888889029622078,44
134,6,37,0,0.3589743673801422,45
134,6,38,0,0.01534526888281107,46
134,6,39,1,0.25,47
134,6,40,1,0.0,48
136,5,21,0,0.30000001192092896,1
136,5,22,1,0.5198682546615601,2
136,5,23,0,0.01534526888281107,3
136,5,24,1,0.2164948433637619,4
136,5,25,0,0.008064515888690948,5
136,5,26,0,0.03888889029622078,6
136,5,27,0,0.01534526888281107,7
136,5,28,1,1.0,8
136,5,29,0,0.01534526888281107,9
136,5,30,0,0.06666667014360428,10
136,5,31,0,0.032786883413791656,11
136,5,32,0,0.30000001192092896,12
136,5,33,1,0.30000001192092896,13
136,5,34,0,0.25,14
136,5,35,0,0.03888889029622078,15
136,5,36,1,0.5263158082962036,16
136,5,37,0,0.03888889029622078,17
136,5,38,0,0.01534526888281107,18
136,5,39,1,0.9166666865348816,19
136,5,40,0,0.03888889029622078,20
136,6,1,0,0.03888889029622078,21
136,6,2,0,0.027027027681469917,22
136,6,3,0,0.054794520139694214,23
136,6,4,0,0.25,24
136,6,5,0,0.16129031777381897,25
136,6,6,0,0.03888889029622078,26
136,6,7,0,0.03888889029622078,27
136,6,8,0,0.03888889029622078,28
136,6,9,0,0.03888889029622078,29
136,6,10,0,0.30000001192092896,30
136,6,11,0,0.3589743673801422,31
136,6,12,0,0.2164948433637619,32
136,6,13,0,0.6410256624221802,33
136,6,14,0,0.5,34
136,6,15,0,0.3589743673801422,35
136,6,16,0,0.2164948433637619,36
136,6,17,1,0.3589743673801422,37
136,6,18,1,0.8974359035491943,38
136,6,19,1,0.9947534203529358,39
136,6,20,1,0.9947534203529358,40
136,6,21,0,0.7142857313156128,41
136,6,22,0,0.9117646813392639,42
136,6,23,0,0.9117646813392639,43
136,6,24,1,0.800000011920929,44
136,6,25,1,0.9947534203529358,45
136,6,26,1,0.9947534203529358,46
136,6,27,0,0.25,47
136,6,28,0,0.9947534203529358,48
136,6,29,1,0.9947534203529358,49
136,6,30,1,0.3589743673801422,50
136,6,31,0,0.8135592937469482,51
136,6,32,0,0.8135592937469482,52
136,6,33,1,0.7142857313156128,53
136,6,34,1,0.054794520139694214,54
136,6,35,0,0.0,55
136,6,36,0,0.12871287763118744,56
136,6,37,0,0.5,57
136,6,38,0,0.01534526888281107,58
136,6,39,1,0.25,59
136,6,40,1,0.0,60
137,5,33,0,0.2164948433637619,1
137,5,34,0,0.054794520139694214,2
137,5,35,0,0.0,3
137,5,36,0,0.016489673405885696,4
137,5,37,0,0.054794520139694214,5
137,5,38,0,0.03888889029622078,6
137,5,39,0,0.0,7
137,5,40,0,0.0,8
137,6,1,0,0.008064515888690948,9
137,6,2,0,0.0,10
137,6,3,0,0.12871287763118744,11
137,6,4,0,0.25,12
137,6,5,0,0.25,13
137,6,6,0,0.25,14
137,6,7,0,0.3589743673801422,15
137,6,8,0,0.3589743673801422,16
137,6,9,0,0.30000001192092896,17
137,6,10,0,0.25,18
137,6,11,1,0.25,19
137,6,12,0,0.5263158082962036,20
137,6,13,0,0.5,21
137,6,14,0,0.30000001192092896,22
137,6,15,0,0.16129031777381897,23
137,6,16,0,0.16129031777381897,24
137,6,17,0,0.3589743673801422,25
137,6,18,0,0.5,26
137,6,19,0,0.7142857313156128,27
137,6,20,0,0.3589743673801422,28
137,6,21,1,0.032786883413791656,29
137,6,22,0,0.7142857313156128,30
137,6,23,0,0.7142857313156128,31
137,6,24,0,0.9117646813392639,32
137,6,25,0,0.2164948433637619,33
137,6,26,0,0.054794520139694214,34
137,6,27,1,0.01534526888281107,35
137,6,28,0,0.3589743673801422,36
137,6,29,0,0.25,37
137,6,30,1,0.30000001192092896,38
137,6,31,0,0.03888889029622078,39
137,6,32,0,0.12871287763118744,40
137,6,33,0,0.16129031777381897,41
137,6,34,0,0.01534526888281107,42
137,6,35,0,0.0,43
137,6,36,0,0.01534526888281107,44
137,6,37,0,0.01534526888281107,45
137,6,38,0,0.0,46
137,6,39,0,0.0,47
137,6,40,0,0.0,48
138,5,33,1,0.2164948433637619,1
138,5,34,0,0.25,2
138,5,35,0,0.025974025949835777,3
138,5,36,1,0.03888889029622078,4
138,5,37,0,0.25,5
138,5,38,0,0.008064515888690948,6
138,5,39,1,0.16129031777381897,7
138,5,40,0,0.30000001192092896,8
138,6,1,0,0.03888889029622078,9
138,6,2,0,0.008064515888690948,10
138,6,3,0,0.01534526888281107,11
138,6,4,0,0.2164948433637619,12
138,6,5,0,0.03888889029622078,13
138,6,6,0,0.03888889029622078,14
138,6,7,0,0.25,15
138,6,8,0,0.054794520139694214,16
138,6,9,0,0.2164948433637619,17
138,6,10,0,0.054794520139694214,18
138,6,11,0,0.12871287763118744,19
138,6,12,0,0.25,20
138,6,13,0,0.3589743673801422,21
138,6,14,0,0.25,22
138,6,15,0,0.3589743673801422,23
138,6,16,0,0.30000001192092896,24
138,6,17,1,0.3589743673801422,25
138,6,18,1,0.8135592937469482,26
138,6,19,1,0.7142857313156128,27
138,6,20,1,0.970588207244873,28
138,6,21,0,0.16129031777381897,29
138,6,22,0,0.9947534203529358,30
138,6,23,0,0.9117646813392639,31
138,6,24,1,0.800000011920929,32
138,6,25,1,0.9947534203529358,33
138,6,26,1,0.9947534203529358,34
138,6,27,1,0.16129031777381897,35
138,6,28,0,0.5,36
138,6,29,1,0.9947534203529358,37
138,6,30,1,0.027027027681469917,38
138,6,31,0,0.970588207244873,39
138,6,32,0,0.9947534203529358,40
138,6,33,1,0.2164948433637619,41
138,6,34,1,0.01534526888281107,42
138,6,35,0,0.0,43
138,6,36,0,0.16129031777381897,44
138,6,37,0,0.7142857313156128,45
138,6,38,0,0.03888889029622078,46
138,6,39,1,0.25,47
138,6,40,1,0.0,48
139,5,33,1,0.2164948433637619,1
139,5,34,0,0.25,2
139,5,35,0,0.025974025949835777,3
139,5,36,1,0.03888889029622078,4
139,5,37,0,0.25,5
139,5,38,0,0.008064515888690948,6
139,5,39,1,0.16129031777381897,7
139,5,40,0,0.30000001192092896,8
139,6,1,0,0.03888889029622078,9
139,6,2,0,0.008064515888690948,10
139,6,3,0,0.01534526888281107,11
139,6,4,0,0.2164948433637619,12
139,6,5,0,0.03888889029622078,13
139,6,6,0,0.03888889029622078,14
139,6,7,0,0.25,15
139,6,8,0,0.054794520139694214,16
139,6,9,0,0.2164948433637619,17
139,6,10,0,0.054794520139694214,18
139,6,11,0,0.12871287763118744,19
139,6,12,0,0.25,20
139,6,13,0,0.3589743673801422,21
139,6,14,0,0.25,22
139,6,15,0,0.3589743673801422,23
139,6,16,0,0.30000001192092896,24
139,6,17,1,0.3589743673801422,25
139,6,18,1,0.8135592937469482,26
139,6,19,1,0.7142857313156128,27
139,6,20,1,0.970588207244873,28
139,6,21,0,0.16129031777381897,29
139,6,22,0,0.9947534203529358,30
139,6,23,0,0.9117646813392639,31
139,6,24,1,0.800000011920929,32
139,6,25,1,0.9947534203529358,33
139,6,26,1,0.9947534203529358,34
139,6,27,1,0.16129031777381897,35
139,6,28,0,0.5,36
139,6,29,1,0.9947534203529358,37
139,6,30,1,0.027027027681469917,38
139,6,31,0,0.970588207244873,39
139,6,32,0,0.9947534203529358,40
139,6,33,1,0.2164948433637619,41
139,6,34,1,0.01534526888281107,42
139,6,35,0,0.0,43
139,6,36,0,0.16129031777381897,44
139,6,37,0,0.7142857313156128,45
139,6,38,0,0.03888889029622078,46
139,6,39,1,0.25,47
139,6,40,1,0.0,48
140,5,21,0,0.30000001192092896,1
140,5,22,0,0.5198682546615601,2
140,5,23,0,0.5263158082962036,3
140,5,24,1,0.5,4
140,5,25,0,0.03888889029622078,5
140,5,26,0,0.12871287763118744,6
140,5,27,0,0.03888889029622078,7
140,5,28,1,0.9947534203529358,8
140,5,29,0,0.027027027681469917,9
140,5,30,0,0.054794520139694214,10
140,5,31,0,0.12871287763118744,11
140,5,32,0,0.25,12
140,5,33,1,0.3589743673801422,13
140,5,34,0,0.16129031777381897,14
140,5,35,0,0.01534526888281107,15
140,5,36,1,0.30000001192092896,16
140,5,37,0,0.032786883413791656,17
140,5,38,0,0.12871287763118744,18
140,5,39,1,0.8135592937469482,19
140,5,40,0,0.01534526888281107,20
140,6,1,0,0.06666667014360428,21
140,6,2,0,0.025974025949835777,22
140,6,3,0,0.03888889029622078,23
140,6,4,0,0.25,24
140,6,5,0,0.16129031777381897,25
140,6,6,0,0.03888889029622078,26
140,6,7,0,0.054794520139694214,27
140,6,8,0,0.03888889029622078,28
140,6,9,0,0.03888889029622078,29
140,6,10,0,0.30000001192092896,30
140,6,11,0,0.30000001192092896,31
140,6,12,0,0.12871287763118744,32
140,6,13,0,0.5263158082962036,33
140,6,14,0,0.3589743673801422,34
140,6,15,0,0.30000001192092896,35
140,6,16,0,0.16129031777381897,36
140,6,17,1,0.3589743673801422,37
140,6,18,1,0.8135592937469482,38
140,6,19,1,0.9947534203529358,39
140,6,20,1,0.8974359035491943,40
140,6,21,0,0.7142857313156128,41
140,6,22,0,0.9117646813392639,42
140,6,23,0,0.9117646813392639,43
140,6,24,1,0.800000011920929,44
140,6,25,1,0.9947534203529358,45
140,6,26,1,0.9947534203529358,46
140,6,27,0,0.25,47
140,6,28,0,0.9947534203529358,48
140,6,29,1,0.9947534203529358,49
140,6,30,1,0.3589743673801422,50
140,6,31,1,0.8135592937469482,51
140,6,32,0,0.25,52
140,6,33,1,0.12871287763118744,53
140,6,34,1,0.01534526888281107,54
140,6,35,0,0.0,55
140,6,36,0,0.03888889029622078,56
140,6,37,0,0.3589743673801422,57
140,6,38,0,0.01534526888281107,58
140,6,39,1,0.25,59
140,6,40,1,0.0,60
142,5,21,0,0.30000001192092896,1
142,5,22,0,0.5198682546615601,2
142,5,23,0,0.5263158082962036,3
142,5,24,1,0.5,4
142,5,25,0,0.03888889029622078,5
142,5,26,0,0.12871287763118744,6
142,5,27,0,0.03888889029622078,7
142,5,28,1,0.9947534203529358,8
142,5,29,0,0.027027027681469917,9
142,5,30,0,0.054794520139694214,10
142,5,31,0,0.12871287763118744,11
142,5,32,0,0.25,12
142,5,33,1,0.3589743673801422,13
142,5,34,0,0.16129031777381897,14
142,5,35,0,0.01534526888281107,15
142,5,36,1,0.30000001192092896,16
142,5,37,0,0.032786883413791656,17
142,5,38,0,0.12871287763118744,18
142,5,39,1,0.8135592937469482,19
142,5,40,0,0.01534526888281107,20
142,6,1,0,0.06666667014360428,21
142,6,2,0,0.025974025949835777,22
142,6,3,0,0.03888889029622078,23
142,6,4,1,0.25,24
142,6,5,0,0.2164948433637619,25
142,6,6,0,0.03888889029622078,26
142,6,7,0,0.03888889029622078,27
142,6,8,0,0.2164948433637619,28
142,6,9,0,0.25,29
142,6,10,0,0.25,30
142,6,11,0,0.25,31
142,6,12,0,0.12871287763118744,32
142,6,13,0,0.3589743673801422,33
142,6,14,0,0.16129031777381897,34
142,6,15,0,0.03888889029622078,35
142,6,16,0,0.03888889029622078,36
142,6,17,1,0.2164948433637619,37
142,6,18,1,0.3589743673801422,38
142,6,19,1,0.9117646813392639,39
142,6,20,1,0.7142857313156128,40
142,6,21,0,0.7142857313156128,41
142,6,22,0,0.8974359035491943,42
142,6,23,0,0.8974359035491943,43
142,6,24,1,0.8135592937469482,44
142,6,25,1,0.9947534203529358,45
142,6,26,1,0.9947534203529358,46
142,6,27,1,0.25,47
142,6,28,0,0.8135592937469482,48
142,6,29,1,0.9947534203529358,49
142,6,30,1,0.16129031777381897,50
142,6,31,0,0.9947534203529358,51
142,6,32,0,0.9947534203529358,52
142,6,33,1,0.2164948433637619,53
142,6,34,1,0.01534526888281107,54
142,6,35,0,0.0,55
142,6,36,0,0.12871287763118744,56
142,6,37,0,0.7142857313156128,57
142,6,38,0,0.03888889029622078,58
142,6,39,1,0.25,59
142,6,40,1,0.007751937955617905,60
143,5,17,0,0.30000001192092896,1
143,5,18,1,0.7142857313156128,2
143,5,19,0,0.12871287763118744,3
143,5,20,1,0.5263158082962036,4
143,5,21,0,0.0,5
143,5,22,0,0.008064515888690948,6
143,5,23,0,0.008064515888690948,7
143,5,24,1,0.9947534203529358,8
143,5,25,0,0.0,9
143,5,26,0,0.01534526888281107,10
143,5,27,0,0.0,11
143,5,28,1,1.0,12
143,5,29,0,0.0,13
143,5,30,0,0.0,14
143,5,31,0,0.0,15
143,5,32,0,0.054794520139694214,16
143,5,33,1,0.8974359035491943,17
143,5,34,0,0.01534526888281107,18
143,5,35,0,0.0,19
143,5,36,1,0.9947534203529358,20
143,5,37,0,0.03888889029622078,21
143,5,38,0,0.0,22
143,5,39,1,0.9947534203529358,23
143,5,40,0,0.01534526888281107,24
144,5,5,1,0.7142857313156128,1
144,5,6,0,0.03888889029622078,2
144,5,7,0,0.16129031777381897,3
144,5,8,1,0.30000001192092896,4
144,5,9,0,0.03888889029622078,5
144,5,10,1,0.9947534203529358,6
144,5,11,1,0.30000001192092896,7
144,5,12,0,0.25,8
144,5,13,1,0.8974359035491943,9
144,5,14,0,0.0,10
144,5,15,0,0.007751937955617905,11
144,5,16,0,0.2164948433637619,12
144,5,17,0,0.01534526888281107,13
144,5,18,1,0.800000011920929,14
144,5,19,1,0.25,15
144,5,20,1,0.3589743673801422,16
144,5,21,0,0.0,17
144,5,22,0,0.01534526888281107,18
144,5,23,0,0.0,19
144,5,24,1,0.9947534203529358,20
144,5,25,0,0.0,21
144,5,26,0,0.0,22
144,5,27,0,0.0,23
144,5,28,1,1.0,24
144,5,29,0,0.0,25
144,5,30,0,0.0,26
144,5,31,0,0.0,27
144,5,32,0,0.027027027681469917,28
144,5,33,1,0.8974359035491943,29
144,5,34,0,0.03888889029622078,30
144,5,35,0,0.01534526888281107,31
144,5,36,1,0.9117646813392639,32
144,5,37,0,0.01534526888281107,33
144,5,38,0,0.0,34
144,5,39,1,0.9947534203529358,35
144,5,40,0,0.0,36
145,5,17,0,0.30000001192092896,1
145,5,18,1,0.7142857313156128,2
145,5,19,0,0.12871287763118744,3
145,5,20,1,0.5263158082962036,4
145,5,21,0,0.0,5
145,5,22,0,0.008064515888690948,6
145,5,23,0,0.008064515888690948,7
145,5,24,1,0.9947534203529358,8
145,5,25,0,0.0,9
145,5,26,0,0.01534526888281107,10
145,5,27,0,0.0,11
145,5,28,1,1.0,12
145,5,29,0,0.0,13
145,5,30,0,0.0,14
145,5,31,0,0.0,15
145,5,32,0,0.054794520139694214,16
145,5,33,1,0.8974359035491943,17
145,5,34,0,0.01534526888281107,18
145,5,35,0,0.0,19
145,5,36,1,0.9947534203529358,20
145,5,37,0,0.03888889029622078,21
145,5,38,0,0.0,22
145,5,39,1,0.9947534203529358,23
145,5,40,0,0.01534526888281107,24
147,6,5,0,0.6410256624221802,1
147,6,6,0,0.12871287763118744,2
147,6,7,0,0.2164948433637619,3
147,6,8,0,0.16129031777381897,4
147,6,9,0,0.16129031777381897,5
147,6,10,1,0.16129031777381897,6
147,6,11,0,0.12871287763118744,7
147,6,12,0,0.054794520139694214,8
147,6,13,0,0.09090909361839294,9
147,6,14,0,0.054794520139694214,10
147,6,15,0,0.25,11
147,6,16,0,0.30000001192092896,12
147,6,17,1,0.7142857313156128,13
147,6,18,1,0.8135592937469482,14
147,6,19,1,0.9947534203529358,15
147,6,20,1,0.3589743673801422,16
147,6,21,0,0.25,17
147,6,22,0,0.16129031777381897,18
147,6,23,0,0.5,19
147,6,24,1,0.9117646813392639,20
147,6,25,1,0.8999999761581421,21
147,6,26,1,0.6410256624221802,22
147,6,27,1,0.03888889029622078,23
147,6,28,0,0.3589743673801422,24
147,6,29,1,0.8135592937469482,25
147,6,30,1,0.025974025949835777,26
147,6,31,0,0.5263158082962036,27
147,6,32,0,0.25,28
147,6,33,1,0.008064515888690948,29
147,6,34,1,0.0,30
147,6,35,0,0.0,31
147,6,36,0,0.008064515888690948,32
147,6,37,0,0.2164948433637619,33
147,6,38,0,0.0,34
147,6,39,1,0.03888889029622078,35
147,6,40,1,0.0,36
148,4,33,0,0.25,1
148,4,34,0,0.16129031777381897,2
148,4,35,0,0.01534526888281107,3
148,4,36,0,0.03888889029622078,4
148,4,37,0,0.032786883413791656,5
148,4,38,0,0.03888889029622078,6
148,4,39,0,0.0,7
148,4,40,0,0.0,8
148,5,1,0,0.12871287763118744,9
148,5,2,0,0.25,10
148,5,3,0,0.25,11
148,5,4,1,0.3589743673801422,12
148,5,5,0,0.3589743673801422,13
148,5,6,0,0.16129031777381897,14
148,5,7,0,0.5263158082962036,15
148,5,8,1,0.25,16
148,5,9,0,0.6410256624221802,17
148,5,10,1,0.8974359035491943,18
148,5,11,1,0.9947534203529358,19
148,5,12,0,0.03888889029622078,20
148,5,13,1,0.9947534203529358,21
148,5,14,0,0.007751937955617905,22
148,5,15,0,0.0,23
148,5,16,0,0.025974025949835777,24
148,5,17,0,0.16129031777381897,25
148,5,18,1,0.9947534203529358,26
148,5,19,1,0.5263158082962036,27
148,5,20,1,0.7142857313156128,28
148,5,21,0,0.01534526888281107,29
148,5,22,0,0.03888889029622078,30
148,5,23,0,0.007751937955617905,31
148,5,24,1,0.9947534203529358,32
148,5,25,0,0.0,33
148,5,26,0,0.01534526888281107,34
148,5,27,0,0.0,35
148,5,28,1,1.0,36
148,5,29,0,0.0,37
148,5,30,0,0.0,38
148,5,31,0,0.0,39
148,5,32,0,0.03888889029622078,40
148,5,33,1,0.7142857313156128,41
148,5,34,0,0.008064515888690948,42
148,5,35,0,0.0,43
148,5,36,1,0.7142857313156128,44
148,5,37,0,0.025974025949835777,45
148,5,38,0,0.0,46
148,5,39,1,0.9117646813392639,47
148,5,40,0,0.0,48
151,5,17,0,0.30000001192092896,1
151,5,18,1,0.7142857313156128,2
151,5,19,0,0.12871287763118744,3
151,5,20,1,0.5263158082962036,4
151,5,21,0,0.0,5
151,5,22,0,0.008064515888690948,6
151,5,23,0,0.008064515888690948,7
151,5,24,1,0.9947534203529358,8
151,5,25,0,0.0,9
151,5,26,0,0.01534526888281107,10
151,5,27,0,0.0,11
151,5,28,1,1.0,12
151,5,29,0,0.0,13
151,5,30,0,0.0,14
151,5,31,0,0.0,15
151,5,32,0,0.054794520139694214,16
151,5,33,1,0.8974359035491943,17
151,5,34,0,0.01534526888281107,18
151,5,35,0,0.0,19
151,5,36,1,0.9947534203529358,20
151,5,37,0,0.03888889029622078,21
151,5,38,0,0.0,22
151,5,39,1,0.9947534203529358,23
151,5,40,0,0.01534526888281107,24
153,6,5,0,0.6410256624221802,1
153,6,6,0,0.12871287763118744,2
153,6,7,0,0.2164948433637619,3
153,6,8,0,0.16129031777381897,4
153,6,9,0,0.16129031777381897,5
153,6,10,0,0.16129031777381897,6
153,6,11,0,0.01534526888281107,7
153,6,12,0,0.0,8
153,6,13,0,0.008064515888690948,9
153,6,14,0,0.007751937955617905,10
153,6,15,0,0.12871287763118744,11
153,6,16,0,0.03888889029622078,12
153,6,17,1,0.25,13
153,6,18,1,0.9947534203529358,14
153,6,19,1,0.9947534203529358,15
153,6,20,1,0.970588207244873,16
153,6,21,0,0.2164948433637619,17
153,6,22,0,0.25,18
153,6,23,0,0.3589743673801422,19
153,6,24,1,0.9166666865348816,20
153,6,25,1,0.9947534203529358,21
153,6,26,1,0.8135592937469482,22
153,6,27,0,0.12871287763118744,23
153,6,28,0,0.16129031777381897,24
153,6,29,1,0.2164948433637619,25
153,6,30,1,0.025974025949835777,26
153,6,31,0,0.12871287763118744,27
153,6,32,0,0.16129031777381897,28
153,6,33,1,0.03888889029622078,29
153,6,34,1,0.03888889029622078,30
153,6,35,0,0.0,31
153,6,36,0,0.03888889029622078,32
153,6,37,0,0.25,33
153,6,38,0,0.01534526888281107,34
153,6,39,1,0.2164948433637619,35
153,6,40,1,0.0,36
155,5,33,1,0.16129031777381897,1
155,5,34,0,0.032786883413791656,2
155,5,35,0,0.0,3
155,5,36,1,0.008064515888690948,4
155,5,37,0,0.2164948433637619,5
155,5,38,0,0.01534526888281107,6
155,5,39,1,0.2164948433637619,7
155,5,40,0,0.25,8
155,6,1,0,0.032786883413791656,9
155,6,2,0,0.007751937955617905,10
155,6,3,0,0.01534526888281107,11
155,6,4,0,0.25,12
155,6,5,0,0.03888889029622078,13
155,6,6,0,0.03888889029622078,14
155,6,7,0,0.25,15
155,6,8,0,0.03888889029622078,16
155,6,9,0,0.12871287763118744,17
155,6,10,0,0.03888889029622078,18
155,6,11,0,0.01534526888281107,19
155,6,12,0,0.03888889029622078,20
155,6,13,1,0.25,21
155,6,14,0,0.3589743673801422,22
155,6,15,0,0.2164948433637619,23
155,6,16,0,0.2164948433637619,24
155,6,17,1,0.5,25
155,6,18,1,0.9117646813392639,26
155,6,19,1,0.970588207244873,27
155,6,20,1,0.6410256624221802,28
155,6,21,0,0.16129031777381897,29
155,6,22,0,0.6410256624221802,30
155,6,23,0,0.8135592937469482,31
155,6,24,1,0.9947534203529358,32
155,6,25,1,0.9947534203529358,33
155,6,26,1,0.9117646813392639,34
155,6,27,1,0.16129031777381897,35
155,6,28,0,0.30000001192092896,36
155,6,29,1,0.7142857313156128,37
155,6,30,1,0.01534526888281107,38
155,6,31,0,0.3589743673801422,39
155,6,32,0,0.6410256624221802,40
155,6,33,1,0.03888889029622078,41
155,6,34,1,0.008064515888690948,42
155,6,35,0,0.0,43
155,6,36,0,0.03888889029622078,44
155,6,37,0,0.30000001192092896,45
155,6,38,0,0.025974025949835777,46
155,6,39,1,0.25,47
155,6,40,1,0.0,48
158,6,5,0,0.6410256624221802,1
158,6,6,0,0.12871287763118744,2
158,6,7,0,0.2164948433637619,3
158,6,8,0,0.16129031777381897,4
158,6,9,0,0.16129031777381897,5
158,6,10,0,0.16129031777381897,6
158,6,11,0,0.01534526888281107,7
158,6,12,0,0.0,8
158,6,13,0,0.008064515888690948,9
158,6,14,0,0.007751937955617905,10
158,6,15,0,0.12871287763118744,11
158,6,16,0,0.03888889029622078,12
158,6,17,1,0.25,13
158,6,18,1,0.9947534203529358,14
158,6,19,1,0.9947534203529358,15
158,6,20,1,0.970588207244873,16
158,6,21,0,0.2164948433637619,17
158,6,22,0,0.25,18
158,6,23,0,0.3589743673801422,19
158,6,24,1,0.9166666865348816,20
158,6,25,1,0.9947534203529358,21
158,6,26,1,0.8135592937469482,22
158,6,27,0,0.12871287763118744,23
158,6,28,0,0.16129031777381897,24
158,6,29,1,0.2164948433637619,25
158,6,30,1,0.025974025949835777,26
158,6,31,0,0.12871287763118744,27
158,6,32,0,0.16129031777381897,28
158,6,33,1,0.03888889029622078,29
158,6,34,1,0.03888889029622078,30
158,6,35,0,0.0,31
158,6,36,0,0.03888889029622078,32
158,6,37,0,0.25,33
158,6,38,0,0.01534526888281107,34
158,6,39,1,0.2164948433637619,35
158,6,40,1,0.0,36
159,5,17,0,0.30000001192092896,1
159,5,18,1,0.7142857313156128,2
159,5,19,1,0.12871287763118744,3
159,5,20,1,0.3589743673801422,4
159,5,21,0,0.03888889029622078,5
159,5,22,0,0.032786883413791656,6
159,5,23,0,0.2164948433637619,7
159,5,24,1,0.9166666865348816,8
159,5,25,0,0.01534526888281107,9
159,5,26,0,0.054794520139694214,10
159,5,27,0,0.0,11
159,5,28,1,1.0,12
159,5,29,0,0.0,13
159,5,30,0,0.0,14
159,5,31,0,0.0,15
159,5,32,0,0.032786883413791656,16
159,5,33,1,0.8999999761581421,17
159,5,34,0,0.0,18
159,5,35,0,0.0,19
159,5,36,1,0.9947534203529358,20
159,5,37,0,0.03888889029622078,21
159,5,38,0,0.0,22
159,5,39,1,1.0,23
159,5,40,0,0.0,24
162,5,33,1,0.16129031777381897,1
162,5,34,0,0.032786883413791656,2
162,5,35,0,0.0,3
162,5,36,1,0.008064515888690948,4
162,5,37,0,0.2164948433637619,5
162,5,38,0,0.01534526888281107,6
162,5,39,1,0.2164948433637619,7
162,5,40,0,0.25,8
162,6,1,0,0.025974025949835777,9
162,6,2,0,0.0,10
162,6,3,0,0.01534526888281107,11
162,6,4,0,0.25,12
162,6,5,0,0.03888889029622078,13
162,6,6,0,0.03888889029622078,14
162,6,7,0,0.25,15
162,6,8,0,0.03888889029622078,16
162,6,9,0,0.2164948433637619,17
162,6,10,0,0.12871287763118744,18
162,6,11,0,0.01534526888281107,19
162,6,12,0,0.03888889029622078,20
162,6,13,0,0.3589743673801422,21
162,6,14,0,0.25,22
162,6,15,0,0.30000001192092896,23
162,6,16,0,0.25,24
162,6,17,1,0.5263158082962036,25
162,6,18,1,0.9947534203529358,26
162,6,19,1,0.8135592937469482,27
162,6,20,1,0.5,28
162,6,21,0,0.03888889029622078,29
162,6,22,0,0.7142857313156128,30
162,6,23,0,0.30000001192092896,31
162,6,24,1,0.25,32
162,6,25,1,0.8135592937469482,33
162,6,26,1,0.8974359035491943,34
162,6,27,1,0.12871287763118744,35
162,6,28,0,0.5,36
162,6,29,1,0.9117646813392639,37
162,6,30,1,0.007751937955617905,38
162,6,31,0,0.8974359035491943,39
162,6,32,0,0.8135592937469482,40
162,6,33,1,0.25,41
162,6,34,1,0.01534526888281107,42
162,6,35,0,0.0,43
162,6,36,0,0.054794520139694214,44
162,6,37,0,0.3589743673801422,45
162,6,38,0,0.0191055741161108,46
162,6,39,1,0.12871287763118744,47
162,6,40,1,0.0,48
163,6,5,0,0.6410256624221802,1
163,6,6,0,0.12871287763118744,2
163,6,7,0,0.2164948433637619,3
163,6,8,0,0.16129031777381897,4
163,6,9,0,0.16129031777381897,5
163,6,10,0,0.054794520139694214,6
163,6,11,0,0.008064515888690948,7
163,6,12,0,0.0,8
163,6,13,0,0.01534526888281107,9
163,6,14,0,0.0,10
163,6,15,0,0.03888889029622078,11
163,6,16,0,0.054794520139694214,12
163,6,17,0,0.5,13
163,6,18,1,0.970588207244873,14
163,6,19,0,0.9947534203529358,15
163,6,20,0,0.9947534203529358,16
163,6,21,0,0.16129031777381897,17
163,6,22,0,0.01534526888281107,18
163,6,23,0,0.01534526888281107,19
163,6,24,0,0.10786899924278259,20
163,6,25,0,0.16129031777381897,21
163,6,26,0,0.12871287763118744,22
163,6,27,0,0.0,23
163,6,28,0,0.01534526888281107,24
163,6,29,0,0.01534526888281107,25
163,6,30,0,0.007751937955617905,26
163,6,31,0,0.007751937955617905,27
163,6,32,0,0.0,28
163,6,33,0,0.025974025949835777,29
163,6,34,0,0.01534526888281107,30
163,6,35,0,0.0,31
163,6,36,0,0.0,32
163,6,37,0,0.0,33
163,6,38,0,0.0,34
163,6,39,0,0.0,35
163,6,40,0,0.0,36
166,5,17,0,0.30000001192092896,1
166,5,18,1,0.7142857313156128,2
166,5,19,1,0.12871287763118744,3
166,5,20,1,0.3589743673801422,4
166,5,21,0,0.03888889029622078,5
166,5,22,0,0.032786883413791656,6
166,5,23,0,0.2164948433637619,7
166,5,24,1,0.9166666865348816,8
166,5,25,0,0.01534526888281107,9
166,5,26,0,0.054794520139694214,10
166,5,27,0,0.0,11
166,5,28,1,1.0,12
166,5,29,0,0.0,13
166,5,30,0,0.0,14
166,5,31,0,0.0,15
166,5,32,0,0.032786883413791656,16
166,5,33,1,0.8999999761581421,17
166,5,34,0,0.0,18
166,5,35,0,0.0,19
166,5,36,1,0.9947534203529358,20
166,5,37,0,0.03888889029622078,21
166,5,38,0,0.0,22
166,5,39,1,1.0,23
166,5,40,0,0.0,24
168,6,5,0,0.6410256624221802,1
168,6,6,0,0.12871287763118744,2
168,6,7,0,0.2164948433637619,3
168,6,8,0,0.16129031777381897,4
168,6,9,0,0.16129031777381897,5
168,6,10,0,0.054794520139694214,6
168,6,11,0,0.008064515888690948,7
168,6,12,0,0.0,8
168,6,13,0,0.01534526888281107,9
168,6,14,0,0.0,10
168,6,15,0,0.03888889029622078,11
168,6,16,0,0.054794520139694214,12
168,6,17,1,0.5,13
168,6,18,1,0.9947534203529358,14
168,6,19,1,0.9947534203529358,15
168,6,20,1,0.9947534203529358,16
168,6,21,0,0.032786883413791656,17
168,6,22,0,0.03888889029622078,18
168,6,23,0,0.054794520139694214,19
168,6,24,1,0.5,20
168,6,25,1,0.9947534203529358,21
168,6,26,1,0.9947534203529358,22
168,6,27,1,0.25,23
168,6,28,0,0.25,24
168,6,29,1,0.7142857313156128,25
168,6,30,1,0.025974025949835777,26
168,6,31,0,0.6410256624221802,27
168,6,32,0,0.7142857313156128,28
168,6,33,1,0.025974025949835777,29
168,6,34,1,0.0,30
168,6,35,0,0.0,31
168,6,36,0,0.01534526888281107,32
168,6,37,0,0.25,33
168,6,38,0,0.0,34
168,6,39,1,0.025974025949835777,35
168,6,40,1,0.0,36
169,6,5,0,0.6410256624221802,1
169,6,6,0,0.12871287763118744,2
169,6,7,0,0.2164948433637619,3
169,6,8,0,0.16129031777381897,4
169,6,9,0,0.16129031777381897,5
169,6,10,0,0.054794520139694214,6
169,6,11,0,0.008064515888690948,7
169,6,12,0,0.0,8
169,6,13,0,0.01534526888281107,9
169,6,14,0,0.0,10
169,6,15,0,0.03888889029622078,11
169,6,16,0,0.054794520139694214,12
169,6,17,1,0.5,13
169,6,18,1,0.9947534203529358,14
169,6,19,1,0.9947534203529358,15
169,6,20,1,0.9947534203529358,16
169,6,21,0,0.032786883413791656,17
169,6,22,0,0.03888889029622078,18
169,6,23,0,0.054794520139694214,19
169,6,24,1,0.5,20
169,6,25,1,0.9947534203529358,21
169,6,26,1,0.9947534203529358,22
169,6,27,1,0.25,23
169,6,28,0,0.25,24
169,6,29,1,0.7142857313156128,25
169,6,30,1,0.025974025949835777,26
169,6,31,0,0.6410256624221802,27
169,6,32,0,0.7142857313156128,28
169,6,33,1,0.025974025949835777,29
169,6,34,1,0.0,30
169,6,35,0,0.0,31
169,6,36,0,0.01534526888281107,32
169,6,37,0,0.25,33
169,6,38,0,0.0,34
169,6,39,1,0.025974025949835777,35
169,6,40,1,0.0,36
170,5,17,0,0.30000001192092896,1
170,5,18,1,0.7142857313156128,2
170,5,19,1,0.12871287763118744,3
170,5,20,1,0.3589743673801422,4
170,5,21,0,0.03888889029622078,5
170,5,22,0,0.032786883413791656,6
170,5,23,0,0.2164948433637619,7
170,5,24,1,0.9166666865348816,8
170,5,25,0,0.01534526888281107,9
170,5,26,0,0.054794520139694214,10
170,5,27,0,0.0,11
170,5,28,1,1.0,12
170,5,29,0,0.0,13
170,5,30,0,0.0,14
170,5,31,0,0.0,15
170,5,32,0,0.032786883413791656,16
170,5,33,1,0.8999999761581421,17
170,5,34,0,0.0,18
170,5,35,0,0.01534526888281107,19
170,5,36,1,0.9947534203529358,20
170,5,37,0,0.03888889029622078,21
170,5,38,0,0.0,22
170,5,39,1,1.0,23
170,5,40,0,0.0,24
173,5,5,1,0.7142857313156128,1
173,5,6,0,0.03888889029622078,2
173,5,7,0,0.16129031777381897,3
173,5,8,1,0.25,4
173,5,9,0,0.03888889029622078,5
173,5,10,1,0.9947534203529358,6
173,5,11,1,0.25,7
173,5,12,0,0.2164948433637619,8
173,5,13,1,0.7142857313156128,9
173,5,14,0,0.01534526888281107,10
173,5,15,0,0.007751937955617905,11
173,5,16,0,0.25,12
173,5,17,0,0.025974025949835777,13
173,5,18,1,0.8135592937469482,14
173,5,19,0,0.27238473296165466,15
173,5,20,1,0.800000011920929,16
173,5,21,0,0.0,17
173,5,22,1,0.0,18
173,5,23,0,0.016485856845974922,19
173,5,24,1,0.025974025949835777,20
173,5,25,0,0.0,21
173,5,26,0,0.0,22
173,5,27,0,0.0,23
173,5,28,1,0.9947534203529358,24
173,5,29,0,0.0,25
173,5,30,0,0.0,26
173,5,31,0,0.0,27
173,5,32,0,0.01534526888281107,28
173,5,33,1,0.8135592937469482,29
173,5,34,0,0.03888889029622078,30
173,5,35,0,0.0,31
173,5,36,1,0.7142857313156128,32
173,5,37,0,0.01534526888281107,33
173,5,38,0,0.0,34
173,5,39,1,0.970588207244873,35
173,5,40,0,0.0,36
174,5,33,1,0.16129031777381897,1
174,5,34,0,0.032786883413791656,2
174,5,35,0,0.008064515888690948,3
174,5,36,1,0.01534526888281107,4
174,5,37,0,0.30000001192092896,5
174,5,38,0,0.01534526888281107,6
174,5,39,1,0.2164948433637619,7
174,5,40,0,0.25,8
174,6,1,0,0.01534526888281107,9
174,6,2,0,0.01534526888281107,10
174,6,3,0,0.025974025949835777,11
174,6,4,0,0.25,12
174,6,5,0,0.054794520139694214,13
174,6,6,0,0.03888889029622078,14
174,6,7,0,0.25,15
174,6,8,0,0.054794520139694214,16
174,6,9,0,0.2164948433637619,17
174,6,10,0,0.12871287763118744,18
174,6,11,0,0.008064515888690948,19
174,6,12,0,0.03888889029622078,20
174,6,13,0,0.25,21
174,6,14,0,0.2164948433637619,22
174,6,15,0,0.3589743673801422,23
174,6,16,0,0.25,24
174,6,17,1,0.6410256624221802,25
174,6,18,1,0.9947534203529358,26
174,6,19,1,0.800000011920929,27
174,6,20,1,0.9947534203529358,28
174,6,21,0,0.03888889029622078,29
174,6,22,0,0.3589743673801422,30
174,6,23,0,0.3589743673801422,31
174,6,24,1,0.3589743673801422,32
174,6,25,1,0.9947534203529358,33
174,6,26,1,0.9947534203529358,34
174,6,27,1,0.3589743673801422,35
174,6,28,0,0.3589743673801422,36
174,6,29,1,0.8135592937469482,37
174,6,30,1,0.01534526888281107,38
174,6,31,1,0.8135592937469482,39
174,6,32,0,0.03888889029622078,40
174,6,33,1,0.01534526888281107,41
174,6,34,1,0.0,42
174,6,35,0,0.0,43
174,6,36,0,0.0,44
174,6,37,0,0.30000001192092896,45
174,6,38,0,0.03888889029622078,46
174,6,39,1,0.2164948433637619,47
174,6,40,1,0.0,48
176,5,33,1,0.16129031777381897,1
176,5,34,0,0.032786883413791656,2
176,5,35,0,0.0,3
176,5,36,1,0.008064515888690948,4
176,5,37,0,0.2164948433637619,5
176,5,38,0,0.01534526888281107,6
176,5,39,1,0.2164948433637619,7
176,5,40,0,0.25,8
176,6,1,0,0.025974025949835777,9
176,6,2,0,0.0,10
176,6,3,0,0.01534526888281107,11
176,6,4,0,0.25,12
176,6,5,0,0.03888889029622078,13
176,6,6,0,0.03888889029622078,14
176,6,7,0,0.25,15
176,6,8,0,0.03888889029622078,16
176,6,9,0,0.2164948433637619,17
176,6,10,0,0.12871287763118744,18
176,6,11,0,0.01534526888281107,19
176,6,12,0,0.03888889029622078,20
176,6,13,0,0.3589743673801422,21
176,6,14,0,0.25,22
176,6,15,0,0.30000001192092896,23
176,6,16,0,0.25,24
176,6,17,1,0.5263158082962036,25
176,6,18,1,0.9947534203529358,26
176,6,19,1,0.8135592937469482,27
176,6,20,1,0.5,28
176,6,21,0,0.03888889029622078,29
176,6,22,0,0.7142857313156128,30
176,6,23,0,0.30000001192092896,31
176,6,24,1,0.25,32
176,6,25,1,0.8135592937469482,33
176,6,26,1,0.8974359035491943,34
176,6,27,1,0.12871287763118744,35
176,6,28,0,0.5,36
176,6,29,1,0.9117646813392639,37
176,6,30,1,0.007751937955617905,38
176,6,31,0,0.8974359035491943,39
176,6,32,0,0.8135592937469482,40
176,6,33,1,0.25,41
176,6,34,1,0.01534526888281107,42
176,6,35,0,0.0,43
176,6,36,0,0.054794520139694214,44
176,6,37,0,0.3589743673801422,45
176,6,38,0,0.0191055741161108,46
176,6,39,1,0.12871287763118744,47
176,6,40,1,0.0,48
178,5,5,1,0.7142857313156128,1
178,5,6,0,0.03888889029622078,2
178,5,7,0,0.16129031777381897,3
178,5,8,1,0.25,4
178,5,9,0,0.03888889029622078,5
178,5,10,1,0.9947534203529358,6
178,5,11,1,0.3589743673801422,7
178,5,12,0,0.3589743673801422,8
178,5,13,1,0.9117646813392639,9
178,5,14,0,0.007751937955617905,10
178,5,15,0,0.0,11
178,5,16,0,0.2164948433637619,12
178,5,17,0,0.01534526888281107,13
178,5,18,1,0.8135592937469482,14
178,5,19,1,0.30000001192092896,15
178,5,20,1,0.3589743673801422,16
178,5,21,0,0.0,17
178,5,22,0,0.01534526888281107,18
178,5,23,0,0.008064515888690948,19
178,5,24,1,0.9947534203529358,20
178,5,25,0,0.0,21
178,5,26,0,0.0,22
178,5,27,0,0.0,23
178,5,28,1,1.0,24
178,5,29,0,0.0,25
178,5,30,0,0.0,26
178,5,31,0,0.0,27
178,5,32,0,0.01534526888281107,28
178,5,33,1,0.8135592937469482,29
178,5,34,0,0.03888889029622078,30
178,5,35,0,0.0,31
178,5,36,1,0.9166666865348816,32
178,5,37,0,0.01534526888281107,33
178,5,38,0,0.0,34
178,5,39,1,0.9947534203529358,35
178,5,40,0,0.0,36
179,5,17,0,0.30000001192092896,1
179,5,18,1,0.7142857313156128,2
179,5,19,1,0.12871287763118744,3
179,5,20,1,0.3589743673801422,4
179,5,21,0,0.03888889029622078,5
179,5,22,0,0.032786883413791656,6
179,5,23,0,0.2164948433637619,7
179,5,24,1,0.9166666865348816,8
179,5,25,0,0.01534526888281107,9
179,5,26,0,0.054794520139694214,10
179,5,27,0,0.0,11
179,5,28,1,1.0,12
179,5,29,0,0.0,13
179,5,30,0,0.0,14
179,5,31,0,0.0,15
179,5,32,0,0.032786883413791656,16
179,5,33,1,0.8999999761581421,17
179,5,34,0,0.0,18
179,5,35,0,0.0,19
179,5,36,1,0.9947534203529358,20
179,5,37,0,0.03888889029622078,21
179,5,38,0,0.0,22
179,5,39,1,1.0,23
179,5,40,0,0.0,24
180,5,5,0,0.7142857313156128,1
180,5,6,0,0.3589743673801422,2
180,5,7,0,0.6410256624221802,3
180,5,8,1,0.5263158082962036,4
180,5,9,0,0.12871287763118744,5
180,5,10,1,0.3589743673801422,6
180,5,11,1,0.25,7
180,5,12,0,0.008064515888690948,8
180,5,13,1,0.3589743673801422,9
180,5,14,0,0.007751937955617905,10
180,5,15,0,0.0,11
180,5,16,0,0.007751937955617905,12
180,5,17,0,0.16129031777381897,13
180,5,18,1,0.9947534203529358,14
180,5,19,1,0.25,15
180,5,20,1,0.5,16
180,5,21,0,0.007751937955617905,17
180,5,22,0,0.008064515888690948,18
180,5,23,0,0.0,19
180,5,24,1,0.9947534203529358,20
180,5,25,0,0.0,21
180,5,26,0,0.0,22
180,5,27,0,0.0,23
180,5,28,1,1.0,24
180,5,29,0,0.0,25
180,5,30,0,0.0,26
180,5,31,0,0.0,27
180,5,32,0,0.01534526888281107,28
180,5,33,1,0.8135592937469482,29
180,5,34,0,0.03888889029622078,30
180,5,35,0,0.03888889029622078,31
180,5,36,1,0.9947534203529358,32
180,5,37,0,0.03888889029622078,33
180,5,38,0,0.007751937955617905,34
180,5,39,1,0.9947534203529358,35
180,5,40,0,0.0,36
181,5,5,1,0.7142857313156128,1
181,5,6,0,0.03888889029622078,2
181,5,7,0,0.16129031777381897,3
181,5,8,1,0.25,4
181,5,9,0,0.03888889029622078,5
181,5,10,1,0.9947534203529358,6
181,5,11,1,0.3589743673801422,7
181,5,12,0,0.3589743673801422,8
181,5,13,1,0.9117646813392639,9
181,5,14,0,0.007751937955617905,10
181,5,15,0,0.0,11
181,5,16,0,0.2164948433637619,12
181,5,17,0,0.01534526888281107,13
181,5,18,1,0.8135592937469482,14
181,5,19,1,0.30000001192092896,15
181,5,20,1,0.3589743673801422,16
181,5,21,0,0.0,17
181,5,22,0,0.01534526888281107,18
181,5,23,0,0.008064515888690948,19
181,5,24,1,0.9947534203529358,20
181,5,25,0,0.0,21
181,5,26,0,0.0,22
181,5,27,0,0.0,23
181,5,28,1,1.0,24
181,5,29,0,0.0,25
181,5,30,0,0.0,26
181,5,31,0,0.0,27
181,5,32,0,0.01534526888281107,28
181,5,33,1,0.8135592937469482,29
181,5,34,0,0.03888889029622078,30
181,5,35,0,0.0,31
181,5,36,1,0.9166666865348816,32
181,5,37,0,0.01534526888281107,33
181,5,38,0,0.0,34
181,5,39,1,0.9947534203529358,35
181,5,40,0,0.0,36
182,5,17,0,0.30000001192092896,1
182,5,18,1,0.7142857313156128,2
182,5,19,0,0.12871287763118744,3
182,5,20,1,0.5263158082962036,4
182,5,21,0,0.0,5
182,5,22,0,0.008064515888690948,6
182,5,23,0,0.008064515888690948,7
182,5,24,1,0.9947534203529358,8
182,5,25,0,0.0,9
182,5,26,0,0.01534526888281107,10
182,5,27,0,0.0,11
182,5,28,1,1.0,12
182,5,29,0,0.0,13
182,5,30,0,0.0,14
182,5,31,0,0.0,15
182,5,32,0,0.027027027681469917,16
182,5,33,1,0.8135592937469482,17
182,5,34,0,0.007751937955617905,18
182,5,35,0,0.0,19
182,5,36,1,0.9947534203529358,20
182,5,37,0,0.03888889029622078,21
182,5,38,0,0.0,22
182,5,39,1,0.9947534203529358,23
182,5,40,0,0.008064515888690948,24
183,6,5,0,0.6410256624221802,1
183,6,6,0,0.12871287763118744,2
183,6,7,0,0.2164948433637619,3
183,6,8,0,0.16129031777381897,4
183,6,9,0,0.16129031777381897,5
183,6,10,0,0.054794520139694214,6
183,6,11,0,0.008064515888690948,7
183,6,12,0,0.0,8
183,6,13,0,0.01534526888281107,9
183,6,14,0,0.0,10
183,6,15,0,0.03888889029622078,11
183,6,16,0,0.054794520139694214,12
183,6,17,1,0.5,13
183,6,18,1,0.9947534203529358,14
183,6,19,1,0.9947534203529358,15
183,6,20,1,0.9947534203529358,16
183,6,21,0,0.032786883413791656,17
183,6,22,0,0.03888889029622078,18
183,6,23,0,0.054794520139694214,19
183,6,24,1,0.5,20
183,6,25,1,0.9947534203529358,21
183,6,26,1,0.9947534203529358,22
183,6,27,0,0.25,23
183,6,28,0,0.5,24
183,6,29,1,0.5,25
183,6,30,1,0.054794520139694214,26
183,6,31,0,0.16129031777381897,27
183,6,32,0,0.16129031777381897,28
183,6,33,1,0.03888889029622078,29
183,6,34,1,0.16129031777381897,30
183,6,35,0,0.0,31
183,6,36,0,0.054794520139694214,32
183,6,37,0,0.30000001192092896,33
183,6,38,0,0.01534526888281107,34
183,6,39,1,0.16129031777381897,35
183,6,40,1,0.0,36
184,5,5,1,0.7142857313156128,1
184,5,6,0,0.03888889029622078,2
184,5,7,0,0.16129031777381897,3
184,5,8,1,0.25,4
184,5,9,0,0.03888889029622078,5
184,5,10,1,0.9947534203529358,6
184,5,11,1,0.3589743673801422,7
184,5,12,0,0.3589743673801422,8
184,5,13,1,0.9117646813392639,9
184,5,14,0,0.007751937955617905,10
184,5,15,0,0.0,11
184,5,16,0,0.2164948433637619,12
184,5,17,0,0.01534526888281107,13
184,5,18,1,0.8135592937469482,14
184,5,19,1,0.30000001192092896,15
184,5,20,1,0.3589743673801422,16
184,5,21,0,0.0,17
184,5,22,1,0.01534526888281107,18
184,5,23,0,0.01534526888281107,19
184,5,24,1,0.3589743673801422,20
184,5,25,0,0.0,21
184,5,26,0,0.0,22
184,5,27,0,0.0,23
184,5,28,1,1.0,24
184,5,29,0,0.0,25
184,5,30,0,0.0,26
184,5,31,0,0.008064515888690948,27
184,5,32,0,0.025974025949835777,28
184,5,33,1,0.6410256624221802,29
184,5,34,0,0.03888889029622078,30
184,5,35,0,0.0,31
184,5,36,1,0.800000011920929,32
184,5,37,0,0.025974025949835777,33
184,5,38,0,0.0,34
184,5,39,1,0.9947534203529358,35
184,5,40,0,0.0,36
187,5,17,0,0.30000001192092896,1
187,5,18,1,0.7142857313156128,2
187,5,19,0,0.12871287763118744,3
187,5,20,1,0.5263158082962036,4
187,5,21,0,0.0,5
187,5,22,1,0.008064515888690948,6
187,5,23,0,0.025974025949835777,7
187,5,24,1,0.027027027681469917,8
187,5,25,0,0.0,9
187,5,26,0,0.054794520139694214,10
187,5,27,0,0.0,11
187,5,28,1,0.9976138472557068,12
187,5,29,0,0.0,13
187,5,30,0,0.0,14
187,5,31,0,0.0,15
187,5,32,0,0.032786883413791656,16
187,5,33,1,0.8999999761581421,17
187,5,34,0,0.0,18
187,5,35,0,0.0,19
187,5,36,1,0.9947534203529358,20
187,5,37,0,0.03888889029622078,21
187,5,38,0,0.0,22
187,5,39,1,1.0,23
187,5,40,0,0.0,24
190,5,17,0,0.30000001192092896,1
190,5,18,1,0.7142857313156128,2
190,5,19,1,0.12871287763118744,3
190,5,20,1,0.3589743673801422,4
190,5,21,0,0.03888889029622078,5
190,5,22,0,0.032786883413791656,6
190,5,23,0,0.2164948433637619,7
190,5,24,1,0.9166666865348816,8
190,5,25,0,0.01534526888281107,9
190,5,26,0,0.054794520139694214,10
190,5,27,0,0.0,11
190,5,28,1,1.0,12
190,5,29,0,0.0,13
190,5,30,0,0.0,14
190,5,31,0,0.0,15
190,5,32,0,0.032786883413791656,16
190,5,33,1,0.8999999761581421,17
190,5,34,0,0.0,18
190,5,35,0,0.0,19
190,5,36,1,0.9947534203529358,20
190,5,37,0,0.03888889029622078,21
190,5,38,0,0.0,22
190,5,39,1,1.0,23
190,5,40,0,0.0,24
191,6,5,0,0.6410256624221802,1
191,6,6,0,0.12871287763118744,2
191,6,7,0,0.2164948433637619,3
191,6,8,0,0.16129031777381897,4
191,6,9,0,0.16129031777381897,5
191,6,10,0,0.054794520139694214,6
191,6,11,0,0.008064515888690948,7
191,6,12,0,0.0,8
191,6,13,0,0.01534526888281107,9
191,6,14,0,0.0,10
191,6,15,0,0.03888889029622078,11
191,6,16,0,0.054794520139694214,12
191,6,17,1,0.5,13
191,6,18,1,0.9947534203529358,14
191,6,19,1,0.9947534203529358,15
191,6,20,1,0.8135592937469482,16
191,6,21,0,0.03888889029622078,17
191,6,22,0,0.10526315867900848,18
191,6,23,0,0.054794520139694214,19
191,6,24,1,0.5263158082962036,20
191,6,25,1,0.8135592937469482,21
191,6,26,1,0.5263158082962036,22
191,6,27,1,0.12871287763118744,23
191,6,28,0,0.30000001192092896,24
191,6,29,1,0.8135592937469482,25
191,6,30,1,0.01534526888281107,26
191,6,31,0,0.7142857313156128,27
191,6,32,0,0.7142857313156128,28
191,6,33,1,0.10526315867900848,29
191,6,34,1,0.008064515888690948,30
191,6,35,0,0.0,31
191,6,36,0,0.007751937955617905,32
191,6,37,0,0.2164948433637619,33
191,6,38,0,0.0,34
191,6,39,1,0.01534526888281107,35
191,6,40,1,0.0,36
192,5,5,1,0.7142857313156128,1
192,5,6,0,0.03888889029622078,2
192,5,7,0,0.16129031777381897,3
192,5,8,1,0.25,4
192,5,9,0,0.03888889029622078,5
192,5,10,1,0.9947534203529358,6
192,5,11,1,0.3589743673801422,7
192,5,12,0,0.3589743673801422,8
192,5,13,1,0.9117646813392639,9
192,5,14,0,0.007751937955617905,10
192,5,15,0,0.0,11
192,5,16,0,0.2164948433637619,12
192,5,17,0,0.01534526888281107,13
192,5,18,1,0.8135592937469482,14
192,5,19,1,0.30000001192092896,15
192,5,20,1,0.3589743673801422,16
192,5,21,0,0.0,17
192,5,22,0,0.01534526888281107,18
192,5,23,0,0.008064515888690948,19
192,5,24,1,0.9947534203529358,20
192,5,25,0,0.0,21
192,5,26,0,0.0,22
192,5,27,0,0.0,23
192,5,28,1,1.0,24
192,5,29,0,0.0,25
192,5,30,0,0.0,26
192,5,31,0,0.0,27
192,5,32,0,0.01534526888281107,28
192,5,33,1,0.8135592937469482,29
192,5,34,0,0.03888889029622078,30
192,5,35,0,0.0,31
192,5,36,1,0.9166666865348816,32
192,5,37,0,0.01534526888281107,33
192,5,38,0,0.0,34
192,5,39,1,0.9947534203529358,35
192,5,40,0,0.0,36
193,5,33,1,0.16129031777381897,1
193,5,34,0,0.032786883413791656,2
193,5,35,0,0.008064515888690948,3
193,5,36,1,0.01534526888281107,4
193,5,37,0,0.30000001192092896,5
193,5,38,0,0.01534526888281107,6
193,5,39,1,0.2164948433637619,7
193,5,40,0,0.25,8
193,6,1,0,0.01534526888281107,9
193,6,2,0,0.01534526888281107,10
193,6,3,0,0.025974025949835777,11
193,6,4,0,0.25,12
193,6,5,0,0.054794520139694214,13
193,6,6,0,0.03888889029622078,14
193,6,7,0,0.25,15
193,6,8,0,0.054794520139694214,16
193,6,9,0,0.2164948433637619,17
193,6,10,0,0.12871287763118744,18
193,6,11,0,0.008064515888690948,19
193,6,12,0,0.03888889029622078,20
193,6,13,0,0.25,21
193,6,14,0,0.2164948433637619,22
193,6,15,0,0.3589743673801422,23
193,6,16,0,0.25,24
193,6,17,1,0.6410256624221802,25
193,6,18,1,0.9947534203529358,26
193,6,19,1,0.800000011920929,27
193,6,20,1,0.9947534203529358,28
193,6,21,0,0.03888889029622078,29
193,6,22,0,0.3589743673801422,30
193,6,23,0,0.3589743673801422,31
193,6,24,1,0.3589743673801422,32
193,6,25,1,0.9947534203529358,33
193,6,26,1,0.9947534203529358,34
193,6,27,1,0.3589743673801422,35
193,6,28,0,0.3589743673801422,36
193,6,29,1,0.8135592937469482,37
193,6,30,1,0.01534526888281107,38
193,6,31,1,0.8135592937469482,39
193,6,32,0,0.03888889029622078,40
193,6,33,1,0.01534526888281107,41
193,6,34,1,0.0,42
193,6,35,0,0.0,43
193,6,36,0,0.0,44
193,6,37,0,0.30000001192092896,45
193,6,38,0,0.03888889029622078,46
193,6,39,1,0.2164948433637619,47
193,6,40,1,0.0,48
195,5,17,0,0.30000001192092896,1
195,5,18,1,0.7142857313156128,2
195,5,19,0,0.12871287763118744,3
195,5,20,1,0.5263158082962036,4
195,5,21,0,0.0,5
195,5,22,0,0.008064515888690948,6
195,5,23,0,0.008064515888690948,7
195,5,24,1,0.9947534203529358,8
195,5,25,0,0.0,9
195,5,26,0,0.01534526888281107,10
195,5,27,0,0.0,11
195,5,28,1,1.0,12
195,5,29,0,0.0,13
195,5,30,0,0.0,14
195,5,31,0,0.0,15
195,5,32,0,0.027027027681469917,16
195,5,33,1,0.8135592937469482,17
195,5,34,0,0.007751937955617905,18
195,5,35,0,0.0,19
195,5,36,1,0.9947534203529358,20
195,5,37,0,0.03888889029622078,21
195,5,38,0,0.0,22
195,5,39,1,0.9947534203529358,23
195,5,40,0,0.008064515888690948,24
196,5,33,1,0.16129031777381897,1
196,5,34,0,0.032786883413791656,2
196,5,35,0,0.008064515888690948,3
196,5,36,1,0.01534526888281107,4
196,5,37,0,0.30000001192092896,5
196,5,38,0,0.01534526888281107,6
196,5,39,1,0.2164948433637619,7
196,5,40,0,0.25,8
196,6,1,0,0.01534526888281107,9
196,6,2,0,0.01534526888281107,10
196,6,3,0,0.025974025949835777,11
196,6,4,1,0.25,12
196,6,5,0,0.25,13
196,6,6,0,0.054794520139694214,14
196,6,7,0,0.2164948433637619,15
196,6,8,0,0.2164948433637619,16
196,6,9,0,0.12871287763118744,17
196,6,10,0,0.12871287763118744,18
196,6,11,0,0.03888889029622078,19
196,6,12,0,0.008064515888690948,20
196,6,13,0,0.2164948433637619,21
196,6,14,0,0.16129031777381897,22
196,6,15,0,0.12871287763118744,23
196,6,16,0,0.03888889029622078,24
196,6,17,1,0.25,25
196,6,18,1,0.8974359035491943,26
196,6,19,1,0.8135592937469482,27
196,6,20,1,0.9947534203529358,28
196,6,21,0,0.11764512956142426,29
196,6,22,0,0.5,30
196,6,23,0,0.2164948433637619,31
196,6,24,1,0.3589743673801422,32
196,6,25,1,0.9947534203529358,33
196,6,26,1,0.9947534203529358,34
196,6,27,1,0.3589743673801422,35
196,6,28,0,0.3589743673801422,36
196,6,29,1,0.8135592937469482,37
196,6,30,1,0.01534526888281107,38
196,6,31,0,0.7142857313156128,39
196,6,32,0,0.7142857313156128,40
196,6,33,1,0.025974025949835777,41
196,6,34,1,0.01534526888281107,42
196,6,35,0,0.0,43
196,6,36,0,0.054794520139694214,44
196,6,37,0,0.3589743673801422,45
196,6,38,0,0.032786883413791656,46
196,6,39,1,0.2164948433637619,47
196,6,40,1,0.0,48
201,5,5,1,0.7142857313156128,1
201,5,6,0,0.03888889029622078,2
201,5,7,0,0.16129031777381897,3
201,5,8,1,0.25,4
201,5,9,0,0.03888889029622078,5
201,5,10,1,0.9947534203529358,6
201,5,11,1,0.3589743673801422,7
201,5,12,0,0.3589743673801422,8
201,5,13,1,0.9117646813392639,9
201,5,14,0,0.007751937955617905,10
201,5,15,0,0.0,11
201,5,16,0,0.2164948433637619,12
201,5,17,0,0.01534526888281107,13
201,5,18,1,0.8135592937469482,14
201,5,19,1,0.30000001192092896,15
201,5,20,1,0.3589743673801422,16
201,5,21,0,0.0,17
201,5,22,0,0.01534526888281107,18
201,5,23,0,0.008064515888690948,19
201,5,24,1,0.9947534203529358,20
201,5,25,0,0.0,21
201,5,26,0,0.0,22
201,5,27,0,0.0,23
201,5,28,1,1.0,24
201,5,29,0,0.0,25
201,5,30,0,0.0,26
201,5,31,0,0.0,27
201,5,32,0,0.01534526888281107,28
201,5,33,1,0.8135592937469482,29
201,5,34,0,0.03888889029622078,30
201,5,35,0,0.0,31
201,5,36,1,0.9166666865348816,32
201,5,37,0,0.01534526888281107,33
201,5,38,0,0.0,34
201,5,39,1,0.9947534203529358,35
201,5,40,0,0.0,36
202,5,17,0,0.30000001192092896,1
202,5,18,1,0.7142857313156128,2
202,5,19,1,0.12871287763118744,3
202,5,20,1,0.3589743673801422,4
202,5,21,0,0.03888889029622078,5
202,5,22,0,0.032786883413791656,6
202,5,23,0,0.2164948433637619,7
202,5,24,1,0.9166666865348816,8
202,5,25,0,0.01534526888281107,9
202,5,26,0,0.054794520139694214,10
202,5,27,0,0.0,11
202,5,28,1,1.0,12
202,5,29,0,0.0,13
202,5,30,0,0.0,14
202,5,31,0,0.0,15
202,5,32,0,0.032786883413791656,16
202,5,33,1,0.8999999761581421,17
202,5,34,0,0.0,18
202,5,35,0,0.0,19
202,5,36,1,0.9947534203529358,20
202,5,37,0,0.03888889029622078,21
202,5,38,0,0.0,22
202,5,39,1,1.0,23
202,5,40,0,0.0,24
206,5,5,1,0.7142857313156128,1
206,5,6,0,0.03888889029622078,2
206,5,7,0,0.16129031777381897,3
206,5,8,1,0.25,4
206,5,9,0,0.03888889029622078,5
206,5,10,1,0.9947534203529358,6
206,5,11,1,0.3589743673801422,7
206,5,12,0,0.3589743673801422,8
206,5,13,1,0.9117646813392639,9
206,5,14,0,0.007751937955617905,10
206,5,15,0,0.0,11
206,5,16,0,0.2164948433637619,12
206,5,17,0,0.01534526888281107,13
206,5,18,1,0.8135592937469482,14
206,5,19,1,0.30000001192092896,15
206,5,20,1,0.3589743673801422,16
206,5,21,0,0.0,17
206,5,22,0,0.01534526888281107,18
206,5,23,0,0.008064515888690948,19
206,5,24,1,0.9947534203529358,20
206,5,25,0,0.0,21
206,5,26,0,0.0,22
206,5,27,0,0.0,23
206,5,28,1,1.0,24
206,5,29,0,0.0,25
206,5,30,0,0.0,26
206,5,31,0,0.0,27
206,5,32,0,0.01534526888281107,28
206,5,33,1,0.8135592937469482,29
206,5,34,0,0.03888889029622078,30
206,5,35,0,0.0,31
206,5,36,1,0.9166666865348816,32
206,5,37,0,0.01534526888281107,33
206,5,38,0,0.0,34
206,5,39,1,0.9947534203529358,35
206,5,40,0,0.0,36
208,6,5,0,0.6410256624221802,1
208,6,6,0,0.12871287763118744,2
208,6,7,0,0.2164948433637619,3
208,6,8,0,0.16129031777381897,4
208,6,9,0,0.16129031777381897,5
208,6,10,0,0.054794520139694214,6
208,6,11,0,0.008064515888690948,7
208,6,12,0,0.0,8
208,6,13,0,0.01534526888281107,9
208,6,14,0,0.0,10
208,6,15,0,0.03888889029622078,11
208,6,16,0,0.054794520139694214,12
208,6,17,1,0.5,13
208,6,18,1,0.9947534203529358,14
208,6,19,1,0.9947534203529358,15
208,6,20,1,0.9947534203529358,16
208,6,21,0,0.032786883413791656,17
208,6,22,0,0.03888889029622078,18
208,6,23,0,0.054794520139694214,19
208,6,24,1,0.5,20
208,6,25,1,0.9947534203529358,21
208,6,26,1,0.9947534203529358,22
208,6,27,1,0.25,23
208,6,28,0,0.25,24
208,6,29,1,0.7142857313156128,25
208,6,30,1,0.025974025949835777,26
208,6,31,0,0.6410256624221802,27
208,6,32,0,0.7142857313156128,28
208,6,33,1,0.025974025949835777,29
208,6,34,1,0.0,30
208,6,35,0,0.0,31
208,6,36,0,0.01534526888281107,32
208,6,37,0,0.25,33
208,6,38,0,0.0,34
208,6,39,1,0.025974025949835777,35
208,6,40,1,0.0,36
209,6,5,0,0.6410256624221802,1
209,6,6,0,0.12871287763118744,2
209,6,7,0,0.2164948433637619,3
209,6,8,0,0.16129031777381897,4
209,6,9,0,0.16129031777381897,5
209,6,10,0,0.054794520139694214,6
209,6,11,0,0.008064515888690948,7
209,6,12,0,0.0,8
209,6,13,0,0.01534526888281107,9
209,6,14,0,0.0,10
209,6,15,0,0.03888889029622078,11
209,6,16,0,0.054794520139694214,12
209,6,17,1,0.5,13
209,6,18,1,0.9947534203529358,14
209,6,19,1,0.9947534203529358,15
209,6,20,1,0.9947534203529358,16
209,6,21,0,0.032786883413791656,17
209,6,22,0,0.03888889029622078,18
209,6,23,0,0.054794520139694214,19
209,6,24,1,0.5,20
209,6,25,1,0.9947534203529358,21
209,6,26,1,0.9947534203529358,22
209,6,27,0,0.25,23
209,6,28,0,0.5,24
209,6,29,1,0.5,25
209,6,30,1,0.054794520139694214,26
209,6,31,0,0.16129031777381897,27
209,6,32,0,0.16129031777381897,28
209,6,33,1,0.03888889029622078,29
209,6,34,1,0.16129031777381897,30
209,6,35,0,0.0,31
209,6,36,0,0.054794520139694214,32
209,6,37,0,0.30000001192092896,33
209,6,38,0,0.01534526888281107,34
209,6,39,1,0.16129031777381897,35
209,6,40,1,0.0,36
210,5,5,1,0.7142857313156128,1
210,5,6,0,0.03888889029622078,2
210,5,7,0,0.16129031777381897,3
210,5,8,1,0.25,4
210,5,9,0,0.03888889029622078,5
210,5,10,1,0.9947534203529358,6
210,5,11,1,0.25,7
210,5,12,0,0.2164948433637619,8
210,5,13,1,0.7142857313156128,9
210,5,14,0,0.01534526888281107,10
210,5,15,0,0.007751937955617905,11
210,5,16,0,0.25,12
210,5,17,0,0.025974025949835777,13
210,5,18,1,0.8135592937469482,14
210,5,19,1,0.27238473296165466,15
210,5,20,1,0.3589743673801422,16
210,5,21,0,0.0,17
210,5,22,0,0.007751937955617905,18
210,5,23,0,0.007751937955617905,19
210,5,24,1,0.970588207244873,20
210,5,25,0,0.0,21
210,5,26,0,0.0,22
210,5,27,0,0.0,23
210,5,28,1,1.0,24
210,5,29,0,0.0,25
210,5,30,0,0.0,26
210,5,31,0,0.0,27
210,5,32,0,0.01534526888281107,28
210,5,33,1,0.8135592937469482,29
210,5,34,0,0.03888889029622078,30
210,5,35,0,0.01534526888281107,31
210,5,36,1,0.8974359035491943,32
210,5,37,0,0.01534526888281107,33
210,5,38,0,0.0,34
210,5,39,1,0.970588207244873,35
210,5,40,0,0.0,36
211,5,5,1,0.7142857313156128,1
211,5,6,0,0.03888889029622078,2
211,5,7,0,0.16129031777381897,3
211,5,8,1,0.25,4
211,5,9,0,0.03888889029622078,5
211,5,10,1,0.9947534203529358,6
211,5,11,1,0.3589743673801422,7
211,5,12,0,0.3589743673801422,8
211,5,13,1,0.9117646813392639,9
211,5,14,0,0.007751937955617905,10
211,5,15,0,0.0,11
211,5,16,0,0.2164948433637619,12
211,5,17,0,0.01534526888281107,13
211,5,18,1,0.8135592937469482,14
211,5,19,0,0.30000001192092896,15
211,5,20,1,0.7142857313156128,16
211,5,21,0,0.008064515888690948,17
211,5,22,0,0.008064515888690948,18
211,5,23,0,0.01534526888281107,19
211,5,24,1,0.9947534203529358,20
211,5,25,0,0.0,21
211,5,26,0,0.0,22
211,5,27,0,0.0,23
211,5,28,1,1.0,24
211,5,29,0,0.0,25
211,5,30,0,0.007751937955617905,26
211,5,31,0,0.01534526888281107,27
211,5,32,0,0.054794520139694214,28
211,5,33,1,0.7142857313156128,29
211,5,34,0,0.09090909361839294,30
211,5,35,0,0.0,31
211,5,36,1,0.9166666865348816,32
211,5,37,0,0.01534526888281107,33
211,5,38,0,0.0,34
211,5,39,1,0.9947534203529358,35
211,5,40,0,0.0,36
213,5,5,1,0.7142857313156128,1
213,5,6,0,0.12871287763118744,2
213,5,7,0,0.03888889029622078,3
213,5,8,1,0.5,4
213,5,9,0,0.03888889029622078,5
213,5,10,1,0.9947534203529358,6
213,5,11,1,0.6410256624221802,7
213,5,12,0,0.16129031777381897,8
213,5,13,1,0.8093905448913574,9
213,5,14,0,0.008064515888690948,10
213,5,15,0,0.0,11
213,5,16,0,0.2164948433637619,12
213,5,17,0,0.01534526888281107,13
213,5,18,1,0.8974359035491943,14
213,5,19,1,0.30000001192092896,15
213,5,20,1,0.5,16
213,5,21,0,0.0,17
213,5,22,0,0.01534526888281107,18
213,5,23,0,0.01534526888281107,19
213,5,24,1,0.970588207244873,20
213,5,25,0,0.0,21
213,5,26,0,0.0,22
213,5,27,0,0.0,23
213,5,28,1,1.0,24
213,5,29,0,0.0,25
213,5,30,0,0.01534526888281107,26
213,5,31,0,0.01534526888281107,27
213,5,32,0,0.01534526888281107,28
213,5,33,1,0.8135592937469482,29
213,5,34,0,0.03888889029622078,30
213,5,35,0,0.01534526888281107,31
213,5,36,1,0.9117646813392639,32
213,5,37,0,0.01534526888281107,33
213,5,38,0,0.0,34
213,5,39,1,0.9947534203529358,35
213,5,40,0,0.0,36
214,5,33,1,0.16129031777381897,1
214,5,34,0,0.25,2
214,5,35,0,0.025974025949835777,3
214,5,36,1,0.03888889029622078,4
214,5,37,0,0.25,5
214,5,38,0,0.008064515888690948,6
214,5,39,1,0.16129031777381897,7
214,5,40,0,0.25,8
214,6,1,0,0.01534526888281107,9
214,6,2,0,0.0,10
214,6,3,0,0.01534526888281107,11
214,6,4,0,0.2164948433637619,12
214,6,5,0,0.03888889029622078,13
214,6,6,0,0.032786883413791656,14
214,6,7,0,0.2164948433637619,15
214,6,8,0,0.03888889029622078,16
214,6,9,0,0.2164948433637619,17
214,6,10,0,0.054794520139694214,18
214,6,11,0,0.09090909361839294,19
214,6,12,0,0.16129031777381897,20
214,6,13,0,0.3589743673801422,21
214,6,14,0,0.2164948433637619,22
214,6,15,0,0.30000001192092896,23
214,6,16,0,0.25,24
214,6,17,1,0.3589743673801422,25
214,6,18,1,0.522585928440094,26
214,6,19,1,0.3589743673801422,27
214,6,20,1,0.8135592937469482,28
214,6,21,0,0.03888889029622078,29
214,6,22,0,0.970588207244873,30
214,6,23,0,0.7142857313156128,31
214,6,24,1,0.8135592937469482,32
214,6,25,1,0.9947534203529358,33
214,6,26,1,0.9947534203529358,34
214,6,27,1,0.16129031777381897,35
214,6,28,0,0.5,36
214,6,29,1,0.970588207244873,37
214,6,30,1,0.01534526888281107,38
214,6,31,0,0.8135592937469482,39
214,6,32,0,0.9947534203529358,40
214,6,33,1,0.12871287763118744,41
214,6,34,1,0.01534526888281107,42
214,6,35,0,0.0,43
214,6,36,0,0.2164948433637619,44
214,6,37,0,0.5,45
214,6,38,0,0.01534526888281107,46
214,6,39,1,0.16129031777381897,47
214,6,40,1,0.0,48
215,6,5,0,0.6410256624221802,1
215,6,6,0,0.12871287763118744,2
215,6,7,0,0.2164948433637619,3
215,6,8,0,0.16129031777381897,4
215,6,9,0,0.16129031777381897,5
215,6,10,0,0.16129031777381897,6
215,6,11,0,0.12871287763118744,7
215,6,12,0,0.054794520139694214,8
215,6,13,0,0.2164948433637619,9
215,6,14,0,0.12871287763118744,10
215,6,15,0,0.16129031777381897,11
215,6,16,0,0.16129031777381897,12
215,6,17,1,0.3589743673801422,13
215,6,18,1,0.7142857313156128,14
215,6,19,1,0.9117646813392639,15
215,6,20,1,0.9947534203529358,16
215,6,21,0,0.03888889029622078,17
215,6,22,0,0.2164948433637619,18
215,6,23,0,0.12871287763118744,19
215,6,24,1,0.8974359035491943,20
215,6,25,1,0.9947534203529358,21
215,6,26,1,0.9947534203529358,22
215,6,27,1,0.054794520139694214,23
215,6,28,0,0.25,24
215,6,29,1,0.8999999761581421,25
215,6,30,1,0.03888889029622078,26
215,6,31,0,0.7142857313156128,27
215,6,32,0,0.9947534203529358,28
215,6,33,1,0.12871287763118744,29
215,6,34,1,0.008064515888690948,30
215,6,35,0,0.0,31
215,6,36,0,0.03888889029622078,32
215,6,37,0,0.25,33
215,6,38,0,0.0,34
215,6,39,1,0.01534526888281107,35
215,6,40,1,0.0,36
216,5,5,1,0.7142857313156128,1
216,5,6,0,0.12871287763118744,2
216,5,7,0,0.03888889029622078,3
216,5,8,1,0.5,4
216,5,9,0,0.03888889029622078,5
216,5,10,1,0.9947534203529358,6
216,5,11,1,0.6410256624221802,7
216,5,12,0,0.16129031777381897,8
216,5,13,1,0.8093905448913574,9
216,5,14,0,0.008064515888690948,10
216,5,15,0,0.0,11
216,5,16,0,0.2164948433637619,12
216,5,17,0,0.01534526888281107,13
216,5,18,1,0.8974359035491943,14
216,5,19,1,0.30000001192092896,15
216,5,20,1,0.5,16
216,5,21,0,0.0,17
216,5,22,1,0.01534526888281107,18
216,5,23,0,0.025974025949835777,19
216,5,24,1,0.5263158082962036,20
216,5,25,0,0.0,21
216,5,26,0,0.0,22
216,5,27,0,0.0,23
216,5,28,1,0.9947534203529358,24
216,5,29,0,0.0,25
216,5,30,0,0.01534526888281107,26
216,5,31,0,0.025974025949835777,27
216,5,32,0,0.025974025949835777,28
216,5,33,1,0.6410256624221802,29
216,5,34,0,0.03888889029622078,30
216,5,35,0,0.0,31
216,5,36,1,0.800000011920929,32
216,5,37,0,0.025974025949835777,33
216,5,38,0,0.0,34
216,5,39,1,0.9947534203529358,35
216,5,40,0,0.0,36
217,5,5,1,0.7142857313156128,1
217,5,6,0,0.12871287763118744,2
217,5,7,0,0.03888889029622078,3
217,5,8,1,0.5,4
217,5,9,0,0.03888889029622078,5
217,5,10,1,0.9947534203529358,6
217,5,11,1,0.6410256624221802,7
217,5,12,0,0.16129031777381897,8
217,5,13,1,0.8093905448913574,9
217,5,14,0,0.008064515888690948,10
217,5,15,0,0.0,11
217,5,16,0,0.2164948433637619,12
217,5,17,0,0.01534526888281107,13
217,5,18,1,0.8974359035491943,14
217,5,19,1,0.30000001192092896,15
217,5,20,1,0.5,16
217,5,21,0,0.0,17
217,5,22,0,0.01534526888281107,18
217,5,23,0,0.01534526888281107,19
217,5,24,1,0.970588207244873,20
217,5,25,0,0.0,21
217,5,26,0,0.0,22
217,5,27,0,0.0,23
217,5,28,1,1.0,24
217,5,29,0,0.0,25
217,5,30,0,0.01534526888281107,26
217,5,31,0,0.01534526888281107,27
217,5,32,0,0.01534526888281107,28
217,5,33,1,0.8135592937469482,29
217,5,34,0,0.03888889029622078,30
217,5,35,0,0.01534526888281107,31
217,5,36,1,0.9117646813392639,32
217,5,37,0,0.01534526888281107,33
217,5,38,0,0.0,34
217,5,39,1,0.9947534203529358,35
217,5,40,0,0.0,36
218,6,5,0,0.6410256624221802,1
218,6,6,0,0.12871287763118744,2
218,6,7,0,0.2164948433637619,3
218,6,8,0,0.16129031777381897,4
218,6,9,0,0.16129031777381897,5
218,6,10,0,0.16129031777381897,6
218,6,11,0,0.12871287763118744,7
218,6,12,0,0.054794520139694214,8
218,6,13,0,0.2164948433637619,9
218,6,14,0,0.12871287763118744,10
218,6,15,0,0.16129031777381897,11
218,6,16,0,0.16129031777381897,12
218,6,17,1,0.3589743673801422,13
218,6,18,1,0.7142857313156128,14
218,6,19,1,0.9117646813392639,15
218,6,20,1,0.9947534203529358,16
218,6,21,0,0.03888889029622078,17
218,6,22,0,0.2164948433637619,18
218,6,23,0,0.12871287763118744,19
218,6,24,1,0.8974359035491943,20
218,6,25,1,0.9947534203529358,21
218,6,26,1,0.9947534203529358,22
218,6,27,1,0.054794520139694214,23
218,6,28,0,0.25,24
218,6,29,1,0.8999999761581421,25
218,6,30,1,0.03888889029622078,26
218,6,31,1,0.7142857313156128,27
218,6,32,0,0.032786883413791656,28
218,6,33,1,0.007751937955617905,29
218,6,34,1,0.0,30
218,6,35,0,0.0,31
218,6,36,0,0.008064515888690948,32
218,6,37,0,0.03888889029622078,33
218,6,38,0,0.0,34
218,6,39,1,0.01534526888281107,35
218,6,40,1,0.0,36
219,5,17,0,0.30000001192092896,1
219,5,18,1,0.7142857313156128,2
219,5,19,1,0.12871287763118744,3
219,5,20,1,0.3589743673801422,4
219,5,21,0,0.032786883413791656,5
219,5,22,0,0.01534526888281107,6
219,5,23,0,0.2164948433637619,7
219,5,24,1,0.9947534203529358,8
219,5,25,0,0.054794520139694214,9
219,5,26,0,0.16129031777381897,10
219,5,27,0,0.0,11
219,5,28,1,1.0,12
219,5,29,0,0.0,13
219,5,30,0,0.0,14
219,5,31,0,0.0,15
219,5,32,0,0.032786883413791656,16
219,5,33,1,0.9117646813392639,17
219,5,34,0,0.0,18
219,5,35,0,0.01534526888281107,19
219,5,36,1,0.9947534203529358,20
219,5,37,0,0.03888889029622078,21
219,5,38,0,0.0,22
219,5,39,1,1.0,23
219,5,40,0,0.0,24
221,5,5,1,0.7142857313156128,1
221,5,6,0,0.12871287763118744,2
221,5,7,0,0.03888889029622078,3
221,5,8,1,0.5,4
221,5,9,0,0.03888889029622078,5
221,5,10,1,0.9947534203529358,6
221,5,11,1,0.6410256624221802,7
221,5,12,0,0.16129031777381897,8
221,5,13,1,0.8093905448913574,9
221,5,14,0,0.008064515888690948,10
221,5,15,0,0.0,11
221,5,16,0,0.2164948433637619,12
221,5,17,0,0.01534526888281107,13
221,5,18,1,0.8974359035491943,14
221,5,19,0,0.30000001192092896,15
221,5,20,1,0.5263158082962036,16
221,5,21,0,0.0,17
221,5,22,1,0.0,18
221,5,23,0,0.025974025949835777,19
221,5,24,1,0.032786883413791656,20
221,5,25,0,0.0,21
221,5,26,0,0.0,22
221,5,27,0,0.0,23
221,5,28,1,0.9947534203529358,24
221,5,29,0,0.0,25
221,5,30,0,0.01534526888281107,26
221,5,31,0,0.01534526888281107,27
221,5,32,0,0.01534526888281107,28
221,5,33,1,0.8056944012641907,29
221,5,34,0,0.032786883413791656,30
221,5,35,0,0.0,31
221,5,36,1,0.800000011920929,32
221,5,37,0,0.01534526888281107,33
221,5,38,0,0.0,34
221,5,39,1,0.9947534203529358,35
221,5,40,0,0.0,36
222,5,5,1,0.7142857313156128,1
222,5,6,0,0.12871287763118744,2
222,5,7,0,0.03888889029622078,3
222,5,8,1,0.5,4
222,5,9,0,0.03888889029622078,5
222,5,10,1,0.9947534203529358,6
222,5,11,1,0.6410256624221802,7
222,5,12,0,0.16129031777381897,8
222,5,13,1,0.8093905448913574,9
222,5,14,0,0.008064515888690948,10
222,5,15,0,0.0,11
222,5,16,0,0.2164948433637619,12
222,5,17,0,0.01534526888281107,13
222,5,18,1,0.8974359035491943,14
222,5,19,0,0.30000001192092896,15
222,5,20,1,0.5263158082962036,16
222,5,21,0,0.0,17
222,5,22,0,0.0,18
222,5,23,0,0.01534526888281107,19
222,5,24,1,0.970588207244873,20
222,5,25,0,0.0,21
222,5,26,0,0.0,22
222,5,27,0,0.0,23
222,5,28,1,1.0,24
222,5,29,0,0.0,25
222,5,30,0,0.01534526888281107,26
222,5,31,0,0.025974025949835777,27
222,5,32,0,0.03888889029622078,28
222,5,33,1,0.7142857313156128,29
222,5,34,0,0.054794520139694214,30
222,5,35,0,0.008064515888690948,31
222,5,36,1,0.9117646813392639,32
222,5,37,0,0.025974025949835777,33
222,5,38,0,0.0,34
222,5,39,1,0.9947534203529358,35
222,5,40,0,0.0,36
223,6,5,0,0.6410256624221802,1
223,6,6,0,0.12871287763118744,2
223,6,7,0,0.2164948433637619,3
223,6,8,0,0.16129031777381897,4
223,6,9,0,0.16129031777381897,5
223,6,10,0,0.16129031777381897,6
223,6,11,0,0.12871287763118744,7
223,6,12,0,0.054794520139694214,8
223,6,13,0,0.2164948433637619,9
223,6,14,0,0.12871287763118744,10
223,6,15,0,0.16129031777381897,11
223,6,16,0,0.16129031777381897,12
223,6,17,1,0.3589743673801422,13
223,6,18,1,0.7142857313156128,14
223,6,19,1,0.9117646813392639,15
223,6,20,1,0.9947534203529358,16
223,6,21,0,0.03888889029622078,17
223,6,22,0,0.2164948433637619,18
223,6,23,0,0.12871287763118744,19
223,6,24,1,0.8974359035491943,20
223,6,25,1,0.9947534203529358,21
223,6,26,1,0.9947534203529358,22
223,6,27,1,0.054794520139694214,23
223,6,28,0,0.25,24
223,6,29,1,0.8999999761581421,25
223,6,30,1,0.03888889029622078,26
223,6,31,1,0.7142857313156128,27
223,6,32,0,0.032786883413791656,28
223,6,33,1,0.007751937955617905,29
223,6,34,1,0.0,30
223,6,35,0,0.0,31
223,6,36,0,0.008064515888690948,32
223,6,37,0,0.03888889029622078,33
223,6,38,0,0.0,34
223,6,39,1,0.01534526888281107,35
223,6,40,1,0.0,36
224,5,5,0,0.7142857313156128,1
224,5,6,0,0.25,2
224,5,7,0,0.25,3
224,5,8,1,0.2164948433637619,4
224,5,9,0,0.054794520139694214,5
224,5,10,1,0.3589743673801422,6
224,5,11,1,0.5263158082962036,7
224,5,12,0,0.008064515888690948,8
224,5,13,1,0.5263158082962036,9
224,5,14,0,0.0,10
224,5,15,0,0.0,11
224,5,16,0,0.007751937955617905,12
224,5,17,0,0.12871287763118744,13
224,5,18,1,0.9947534203529358,14
224,5,19,1,0.25,15
224,5,20,1,0.5263158082962036,16
224,5,21,0,0.0,17
224,5,22,0,0.01534526888281107,18
224,5,23,0,0.008064515888690948,19
224,5,24,1,0.9947534203529358,20
224,5,25,0,0.0,21
224,5,26,0,0.0,22
224,5,27,0,0.0,23
224,5,28,1,1.0,24
224,5,29,0,0.0,25
224,5,30,0,0.0,26
224,5,31,0,0.0,27
224,5,32,0,0.01534526888281107,28
224,5,33,1,0.8135592937469482,29
224,5,34,0,0.032786883413791656,30
224,5,35,0,0.03888889029622078,31
224,5,36,1,0.9947534203529358,32
224,5,37,0,0.06666667014360428,33
224,5,38,0,0.008064515888690948,34
224,5,39,1,0.9947534203529358,35
224,5,40,0,0.0,36
225,5,17,0,0.30000001192092896,1
225,5,18,1,0.7142857313156128,2
225,5,19,0,0.12871287763118744,3
225,5,20,1,0.3589743673801422,4
225,5,21,0,0.0,5
225,5,22,0,0.0,6
225,5,23,0,0.01534526888281107,7
225,5,24,1,0.9947534203529358,8
225,5,25,0,0.0,9
225,5,26,0,0.0,10
225,5,27,0,0.0,11
225,5,28,1,1.0,12
225,5,29,0,0.0,13
225,5,30,0,0.007751937955617905,14
225,5,31,0,0.01534526888281107,15
225,5,32,0,0.025974025949835777,16
225,5,33,1,0.8135592937469482,17
225,5,34,0,0.007751937955617905,18
225,5,35,0,0.0,19
225,5,36,1,0.9947534203529358,20
225,5,37,0,0.03888889029622078,21
225,5,38,0,0.0,22
225,5,39,1,0.9947534203529358,23
225,5,40,0,0.008064515888690948,24
227,5,5,0,0.7142857313156128,1
227,5,6,0,0.25,2
227,5,7,0,0.25,3
227,5,8,1,0.2164948433637619,4
227,5,9,0,0.054794520139694214,5
227,5,10,1,0.3589743673801422,6
227,5,11,1,0.5263158082962036,7
227,5,12,0,0.008064515888690948,8
227,5,13,1,0.5263158082962036,9
227,5,14,0,0.0,10
227,5,15,0,0.0,11
227,5,16,0,0.007751937955617905,12
227,5,17,0,0.12871287763118744,13
227,5,18,1,0.9947534203529358,14
227,5,19,1,0.25,15
227,5,20,1,0.5263158082962036,16
227,5,21,0,0.0,17
227,5,22,0,0.01534526888281107,18
227,5,23,0,0.008064515888690948,19
227,5,24,1,0.9947534203529358,20
227,5,25,0,0.0,21
227,5,26,0,0.0,22
227,5,27,0,0.0,23
227,5,28,1,1.0,24
227,5,29,0,0.0,25
227,5,30,0,0.0,26
227,5,31,0,0.0,27
227,5,32,0,0.01534526888281107,28
227,5,33,1,0.8135592937469482,29
227,5,34,0,0.032786883413791656,30
227,5,35,0,0.03888889029622078,31
227,5,36,1,0.9947534203529358,32
227,5,37,0,0.06666667014360428,33
227,5,38,0,0.008064515888690948,34
227,5,39,1,0.9947534203529358,35
227,5,40,0,0.0,36
228,5,5,1,0.7142857313156128,1
228,5,6,0,0.12871287763118744,2
228,5,7,0,0.03888889029622078,3
228,5,8,1,0.5,4
228,5,9,0,0.03888889029622078,5
228,5,10,1,0.9947534203529358,6
228,5,11,1,0.6410256624221802,7
228,5,12,0,0.16129031777381897,8
228,5,13,1,0.8093905448913574,9
228,5,14,0,0.008064515888690948,10
228,5,15,0,0.0,11
228,5,16,0,0.2164948433637619,12
228,5,17,0,0.01534526888281107,13
228,5,18,1,0.8974359035491943,14
228,5,19,1,0.30000001192092896,15
228,5,20,1,0.5,16
228,5,21,0,0.0,17
228,5,22,1,0.01534526888281107,18
228,5,23,0,0.025974025949835777,19
228,5,24,1,0.5263158082962036,20
228,5,25,0,0.0,21
228,5,26,0,0.0,22
228,5,27,0,0.0,23
228,5,28,1,0.9947534203529358,24
228,5,29,0,0.0,25
228,5,30,0,0.01534526888281107,26
228,5,31,0,0.025974025949835777,27
228,5,32,0,0.025974025949835777,28
228,5,33,1,0.6410256624221802,29
228,5,34,0,0.03888889029622078,30
228,5,35,0,0.0,31
228,5,36,1,0.800000011920929,32
228,5,37,0,0.025974025949835777,33
228,5,38,0,0.0,34
228,5,39,1,0.9947534203529358,35
228,5,40,0,0.0,36
229,5,17,0,0.30000001192092896,1
229,5,18,1,0.7142857313156128,2
229,5,19,0,0.12871287763118744,3
229,5,20,1,0.3589743673801422,4
229,5,21,0,0.0,5
229,5,22,0,0.0,6
229,5,23,0,0.01534526888281107,7
229,5,24,1,0.9947534203529358,8
229,5,25,0,0.0,9
229,5,26,0,0.0,10
229,5,27,0,0.0,11
229,5,28,1,1.0,12
229,5,29,0,0.0,13
229,5,30,0,0.007751937955617905,14
229,5,31,0,0.01534526888281107,15
229,5,32,0,0.025974025949835777,16
229,5,33,1,0.8135592937469482,17
229,5,34,0,0.007751937955617905,18
229,5,35,0,0.0,19
229,5,36,1,0.9947534203529358,20
229,5,37,0,0.03888889029622078,21
229,5,38,0,0.0,22
229,5,39,1,0.9947534203529358,23
229,5,40,0,0.008064515888690948,24
230,5,5,1,0.7142857313156128,1
230,5,6,0,0.12871287763118744,2
230,5,7,0,0.03888889029622078,3
230,5,8,1,0.5,4
230,5,9,0,0.03888889029622078,5
230,5,10,1,0.9947534203529358,6
230,5,11,1,0.6410256624221802,7
230,5,12,0,0.16129031777381897,8
230,5,13,1,0.8093905448913574,9
230,5,14,0,0.008064515888690948,10
230,5,15,0,0.0,11
230,5,16,0,0.2164948433637619,12
230,5,17,0,0.01534526888281107,13
230,5,18,1,0.8974359035491943,14
230,5,19,0,0.30000001192092896,15
230,5,20,1,0.5263158082962036,16
230,5,21,0,0.0,17
230,5,22,0,0.0,18
230,5,23,0,0.01534526888281107,19
230,5,24,1,0.970588207244873,20
230,5,25,0,0.0,21
230,5,26,0,0.0,22
230,5,27,0,0.0,23
230,5,28,1,1.0,24
230,5,29,0,0.0,25
230,5,30,0,0.01534526888281107,26
230,5,31,0,0.025974025949835777,27
230,5,32,0,0.03888889029622078,28
230,5,33,1,0.7142857313156128,29
230,5,34,0,0.054794520139694214,30
230,5,35,0,0.008064515888690948,31
230,5,36,1,0.9117646813392639,32
230,5,37,0,0.025974025949835777,33
230,5,38,0,0.0,34
230,5,39,1,0.9947534203529358,35
230,5,40,0,0.0,36
231,6,5,0,0.6410256624221802,1
231,6,6,0,0.12871287763118744,2
231,6,7,0,0.2164948433637619,3
231,6,8,0,0.16129031777381897,4
231,6,9,0,0.16129031777381897,5
231,6,10,0,0.16129031777381897,6
231,6,11,0,0.12871287763118744,7
231,6,12,0,0.054794520139694214,8
231,6,13,0,0.2164948433637619,9
231,6,14,0,0.12871287763118744,10
231,6,15,0,0.16129031777381897,11
231,6,16,0,0.16129031777381897,12
231,6,17,1,0.3589743673801422,13
231,6,18,1,0.7142857313156128,14
231,6,19,1,0.9947534203529358,15
231,6,20,1,0.7142857313156128,16
231,6,21,0,0.2164948433637619,17
231,6,22,0,0.3589743673801422,18
231,6,23,0,0.3589743673801422,19
231,6,24,1,0.3589743673801422,20
231,6,25,1,0.8974359035491943,21
231,6,26,1,0.5,22
231,6,27,1,0.03888889029622078,23
231,6,28,0,0.2164948433637619,24
231,6,29,1,0.5770962834358215,25
231,6,30,1,0.01534526888281107,26
231,6,31,0,0.6918546557426453,27
231,6,32,0,0.9947534203529358,28
231,6,33,1,0.054794520139694214,29
231,6,34,1,0.0,30
231,6,35,0,0.0,31
231,6,36,0,0.01534526888281107,32
231,6,37,0,0.2164948433637619,33
231,6,38,0,0.0,34
231,6,39,1,0.01534526888281107,35
231,6,40,1,0.0,36
232,5,17,0,0.30000001192092896,1
232,5,18,0,0.7142857313156128,2
232,5,19,1,0.8135592937469482,3
232,5,20,0,0.3589743673801422,4
232,5,21,1,0.01534526888281107,5
232,5,22,0,0.03888889029622078,6
232,5,23,1,0.2164948433637619,7
232,5,24,0,0.5263158082962036,8
232,5,25,0,0.2164948433637619,9
232,5,26,1,0.2164948433637619,10
232,5,27,0,0.025974025949835777,11
232,5,28,0,0.16129031777381897,12
232,5,29,1,0.01534526888281107,13
232,5,30,0,0.03888889029622078,14
232,5,31,0,0.032786883413791656,15
232,5,32,1,0.03888889029622078,16
232,5,33,0,0.03888889029622078,17
232,5,34,0,0.032786883413791656,18
232,5,35,0,0.007751937955617905,19
232,5,36,0,0.032786883413791656,20
232,5,37,1,0.25,21
232,5,38,0,0.2164948433637619,22
232,5,39,1,0.03888889029622078,23
232,5,40,1,0.03888889029622078,24
233,5,17,0,0.30000001192092896,1
233,5,18,1,0.7142857313156128,2
233,5,19,1,0.12871287763118744,3
233,5,20,1,0.3589743673801422,4
233,5,21,0,0.01534526888281107,5
233,5,22,1,0.03888889029622078,6
233,5,23,0,0.008064515888690948,7
233,5,24,1,0.7142857313156128,8
233,5,25,0,0.0,9
233,5,26,0,0.12871287763118744,10
233,5,27,0,0.01534526888281107,11
233,5,28,1,0.9947534203529358,12
233,5,29,0,0.0,13
233,5,30,0,0.01534526888281107,14
233,5,31,0,0.007751937955617905,15
233,5,32,0,0.032786883413791656,16
233,5,33,1,0.8135592937469482,17
233,5,34,0,0.0,18
233,5,35,0,0.008064515888690948,19
233,5,36,1,0.9947534203529358,20
233,5,37,0,0.03888889029622078,21
233,5,38,0,0.0,22
233,5,39,1,0.9947534203529358,23
233,5,40,0,0.0,24
234,5,5,1,0.7142857313156128,1
234,5,6,0,0.03888889029622078,2
234,5,7,0,0.007751937955617905,3
234,5,8,1,0.30000001192092896,4
234,5,9,0,0.032786883413791656,5
234,5,10,1,0.9947534203529358,6
234,5,11,1,0.25,7
234,5,12,0,0.09090909361839294,8
234,5,13,1,0.7142857313156128,9
234,5,14,0,0.01534526888281107,10
234,5,15,0,0.007751937955617905,11
234,5,16,0,0.2164948433637619,12
234,5,17,0,0.008064515888690948,13
234,5,18,1,0.800000011920929,14
234,5,19,1,0.2164948433637619,15
234,5,20,1,0.3589743673801422,16
234,5,21,0,0.0,17
234,5,22,0,0.008064515888690948,18
234,5,23,0,0.025974025949835777,19
234,5,24,0,0.8974359035491943,20
234,5,25,0,0.30000001192092896,21
234,5,26,0,0.8135592937469482,22
234,5,27,0,0.16129031777381897,23
234,5,28,1,0.9947534203529358,24
234,5,29,0,0.0,25
234,5,30,0,0.032786883413791656,26
234,5,31,0,0.03888889029622078,27
234,5,32,0,0.03888889029622078,28
234,5,33,1,0.7142857313156128,29
234,5,34,0,0.2164948433637619,30
234,5,35,0,0.007751937955617905,31
234,5,36,1,0.8974359035491943,32
234,5,37,0,0.12871287763118744,33
234,5,38,0,0.03888889029622078,34
234,5,39,1,0.9947534203529358,35
234,5,40,0,0.0,36
237,5,17,0,0.30000001192092896,1
237,5,18,1,0.800000011920929,2
237,5,19,1,0.12871287763118744,3
237,5,20,1,0.3589743673801422,4
237,5,21,0,0.032786883413791656,5
237,5,22,0,0.032786883413791656,6
237,5,23,0,0.2164948433637619,7
237,5,24,1,0.9117646813392639,8
237,5,25,0,0.03888889029622078,9
237,5,26,0,0.03888889029622078,10
237,5,27,0,0.0,11
237,5,28,1,0.9947534203529358,12
237,5,29,0,0.0,13
237,5,30,0,0.01534526888281107,14
237,5,31,0,0.0,15
237,5,32,0,0.03888889029622078,16
237,5,33,1,0.8135592937469482,17
237,5,34,0,0.0,18
237,5,35,0,0.01534526888281107,19
237,5,36,1,0.9947534203529358,20
237,5,37,0,0.03888889029622078,21
237,5,38,0,0.0,22
237,5,39,1,1.0,23
237,5,40,0,0.0,24
238,6,5,0,0.7142857313156128,1
238,6,6,0,0.16129031777381897,2
238,6,7,0,0.25,3
238,6,8,0,0.25,4
238,6,9,0,0.2164948433637619,5
238,6,10,0,0.2164948433637619,6
238,6,11,1,0.01534526888281107,7
238,6,12,0,0.007751937955617905,8
238,6,13,0,0.054794520139694214,9
238,6,14,0,0.01534526888281107,10
238,6,15,0,0.12871287763118744,11
238,6,16,0,0.2164948433637619,12
238,6,17,1,0.25,13
238,6,18,0,0.25,14
238,6,19,0,0.5,15
238,6,20,1,0.5,16
238,6,21,0,0.054794520139694214,17
238,6,22,0,0.25,18
238,6,23,0,0.3589743673801422,19
238,6,24,0,0.5263158082962036,20
238,6,25,0,0.3589743673801422,21
238,6,26,0,0.2164948433637619,22
238,6,27,1,0.007751937955617905,23
238,6,28,0,0.25,24
238,6,29,0,0.25,25
238,6,30,1,0.027027027681469917,26
238,6,31,0,0.0,27
238,6,32,0,0.03888889029622078,28
238,6,33,0,0.054794520139694214,29
238,6,34,1,0.018458306789398193,30
238,6,35,0,0.01534526888281107,31
238,6,36,1,0.06666667014360428,32
238,6,37,0,0.03888889029622078,33
238,6,38,0,0.03888889029622078,34
238,6,39,0,0.25,35
238,6,40,0,0.0,36
239,5,17,0,0.30000001192092896,1
239,5,18,1,0.800000011920929,2
239,5,19,1,0.12871287763118744,3
239,5,20,1,0.3589743673801422,4
239,5,21,0,0.032786883413791656,5
239,5,22,1,0.032786883413791656,6
239,5,23,0,0.03888889029622078,7
239,5,24,1,0.3589743673801422,8
239,5,25,0,0.0,9
239,5,26,0,0.12871287763118744,10
239,5,27,0,0.008064515888690948,11
239,5,28,1,0.9947534203529358,12
239,5,29,0,0.0,13
239,5,30,0,0.0,14
239,5,31,0,0.0,15
239,5,32,0,0.03888889029622078,16
239,5,33,1,0.800000011920929,17
239,5,34,0,0.0,18
239,5,35,0,0.01534526888281107,19
239,5,36,1,0.9947534203529358,20
239,5,37,0,0.032786883413791656,21
239,5,38,0,0.0,22
239,5,39,1,0.9947534203529358,23
239,5,40,0,0.0,24
240,5,5,1,0.800000011920929,1
240,5,6,0,0.03888889029622078,2
240,5,7,0,0.16129031777381897,3
240,5,8,1,0.3589743673801422,4
240,5,9,0,0.03888889029622078,5
240,5,10,1,0.9947534203529358,6
240,5,11,1,0.2164948433637619,7
240,5,12,0,0.2164948433637619,8
240,5,13,1,0.7142857313156128,9
240,5,14,0,0.01534526888281107,10
240,5,15,0,0.0,11
240,5,16,0,0.25,12
240,5,17,0,0.025974025949835777,13
240,5,18,1,0.8119108080863953,14
240,5,19,1,0.25,15
240,5,20,1,0.30000001192092896,16
240,5,21,0,0.0,17
240,5,22,0,0.0,18
240,5,23,0,0.0,19
240,5,24,1,0.9117646813392639,20
240,5,25,0,0.0,21
240,5,26,0,0.0,22
240,5,27,0,0.0,23
240,5,28,1,1.0,24
240,5,29,0,0.0,25
240,5,30,0,0.0,26
240,5,31,0,0.0,27
240,5,32,0,0.01534526888281107,28
240,5,33,1,0.8135592937469482,29
240,5,34,0,0.03888889029622078,30
240,5,35,0,0.01534526888281107,31
240,5,36,1,0.8974359035491943,32
240,5,37,0,0.01534526888281107,33
240,5,38,0,0.0,34
240,5,39,1,0.970588207244873,35
240,5,40,0,0.0,36
241,5,33,1,0.2164948433637619,1
241,5,34,0,0.032786883413791656,2
241,5,35,0,0.0,3
241,5,36,1,0.01534526888281107,4
241,5,37,0,0.2164948433637619,5
241,5,38,0,0.01534526888281107,6
241,5,39,1,0.2164948433637619,7
241,5,40,0,0.25,8
241,6,1,0,0.025974025949835777,9
241,6,2,0,0.0,10
241,6,3,0,0.01534526888281107,11
241,6,4,1,0.25,12
241,6,5,0,0.25,13
241,6,6,0,0.12871287763118744,14
241,6,7,0,0.2164948433637619,15
241,6,8,0,0.16129031777381897,16
241,6,9,0,0.2164948433637619,17
241,6,10,0,0.25,18
241,6,11,0,0.03888889029622078,19
241,6,12,0,0.01534526888281107,20
241,6,13,0,0.25,21
241,6,14,0,0.10526315867900848,22
241,6,15,0,0.10526315867900848,23
241,6,16,0,0.03888889029622078,24
241,6,17,1,0.3589743673801422,25
241,6,18,1,0.8135592937469482,26
241,6,19,1,0.8974359035491943,27
241,6,20,1,0.5,28
241,6,21,0,0.2164948433637619,29
241,6,22,0,0.3589743673801422,30
241,6,23,0,0.2164948433637619,31
241,6,24,1,0.25,32
241,6,25,1,0.7142857313156128,33
241,6,26,1,0.8135592937469482,34
241,6,27,0,0.12871287763118744,35
241,6,28,0,0.5,36
241,6,29,1,0.6410256624221802,37
241,6,30,1,0.25,38
241,6,31,0,0.30000001192092896,39
241,6,32,0,0.3589743673801422,40
241,6,33,1,0.5263158082962036,41
241,6,34,1,0.03888889029622078,42
241,6,35,0,0.0,43
241,6,36,0,0.032786883413791656,44
241,6,37,0,0.25,45
241,6,38,0,0.01534526888281107,46
241,6,39,1,0.06666667014360428,47
241,6,40,1,0.0,48
242,5,17,0,0.30000001192092896,1
242,5,18,1,0.800000011920929,2
242,5,19,0,0.12871287763118744,3
242,5,20,1,0.5,4
242,5,21,0,0.0,5
242,5,22,0,0.0,6
242,5,23,0,0.0,7
242,5,24,1,0.9947534203529358,8
242,5,25,0,0.0,9
242,5,26,0,0.01534526888281107,10
242,5,27,0,0.0,11
242,5,28,1,1.0,12
242,5,29,0,0.0,13
242,5,30,0,0.0,14
242,5,31,0,0.0,15
242,5,32,0,0.032786883413791656,16
242,5,33,1,0.8135592937469482,17
242,5,34,0,0.007751937955617905,18
242,5,35,0,0.0,19
242,5,36,1,0.9947534203529358,20
242,5,37,0,0.03888889029622078,21
242,5,38,0,0.0,22
242,5,39,1,0.9947534203529358,23
242,5,40,0,0.0,24
245,5,17,0,0.30000001192092896,1
245,5,18,1,0.800000011920929,2
245,5,19,1,0.12871287763118744,3
245,5,20,1,0.3589743673801422,4
245,5,21,0,0.032786883413791656,5
245,5,22,0,0.032786883413791656,6
245,5,23,0,0.2164948433637619,7
245,5,24,1,0.9117646813392639,8
245,5,25,0,0.01534526888281107,9
245,5,26,0,0.03888889029622078,10
245,5,27,0,0.0,11
245,5,28,1,1.0,12
245,5,29,0,0.0,13
245,5,30,0,0.0,14
245,5,31,0,0.0,15
245,5,32,0,0.032786883413791656,16
245,5,33,1,0.8999999761581421,17
245,5,34,0,0.0,18
245,5,35,0,0.01534526888281107,19
245,5,36,1,0.9947534203529358,20
245,5,37,0,0.03888889029622078,21
245,5,38,0,0.0,22
245,5,39,1,1.0,23
245,5,40,0,0.0,24
246,5,17,0,0.30000001192092896,1
246,5,18,1,0.800000011920929,2
246,5,19,0,0.12871287763118744,3
246,5,20,1,0.5,4
246,5,21,0,0.0,5
246,5,22,0,0.0,6
246,5,23,0,0.0,7
246,5,24,1,0.9947534203529358,8
246,5,25,0,0.0,9
246,5,26,0,0.01534526888281107,10
246,5,27,0,0.0,11
246,5,28,1,1.0,12
246,5,29,0,0.0,13
246,5,30,0,0.0,14
246,5,31,0,0.0,15
246,5,32,0,0.032786883413791656,16
246,5,33,1,0.8135592937469482,17
246,5,34,0,0.007751937955617905,18
246,5,35,0,0.0,19
246,5,36,1,0.9947534203529358,20
246,5,37,0,0.03888889029622078,21
246,5,38,0,0.0,22
246,5,39,1,0.9947534203529358,23
246,5,40,0,0.0,24
249,5,33,1,0.2164948433637619,1
249,5,34,0,0.25,2
249,5,35,0,0.03888889029622078,3
249,5,36,1,0.054794520139694214,4
249,5,37,0,0.25,5
249,5,38,0,0.008064515888690948,6
249,5,39,1,0.16129031777381897,7
249,5,40,0,0.25,8
249,6,1,0,0.01534526888281107,9
249,6,2,0,0.0,10
249,6,3,0,0.01534526888281107,11
249,6,4,0,0.2164948433637619,12
249,6,5,0,0.03888889029622078,13
249,6,6,0,0.03888889029622078,14
249,6,7,0,0.2164948433637619,15
249,6,8,0,0.054794520139694214,16
249,6,9,0,0.25,17
249,6,10,0,0.054794520139694214,18
249,6,11,0,0.008064515888690948,19
249,6,12,0,0.03888889029622078,20
249,6,13,0,0.30000001192092896,21
249,6,14,0,0.2164948433637619,22
249,6,15,0,0.30000001192092896,23
249,6,16,0,0.25,24
249,6,17,1,0.30000001192092896,25
249,6,18,1,0.25,26
249,6,19,1,0.12871287763118744,27
249,6,20,1,0.3589743673801422,28
249,6,21,0,0.03888889029622078,29
249,6,22,0,0.7142857313156128,30
249,6,23,0,0.3589743673801422,31
249,6,24,1,0.25,32
249,6,25,1,0.7142857313156128,33
249,6,26,1,0.6410256624221802,34
249,6,27,1,0.03888889029622078,35
249,6,28,0,0.25,36
249,6,29,1,0.7142857313156128,37
249,6,30,1,0.01534526888281107,38
249,6,31,0,0.8974359035491943,39
249,6,32,0,0.9947534203529358,40
249,6,33,1,0.054794520139694214,41
249,6,34,1,0.0,42
249,6,35,0,0.0,43
249,6,36,0,0.12871287763118744,44
249,6,37,0,0.3589743673801422,45
249,6,38,0,0.008064515888690948,46
249,6,39,1,0.16129031777381897,47
249,6,40,1,0.0,48
250,5,5,1,0.800000011920929,1
250,5,6,0,0.16129031777381897,2
250,5,7,0,0.3589743673801422,3
250,5,8,1,0.3589743673801422,4
250,5,9,0,0.03888889029622078,5
250,5,10,1,0.9947534203529358,6
250,5,11,1,0.3589743673801422,7
250,5,12,0,0.054794520139694214,8
250,5,13,1,0.5263158082962036,9
250,5,14,0,0.0,10
250,5,15,0,0.0,11
250,5,16,0,0.2164948433637619,12
250,5,17,0,0.01534526888281107,13
250,5,18,1,0.8135592937469482,14
250,5,19,0,0.25,15
250,5,20,1,0.5263158082962036,16
250,5,21,0,0.0,17
250,5,22,0,0.007751937955617905,18
250,5,23,0,0.008064515888690948,19
250,5,24,1,0.9947534203529358,20
250,5,25,0,0.0,21
250,5,26,0,0.0,22
250,5,27,0,0.0,23
250,5,28,1,1.0,24
250,5,29,0,0.0,25
250,5,30,0,0.0,26
250,5,31,0,0.008064515888690948,27
250,5,32,0,0.03888889029622078,28
250,5,33,1,0.7142857313156128,29
250,5,34,0,0.054794520139694214,30
250,5,35,0,0.01534526888281107,31
250,5,36,1,0.9117646813392639,32
250,5,37,0,0.032786883413791656,33
250,5,38,0,0.0,34
250,5,39,1,0.9947534203529358,35
250,5,40,0,0.0,36
251,6,5,0,0.7142857313156128,1
251,6,6,0,0.16129031777381897,2
251,6,7,0,0.25,3
251,6,8,0,0.25,4
251,6,9,0,0.2164948433637619,5
251,6,10,0,0.2164948433637619,6
251,6,11,0,0.01534526888281107,7
251,6,12,0,0.008064515888690948,8
251,6,13,0,0.01534526888281107,9
251,6,14,0,0.03888889029622078,10
251,6,15,0,0.2164948433637619,11
251,6,16,0,0.19700887799263,12
251,6,17,1,0.5,13
251,6,18,1,0.3589743673801422,14
251,6,19,1,0.3589743673801422,15
251,6,20,1,0.7142857313156128,16
251,6,21,0,0.032786883413791656,17
251,6,22,0,0.12871287763118744,18
251,6,23,0,0.16129031777381897,19
251,6,24,1,0.5263158082962036,20
251,6,25,1,0.5263158082962036,21
251,6,26,1,0.3589743673801422,22
251,6,27,1,0.027027027681469917,23
251,6,28,0,0.2164948433637619,24
251,6,29,1,0.5263158082962036,25
251,6,30,1,0.025974025949835777,26
251,6,31,0,0.7142857313156128,27
251,6,32,0,0.9947534203529358,28
251,6,33,1,0.12871287763118744,29
251,6,34,1,0.0,30
251,6,35,0,0.0,31
251,6,36,0,0.01534526888281107,32
251,6,37,0,0.2164948433637619,33
251,6,38,0,0.0,34
251,6,39,1,0.01534526888281107,35
251,6,40,1,0.0,36
252,5,17,0,0.30000001192092896,1
252,5,18,1,0.800000011920929,2
252,5,19,1,0.12871287763118744,3
252,5,20,1,0.3589743673801422,4
252,5,21,0,0.025974025949835777,5
252,5,22,0,0.027027027681469917,6
252,5,23,0,0.12871287763118744,7
252,5,24,1,0.9947534203529358,8
252,5,25,0,0.025974025949835777,9
252,5,26,0,0.03888889029622078,10
252,5,27,0,0.0,11
252,5,28,1,1.0,12
252,5,29,0,0.0,13
252,5,30,0,0.008064515888690948,14
252,5,31,0,0.0,15
252,5,32,0,0.032786883413791656,16
252,5,33,1,0.8999999761581421,17
252,5,34,0,0.0,18
252,5,35,0,0.01534526888281107,19
252,5,36,1,0.9947534203529358,20
252,5,37,0,0.03888889029622078,21
252,5,38,0,0.0,22
252,5,39,1,1.0,23
252,5,40,0,0.0,24
253,5,5,1,0.800000011920929,1
253,5,6,0,0.16129031777381897,2
253,5,7,0,0.3589743673801422,3
253,5,8,1,0.3589743673801422,4
253,5,9,0,0.03888889029622078,5
253,5,10,1,0.9947534203529358,6
253,5,11,1,0.3589743673801422,7
253,5,12,0,0.054794520139694214,8
253,5,13,1,0.5263158082962036,9
253,5,14,0,0.0,10
253,5,15,0,0.0,11
253,5,16,0,0.2164948433637619,12
253,5,17,0,0.01534526888281107,13
253,5,18,1,0.8135592937469482,14
253,5,19,1,0.25,15
253,5,20,1,0.3589743673801422,16
253,5,21,0,0.0,17
253,5,22,0,0.008064515888690948,18
253,5,23,0,0.01534526888281107,19
253,5,24,1,0.9947534203529358,20
253,5,25,0,0.0,21
253,5,26,0,0.0,22
253,5,27,0,0.0,23
253,5,28,1,1.0,24
253,5,29,0,0.0,25
253,5,30,0,0.0,26
253,5,31,0,0.007751937955617905,27
253,5,32,0,0.01534526888281107,28
253,5,33,1,0.8135592937469482,29
253,5,34,0,0.03888889029622078,30
253,5,35,0,0.01534526888281107,31
253,5,36,1,0.9117646813392639,32
253,5,37,0,0.01534526888281107,33
253,5,38,0,0.0,34
253,5,39,1,0.9947534203529358,35
253,5,40,0,0.0,36
254,5,5,1,0.800000011920929,1
254,5,6,0,0.16129031777381897,2
254,5,7,0,0.3589743673801422,3
254,5,8,1,0.3589743673801422,4
254,5,9,0,0.03888889029622078,5
254,5,10,1,0.9947534203529358,6
254,5,11,1,0.3589743673801422,7
254,5,12,0,0.054794520139694214,8
254,5,13,1,0.5263158082962036,9
254,5,14,0,0.0,10
254,5,15,0,0.0,11
254,5,16,0,0.2164948433637619,12
254,5,17,0,0.01534526888281107,13
254,5,18,1,0.8135592937469482,14
254,5,19,1,0.25,15
254,5,20,1,0.3589743673801422,16
254,5,21,0,0.0,17
254,5,22,0,0.008064515888690948,18
254,5,23,0,0.01534526888281107,19
254,5,24,1,0.9947534203529358,20
254,5,25,0,0.0,21
254,5,26,0,0.0,22
254,5,27,0,0.0,23
254,5,28,1,1.0,24
254,5,29,0,0.0,25
254,5,30,0,0.0,26
254,5,31,0,0.007751937955617905,27
254,5,32,0,0.01534526888281107,28
254,5,33,1,0.8135592937469482,29
254,5,34,0,0.03888889029622078,30
254,5,35,0,0.01534526888281107,31
254,5,36,1,0.9117646813392639,32
254,5,37,0,0.01534526888281107,33
254,5,38,0,0.0,34
254,5,39,1,0.9947534203529358,35
254,5,40,0,0.0,36
255,5,33,1,0.2164948433637619,1
255,5,34,0,0.25,2
255,5,35,0,0.03888889029622078,3
255,5,36,1,0.054794520139694214,4
255,5,37,0,0.25,5
255,5,38,0,0.008064515888690948,6
255,5,39,1,0.16129031777381897,7
255,5,40,0,0.25,8
255,6,1,0,0.01534526888281107,9
255,6,2,0,0.0,10
255,6,3,0,0.01534526888281107,11
255,6,4,1,0.2164948433637619,12
255,6,5,0,0.25,13
255,6,6,0,0.10526315867900848,14
255,6,7,0,0.2164948433637619,15
255,6,8,0,0.16129031777381897,16
255,6,9,0,0.2164948433637619,17
255,6,10,0,0.16129031777381897,18
255,6,11,0,0.09090909361839294,19
255,6,12,0,0.025974025949835777,20
255,6,13,0,0.30000001192092896,21
255,6,14,0,0.3589743673801422,22
255,6,15,0,0.25,23
255,6,16,0,0.16129031777381897,24
255,6,17,1,0.5,25
255,6,18,1,0.054794520139694214,26
255,6,19,1,0.2164948433637619,27
255,6,20,1,0.5,28
255,6,21,0,0.12871287763118744,29
255,6,22,0,0.5,30
255,6,23,0,0.2164948433637619,31
255,6,24,1,0.25,32
255,6,25,1,0.5,33
255,6,26,1,0.5263158082962036,34
255,6,27,0,0.03888889029622078,35
255,6,28,0,0.800000011920929,36
255,6,29,1,0.6916897892951965,37
255,6,30,1,0.12871287763118744,38
255,6,31,1,0.3589743673801422,39
255,6,32,0,0.054794520139694214,40
255,6,33,1,0.032786883413791656,41
255,6,34,1,0.0,42
255,6,35,0,0.0,43
255,6,36,0,0.025974025949835777,44
255,6,37,0,0.25,45
255,6,38,0,0.008064515888690948,46
255,6,39,1,0.10526315867900848,47
255,6,40,1,0.0,48
259,5,17,0,0.30000001192092896,1
259,5,18,1,0.800000011920929,2
259,5,19,0,0.12871287763118744,3
259,5,20,1,0.3589743673801422,4
259,5,21,0,0.0,5
259,5,22,0,0.0,6
259,5,23,0,0.0,7
259,5,24,1,0.9947534203529358,8
259,5,25,0,0.0,9
259,5,26,0,0.0,10
259,5,27,0,0.0,11
259,5,28,1,1.0,12
259,5,29,0,0.0,13
259,5,30,0,0.01534526888281107,14
259,5,31,0,0.01534526888281107,15
259,5,32,0,0.025974025949835777,16
259,5,33,1,0.8135592937469482,17
259,5,34,0,0.008064515888690948,18
259,5,35,0,0.0,19
259,5,36,1,0.9947534203529358,20
259,5,37,0,0.03888889029622078,21
259,5,38,0,0.0,22
259,5,39,1,0.9947534203529358,23
259,5,40,0,0.01534526888281107,24
262,5,5,1,0.800000011920929,1
262,5,6,0,0.16129031777381897,2
262,5,7,0,0.3589743673801422,3
262,5,8,1,0.3589743673801422,4
262,5,9,0,0.03888889029622078,5
262,5,10,1,0.9947534203529358,6
262,5,11,1,0.3589743673801422,7
262,5,12,0,0.054794520139694214,8
262,5,13,1,0.5263158082962036,9
262,5,14,0,0.0,10
262,5,15,0,0.0,11
262,5,16,0,0.2164948433637619,12
262,5,17,0,0.01534526888281107,13
262,5,18,1,0.8135592937469482,14
262,5,19,1,0.25,15
262,5,20,1,0.3589743673801422,16
262,5,21,0,0.0,17
262,5,22,0,0.008064515888690948,18
262,5,23,0,0.01534526888281107,19
262,5,24,1,0.9947534203529358,20
262,5,25,0,0.0,21
262,5,26,0,0.0,22
262,5,27,0,0.0,23
262,5,28,1,1.0,24
262,5,29,0,0.0,25
262,5,30,0,0.0,26
262,5,31,0,0.007751937955617905,27
262,5,32,0,0.01534526888281107,28
262,5,33,1,0.8135592937469482,29
262,5,34,0,0.03888889029622078,30
262,5,35,0,0.01534526888281107,31
262,5,36,1,0.9117646813392639,32
262,5,37,0,0.01534526888281107,33
262,5,38,0,0.0,34
262,5,39,1,0.9947534203529358,35
262,5,40,0,0.0,36
265,5,5,1,0.800000011920929,1
265,5,6,0,0.16129031777381897,2
265,5,7,0,0.3589743673801422,3
265,5,8,1,0.3589743673801422,4
265,5,9,0,0.03888889029622078,5
265,5,10,1,0.9947534203529358,6
265,5,11,1,0.3589743673801422,7
265,5,12,0,0.054794520139694214,8
265,5,13,1,0.5263158082962036,9
265,5,14,0,0.0,10
265,5,15,0,0.0,11
265,5,16,0,0.2164948433637619,12
265,5,17,0,0.01534526888281107,13
265,5,18,1,0.8135592937469482,14
265,5,19,1,0.25,15
265,5,20,1,0.3589743673801422,16
265,5,21,0,0.0,17
265,5,22,0,0.008064515888690948,18
265,5,23,0,0.01534526888281107,19
265,5,24,1,0.9947534203529358,20
265,5,25,0,0.0,21
265,5,26,0,0.0,22
265,5,27,0,0.0,23
265,5,28,1,1.0,24
265,5,29,0,0.0,25
265,5,30,0,0.0,26
265,5,31,0,0.007751937955617905,27
265,5,32,0,0.01534526888281107,28
265,5,33,1,0.8135592937469482,29
265,5,34,0,0.03888889029622078,30
265,5,35,0,0.01534526888281107,31
265,5,36,1,0.9117646813392639,32
265,5,37,0,0.01534526888281107,33
265,5,38,0,0.0,34
265,5,39,1,0.9947534203529358,35
265,5,40,0,0.0,36
266,5,17,0,0.30000001192092896,1
266,5,18,1,0.800000011920929,2
266,5,19,1,0.12871287763118744,3
266,5,20,1,0.3589743673801422,4
266,5,21,0,0.025974025949835777,5
266,5,22,0,0.027027027681469917,6
266,5,23,0,0.12871287763118744,7
266,5,24,1,0.9947534203529358,8
266,5,25,0,0.025974025949835777,9
266,5,26,0,0.03888889029622078,10
266,5,27,0,0.0,11
266,5,28,1,1.0,12
266,5,29,0,0.0,13
266,5,30,0,0.008064515888690948,14
266,5,31,0,0.0,15
266,5,32,0,0.032786883413791656,16
266,5,33,1,0.8999999761581421,17
266,5,34,0,0.0,18
266,5,35,0,0.01534526888281107,19
266,5,36,1,0.9947534203529358,20
266,5,37,0,0.03888889029622078,21
266,5,38,0,0.0,22
266,5,39,1,1.0,23
266,5,40,0,0.0,24
267,5,17,0,0.30000001192092896,1
267,5,18,1,0.800000011920929,2
267,5,19,1,0.12871287763118744,3
267,5,20,1,0.3589743673801422,4
267,5,21,0,0.025974025949835777,5
267,5,22,0,0.027027027681469917,6
267,5,23,0,0.12871287763118744,7
267,5,24,1,0.9947534203529358,8
267,5,25,0,0.025974025949835777,9
267,5,26,0,0.03888889029622078,10
267,5,27,0,0.0,11
267,5,28,1,1.0,12
267,5,29,0,0.0,13
267,5,30,0,0.008064515888690948,14
267,5,31,0,0.0,15
267,5,32,0,0.032786883413791656,16
267,5,33,1,0.8999999761581421,17
267,5,34,0,0.0,18
267,5,35,0,0.01534526888281107,19
267,5,36,1,0.9947534203529358,20
267,5,37,0,0.03888889029622078,21
267,5,38,0,0.0,22
267,5,39,1,1.0,23
267,5,40,0,0.0,24
271,4,33,0,0.25,1
271,4,34,0,0.2164948433637619,2
271,4,35,0,0.032786883413791656,3
271,4,36,0,0.054794520139694214,4
271,4,37,0,0.03888889029622078,5
271,4,38,0,0.06666667014360428,6
271,4,39,0,0.01534526888281107,7
271,4,40,0,0.0,8
271,5,1,1,0.3589743673801422,9
271,5,2,0,0.008064515888690948,10
271,5,3,0,0.2164948433637619,11
271,5,4,1,0.800000011920929,12
271,5,5,1,0.30000001192092896,13
271,5,6,0,0.008064515888690948,14
271,5,7,0,0.008064515888690948,15
271,5,8,1,0.5263158082962036,16
271,5,9,0,0.03888889029622078,17
271,5,10,1,0.8999999761581421,18
271,5,11,1,0.9947534203529358,19
271,5,12,0,0.008064515888690948,20
271,5,13,1,0.9947534203529358,21
271,5,14,0,0.0,22
271,5,15,0,0.01534526888281107,23
271,5,16,0,0.027027027681469917,24
271,5,17,0,0.025974025949835777,25
271,5,18,1,0.9947534203529358,26
271,5,19,1,0.3589743673801422,27
271,5,20,1,0.9117646813392639,28
271,5,21,0,0.01534526888281107,29
271,5,22,0,0.6410256624221802,30
271,5,23,0,0.03888889029622078,31
271,5,24,1,0.9142982363700867,32
271,5,25,0,0.008064515888690948,33
271,5,26,0,0.09090909361839294,34
271,5,27,0,0.01534526888281107,35
271,5,28,1,1.0,36
271,5,29,0,0.0,37
271,5,30,0,0.2164948433637619,38
271,5,31,0,0.3589743673801422,39
271,5,32,0,0.03888889029622078,40
271,5,33,1,0.8135592937469482,41
271,5,34,0,0.025974025949835777,42
271,5,35,0,0.01534526888281107,43
271,5,36,1,0.9947534203529358,44
271,5,37,0,0.03888889029622078,45
271,5,38,0,0.01534526888281107,46
271,5,39,1,0.9947534203529358,47
271,5,40,0,0.0,48
272,5,33,1,0.2164948433637619,1
272,5,34,0,0.032786883413791656,2
272,5,35,0,0.0,3
272,5,36,1,0.01534526888281107,4
272,5,37,0,0.2164948433637619,5
272,5,38,0,0.01534526888281107,6
272,5,39,1,0.2164948433637619,7
272,5,40,0,0.25,8
272,6,1,0,0.01534526888281107,9
272,6,2,0,0.0,10
272,6,3,0,0.01534526888281107,11
272,6,4,0,0.16129031777381897,12
272,6,5,0,0.03888889029622078,13
272,6,6,0,0.027027027681469917,14
272,6,7,0,0.2164948433637619,15
272,6,8,0,0.054794520139694214,16
272,6,9,0,0.25,17
272,6,10,0,0.06666667014360428,18
272,6,11,0,0.12871287763118744,19
272,6,12,0,0.2164948433637619,20
272,6,13,0,0.3589743673801422,21
272,6,14,0,0.16129031777381897,22
272,6,15,0,0.25,23
272,6,16,0,0.25,24
272,6,17,1,0.30000001192092896,25
272,6,18,1,0.5,26
272,6,19,1,0.8135592937469482,27
272,6,20,1,0.5263158082962036,28
272,6,21,0,0.054794520139694214,29
272,6,22,0,0.8135592937469482,30
272,6,23,0,0.3589743673801422,31
272,6,24,1,0.25,32
272,6,25,1,0.7142857313156128,33
272,6,26,1,0.7142857313156128,34
272,6,27,0,0.03888889029622078,35
272,6,28,0,0.7142857313156128,36
272,6,29,1,0.970588207244873,37
272,6,30,1,0.061192307621240616,38
272,6,31,0,0.3589743673801422,39
272,6,32,0,0.3589743673801422,40
272,6,33,1,0.5263158082962036,41
272,6,34,1,0.032786883413791656,42
272,6,35,0,0.0,43
272,6,36,0,0.12871287763118744,44
272,6,37,0,0.25,45
272,6,38,0,0.01534526888281107,46
272,6,39,1,0.2164948433637619,47
272,6,40,1,0.0,48
274,4,33,0,0.25,1
274,4,34,0,0.2164948433637619,2
274,4,35,0,0.032786883413791656,3
274,4,36,0,0.054794520139694214,4
274,4,37,0,0.03888889029622078,5
274,4,38,0,0.06666667014360428,6
274,4,39,0,0.01534526888281107,7
274,4,40,0,0.0,8
274,5,1,0,0.3589743673801422,9
274,5,2,0,0.3589743673801422,10
274,5,3,0,0.3589743673801422,11
274,5,4,1,0.5263158082962036,12
274,5,5,0,0.5,13
274,5,6,0,0.2164948433637619,14
274,5,7,0,0.9117646813392639,15
274,5,8,1,0.7142857313156128,16
274,5,9,0,0.5263158082962036,17
274,5,10,1,0.9947534203529358,18
274,5,11,1,0.9947534203529358,19
274,5,12,0,0.03888889029622078,20
274,5,13,1,0.9947534203529358,21
274,5,14,0,0.008064515888690948,22
274,5,15,0,0.0,23
274,5,16,0,0.01534526888281107,24
274,5,17,0,0.008064515888690948,25
274,5,18,1,0.8974359035491943,26
274,5,19,1,0.25,27
274,5,20,1,0.8135592937469482,28
274,5,21,0,0.0,29
274,5,22,0,0.032786883413791656,30
274,5,23,0,0.01534526888281107,31
274,5,24,1,0.5263158082962036,32
274,5,25,0,0.0,33
274,5,26,0,0.007751937955617905,34
274,5,27,0,0.0,35
274,5,28,1,0.9947534203529358,36
274,5,29,0,0.0,37
274,5,30,0,0.0,38
274,5,31,0,0.007751937955617905,39
274,5,32,0,0.01534526888281107,40
274,5,33,1,0.5,41
274,5,34,0,0.008064515888690948,42
274,5,35,0,0.0,43
274,5,36,1,0.7142857313156128,44
274,5,37,0,0.032786883413791656,45
274,5,38,0,0.0,46
274,5,39,1,0.9117646813392639,47
274,5,40,0,0.0,48
275,5,17,0,0.30000001192092896,1
275,5,18,1,0.800000011920929,2
275,5,19,1,0.12871287763118744,3
275,5,20,1,0.3589743673801422,4
275,5,21,0,0.032786883413791656,5
275,5,22,0,0.032786883413791656,6
275,5,23,0,0.30000001192092896,7
275,5,24,1,0.30000001192092896,8
275,5,25,0,0.03888889029622078,9
275,5,26,0,0.03888889029622078,10
275,5,27,0,0.0,11
275,5,28,1,0.8974359035491943,12
275,5,29,0,0.0,13
275,5,30,0,0.01534526888281107,14
275,5,31,0,0.0,15
275,5,32,0,0.025974025949835777,16
275,5,33,1,0.7142857313156128,17
275,5,34,0,0.0,18
275,5,35,0,0.01534526888281107,19
275,5,36,1,0.9947534203529358,20
275,5,37,0,0.03888889029622078,21
275,5,38,0,0.0,22
275,5,39,1,1.0,23
275,5,40,0,0.0,24
276,5,5,1,0.800000011920929,1
276,5,6,0,0.03888889029622078,2
276,5,7,0,0.01534526888281107,3
276,5,8,1,0.3589743673801422,4
276,5,9,0,0.032786883413791656,5
276,5,10,1,0.9947534203529358,6
276,5,11,1,0.25,7
276,5,12,0,0.054794520139694214,8
276,5,13,1,0.7142857313156128,9
276,5,14,0,0.01534526888281107,10
276,5,15,0,0.0,11
276,5,16,0,0.12871287763118744,12
276,5,17,0,0.0,13
276,5,18,1,0.7142857313156128,14
276,5,19,1,0.16129031777381897,15
276,5,20,1,0.3589743673801422,16
276,5,21,0,0.0,17
276,5,22,0,0.007751937955617905,18
276,5,23,0,0.01534526888281107,19
276,5,24,1,0.3589743673801422,20
276,5,25,0,0.0,21
276,5,26,0,0.0,22
276,5,27,0,0.0,23
276,5,28,1,0.970588207244873,24
276,5,29,0,0.0,25
276,5,30,0,0.008064515888690948,26
276,5,31,0,0.01534526888281107,27
276,5,32,0,0.01534526888281107,28
276,5,33,1,0.5263158082962036,29
276,5,34,0,0.027027027681469917,30
276,5,35,0,0.008064515888690948,31
276,5,36,1,0.9117646813392639,32
276,5,37,0,0.01534526888281107,33
276,5,38,0,0.0,34
276,5,39,1,0.9947534203529358,35
276,5,40,0,0.0,36
277,4,33,0,0.25,1
277,4,34,0,0.2164948433637619,2
277,4,35,0,0.032786883413791656,3
277,4,36,0,0.054794520139694214,4
277,4,37,0,0.03888889029622078,5
277,4,38,0,0.06666667014360428,6
277,4,39,0,0.01534526888281107,7
277,4,40,0,0.0,8
277,5,1,0,0.3589743673801422,9
277,5,2,0,0.3589743673801422,10
277,5,3,0,0.3589743673801422,11
277,5,4,1,0.5263158082962036,12
277,5,5,1,0.5,13
277,5,6,0,0.0,14
277,5,7,0,0.03888889029622078,15
277,5,8,1,0.9117646813392639,16
277,5,9,0,0.16129031777381897,17
277,5,10,1,0.970588207244873,18
277,5,11,1,0.9947534203529358,19
277,5,12,0,0.10526315867900848,20
277,5,13,1,0.9947534203529358,21
277,5,14,0,0.0,22
277,5,15,0,0.01534526888281107,23
277,5,16,0,0.03888889029622078,24
277,5,17,0,0.01534526888281107,25
277,5,18,1,0.9947534203529358,26
277,5,19,1,0.7142857313156128,27
277,5,20,1,0.8135592937469482,28
277,5,21,0,0.01534526888281107,29
277,5,22,1,0.054794520139694214,30
277,5,23,0,0.03888889029622078,31
277,5,24,1,0.970588207244873,32
277,5,25,0,0.01534526888281107,33
277,5,26,0,0.0,34
277,5,27,0,0.0,35
277,5,28,1,0.9947534203529358,36
277,5,29,0,0.0,37
277,5,30,0,0.025974025949835777,38
277,5,31,0,0.03888889029622078,39
277,5,32,0,0.007751937955617905,40
277,5,33,1,0.7142857313156128,41
277,5,34,0,0.01534526888281107,42
277,5,35,0,0.01534526888281107,43
277,5,36,1,0.9947534203529358,44
277,5,37,0,0.032786883413791656,45
277,5,38,0,0.0,46
277,5,39,1,0.9947534203529358,47
277,5,40,0,0.0,48
278,5,17,0,0.30000001192092896,1
278,5,18,1,0.800000011920929,2
278,5,19,0,0.12871287763118744,3
278,5,20,1,0.5,4
278,5,21,0,0.0,5
278,5,22,0,0.0,6
278,5,23,0,0.01534526888281107,7
278,5,24,1,0.9947534203529358,8
278,5,25,0,0.0,9
278,5,26,0,0.0,10
278,5,27,0,0.0,11
278,5,28,1,0.9947534203529358,12
278,5,29,0,0.0,13
278,5,30,0,0.01534526888281107,14
278,5,31,0,0.01534526888281107,15
278,5,32,0,0.025974025949835777,16
278,5,33,1,0.8135592937469482,17
278,5,34,0,0.007751937955617905,18
278,5,35,0,0.0,19
278,5,36,1,0.9947534203529358,20
278,5,37,0,0.03888889029622078,21
278,5,38,0,0.0,22
278,5,39,1,0.9947534203529358,23
278,5,40,0,0.01534526888281107,24
281,5,5,1,0.800000011920929,1
281,5,6,0,0.03888889029622078,2
281,5,7,0,0.01534526888281107,3
281,5,8,1,0.3589743673801422,4
281,5,9,0,0.032786883413791656,5
281,5,10,1,0.9947534203529358,6
281,5,11,1,0.25,7
281,5,12,0,0.054794520139694214,8
281,5,13,1,0.7142857313156128,9
281,5,14,0,0.01534526888281107,10
281,5,15,0,0.0,11
281,5,16,0,0.12871287763118744,12
281,5,17,0,0.0,13
281,5,18,1,0.7142857313156128,14
281,5,19,1,0.16129031777381897,15
281,5,20,1,0.3589743673801422,16
281,5,21,0,0.0,17
281,5,22,0,0.007751937955617905,18
281,5,23,0,0.01534526888281107,19
281,5,24,1,0.3589743673801422,20
281,5,25,0,0.0,21
281,5,26,0,0.0,22
281,5,27,0,0.0,23
281,5,28,1,0.970588207244873,24
281,5,29,0,0.0,25
281,5,30,0,0.008064515888690948,26
281,5,31,0,0.01534526888281107,27
281,5,32,0,0.01534526888281107,28
281,5,33,1,0.5263158082962036,29
281,5,34,0,0.027027027681469917,30
281,5,35,0,0.008064515888690948,31
281,5,36,1,0.9117646813392639,32
281,5,37,0,0.01534526888281107,33
281,5,38,0,0.0,34
281,5,39,1,0.9947534203529358,35
281,5,40,0,0.0,36
284,5,5,1,0.800000011920929,1
284,5,6,0,0.03888889029622078,2
284,5,7,0,0.01534526888281107,3
284,5,8,1,0.3589743673801422,4
284,5,9,0,0.032786883413791656,5
284,5,10,1,0.9947534203529358,6
284,5,11,1,0.25,7
284,5,12,0,0.054794520139694214,8
284,5,13,1,0.7142857313156128,9
284,5,14,0,0.01534526888281107,10
284,5,15,0,0.0,11
284,5,16,0,0.12871287763118744,12
284,5,17,0,0.0,13
284,5,18,1,0.7142857313156128,14
284,5,19,0,0.16129031777381897,15
284,5,20,1,0.5,16
284,5,21,0,0.0,17
284,5,22,0,0.0,18
284,5,23,0,0.007751937955617905,19
284,5,24,1,0.8135592937469482,20
284,5,25,0,0.0,21
284,5,26,0,0.0,22
284,5,27,0,0.0,23
284,5,28,1,1.0,24
284,5,29,0,0.0,25
284,5,30,0,0.0,26
284,5,31,0,0.0,27
284,5,32,0,0.032786883413791656,28
284,5,33,1,0.5263158082962036,29
284,5,34,0,0.03888889029622078,30
284,5,35,0,0.008064515888690948,31
284,5,36,1,0.9117646813392639,32
284,5,37,0,0.025974025949835777,33
284,5,38,0,0.0,34
284,5,39,1,0.9947534203529358,35
284,5,40,0,0.0,36
285,5,5,1,0.800000011920929,1
285,5,6,0,0.03888889029622078,2
285,5,7,0,0.01534526888281107,3
285,5,8,1,0.3589743673801422,4
285,5,9,0,0.032786883413791656,5
285,5,10,1,0.9947534203529358,6
285,5,11,1,0.25,7
285,5,12,0,0.054794520139694214,8
285,5,13,1,0.7142857313156128,9
285,5,14,0,0.01534526888281107,10
285,5,15,0,0.0,11
285,5,16,0,0.12871287763118744,12
285,5,17,0,0.0,13
285,5,18,1,0.7142857313156128,14
285,5,19,1,0.16129031777381897,15
285,5,20,1,0.3589743673801422,16
285,5,21,0,0.0,17
285,5,22,0,0.007751937955617905,18
285,5,23,0,0.01534526888281107,19
285,5,24,1,0.3589743673801422,20
285,5,25,0,0.0,21
285,5,26,0,0.0,22
285,5,27,0,0.0,23
285,5,28,1,0.970588207244873,24
285,5,29,0,0.0,25
285,5,30,0,0.008064515888690948,26
285,5,31,0,0.01534526888281107,27
285,5,32,0,0.01534526888281107,28
285,5,33,1,0.5263158082962036,29
285,5,34,0,0.027027027681469917,30
285,5,35,0,0.008064515888690948,31
285,5,36,1,0.9117646813392639,32
285,5,37,0,0.01534526888281107,33
285,5,38,0,0.0,34
285,5,39,1,0.9947534203529358,35
285,5,40,0,0.0,36
287,6,5,0,0.7142857313156128,1
287,6,6,0,0.16129031777381897,2
287,6,7,0,0.25,3
287,6,8,0,0.25,4
287,6,9,0,0.2164948433637619,5
287,6,10,1,0.2164948433637619,6
287,6,11,0,0.30000001192092896,7
287,6,12,0,0.2164948433637619,8
287,6,13,0,0.30000001192092896,9
287,6,14,0,0.30000001192092896,10
287,6,15,0,0.30000001192092896,11
287,6,16,0,0.25,12
287,6,17,1,0.6410256624221802,13
287,6,18,1,0.3589743673801422,14
287,6,19,1,0.9947534203529358,15
287,6,20,1,0.2164948433637619,16
287,6,21,0,0.16129031777381897,17
287,6,22,0,0.2164948433637619,18
287,6,23,0,0.3589743673801422,19
287,6,24,1,0.3589743673801422,20
287,6,25,1,0.3589743673801422,21
287,6,26,1,0.2164948433637619,22
287,6,27,1,0.01534526888281107,23
287,6,28,0,0.25,24
287,6,29,1,0.7142857313156128,25
287,6,30,1,0.0,26
287,6,31,0,0.6410256624221802,27
287,6,32,0,0.5,28
287,6,33,1,0.025974025949835777,29
287,6,34,1,0.01534526888281107,30
287,6,35,0,0.0,31
287,6,36,0,0.01534526888281107,32
287,6,37,0,0.16129031777381897,33
287,6,38,0,0.0,34
287,6,39,1,0.025974025949835777,35
287,6,40,1,0.0,36
288,5,17,0,0.30000001192092896,1
288,5,18,1,0.800000011920929,2
288,5,19,1,0.12871287763118744,3
288,5,20,1,0.3589743673801422,4
288,5,21,0,0.032786883413791656,5
288,5,22,1,0.032786883413791656,6
288,5,23,0,0.01534526888281107,7
288,5,24,1,0.3589743673801422,8
288,5,25,0,0.0,9
288,5,26,0,0.12871287763118744,10
288,5,27,0,0.008064515888690948,11
288,5,28,1,0.9947534203529358,12
288,5,29,0,0.0,13
288,5,30,0,0.0,14
288,5,31,0,0.0,15
288,5,32,0,0.03888889029622078,16
288,5,33,1,0.800000011920929,17
288,5,34,0,0.0,18
288,5,35,0,0.01534526888281107,19
288,5,36,1,0.9947534203529358,20
288,5,37,0,0.03888889029622078,21
288,5,38,0,0.0,22
288,5,39,1,0.9947534203529358,23
288,5,40,0,0.0,24
289,4,33,0,0.25,1
289,4,34,0,0.2164948433637619,2
289,4,35,0,0.032786883413791656,3
289,4,36,0,0.054794520139694214,4
289,4,37,0,0.03888889029622078,5
289,4,38,0,0.06666667014360428,6
289,4,39,0,0.01534526888281107,7
289,4,40,0,0.0,8
289,5,1,1,0.3589743673801422,9
289,5,2,0,0.008064515888690948,10
289,5,3,0,0.2164948433637619,11
289,5,4,1,0.800000011920929,12
289,5,5,1,0.25,13
289,5,6,0,0.008064515888690948,14
289,5,7,0,0.03607780113816261,15
289,5,8,1,0.8974359035491943,16
289,5,9,0,0.03888889029622078,17
289,5,10,1,0.9123755693435669,18
289,5,11,1,0.9947534203529358,19
289,5,12,0,0.007751937955617905,20
289,5,13,1,0.9947534203529358,21
289,5,14,0,0.0,22
289,5,15,0,0.01534526888281107,23
289,5,16,0,0.027027027681469917,24
289,5,17,0,0.01534526888281107,25
289,5,18,1,0.9947534203529358,26
289,5,19,0,0.3589743673801422,27
289,5,20,1,0.9947534203529358,28
289,5,21,0,0.032786883413791656,29
289,5,22,0,0.7142857313156128,30
289,5,23,0,0.2164948433637619,31
289,5,24,1,0.9166666865348816,32
289,5,25,0,0.03888889029622078,33
289,5,26,0,0.054794520139694214,34
289,5,27,0,0.008064515888690948,35
289,5,28,1,0.9947534203529358,36
289,5,29,0,0.0,37
289,5,30,0,0.12871287763118744,38
289,5,31,0,0.4147966802120209,39
289,5,32,0,0.03888889029622078,40
289,5,33,1,0.8974359035491943,41
289,5,34,0,0.032786883413791656,42
289,5,35,0,0.01534526888281107,43
289,5,36,1,0.9947534203529358,44
289,5,37,0,0.03888889029622078,45
289,5,38,0,0.01534526888281107,46
289,5,39,1,0.9947534203529358,47
289,5,40,0,0.007751937955617905,48
292,5,33,1,0.2164948433637619,1
292,5,34,0,0.25,2
292,5,35,0,0.03888889029622078,3
292,5,36,1,0.054794520139694214,4
292,5,37,0,0.25,5
292,5,38,0,0.008064515888690948,6
292,5,39,1,0.16129031777381897,7
292,5,40,0,0.25,8
292,6,1,0,0.01534526888281107,9
292,6,2,0,0.0,10
292,6,3,0,0.01534526888281107,11
292,6,4,0,0.2164948433637619,12
292,6,5,0,0.03888889029622078,13
292,6,6,0,0.03888889029622078,14
292,6,7,0,0.2164948433637619,15
292,6,8,0,0.054794520139694214,16
292,6,9,0,0.25,17
292,6,10,0,0.054794520139694214,18
292,6,11,0,0.12871287763118744,19
292,6,12,0,0.2164948433637619,20
292,6,13,0,0.3589743673801422,21
292,6,14,0,0.16129031777381897,22
292,6,15,0,0.25,23
292,6,16,0,0.25,24
292,6,17,1,0.3589743673801422,25
292,6,18,1,0.5,26
292,6,19,1,0.3589743673801422,27
292,6,20,1,0.25,28
292,6,21,0,0.027027027681469917,29
292,6,22,0,0.5263158082962036,30
292,6,23,0,0.25,31
292,6,24,1,0.16129031777381897,32
292,6,25,1,0.5263158082962036,33
292,6,26,1,0.6410256624221802,34
292,6,27,1,0.054794520139694214,35
292,6,28,0,0.3589743673801422,36
292,6,29,1,0.8135592937469482,37
292,6,30,1,0.0,38
292,6,31,1,0.7142857313156128,39
292,6,32,0,0.054794520139694214,40
292,6,33,1,0.01534526888281107,41
292,6,34,1,0.0,42
292,6,35,0,0.0,43
292,6,36,0,0.0,44
292,6,37,0,0.25,45
292,6,38,0,0.01534526888281107,46
292,6,39,1,0.16129031777381897,47
292,6,40,1,0.0,48
293,5,17,0,0.30000001192092896,1
293,5,18,1,0.800000011920929,2
293,5,19,1,0.12871287763118744,3
293,5,20,1,0.3589743673801422,4
293,5,21,0,0.032786883413791656,5
293,5,22,1,0.032786883413791656,6
293,5,23,0,0.01534526888281107,7
293,5,24,1,0.3589743673801422,8
293,5,25,0,0.0,9
293,5,26,0,0.12871287763118744,10
293,5,27,0,0.008064515888690948,11
293,5,28,1,0.9947534203529358,12
293,5,29,0,0.0,13
293,5,30,0,0.0,14
293,5,31,0,0.0,15
293,5,32,0,0.03888889029622078,16
293,5,33,1,0.800000011920929,17
293,5,34,0,0.0,18
293,5,35,0,0.007751937955617905,19
293,5,36,1,0.9947534203529358,20
293,5,37,0,0.03888889029622078,21
293,5,38,0,0.0,22
293,5,39,1,0.9947534203529358,23
293,5,40,0,0.0,24
296,5,33,1,0.2164948433637619,1
296,5,34,0,0.25,2
296,5,35,0,0.03888889029622078,3
296,5,36,1,0.054794520139694214,4
296,5,37,0,0.25,5
296,5,38,0,0.008064515888690948,6
296,5,39,1,0.16129031777381897,7
296,5,40,0,0.25,8
296,6,1,0,0.01534526888281107,9
296,6,2,0,0.0,10
296,6,3,0,0.01534526888281107,11
296,6,4,0,0.2164948433637619,12
296,6,5,0,0.03888889029622078,13
296,6,6,0,0.03888889029622078,14
296,6,7,0,0.2164948433637619,15
296,6,8,0,0.054794520139694214,16
296,6,9,0,0.25,17
296,6,10,0,0.054794520139694214,18
296,6,11,0,0.12871287763118744,19
296,6,12,0,0.2164948433637619,20
296,6,13,1,0.3589743673801422,21
296,6,14,0,0.25,22
296,6,15,0,0.2164948433637619,23
296,6,16,0,0.054794520139694214,24
296,6,17,1,0.3589743673801422,25
296,6,18,1,0.25,26
296,6,19,1,0.3589743673801422,27
296,6,20,1,0.3589743673801422,28
296,6,21,0,0.03888889029622078,29
296,6,22,0,0.30000001192092896,30
296,6,23,0,0.12871287763118744,31
296,6,24,1,0.25,32
296,6,25,1,0.5263158082962036,33
296,6,26,1,0.8974359035491943,34
296,6,27,1,0.054794520139694214,35
296,6,28,0,0.3589743673801422,36
296,6,29,1,0.8999999761581421,37
296,6,30,1,0.01534526888281107,38
296,6,31,0,0.5263158082962036,39
296,6,32,0,0.9117646813392639,40
296,6,33,1,0.03888889029622078,41
296,6,34,1,0.01534526888281107,42
296,6,35,0,0.0,43
296,6,36,0,0.054794520139694214,44
296,6,37,0,0.3589743673801422,45
296,6,38,0,0.01534526888281107,46
296,6,39,1,0.12871287763118744,47
296,6,40,1,0.0,48
297,5,5,1,0.800000011920929,1
297,5,6,0,0.03888889029622078,2
297,5,7,0,0.01534526888281107,3
297,5,8,1,0.3589743673801422,4
297,5,9,0,0.032786883413791656,5
297,5,10,1,0.9947534203529358,6
297,5,11,1,0.25,7
297,5,12,0,0.054794520139694214,8
297,5,13,1,0.7142857313156128,9
297,5,14,0,0.01534526888281107,10
297,5,15,0,0.0,11
297,5,16,0,0.12871287763118744,12
297,5,17,0,0.0,13
297,5,18,1,0.7142857313156128,14
297,5,19,1,0.16129031777381897,15
297,5,20,1,0.3589743673801422,16
297,5,21,0,0.0,17
297,5,22,0,0.007751937955617905,18
297,5,23,0,0.01534526888281107,19
297,5,24,1,0.3589743673801422,20
297,5,25,0,0.0,21
297,5,26,0,0.0,22
297,5,27,0,0.0,23
297,5,28,1,0.970588207244873,24
297,5,29,0,0.0,25
297,5,30,0,0.008064515888690948,26
297,5,31,0,0.01534526888281107,27
297,5,32,0,0.01534526888281107,28
297,5,33,1,0.5263158082962036,29
297,5,34,0,0.03888889029622078,30
297,5,35,0,0.0,31
297,5,36,1,0.8974359035491943,32
297,5,37,0,0.01534526888281107,33
297,5,38,0,0.0,34
297,5,39,1,0.9166666865348816,35
297,5,40,0,0.0,36
298,5,33,1,0.2164948433637619,1
298,5,34,0,0.25,2
298,5,35,0,0.03888889029622078,3
298,5,36,1,0.054794520139694214,4
298,5,37,0,0.25,5
298,5,38,0,0.008064515888690948,6
298,5,39,1,0.16129031777381897,7
298,5,40,0,0.25,8
298,6,1,0,0.01534526888281107,9
298,6,2,0,0.0,10
298,6,3,0,0.01534526888281107,11
298,6,4,0,0.2164948433637619,12
298,6,5,0,0.03888889029622078,13
298,6,6,0,0.03888889029622078,14
298,6,7,0,0.2164948433637619,15
298,6,8,0,0.054794520139694214,16
298,6,9,0,0.25,17
298,6,10,0,0.054794520139694214,18
298,6,11,0,0.12871287763118744,19
298,6,12,0,0.2164948433637619,20
298,6,13,0,0.3589743673801422,21
298,6,14,0,0.16129031777381897,22
298,6,15,0,0.25,23
298,6,16,0,0.25,24
298,6,17,1,0.3589743673801422,25
298,6,18,1,0.5,26
298,6,19,1,0.3589743673801422,27
298,6,20,1,0.25,28
298,6,21,0,0.027027027681469917,29
298,6,22,0,0.5263158082962036,30
298,6,23,0,0.25,31
298,6,24,1,0.16129031777381897,32
298,6,25,1,0.5263158082962036,33
298,6,26,1,0.6410256624221802,34
298,6,27,1,0.054794520139694214,35
298,6,28,0,0.3589743673801422,36
298,6,29,1,0.8135592937469482,37
298,6,30,0,0.0,38
298,6,31,1,0.9117646813392639,39
298,6,32,0,0.0,40
298,6,33,1,0.025974025949835777,41
298,6,34,1,0.0,42
298,6,35,0,0.0,43
298,6,36,0,0.0,44
298,6,37,0,0.06666667014360428,45
298,6,38,0,0.0,46
298,6,39,1,0.0,47
298,6,40,1,0.0,48
299,5,5,1,0.800000011920929,1
299,5,6,0,0.03888889029622078,2
299,5,7,0,0.01534526888281107,3
299,5,8,1,0.3589743673801422,4
299,5,9,0,0.032786883413791656,5
299,5,10,1,0.9947534203529358,6
299,5,11,1,0.25,7
299,5,12,0,0.054794520139694214,8
299,5,13,1,0.7142857313156128,9
299,5,14,0,0.01534526888281107,10
299,5,15,0,0.0,11
299,5,16,0,0.12871287763118744,12
299,5,17,0,0.0,13
299,5,18,1,0.7142857313156128,14
299,5,19,0,0.16129031777381897,15
299,5,20,1,0.5,16
299,5,21,0,0.0,17
299,5,22,0,0.0,18
299,5,23,0,0.007751937955617905,19
299,5,24,1,0.8135592937469482,20
299,5,25,0,0.0,21
299,5,26,0,0.0,22
299,5,27,0,0.0,23
299,5,28,1,1.0,24
299,5,29,0,0.0,25
299,5,30,0,0.0,26
299,5,31,0,0.0,27
299,5,32,0,0.032786883413791656,28
299,5,33,1,0.5263158082962036,29
299,5,34,0,0.03888889029622078,30
299,5,35,0,0.0,31
299,5,36,1,0.9117646813392639,32
299,5,37,0,0.01534526888281107,33
299,5,38,0,0.0,34
299,5,39,1,0.970588207244873,35
299,5,40,0,0.0,36
302,5,5,1,0.800000011920929,1
302,5,6,0,0.03888889029622078,2
302,5,7,0,0.01534526888281107,3
302,5,8,1,0.3589743673801422,4
302,5,9,0,0.032786883413791656,5
302,5,10,1,0.9947534203529358,6
302,5,11,1,0.25,7
302,5,12,0,0.054794520139694214,8
302,5,13,1,0.7142857313156128,9
302,5,14,0,0.01534526888281107,10
302,5,15,0,0.0,11
302,5,16,0,0.12871287763118744,12
302,5,17,0,0.0,13
302,5,18,1,0.7142857313156128,14
302,5,19,1,0.16129031777381897,15
302,5,20,1,0.3589743673801422,16
302,5,21,0,0.0,17
302,5,22,0,0.007751937955617905,18
302,5,23,0,0.01534526888281107,19
302,5,24,1,0.3589743673801422,20
302,5,25,0,0.0,21
302,5,26,0,0.0,22
302,5,27,0,0.0,23
302,5,28,1,0.970588207244873,24
302,5,29,0,0.0,25
302,5,30,0,0.008064515888690948,26
302,5,31,0,0.01534526888281107,27
302,5,32,0,0.01534526888281107,28
302,5,33,1,0.5263158082962036,29
302,5,34,0,0.03888889029622078,30
302,5,35,0,0.0,31
302,5,36,1,0.8974359035491943,32
302,5,37,0,0.01534526888281107,33
302,5,38,0,0.0,34
302,5,39,1,0.9166666865348816,35
302,5,40,0,0.0,36
304,6,5,0,0.7142857313156128,1
304,6,6,0,0.16129031777381897,2
304,6,7,0,0.25,3
304,6,8,0,0.25,4
304,6,9,0,0.2164948433637619,5
304,6,10,0,0.2164948433637619,6
304,6,11,0,0.2164948433637619,7
304,6,12,0,0.10526315867900848,8
304,6,13,0,0.2164948433637619,9
304,6,14,0,0.16129031777381897,10
304,6,15,0,0.16129031777381897,11
304,6,16,0,0.16129031777381897,12
304,6,17,0,0.3589743673801422,13
304,6,18,1,0.12871287763118744,14
304,6,19,1,0.8135592937469482,15
304,6,20,1,0.25,16
304,6,21,0,0.16129031777381897,17
304,6,22,0,0.3589743673801422,18
304,6,23,0,0.3589743673801422,19
304,6,24,1,0.25,20
304,6,25,1,0.7142857313156128,21
304,6,26,1,0.3589743673801422,22
304,6,27,0,0.0,23
304,6,28,0,0.30000001192092896,24
304,6,29,1,0.3589743673801422,25
304,6,30,1,0.30000001192092896,26
304,6,31,0,0.6410256624221802,27
304,6,32,0,0.9117646813392639,28
304,6,33,1,0.5263158082962036,29
304,6,34,1,0.03888889029622078,30
304,6,35,0,0.0,31
304,6,36,0,0.03888889029622078,32
304,6,37,0,0.25,33
304,6,38,0,0.01534526888281107,34
304,6,39,1,0.16129031777381897,35
304,6,40,1,0.0,36
306,5,21,0,0.30000001192092896,1
306,5,22,0,0.6410256624221802,2
306,5,23,0,0.7142857313156128,3
306,5,24,1,0.5263158082962036,4
306,5,25,0,0.025974025949835777,5
306,5,26,0,0.03888889029622078,6
306,5,27,0,0.03888889029622078,7
306,5,28,1,0.9947534203529358,8
306,5,29,0,0.032786883413791656,9
306,5,30,0,0.16129031777381897,10
306,5,31,0,0.25,11
306,5,32,0,0.30000001192092896,12
306,5,33,1,0.5,13
306,5,34,0,0.16129031777381897,14
306,5,35,0,0.01534526888281107,15
306,5,36,1,0.30000001192092896,16
306,5,37,0,0.03888889029622078,17
306,5,38,0,0.12871287763118744,18
306,5,39,1,0.8135592937469482,19
306,5,40,0,0.008064515888690948,20
306,6,1,0,0.054794520139694214,21
306,6,2,0,0.01534526888281107,22
306,6,3,0,0.03888889029622078,23
306,6,4,0,0.25,24
306,6,5,0,0.2164948433637619,25
306,6,6,0,0.12871287763118744,26
306,6,7,0,0.12871287763118744,27
306,6,8,0,0.03888889029622078,28
306,6,9,0,0.03888889029622078,29
306,6,10,0,0.25,30
306,6,11,0,0.25,31
306,6,12,0,0.12871287763118744,32
306,6,13,0,0.5,33
306,6,14,0,0.3589743673801422,34
306,6,15,0,0.25,35
306,6,16,0,0.10526315867900848,36
306,6,17,1,0.3589743673801422,37
306,6,18,1,0.5,38
306,6,19,1,0.800000011920929,39
306,6,20,1,0.6410256624221802,40
306,6,21,0,0.12871287763118744,41
306,6,22,0,0.3589743673801422,42
306,6,23,0,0.30000001192092896,43
306,6,24,1,0.2164948433637619,44
306,6,25,1,0.9947534203529358,45
306,6,26,1,0.9947534203529358,46
306,6,27,1,0.12871287763118744,47
306,6,28,0,0.3589743673801422,48
306,6,29,1,0.7142857313156128,49
306,6,30,1,0.025974025949835777,50
306,6,31,1,0.7222004532814026,51
306,6,32,0,0.03888889029622078,52
306,6,33,1,0.01534526888281107,53
306,6,34,1,0.0,54
306,6,35,0,0.0,55
306,6,36,0,0.0,56
306,6,37,0,0.25,57
306,6,38,0,0.01534526888281107,58
306,6,39,1,0.16129031777381897,59
306,6,40,1,0.0,60
309,5,21,0,0.30000001192092896,1
309,5,22,1,0.6410256624221802,2
309,5,23,0,0.01534526888281107,3
309,5,24,1,0.2164948433637619,4
309,5,25,0,0.007751937955617905,5
309,5,26,0,0.01534526888281107,6
309,5,27,0,0.0,7
309,5,28,1,1.0,8
309,5,29,0,0.01534526888281107,9
309,5,30,0,0.16129031777381897,10
309,5,31,0,0.10526315867900848,11
309,5,32,0,0.30000001192092896,12
309,5,33,1,0.3589743673801422,13
309,5,34,0,0.25,14
309,5,35,0,0.03888889029622078,15
309,5,36,1,0.5,16
309,5,37,0,0.03888889029622078,17
309,5,38,0,0.008064515888690948,18
309,5,39,1,0.9166666865348816,19
309,5,40,0,0.03888889029622078,20
309,6,1,0,0.03888889029622078,21
309,6,2,0,0.025974025949835777,22
309,6,3,0,0.03888889029622078,23
309,6,4,0,0.25,24
309,6,5,0,0.16129031777381897,25
309,6,6,0,0.054794520139694214,26
309,6,7,0,0.09090909361839294,27
309,6,8,0,0.03888889029622078,28
309,6,9,0,0.03888889029622078,29
309,6,10,0,0.25,30
309,6,11,0,0.3589743673801422,31
309,6,12,0,0.16129031777381897,32
309,6,13,0,0.5263158082962036,33
309,6,14,0,0.3589743673801422,34
309,6,15,0,0.30000001192092896,35
309,6,16,0,0.12871287763118744,36
309,6,17,1,0.3589743673801422,37
309,6,18,1,0.3589743673801422,38
309,6,19,1,0.800000011920929,39
309,6,20,1,0.8983393311500549,40
309,6,21,0,0.10526315867900848,41
309,6,22,0,0.30000001192092896,42
309,6,23,0,0.30000001192092896,43
309,6,24,1,0.2164948433637619,44
309,6,25,1,0.9947534203529358,45
309,6,26,1,0.9947534203529358,46
309,6,27,1,0.12871287763118744,47
309,6,28,0,0.3589743673801422,48
309,6,29,1,0.7142857313156128,49
309,6,30,1,0.025974025949835777,50
309,6,31,0,0.7222004532814026,51
309,6,32,0,0.9947534203529358,52
309,6,33,1,0.03888889029622078,53
309,6,34,1,0.01534526888281107,54
309,6,35,0,0.0,55
309,6,36,0,0.12871287763118744,56
309,6,37,0,0.28212225437164307,57
309,6,38,0,0.01534526888281107,58
309,6,39,1,0.12871287763118744,59
309,6,40,1,0.0,60
310,6,5,0,0.7142857313156128,1
310,6,6,0,0.16129031777381897,2
310,6,7,0,0.25,3
310,6,8,0,0.25,4
310,6,9,0,0.2164948433637619,5
310,6,10,0,0.2164948433637619,6
310,6,11,0,0.2164948433637619,7
310,6,12,0,0.10526315867900848,8
310,6,13,1,0.2164948433637619,9
310,6,14,0,0.054794520139694214,10
310,6,15,0,0.054794520139694214,11
310,6,16,0,0.16129031777381897,12
310,6,17,1,0.25,13
310,6,18,1,0.5,14
310,6,19,1,0.3589743673801422,15
310,6,20,1,0.2164948433637619,16
310,6,21,0,0.03888889029622078,17
310,6,22,0,0.25,18
310,6,23,0,0.3589743673801422,19
310,6,24,1,0.9166666865348816,20
310,6,25,1,0.8974359035491943,21
310,6,26,1,0.8117069005966187,22
310,6,27,0,0.03888889029622078,23
310,6,28,0,0.8135592937469482,24
310,6,29,1,0.8135592937469482,25
310,6,30,1,0.054794520139694214,26
310,6,31,0,0.3589743673801422,27
310,6,32,0,0.7142857313156128,28
310,6,33,1,0.25,29
310,6,34,1,0.032786883413791656,30
310,6,35,0,0.0,31
310,6,36,0,0.03888889029622078,32
310,6,37,0,0.25,33
310,6,38,0,0.008064515888690948,34
310,6,39,1,0.12871287763118744,35
310,6,40,1,0.0,36
311,5,5,1,0.800000011920929,1
311,5,6,0,0.03888889029622078,2
311,5,7,0,0.01534526888281107,3
311,5,8,1,0.3589743673801422,4
311,5,9,0,0.032786883413791656,5
311,5,10,1,0.9947534203529358,6
311,5,11,1,0.25,7
311,5,12,0,0.054794520139694214,8
311,5,13,1,0.7142857313156128,9
311,5,14,0,0.01534526888281107,10
311,5,15,0,0.0,11
311,5,16,0,0.12871287763118744,12
311,5,17,0,0.0,13
311,5,18,1,0.7142857313156128,14
311,5,19,1,0.16129031777381897,15
311,5,20,1,0.3589743673801422,16
311,5,21,0,0.0,17
311,5,22,0,0.007751937955617905,18
311,5,23,0,0.01534526888281107,19
311,5,24,1,0.3589743673801422,20
311,5,25,0,0.0,21
311,5,26,0,0.0,22
311,5,27,0,0.0,23
311,5,28,1,0.970588207244873,24
311,5,29,0,0.0,25
311,5,30,0,0.008064515888690948,26
311,5,31,0,0.01534526888281107,27
311,5,32,0,0.01534526888281107,28
311,5,33,1,0.5263158082962036,29
311,5,34,0,0.03888889029622078,30
311,5,35,0,0.0,31
311,5,36,1,0.8974359035491943,32
311,5,37,0,0.01534526888281107,33
311,5,38,0,0.0,34
311,5,39,1,0.9166666865348816,35
311,5,40,0,0.0,36
312,5,33,1,0.2164948433637619,1
312,5,34,0,0.25,2
312,5,35,0,0.03888889029622078,3
312,5,36,1,0.054794520139694214,4
312,5,37,0,0.25,5
312,5,38,0,0.008064515888690948,6
312,5,39,1,0.16129031777381897,7
312,5,40,0,0.25,8
312,6,1,0,0.01534526888281107,9
312,6,2,0,0.0,10
312,6,3,0,0.01534526888281107,11
312,6,4,0,0.2164948433637619,12
312,6,5,0,0.03888889029622078,13
312,6,6,0,0.03888889029622078,14
312,6,7,0,0.2164948433637619,15
312,6,8,0,0.054794520139694214,16
312,6,9,0,0.25,17
312,6,10,0,0.054794520139694214,18
312,6,11,0,0.12871287763118744,19
312,6,12,0,0.2164948433637619,20
312,6,13,0,0.3589743673801422,21
312,6,14,0,0.16129031777381897,22
312,6,15,0,0.25,23
312,6,16,0,0.25,24
312,6,17,1,0.3589743673801422,25
312,6,18,1,0.5,26
312,6,19,1,0.3589743673801422,27
312,6,20,1,0.25,28
312,6,21,0,0.027027027681469917,29
312,6,22,0,0.5263158082962036,30
312,6,23,0,0.25,31
312,6,24,1,0.16129031777381897,32
312,6,25,1,0.5263158082962036,33
312,6,26,1,0.6410256624221802,34
312,6,27,0,0.054794520139694214,35
312,6,28,0,0.7142857313156128,36
312,6,29,1,0.970588207244873,37
312,6,30,1,0.061192307621240616,38
312,6,31,1,0.5263158082962036,39
312,6,32,0,0.03888889029622078,40
312,6,33,1,0.03888889029622078,41
312,6,34,1,0.0,42
312,6,35,0,0.0,43
312,6,36,0,0.03888889029622078,44
312,6,37,0,0.25,45
312,6,38,0,0.008064515888690948,46
312,6,39,1,0.2164948433637619,47
312,6,40,1,0.0,48
314,6,5,0,0.7142857313156128,1
314,6,6,0,0.16129031777381897,2
314,6,7,0,0.25,3
314,6,8,0,0.25,4
314,6,9,0,0.2164948433637619,5
314,6,10,0,0.2164948433637619,6
314,6,11,0,0.2164948433637619,7
314,6,12,0,0.10526315867900848,8
314,6,13,0,0.2164948433637619,9
314,6,14,0,0.16129031777381897,10
314,6,15,0,0.16129031777381897,11
314,6,16,0,0.16129031777381897,12
314,6,17,1,0.3589743673801422,13
314,6,18,1,0.7142857313156128,14
314,6,19,1,0.9117646813392639,15
314,6,20,1,0.5,16
314,6,21,0,0.03888889029622078,17
314,6,22,0,0.25,18
314,6,23,0,0.25,19
314,6,24,1,0.3589743673801422,20
314,6,25,1,0.8974359035491943,21
314,6,26,1,0.3589743673801422,22
314,6,27,1,0.03888889029622078,23
314,6,28,0,0.25,24
314,6,29,1,0.6410256624221802,25
314,6,30,1,0.01534526888281107,26
314,6,31,0,0.5263158082962036,27
314,6,32,0,0.970588207244873,28
314,6,33,1,0.054794520139694214,29
314,6,34,1,0.007751937955617905,30
314,6,35,0,0.0,31
314,6,36,0,0.01534526888281107,32
314,6,37,0,0.12871287763118744,33
314,6,38,0,0.0,34
314,6,39,1,0.01534526888281107,35
314,6,40,1,0.0,36
317,6,5,0,0.7142857313156128,1
317,6,6,0,0.16129031777381897,2
317,6,7,0,0.25,3
317,6,8,0,0.25,4
317,6,9,0,0.2164948433637619,5
317,6,10,0,0.2164948433637619,6
317,6,11,0,0.2164948433637619,7
317,6,12,0,0.10526315867900848,8
317,6,13,0,0.2164948433637619,9
317,6,14,0,0.16129031777381897,10
317,6,15,0,0.16129031777381897,11
317,6,16,0,0.16129031777381897,12
317,6,17,1,0.3589743673801422,13
317,6,18,1,0.7142857313156128,14
317,6,19,1,0.9117646813392639,15
317,6,20,1,0.5,16
317,6,21,0,0.03888889029622078,17
317,6,22,0,0.25,18
317,6,23,0,0.25,19
317,6,24,1,0.3589743673801422,20
317,6,25,1,0.8974359035491943,21
317,6,26,1,0.3589743673801422,22
317,6,27,1,0.03888889029622078,23
317,6,28,0,0.25,24
317,6,29,1,0.6410256624221802,25
317,6,30,1,0.01534526888281107,26
317,6,31,0,0.5263158082962036,27
317,6,32,0,0.970588207244873,28
317,6,33,1,0.054794520139694214,29
317,6,34,1,0.007751937955617905,30
317,6,35,0,0.0,31
317,6,36,0,0.01534526888281107,32
317,6,37,0,0.12871287763118744,33
317,6,38,0,0.0,34
317,6,39,1,0.01534526888281107,35
317,6,40,1,0.0,36
319,6,5,0,0.7142857313156128,1
319,6,6,0,0.16129031777381897,2
319,6,7,0,0.25,3
319,6,8,0,0.25,4
319,6,9,0,0.2164948433637619,5
319,6,10,0,0.2164948433637619,6
319,6,11,0,0.2164948433637619,7
319,6,12,0,0.10526315867900848,8
319,6,13,0,0.2164948433637619,9
319,6,14,0,0.16129031777381897,10
319,6,15,0,0.16129031777381897,11
319,6,16,0,0.16129031777381897,12
319,6,17,1,0.3589743673801422,13
319,6,18,1,0.7142857313156128,14
319,6,19,1,0.9117646813392639,15
319,6,20,1,0.5,16
319,6,21,0,0.03888889029622078,17
319,6,22,0,0.25,18
319,6,23,0,0.25,19
319,6,24,1,0.3589743673801422,20
319,6,25,1,0.8974359035491943,21
319,6,26,1,0.3589743673801422,22
319,6,27,1,0.03888889029622078,23
319,6,28,0,0.25,24
319,6,29,1,0.6410256624221802,25
319,6,30,1,0.01534526888281107,26
319,6,31,1,0.5263158082962036,27
319,6,32,0,0.025974025949835777,28
319,6,33,1,0.0,29
319,6,34,1,0.0,30
319,6,35,0,0.0,31
319,6,36,0,0.0,32
319,6,37,0,0.027027027681469917,33
319,6,38,0,0.0,34
319,6,39,1,0.032786883413791656,35
319,6,40,1,0.0,36
321,4,5,1,0.800000011920929,1
321,4,6,0,0.12871287763118744,2
321,4,7,1,0.3589743673801422,3
321,4,8,0,0.2164948433637619,4
321,4,9,1,0.5,5
321,4,10,1,0.30000001192092896,6
321,4,11,1,0.9947534203529358,7
321,4,12,0,0.25,8
321,4,13,1,0.9947534203529358,9
321,4,14,0,0.01534526888281107,10
321,4,15,0,0.03888889029622078,11
321,4,16,1,0.8974359035491943,12
321,4,17,0,0.0,13
321,4,18,1,0.30000001192092896,14
321,4,19,0,0.032786883413791656,15
321,4,20,1,0.8135592937469482,16
321,4,21,0,0.0,17
321,4,22,0,0.09090909361839294,18
321,4,23,1,0.8974359035491943,19
321,4,24,0,0.0,20
321,4,25,0,0.0,21
321,4,26,0,0.0,22
321,4,27,0,0.0,23
321,4,28,1,0.9947534203529358,24
321,4,29,1,0.3589743673801422,25
321,4,30,0,0.03888889029622078,26
321,4,31,1,0.9947534203529358,27
321,4,32,0,0.0,28
321,4,33,0,0.0,29
321,4,34,0,0.0,30
321,4,35,0,0.0,31
321,4,36,0,0.0,32
321,4,37,0,0.0,33
321,4,38,0,0.0,34
321,4,39,0,0.0,35
321,4,40,0,0.0,36
322,5,33,1,0.2164948433637619,1
322,5,34,0,0.032786883413791656,2
322,5,35,0,0.01534526888281107,3
322,5,36,1,0.01534526888281107,4
322,5,37,0,0.25,5
322,5,38,0,0.16129031777381897,6
322,5,39,1,0.2164948433637619,7
322,5,40,0,0.25,8
322,6,1,0,0.054794520139694214,9
322,6,2,0,0.032786883413791656,10
322,6,3,0,0.027027027681469917,11
322,6,4,0,0.30000001192092896,12
322,6,5,0,0.12871287763118744,13
322,6,6,0,0.09090909361839294,14
322,6,7,0,0.30000001192092896,15
322,6,8,0,0.12871287763118744,16
322,6,9,0,0.2164948433637619,17
322,6,10,0,0.05743243172764778,18
322,6,11,0,0.03888889029622078,19
322,6,12,0,0.2164948433637619,20
322,6,13,0,0.25,21
322,6,14,0,0.2164948433637619,22
322,6,15,0,0.3589743673801422,23
322,6,16,0,0.30000001192092896,24
322,6,17,1,0.7142857313156128,25
322,6,18,1,0.9947534203529358,26
322,6,19,1,0.8974359035491943,27
322,6,20,1,0.9947534203529358,28
322,6,21,0,0.5263158082962036,29
322,6,22,0,0.9117646813392639,30
322,6,23,0,0.9166666865348816,31
322,6,24,1,0.8135592937469482,32
322,6,25,1,0.9947534203529358,33
322,6,26,1,0.9947534203529358,34
322,6,27,1,0.5263158082962036,35
322,6,28,0,0.7142857313156128,36
322,6,29,1,0.7142857313156128,37
322,6,30,1,0.01534526888281107,38
322,6,31,0,0.8135592937469482,39
322,6,32,0,0.8135592937469482,40
322,6,33,1,0.025974025949835777,41
322,6,34,1,0.01534526888281107,42
322,6,35,0,0.0,43
322,6,36,0,0.06666667014360428,44
322,6,37,0,0.3589743673801422,45
322,6,38,0,0.032786883413791656,46
322,6,39,1,0.2164948433637619,47
322,6,40,1,0.0,48
324,4,5,1,0.800000011920929,1
324,4,6,0,0.12871287763118744,2
324,4,7,1,0.3589743673801422,3
324,4,8,0,0.2164948433637619,4
324,4,9,1,0.5,5
324,4,10,1,0.30000001192092896,6
324,4,11,1,0.9947534203529358,7
324,4,12,0,0.25,8
324,4,13,1,0.9947534203529358,9
324,4,14,0,0.01534526888281107,10
324,4,15,0,0.03888889029622078,11
324,4,16,1,0.8974359035491943,12
324,4,17,0,0.0,13
324,4,18,1,0.30000001192092896,14
324,4,19,0,0.032786883413791656,15
324,4,20,1,0.8135592937469482,16
324,4,21,0,0.0,17
324,4,22,0,0.09090909361839294,18
324,4,23,1,0.8974359035491943,19
324,4,24,0,0.0,20
324,4,25,0,0.0,21
324,4,26,0,0.0,22
324,4,27,0,0.0,23
324,4,28,1,0.9947534203529358,24
324,4,29,0,0.3589743673801422,25
324,4,30,0,0.25,26
324,4,31,1,0.9166666865348816,27
324,4,32,0,0.01534526888281107,28
324,4,33,0,0.032786883413791656,29
324,4,34,0,0.025974025949835777,30
324,4,35,0,0.0,31
324,4,36,0,0.032786883413791656,32
324,4,37,0,0.01534526888281107,33
324,4,38,0,0.0,34
324,4,39,0,0.0,35
324,4,40,0,0.0,36
325,4,5,1,0.800000011920929,1
325,4,6,0,0.12871287763118744,2
325,4,7,1,0.3589743673801422,3
325,4,8,0,0.2164948433637619,4
325,4,9,1,0.5,5
325,4,10,1,0.30000001192092896,6
325,4,11,1,0.9947534203529358,7
325,4,12,0,0.25,8
325,4,13,1,0.9947534203529358,9
325,4,14,0,0.01534526888281107,10
325,4,15,0,0.03888889029622078,11
325,4,16,1,0.8974359035491943,12
325,4,17,0,0.0,13
325,4,18,1,0.30000001192092896,14
325,4,19,0,0.032786883413791656,15
325,4,20,1,0.8135592937469482,16
325,4,21,0,0.0,17
325,4,22,0,0.09090909361839294,18
325,4,23,1,0.8974359035491943,19
325,4,24,0,0.0,20
325,4,25,0,0.0,21
325,4,26,0,0.0,22
325,4,27,0,0.0,23
325,4,28,1,0.9947534203529358,24
325,4,29,1,0.3589743673801422,25
325,4,30,0,0.03888889029622078,26
325,4,31,1,0.9947534203529358,27
325,4,32,0,0.0,28
325,4,33,0,0.0,29
325,4,34,0,0.0,30
325,4,35,0,0.0,31
325,4,36,0,0.0,32
325,4,37,0,0.0,33
325,4,38,0,0.0,34
325,4,39,0,0.0,35
325,4,40,0,0.0,36
326,5,5,1,0.7142857313156128,1
326,5,6,0,0.03888889029622078,2
326,5,7,0,0.2164948433637619,3
326,5,8,1,0.25,4
326,5,9,0,0.03888889029622078,5
326,5,10,1,0.9947534203529358,6
326,5,11,1,0.3589743673801422,7
326,5,12,0,0.30000001192092896,8
326,5,13,1,0.9117646813392639,9
326,5,14,0,0.007751937955617905,10
326,5,15,0,0.0,11
326,5,16,0,0.2164948433637619,12
326,5,17,0,0.01534526888281107,13
326,5,18,1,0.8974359035491943,14
326,5,19,1,0.30000001192092896,15
326,5,20,1,0.5263158082962036,16
326,5,21,0,0.0,17
326,5,22,0,0.03888889029622078,18
326,5,23,0,0.01534526888281107,19
326,5,24,1,0.9947534203529358,20
326,5,25,0,0.0,21
326,5,26,0,0.0,22
326,5,27,0,0.0,23
326,5,28,1,1.0,24
326,5,29,0,0.0,25
326,5,30,0,0.0,26
326,5,31,0,0.0,27
326,5,32,0,0.027027027681469917,28
326,5,33,1,0.8135592937469482,29
326,5,34,0,0.03888889029622078,30
326,5,35,0,0.0,31
326,5,36,1,0.9117646813392639,32
326,5,37,0,0.032786883413791656,33
326,5,38,0,0.0,34
326,5,39,1,0.970588207244873,35
326,5,40,0,0.0,36
327,6,5,0,0.7142857313156128,1
327,6,6,0,0.16129031777381897,2
327,6,7,0,0.25,3
327,6,8,0,0.25,4
327,6,9,0,0.2164948433637619,5
327,6,10,0,0.1190796047449112,6
327,6,11,0,0.01534526888281107,7
327,6,12,0,0.0,8
327,6,13,1,0.01534526888281107,9
327,6,14,0,0.01534526888281107,10
327,6,15,0,0.054794520139694214,11
327,6,16,0,0.2164948433637619,12
327,6,17,1,0.5,13
327,6,18,1,0.9031572341918945,14
327,6,19,0,0.9947534203529358,15
327,6,20,1,0.7142857313156128,16
327,6,21,0,0.2164948433637619,17
327,6,22,0,0.7142857313156128,18
327,6,23,0,0.8135592937469482,19
327,6,24,1,0.970588207244873,20
327,6,25,0,0.9117646813392639,21
327,6,26,0,0.8135592937469482,22
327,6,27,1,0.8135592937469482,23
327,6,28,0,0.8974359035491943,24
327,6,29,1,0.9947534203529358,25
327,6,30,0,0.2164948433637619,26
327,6,31,0,0.5,27
327,6,32,0,0.16129031777381897,28
327,6,33,1,0.6471700072288513,29
327,6,34,1,0.025974025949835777,30
327,6,35,0,0.0,31
327,6,36,0,0.01534526888281107,32
327,6,37,0,0.3589743673801422,33
327,6,38,0,0.03888889029622078,34
327,6,39,1,0.027027027681469917,35
327,6,40,1,0.0,36
330,5,5,0,0.7142857313156128,1
330,5,6,0,0.3589743673801422,2
330,5,7,0,0.7142857313156128,3
330,5,8,1,0.6410256624221802,4
330,5,9,0,0.12871287763118744,5
330,5,10,1,0.5,6
330,5,11,1,0.25,7
330,5,12,0,0.027027027681469917,8
330,5,13,1,0.5263158082962036,9
330,5,14,0,0.007751937955617905,10
330,5,15,0,0.0,11
330,5,16,0,0.007751937955617905,12
330,5,17,0,0.12871287763118744,13
330,5,18,1,0.9947534203529358,14
330,5,19,1,0.25,15
330,5,20,1,0.6474807262420654,16
330,5,21,0,0.0,17
330,5,22,0,0.032786883413791656,18
330,5,23,0,0.01534526888281107,19
330,5,24,1,0.9947534203529358,20
330,5,25,0,0.0,21
330,5,26,0,0.0,22
330,5,27,0,0.0,23
330,5,28,1,1.0,24
330,5,29,0,0.0,25
330,5,30,0,0.0,26
330,5,31,0,0.0,27
330,5,32,0,0.032786883413791656,28
330,5,33,1,0.8135592937469482,29
330,5,34,0,0.054794520139694214,30
330,5,35,0,0.01534526888281107,31
330,5,36,1,0.9947534203529358,32
330,5,37,0,0.2164948433637619,33
330,5,38,0,0.025974025949835777,34
330,5,39,1,0.9947534203529358,35
330,5,40,0,0.0,36
331,4,5,1,0.800000011920929,1
331,4,6,0,0.12871287763118744,2
331,4,7,1,0.3589743673801422,3
331,4,8,0,0.2164948433637619,4
331,4,9,1,0.5,5
331,4,10,1,0.30000001192092896,6
331,4,11,1,0.9947534203529358,7
331,4,12,0,0.25,8
331,4,13,1,0.9947534203529358,9
331,4,14,0,0.01534526888281107,10
331,4,15,0,0.03888889029622078,11
331,4,16,1,0.8974359035491943,12
331,4,17,0,0.0,13
331,4,18,1,0.30000001192092896,14
331,4,19,0,0.032786883413791656,15
331,4,20,1,0.8135592937469482,16
331,4,21,0,0.0,17
331,4,22,0,0.09090909361839294,18
331,4,23,1,0.8974359035491943,19
331,4,24,0,0.0,20
331,4,25,0,0.0,21
331,4,26,0,0.0,22
331,4,27,0,0.0,23
331,4,28,1,0.9947534203529358,24
331,4,29,1,0.3589743673801422,25
331,4,30,0,0.03888889029622078,26
331,4,31,1,0.9947534203529358,27
331,4,32,0,0.0,28
331,4,33,0,0.0,29
331,4,34,0,0.0,30
331,4,35,0,0.0,31
331,4,36,0,0.0,32
331,4,37,0,0.0,33
331,4,38,0,0.0,34
331,4,39,0,0.0,35
331,4,40,0,0.0,36
332,5,33,1,0.2164948433637619,1
332,5,34,0,0.032786883413791656,2
332,5,35,0,0.01534526888281107,3
332,5,36,1,0.01534526888281107,4
332,5,37,0,0.25,5
332,5,38,0,0.16129031777381897,6
332,5,39,1,0.2164948433637619,7
332,5,40,0,0.25,8
332,6,1,0,0.054794520139694214,9
332,6,2,0,0.032786883413791656,10
332,6,3,0,0.027027027681469917,11
332,6,4,0,0.30000001192092896,12
332,6,5,0,0.12871287763118744,13
332,6,6,0,0.09090909361839294,14
332,6,7,0,0.30000001192092896,15
332,6,8,0,0.12871287763118744,16
332,6,9,0,0.2164948433637619,17
332,6,10,0,0.05743243172764778,18
332,6,11,0,0.03888889029622078,19
332,6,12,0,0.2164948433637619,20
332,6,13,0,0.25,21
332,6,14,0,0.2164948433637619,22
332,6,15,0,0.3589743673801422,23
332,6,16,0,0.30000001192092896,24
332,6,17,1,0.7142857313156128,25
332,6,18,1,0.9947534203529358,26
332,6,19,1,0.8974359035491943,27
332,6,20,1,0.9947534203529358,28
332,6,21,0,0.5263158082962036,29
332,6,22,0,0.9117646813392639,30
332,6,23,0,0.9166666865348816,31
332,6,24,1,0.8135592937469482,32
332,6,25,1,0.9947534203529358,33
332,6,26,1,0.9947534203529358,34
332,6,27,1,0.5263158082962036,35
332,6,28,0,0.7142857313156128,36
332,6,29,1,0.7142857313156128,37
332,6,30,1,0.01534526888281107,38
332,6,31,1,0.8135592937469482,39
332,6,32,0,0.03888889029622078,40
332,6,33,1,0.0,41
332,6,34,1,0.0,42
332,6,35,0,0.0,43
332,6,36,0,0.008064515888690948,44
332,6,37,0,0.30000001192092896,45
332,6,38,0,0.03888889029622078,46
332,6,39,1,0.25,47
332,6,40,1,0.0,48
335,5,5,1,0.7142857313156128,1
335,5,6,0,0.03888889029622078,2
335,5,7,0,0.2164948433637619,3
335,5,8,1,0.25,4
335,5,9,0,0.03888889029622078,5
335,5,10,1,0.9947534203529358,6
335,5,11,1,0.3589743673801422,7
335,5,12,0,0.30000001192092896,8
335,5,13,1,0.9117646813392639,9
335,5,14,0,0.007751937955617905,10
335,5,15,0,0.0,11
335,5,16,0,0.2164948433637619,12
335,5,17,0,0.01534526888281107,13
335,5,18,1,0.8974359035491943,14
335,5,19,0,0.30000001192092896,15
335,5,20,1,0.7142857313156128,16
335,5,21,0,0.0,17
335,5,22,0,0.01534526888281107,18
335,5,23,0,0.01534526888281107,19
335,5,24,1,0.9947534203529358,20
335,5,25,0,0.0,21
335,5,26,0,0.0,22
335,5,27,0,0.0,23
335,5,28,1,1.0,24
335,5,29,0,0.0,25
335,5,30,0,0.007751937955617905,26
335,5,31,0,0.01534526888281107,27
335,5,32,0,0.054794520139694214,28
335,5,33,1,0.7142857313156128,29
335,5,34,0,0.12871287763118744,30
335,5,35,0,0.0,31
335,5,36,1,0.9166666865348816,32
335,5,37,0,0.03888889029622078,33
335,5,38,0,0.0,34
335,5,39,1,0.970588207244873,35
335,5,40,0,0.007751937955617905,36
337,4,5,1,0.800000011920929,1
337,4,6,0,0.12871287763118744,2
337,4,7,1,0.3589743673801422,3
337,4,8,0,0.2164948433637619,4
337,4,9,1,0.5,5
337,4,10,1,0.30000001192092896,6
337,4,11,1,0.9947534203529358,7
337,4,12,0,0.25,8
337,4,13,1,0.9947534203529358,9
337,4,14,0,0.01534526888281107,10
337,4,15,0,0.03888889029622078,11
337,4,16,1,0.8974359035491943,12
337,4,17,0,0.0,13
337,4,18,0,0.30000001192092896,14
337,4,19,0,0.25,15
337,4,20,1,0.800000011920929,16
337,4,21,0,0.0,17
337,4,22,1,0.03888889029622078,18
337,4,23,1,0.25,19
337,4,24,0,0.01534526888281107,20
337,4,25,0,0.01534526888281107,21
337,4,26,0,0.01534526888281107,22
337,4,27,0,0.007751937955617905,23
337,4,28,1,0.9947534203529358,24
337,4,29,1,0.3589743673801422,25
337,4,30,1,0.03888889029622078,26
337,4,31,1,0.7142857313156128,27
337,4,32,0,0.0,28
337,4,33,0,0.008064515888690948,29
337,4,34,0,0.01534526888281107,30
337,4,35,0,0.0,31
337,4,36,0,0.032786883413791656,32
337,4,37,0,0.01534526888281107,33
337,4,38,0,0.0,34
337,4,39,0,0.0,35
337,4,40,0,0.0,36
342,4,5,1,0.800000011920929,1
342,4,6,0,0.12871287763118744,2
342,4,7,1,0.3589743673801422,3
342,4,8,0,0.2164948433637619,4
342,4,9,1,0.5,5
342,4,10,1,0.30000001192092896,6
342,4,11,1,0.9947534203529358,7
342,4,12,0,0.25,8
342,4,13,1,0.9947534203529358,9
342,4,14,0,0.01534526888281107,10
342,4,15,0,0.03888889029622078,11
342,4,16,1,0.8974359035491943,12
342,4,17,0,0.0,13
342,4,18,1,0.30000001192092896,14
342,4,19,0,0.032786883413791656,15
342,4,20,1,0.8135592937469482,16
342,4,21,0,0.0,17
342,4,22,0,0.09090909361839294,18
342,4,23,1,0.8974359035491943,19
342,4,24,0,0.0,20
342,4,25,0,0.0,21
342,4,26,0,0.0,22
342,4,27,0,0.0,23
342,4,28,1,0.9947534203529358,24
342,4,29,1,0.3589743673801422,25
342,4,30,0,0.03888889029622078,26
342,4,31,1,0.9947534203529358,27
342,4,32,0,0.0,28
342,4,33,0,0.0,29
342,4,34,0,0.0,30
342,4,35,0,0.0,31
342,4,36,0,0.0,32
342,4,37,0,0.0,33
342,4,38,0,0.0,34
342,4,39,0,0.0,35
342,4,40,0,0.0,36
344,5,33,1,0.2164948433637619,1
344,5,34,0,0.032786883413791656,2
344,5,35,0,0.01534526888281107,3
344,5,36,1,0.01534526888281107,4
344,5,37,0,0.25,5
344,5,38,0,0.16129031777381897,6
344,5,39,1,0.2164948433637619,7
344,5,40,0,0.25,8
344,6,1,0,0.054794520139694214,9
344,6,2,0,0.032786883413791656,10
344,6,3,0,0.027027027681469917,11
344,6,4,0,0.30000001192092896,12
344,6,5,0,0.12871287763118744,13
344,6,6,0,0.09090909361839294,14
344,6,7,0,0.30000001192092896,15
344,6,8,0,0.12871287763118744,16
344,6,9,0,0.2164948433637619,17
344,6,10,0,0.05743243172764778,18
344,6,11,0,0.03888889029622078,19
344,6,12,0,0.2164948433637619,20
344,6,13,0,0.25,21
344,6,14,0,0.2164948433637619,22
344,6,15,0,0.3589743673801422,23
344,6,16,0,0.30000001192092896,24
344,6,17,1,0.7142857313156128,25
344,6,18,1,0.9947534203529358,26
344,6,19,1,0.8974359035491943,27
344,6,20,1,0.9947534203529358,28
344,6,21,0,0.5263158082962036,29
344,6,22,0,0.9117646813392639,30
344,6,23,0,0.9166666865348816,31
344,6,24,1,0.8135592937469482,32
344,6,25,1,0.9947534203529358,33
344,6,26,1,0.9947534203529358,34
344,6,27,1,0.5263158082962036,35
344,6,28,0,0.7142857313156128,36
344,6,29,1,0.7142857313156128,37
344,6,30,0,0.01534526888281107,38
344,6,31,1,0.9117646813392639,39
344,6,32,0,0.0,40
344,6,33,1,0.01534526888281107,41
344,6,34,1,0.0,42
344,6,35,0,0.0,43
344,6,36,0,0.01534526888281107,44
344,6,37,0,0.30000001192092896,45
344,6,38,0,0.032786883413791656,46
344,6,39,1,0.032786883413791656,47
344,6,40,1,0.0,48
345,4,5,1,0.800000011920929,1
345,4,6,0,0.12871287763118744,2
345,4,7,1,0.3589743673801422,3
345,4,8,0,0.2164948433637619,4
345,4,9,1,0.5,5
345,4,10,1,0.30000001192092896,6
345,4,11,1,0.9947534203529358,7
345,4,12,0,0.25,8
345,4,13,1,0.9947534203529358,9
345,4,14,0,0.01534526888281107,10
345,4,15,0,0.03888889029622078,11
345,4,16,1,0.8974359035491943,12
345,4,17,0,0.0,13
345,4,18,1,0.30000001192092896,14
345,4,19,0,0.032786883413791656,15
345,4,20,1,0.8135592937469482,16
345,4,21,0,0.0,17
345,4,22,0,0.09090909361839294,18
345,4,23,1,0.8974359035491943,19
345,4,24,0,0.0,20
345,4,25,0,0.0,21
345,4,26,0,0.0,22
345,4,27,0,0.0,23
345,4,28,1,0.9947534203529358,24
345,4,29,1,0.3589743673801422,25
345,4,30,1,0.03888889029622078,26
345,4,31,1,0.6410256624221802,27
345,4,32,0,0.0,28
345,4,33,0,0.0,29
345,4,34,0,0.01534526888281107,30
345,4,35,0,0.0,31
345,4,36,0,0.01534526888281107,32
345,4,37,0,0.01534526888281107,33
345,4,38,0,0.0,34
345,4,39,0,0.0,35
345,4,40,0,0.0,36
346,4,33,0,0.25,1
346,4,34,0,0.16129031777381897,2
346,4,35,0,0.0,3
346,4,36,0,0.008064515888690948,4
346,4,37,0,0.0,5
346,4,38,0,0.054794520139694214,6
346,4,39,0,0.0,7
346,4,40,0,0.0,8
346,5,1,0,0.12871287763118744,9
346,5,2,0,0.054794520139694214,10
346,5,3,0,0.054794520139694214,11
346,5,4,1,0.16129031777381897,12
346,5,5,1,0.3589743673801422,13
346,5,6,0,0.0,14
346,5,7,0,0.027027027681469917,15
346,5,8,1,0.5263158082962036,16
346,5,9,0,0.25,17
346,5,10,1,0.8135592937469482,18
346,5,11,1,0.9947534203529358,19
346,5,12,0,0.12871287763118744,20
346,5,13,1,0.9947534203529358,21
346,5,14,0,0.0,22
346,5,15,0,0.008064515888690948,23
346,5,16,0,0.054794520139694214,24
346,5,17,0,0.02365671843290329,25
346,5,18,1,0.9947534203529358,26
346,5,19,1,0.7142857313156128,27
346,5,20,1,0.9947534203529358,28
346,5,21,0,0.01534526888281107,29
346,5,22,0,0.2164948433637619,30
346,5,23,0,0.01534526888281107,31
346,5,24,1,0.9947534203529358,32
346,5,25,0,0.0,33
346,5,26,0,0.0,34
346,5,27,0,0.0,35
346,5,28,1,1.0,36
346,5,29,0,0.0,37
346,5,30,0,0.0,38
346,5,31,0,0.01534526888281107,39
346,5,32,0,0.032786883413791656,40
346,5,33,1,0.6410256624221802,41
346,5,34,0,0.01534526888281107,42
346,5,35,0,0.0,43
346,5,36,1,0.8974359035491943,44
346,5,37,0,0.03888889029622078,45
346,5,38,0,0.01534526888281107,46
346,5,39,1,0.9947534203529358,47
346,5,40,0,0.0,48
347,4,33,0,0.25,1
347,4,34,0,0.16129031777381897,2
347,4,35,0,0.01534526888281107,3
347,4,36,0,0.03888889029622078,4
347,4,37,0,0.032786883413791656,5
347,4,38,0,0.03888889029622078,6
347,4,39,0,0.0,7
347,4,40,0,0.0,8
347,5,1,0,0.3589743673801422,9
347,5,2,0,0.30000001192092896,10
347,5,3,0,0.30000001192092896,11
347,5,4,1,0.5,12
347,5,5,1,0.3589743673801422,13
347,5,6,0,0.0,14
347,5,7,0,0.01534526888281107,15
347,5,8,1,0.800000011920929,16
347,5,9,0,0.16129031777381897,17
347,5,10,1,0.8135592937469482,18
347,5,11,1,0.9947534203529358,19
347,5,12,0,0.054794520139694214,20
347,5,13,1,0.9947534203529358,21
347,5,14,0,0.0,22
347,5,15,0,0.008064515888690948,23
347,5,16,0,0.054794520139694214,24
347,5,17,0,0.01534526888281107,25
347,5,18,1,0.9947534203529358,26
347,5,19,1,0.6410256624221802,27
347,5,20,1,0.8974359035491943,28
347,5,21,0,0.007751937955617905,29
347,5,22,0,0.12871287763118744,30
347,5,23,0,0.03888889029622078,31
347,5,24,0,0.9947534203529358,32
347,5,25,0,0.5263158082962036,33
347,5,26,0,0.5263158082962036,34
347,5,27,0,0.054794520139694214,35
347,5,28,1,0.9947534203529358,36
347,5,29,0,0.0,37
347,5,30,0,0.007751937955617905,38
347,5,31,0,0.032786883413791656,39
347,5,32,0,0.027027027681469917,40
347,5,33,1,0.5,41
347,5,34,0,0.03888889029622078,42
347,5,35,0,0.01534526888281107,43
347,5,36,1,0.970588207244873,44
347,5,37,0,0.10526315867900848,45
347,5,38,0,0.03888889029622078,46
347,5,39,1,0.9947534203529358,47
347,5,40,0,0.0,48
349,6,5,0,0.7142857313156128,1
349,6,6,0,0.16129031777381897,2
349,6,7,0,0.25,3
349,6,8,0,0.25,4
349,6,9,0,0.2164948433637619,5
349,6,10,0,0.2164948433637619,6
349,6,11,0,0.2164948433637619,7
349,6,12,0,0.12871287763118744,8
349,6,13,0,0.25,9
349,6,14,0,0.2164948433637619,10
349,6,15,0,0.2164948433637619,11
349,6,16,0,0.2164948433637619,12
349,6,17,1,0.5,13
349,6,18,0,0.8135592937469482,14
349,6,19,0,0.970588207244873,15
349,6,20,1,0.800000011920929,16
349,6,21,1,0.2164948433637619,17
349,6,22,1,0.5263158082962036,18
349,6,23,0,0.25,19
349,6,24,0,0.800000011920929,20
349,6,25,0,0.6410256624221802,21
349,6,26,0,0.3589743673801422,22
349,6,27,0,0.01534526888281107,23
349,6,28,1,0.03888889029622078,24
349,6,29,0,0.03888889029622078,25
349,6,30,0,0.027027027681469917,26
349,6,31,0,0.03888889029622078,27
349,6,32,0,0.02528478391468525,28
349,6,33,1,0.03888889029622078,29
349,6,34,1,0.16129031777381897,30
349,6,35,0,0.01534526888281107,31
349,6,36,1,0.7142857313156128,32
349,6,37,0,0.03888889029622078,33
349,6,38,0,0.12871287763118744,34
349,6,39,0,0.25,35
349,6,40,0,0.0,36
351,4,33,1,0.25,1
351,4,34,0,0.03888889029622078,2
351,4,35,0,0.0,3
351,4,36,0,0.007751937955617905,4
351,4,37,0,0.0,5
351,4,38,0,0.025974025949835777,6
351,4,39,0,0.0,7
351,4,40,0,0.01534526888281107,8
351,6,1,0,0.03888889029622078,9
351,6,2,0,0.0,10
351,6,3,0,0.027027027681469917,11
351,6,4,0,0.25,12
351,6,5,0,0.054794520139694214,13
351,6,6,0,0.054794520139694214,14
351,6,7,0,0.25,15
351,6,8,0,0.25,16
351,6,9,0,0.2164948433637619,17
351,6,10,0,0.2164948433637619,18
351,6,11,0,0.16129031777381897,19
351,6,12,0,0.12871287763118744,20
351,6,13,0,0.25,21
351,6,14,0,0.2164948433637619,22
351,6,15,0,0.25,23
351,6,16,0,0.2164948433637619,24
351,6,17,1,0.5,25
351,6,18,1,0.9947534203529358,26
351,6,19,1,0.9947534203529358,27
351,6,20,1,0.9947534203529358,28
351,6,21,0,0.7142857313156128,29
351,6,22,0,0.8135592937469482,30
351,6,23,0,0.8974359035491943,31
351,6,24,1,0.7142857313156128,32
351,6,25,1,0.9947534203529358,33
351,6,26,1,0.9947534203529358,34
351,6,27,1,0.5263158082962036,35
351,6,28,0,0.7142857313156128,36
351,6,29,1,0.9947534203529358,37
351,6,30,1,0.054794520139694214,38
351,6,31,1,0.9947534203529358,39
351,6,32,0,0.2164948433637619,40
351,6,33,1,0.03888889029622078,41
351,6,34,1,0.0,42
351,6,35,0,0.0,43
351,6,36,0,0.06666667014360428,44
351,6,37,0,0.25,45
351,6,38,0,0.01534526888281107,46
351,6,39,1,0.25,47
351,6,40,1,0.01534526888281107,48
352,5,21,0,0.30000001192092896,1
352,5,22,0,0.5198682546615601,2
352,5,23,0,0.5263158082962036,3
352,5,24,1,0.5,4
352,5,25,0,0.03888889029622078,5
352,5,26,0,0.12871287763118744,6
352,5,27,0,0.03888889029622078,7
352,5,28,1,0.9947534203529358,8
352,5,29,0,0.027027027681469917,9
352,5,30,0,0.054794520139694214,10
352,5,31,0,0.12871287763118744,11
352,5,32,0,0.25,12
352,5,33,1,0.3589743673801422,13
352,5,34,0,0.16129031777381897,14
352,5,35,0,0.01534526888281107,15
352,5,36,1,0.30000001192092896,16
352,5,37,0,0.032786883413791656,17
352,5,38,0,0.12871287763118744,18
352,5,39,1,0.8135592937469482,19
352,5,40,0,0.01534526888281107,20
352,6,1,0,0.06666667014360428,21
352,6,2,0,0.025974025949835777,22
352,6,3,0,0.03888889029622078,23
352,6,4,1,0.25,24
352,6,5,0,0.2164948433637619,25
352,6,6,0,0.03888889029622078,26
352,6,7,0,0.03888889029622078,27
352,6,8,0,0.2164948433637619,28
352,6,9,0,0.25,29
352,6,10,0,0.25,30
352,6,11,0,0.25,31
352,6,12,0,0.12871287763118744,32
352,6,13,0,0.3589743673801422,33
352,6,14,0,0.16129031777381897,34
352,6,15,0,0.03888889029622078,35
352,6,16,0,0.03888889029622078,36
352,6,17,1,0.2164948433637619,37
352,6,18,1,0.3589743673801422,38
352,6,19,1,0.9117646813392639,39
352,6,20,1,0.7142857313156128,40
352,6,21,0,0.7142857313156128,41
352,6,22,0,0.8974359035491943,42
352,6,23,0,0.8974359035491943,43
352,6,24,1,0.8135592937469482,44
352,6,25,1,0.9947534203529358,45
352,6,26,1,0.9947534203529358,46
352,6,27,1,0.25,47
352,6,28,0,0.8135592937469482,48
352,6,29,1,0.9947534203529358,49
352,6,30,1,0.16129031777381897,50
352,6,31,0,0.9947534203529358,51
352,6,32,0,0.9947534203529358,52
352,6,33,1,0.2164948433637619,53
352,6,34,1,0.01534526888281107,54
352,6,35,0,0.0,55
352,6,36,0,0.12871287763118744,56
352,6,37,0,0.7142857313156128,57
352,6,38,0,0.03888889029622078,58
352,6,39,1,0.25,59
352,6,40,1,0.007751937955617905,60
353,5,5,1,0.7142857313156128,1
353,5,6,0,0.12871287763118744,2
353,5,7,0,0.03888889029622078,3
353,5,8,1,0.5,4
353,5,9,0,0.03888889029622078,5
353,5,10,1,0.9947534203529358,6
353,5,11,1,0.25,7
353,5,12,0,0.16129031777381897,8
353,5,13,1,0.800000011920929,9
353,5,14,0,0.01534526888281107,10
353,5,15,0,0.007751937955617905,11
353,5,16,0,0.2164948433637619,12
353,5,17,0,0.01534526888281107,13
353,5,18,1,0.8135592937469482,14
353,5,19,0,0.2164948433637619,15
353,5,20,1,0.3589743673801422,16
353,5,21,0,0.0,17
353,5,22,1,0.007751937955617905,18
353,5,23,0,0.01534526888281107,19
353,5,24,0,0.054794520139694214,20
353,5,25,0,0.008064515888690948,21
353,5,26,0,0.811585545539856,22
353,5,27,0,0.25,23
353,5,28,1,1.0,24
353,5,29,0,0.0,25
353,5,30,0,0.032786883413791656,26
353,5,31,0,0.03888889029622078,27
353,5,32,0,0.054794520139694214,28
353,5,33,1,0.5263158082962036,29
353,5,34,0,0.09090909361839294,30
353,5,35,0,0.01534526888281107,31
353,5,36,1,0.9117646813392639,32
353,5,37,0,0.2164948433637619,33
353,5,38,0,0.05133020132780075,34
353,5,39,1,0.9947534203529358,35
353,5,40,0,0.0,36
354,5,33,1,0.2164948433637619,1
354,5,34,0,0.25,2
354,5,35,0,0.025974025949835777,3
354,5,36,1,0.03888889029622078,4
354,5,37,0,0.25,5
354,5,38,0,0.008064515888690948,6
354,5,39,1,0.16129031777381897,7
354,5,40,0,0.30000001192092896,8
354,6,1,0,0.03888889029622078,9
354,6,2,0,0.008064515888690948,10
354,6,3,0,0.01534526888281107,11
354,6,4,0,0.2164948433637619,12
354,6,5,0,0.03888889029622078,13
354,6,6,0,0.03888889029622078,14
354,6,7,0,0.25,15
354,6,8,0,0.054794520139694214,16
354,6,9,0,0.2164948433637619,17
354,6,10,0,0.054794520139694214,18
354,6,11,0,0.12871287763118744,19
354,6,12,0,0.25,20
354,6,13,0,0.3589743673801422,21
354,6,14,0,0.25,22
354,6,15,0,0.3589743673801422,23
354,6,16,0,0.30000001192092896,24
354,6,17,1,0.3589743673801422,25
354,6,18,1,0.8135592937469482,26
354,6,19,1,0.7142857313156128,27
354,6,20,1,0.970588207244873,28
354,6,21,0,0.16129031777381897,29
354,6,22,0,0.9947534203529358,30
354,6,23,0,0.9117646813392639,31
354,6,24,1,0.800000011920929,32
354,6,25,1,0.9947534203529358,33
354,6,26,1,0.9947534203529358,34
354,6,27,1,0.16129031777381897,35
354,6,28,0,0.5,36
354,6,29,1,0.9947534203529358,37
354,6,30,1,0.027027027681469917,38
354,6,31,0,0.970588207244873,39
354,6,32,0,0.9947534203529358,40
354,6,33,1,0.2164948433637619,41
354,6,34,1,0.01534526888281107,42
354,6,35,0,0.0,43
354,6,36,0,0.16129031777381897,44
354,6,37,0,0.7142857313156128,45
354,6,38,0,0.03888889029622078,46
354,6,39,1,0.25,47
354,6,40,1,0.0,48
355,5,21,0,0.30000001192092896,1
355,5,22,0,0.5198682546615601,2
355,5,23,0,0.5263158082962036,3
355,5,24,1,0.5,4
355,5,25,0,0.03888889029622078,5
355,5,26,0,0.12871287763118744,6
355,5,27,0,0.03888889029622078,7
355,5,28,1,0.9947534203529358,8
355,5,29,0,0.027027027681469917,9
355,5,30,0,0.054794520139694214,10
355,5,31,0,0.12871287763118744,11
355,5,32,0,0.25,12
355,5,33,1,0.3589743673801422,13
355,5,34,0,0.16129031777381897,14
355,5,35,0,0.01534526888281107,15
355,5,36,1,0.30000001192092896,16
355,5,37,0,0.032786883413791656,17
355,5,38,0,0.12871287763118744,18
355,5,39,1,0.8135592937469482,19
355,5,40,0,0.01534526888281107,20
355,6,1,0,0.06666667014360428,21
355,6,2,0,0.025974025949835777,22
355,6,3,0,0.03888889029622078,23
355,6,4,0,0.25,24
355,6,5,0,0.16129031777381897,25
355,6,6,0,0.03888889029622078,26
355,6,7,0,0.054794520139694214,27
355,6,8,0,0.03888889029622078,28
355,6,9,0,0.03888889029622078,29
355,6,10,0,0.30000001192092896,30
355,6,11,0,0.30000001192092896,31
355,6,12,0,0.12871287763118744,32
355,6,13,1,0.5263158082962036,33
355,6,14,0,0.25,34
355,6,15,0,0.03888889029622078,35
355,6,16,0,0.03888889029622078,36
355,6,17,0,0.2164948433637619,37
355,6,18,1,0.2164948433637619,38
355,6,19,1,0.9947534203529358,39
355,6,20,1,0.5,40
355,6,21,0,0.3589743673801422,41
355,6,22,0,0.800000011920929,42
355,6,23,0,0.7142857313156128,43
355,6,24,1,0.9117646813392639,44
355,6,25,1,0.9947534203529358,45
355,6,26,1,0.9947534203529358,46
355,6,27,1,0.2164948433637619,47
355,6,28,0,0.9117646813392639,48
355,6,29,1,0.9947534203529358,49
355,6,30,1,0.16129031777381897,50
355,6,31,1,0.9947534203529358,51
355,6,32,0,0.25,52
355,6,33,1,0.03766661882400513,53
355,6,34,1,0.0,54
355,6,35,0,0.0,55
355,6,36,0,0.03888889029622078,56
355,6,37,0,0.30000001192092896,57
355,6,38,0,0.03888889029622078,58
355,6,39,1,0.30000001192092896,59
355,6,40,1,0.01534526888281107,60
357,4,33,0,0.25,1
357,4,34,0,0.16129031777381897,2
357,4,35,0,0.01534526888281107,3
357,4,36,0,0.03888889029622078,4
357,4,37,0,0.032786883413791656,5
357,4,38,0,0.03888889029622078,6
357,4,39,0,0.0,7
357,4,40,0,0.0,8
357,5,1,0,0.3589743673801422,9
357,5,2,0,0.30000001192092896,10
357,5,3,0,0.30000001192092896,11
357,5,4,1,0.5,12
357,5,5,1,0.3589743673801422,13
357,5,6,0,0.0,14
357,5,7,0,0.01534526888281107,15
357,5,8,1,0.800000011920929,16
357,5,9,0,0.16129031777381897,17
357,5,10,1,0.8135592937469482,18
357,5,11,1,0.9947534203529358,19
357,5,12,0,0.054794520139694214,20
357,5,13,1,0.9947534203529358,21
357,5,14,0,0.0,22
357,5,15,0,0.008064515888690948,23
357,5,16,0,0.054794520139694214,24
357,5,17,0,0.01534526888281107,25
357,5,18,1,0.9947534203529358,26
357,5,19,0,0.6410256624221802,27
357,5,20,1,0.8135592937469482,28
357,5,21,0,0.0,29
357,5,22,0,0.01534526888281107,30
357,5,23,0,0.03888889029622078,31
357,5,24,1,0.7142857313156128,32
357,5,25,0,0.0,33
357,5,26,0,0.01534526888281107,34
357,5,27,0,0.0,35
357,5,28,1,0.9947534203529358,36
357,5,29,0,0.0,37
357,5,30,0,0.0,38
357,5,31,0,0.01534526888281107,39
357,5,32,0,0.027027027681469917,40
357,5,33,1,0.5,41
357,5,34,0,0.03888889029622078,42
357,5,35,0,0.025974025949835777,43
357,5,36,1,0.9947534203529358,44
357,5,37,0,0.0370243601500988,45
357,5,38,0,0.008064515888690948,46
357,5,39,1,0.9947534203529358,47
357,5,40,0,0.0,48
358,6,5,0,0.6410256624221802,1
358,6,6,0,0.12871287763118744,2
358,6,7,0,0.2164948433637619,3
358,6,8,0,0.16129031777381897,4
358,6,9,0,0.16129031777381897,5
358,6,10,0,0.16129031777381897,6
358,6,11,0,0.01534526888281107,7
358,6,12,0,0.0,8
358,6,13,1,0.008064515888690948,9
358,6,14,0,0.01534526888281107,10
358,6,15,0,0.032786883413791656,11
358,6,16,0,0.16129031777381897,12
358,6,17,1,0.25,13
358,6,18,1,0.8974359035491943,14
358,6,19,1,0.9947534203529358,15
358,6,20,1,0.3589743673801422,16
358,6,21,0,0.12871287763118744,17
358,6,22,0,0.25,18
358,6,23,0,0.5263158082962036,19
358,6,24,1,0.8135592937469482,20
358,6,25,1,0.9947534203529358,21
358,6,26,1,0.9166666865348816,22
358,6,27,1,0.03888889029622078,23
358,6,28,0,0.25,24
358,6,29,1,0.7142857313156128,25
358,6,30,1,0.01534526888281107,26
358,6,31,0,0.2164948433637619,27
358,6,32,0,0.7142857313156128,28
358,6,33,1,0.03888889029622078,29
358,6,34,1,0.0,30
358,6,35,0,0.0,31
358,6,36,0,0.0,32
358,6,37,0,0.2164948433637619,33
358,6,38,0,0.0,34
358,6,39,1,0.025974025949835777,35
358,6,40,1,0.0,36
359,4,17,0,0.3589743673801422,1
359,4,18,1,0.7142857313156128,2
359,4,19,0,0.054794520139694214,3
359,4,20,1,0.7142857313156128,4
359,4,21,0,0.03888889029622078,5
359,4,22,0,0.12871287763118744,6
359,4,23,1,0.25,7
359,4,24,0,0.2164948433637619,8
359,4,25,0,0.25,9
359,4,26,0,0.2164948433637619,10
359,4,27,0,0.2164948433637619,11
359,4,28,1,0.25,12
359,4,29,1,0.3589743673801422,13
359,4,30,0,0.16129031777381897,14
359,4,31,1,0.9947534203529358,15
359,4,32,0,0.0,16
359,4,33,0,0.0,17
359,4,34,0,0.0,18
359,4,35,0,0.0,19
359,4,36,0,0.7142857313156128,20
359,4,37,0,0.16129031777381897,21
359,4,38,0,0.0,22
359,4,39,0,0.03888889029622078,23
359,4,40,0,0.0,24
360,4,33,0,0.25,1
360,4,34,0,0.16129031777381897,2
360,4,35,0,0.01534526888281107,3
360,4,36,0,0.03888889029622078,4
360,4,37,0,0.032786883413791656,5
360,4,38,0,0.03888889029622078,6
360,4,39,0,0.0,7
360,4,40,0,0.0,8
360,6,1,0,0.054794520139694214,9
360,6,2,0,0.03888889029622078,10
360,6,3,0,0.03888889029622078,11
360,6,4,0,0.12871287763118744,12
360,6,5,0,0.06666667014360428,13
360,6,6,0,0.12871287763118744,14
360,6,7,0,0.16129031777381897,15
360,6,8,0,0.16129031777381897,16
360,6,9,0,0.16129031777381897,17
360,6,10,0,0.12871287763118744,18
360,6,11,0,0.12871287763118744,19
360,6,12,0,0.054794520139694214,20
360,6,13,0,0.2164948433637619,21
360,6,14,0,0.16129031777381897,22
360,6,15,0,0.16129031777381897,23
360,6,16,0,0.16129031777381897,24
360,6,17,1,0.3589743673801422,25
360,6,18,1,0.7142857313156128,26
360,6,19,1,0.970588207244873,27
360,6,20,1,0.8974359035491943,28
360,6,21,0,0.3589743673801422,29
360,6,22,0,0.5263158082962036,30
360,6,23,0,0.5,31
360,6,24,1,0.8135592937469482,32
360,6,25,1,0.9947534203529358,33
360,6,26,1,0.9947534203529358,34
360,6,27,0,0.6410256624221802,35
360,6,28,0,0.970588207244873,36
360,6,29,1,0.8135592937469482,37
360,6,30,1,0.30000001192092896,38
360,6,31,0,0.9947534203529358,39
360,6,32,0,0.9117646813392639,40
360,6,33,1,0.7142857313156128,41
360,6,34,1,0.03888889029622078,42
360,6,35,0,0.0,43
360,6,36,0,0.12871287763118744,44
360,6,37,0,0.25,45
360,6,38,0,0.0,46
360,6,39,1,0.06666667014360428,47
360,6,40,1,0.0,48
361,4,17,0,0.3589743673801422,1
361,4,18,1,0.7142857313156128,2
361,4,19,0,0.06666667014360428,3
361,4,20,1,0.3589743673801422,4
361,4,21,0,0.054794520139694214,5
361,4,22,0,0.16129031777381897,6
361,4,23,1,0.054794520139694214,7
361,4,24,0,0.5263158082962036,8
361,4,25,0,0.2164948433637619,9
361,4,26,0,0.09090909361839294,10
361,4,27,0,0.0,11
361,4,28,1,0.5185965895652771,12
361,4,29,0,0.25,13
361,4,30,0,0.3589743673801422,14
361,4,31,1,0.9117646813392639,15
361,4,32,0,0.01534526888281107,16
361,4,33,0,0.12871287763118744,17
361,4,34,0,0.06666667014360428,18
361,4,35,0,0.027027027681469917,19
361,4,36,0,0.5263158082962036,20
361,4,37,0,0.2164948433637619,21
361,4,38,0,0.008064515888690948,22
361,4,39,0,0.032786883413791656,23
361,4,40,0,0.008064515888690948,24
362,4,33,0,0.25,1
362,4,34,0,0.16129031777381897,2
362,4,35,0,0.01534526888281107,3
362,4,36,0,0.03888889029622078,4
362,4,37,0,0.032786883413791656,5
362,4,38,0,0.03888889029622078,6
362,4,39,0,0.0,7
362,4,40,0,0.0,8
362,6,1,0,0.054794520139694214,9
362,6,2,0,0.03888889029622078,10
362,6,3,0,0.03888889029622078,11
362,6,4,1,0.12871287763118744,12
362,6,5,0,0.2164948433637619,13
362,6,6,0,0.03888889029622078,14
362,6,7,0,0.25,15
362,6,8,0,0.12871287763118744,16
362,6,9,0,0.12871287763118744,17
362,6,10,0,0.10526315867900848,18
362,6,11,0,0.054794520139694214,19
362,6,12,0,0.054794520139694214,20
362,6,13,0,0.16129031777381897,21
362,6,14,0,0.12871287763118744,22
362,6,15,0,0.16129031777381897,23
362,6,16,0,0.16129031777381897,24
362,6,17,1,0.3589743673801422,25
362,6,18,1,0.7142857313156128,26
362,6,19,1,0.7142857313156128,27
362,6,20,1,0.8135592937469482,28
362,6,21,0,0.3589743673801422,29
362,6,22,0,0.5263158082962036,30
362,6,23,0,0.5,31
362,6,24,1,0.8974359035491943,32
362,6,25,1,0.9947534203529358,33
362,6,26,1,0.9947534203529358,34
362,6,27,1,0.7142857313156128,35
362,6,28,0,0.7142857313156128,36
362,6,29,1,0.9947534203529358,37
362,6,30,1,0.03888889029622078,38
362,6,31,0,0.9947534203529358,39
362,6,32,0,0.9947534203529358,40
362,6,33,1,0.25,41
362,6,34,1,0.01534526888281107,42
362,6,35,0,0.0,43
362,6,36,0,0.25,44
362,6,37,0,0.5,45
362,6,38,0,0.01534526888281107,46
362,6,39,1,0.16129031777381897,47
362,6,40,1,0.0,48
364,5,33,1,0.16129031777381897,1
364,5,34,0,0.25,2
364,5,35,0,0.025974025949835777,3
364,5,36,1,0.03888889029622078,4
364,5,37,0,0.25,5
364,5,38,0,0.008064515888690948,6
364,5,39,1,0.16129031777381897,7
364,5,40,0,0.25,8
364,6,1,0,0.01534526888281107,9
364,6,2,0,0.0,10
364,6,3,0,0.01534526888281107,11
364,6,4,0,0.2164948433637619,12
364,6,5,0,0.03888889029622078,13
364,6,6,0,0.032786883413791656,14
364,6,7,0,0.2164948433637619,15
364,6,8,0,0.03888889029622078,16
364,6,9,0,0.2164948433637619,17
364,6,10,0,0.054794520139694214,18
364,6,11,0,0.09090909361839294,19
364,6,12,0,0.16129031777381897,20
364,6,13,0,0.3589743673801422,21
364,6,14,0,0.2164948433637619,22
364,6,15,0,0.30000001192092896,23
364,6,16,0,0.25,24
364,6,17,1,0.3589743673801422,25
364,6,18,1,0.522585928440094,26
364,6,19,1,0.3589743673801422,27
364,6,20,1,0.8135592937469482,28
364,6,21,0,0.03888889029622078,29
364,6,22,0,0.970588207244873,30
364,6,23,0,0.7142857313156128,31
364,6,24,1,0.8135592937469482,32
364,6,25,1,0.9947534203529358,33
364,6,26,1,0.9947534203529358,34
364,6,27,1,0.16129031777381897,35
364,6,28,0,0.5,36
364,6,29,1,0.970588207244873,37
364,6,30,1,0.01534526888281107,38
364,6,31,0,0.8135592937469482,39
364,6,32,0,0.9947534203529358,40
364,6,33,1,0.12871287763118744,41
364,6,34,1,0.01534526888281107,42
364,6,35,0,0.0,43
364,6,36,0,0.2164948433637619,44
364,6,37,0,0.5,45
364,6,38,0,0.01534526888281107,46
364,6,39,1,0.16129031777381897,47
364,6,40,1,0.0,48
368,1,29,0,0.9947534203529358,1
368,1,30,0,0.7142857313156128,2
368,1,31,1,0.30000001192092896,3
368,1,32,0,0.03888889029622078,4
368,1,33,0,0.054794520139694214,5
368,1,34,0,0.25,6
368,1,35,0,0.0,7
368,1,36,0,0.2164948433637619,8
368,1,37,0,0.03888889029622078,9
368,1,38,0,0.06666667014360428,10
368,1,39,0,0.03888889029622078,11
368,1,40,0,0.25,12
369,5,33,1,0.16129031777381897,1
369,5,34,0,0.25,2
369,5,35,0,0.025974025949835777,3
369,5,36,1,0.03888889029622078,4
369,5,37,0,0.25,5
369,5,38,0,0.008064515888690948,6
369,5,39,1,0.16129031777381897,7
369,5,40,0,0.30000001192092896,8
369,6,1,0,0.03888889029622078,9
369,6,2,0,0.0,10
369,6,3,0,0.01534526888281107,11
369,6,4,0,0.2164948433637619,12
369,6,5,0,0.03888889029622078,13
369,6,6,0,0.032786883413791656,14
369,6,7,0,0.2164948433637619,15
369,6,8,0,0.03888889029622078,16
369,6,9,0,0.2164948433637619,17
369,6,10,0,0.03888889029622078,18
369,6,11,0,0.09090909361839294,19
369,6,12,0,0.16129031777381897,20
369,6,13,0,0.30000001192092896,21
369,6,14,0,0.2164948433637619,22
369,6,15,0,0.30000001192092896,23
369,6,16,0,0.25,24
369,6,17,1,0.3589743673801422,25
369,6,18,1,0.5,26
369,6,19,1,0.7142857313156128,27
369,6,20,1,0.5,28
369,6,21,0,0.054794520139694214,29
369,6,22,0,0.800000011920929,30
369,6,23,0,0.3589743673801422,31
369,6,24,1,0.25,32
369,6,25,1,0.7142857313156128,33
369,6,26,1,0.7142857313156128,34
369,6,27,1,0.054794520139694214,35
369,6,28,0,0.30000001192092896,36
369,6,29,1,0.800000011920929,37
369,6,30,1,0.008064515888690948,38
369,6,31,0,0.9117646813392639,39
369,6,32,0,0.9947534203529358,40
369,6,33,1,0.03888889029622078,41
369,6,34,1,0.0,42
369,6,35,0,0.0,43
369,6,36,0,0.054794520139694214,44
369,6,37,0,0.30000001192092896,45
369,6,38,0,0.01534526888281107,46
369,6,39,1,0.16129031777381897,47
369,6,40,1,0.0,48
370,4,17,0,0.3589743673801422,1
370,4,18,1,0.7142857313156128,2
370,4,19,0,0.06666667014360428,3
370,4,20,1,0.3589743673801422,4
370,4,21,0,0.054794520139694214,5
370,4,22,0,0.2164948433637619,6
370,4,23,1,0.25,7
370,4,24,0,0.5263158082962036,8
370,4,25,0,0.25,9
370,4,26,0,0.16129031777381897,10
370,4,27,0,0.0,11
370,4,28,1,0.7142857313156128,12
370,4,29,0,0.30000001192092896,13
370,4,30,0,0.12871287763118744,14
370,4,31,1,0.970588207244873,15
370,4,32,0,0.027027027681469917,16
370,4,33,0,0.054794520139694214,17
370,4,34,0,0.054794520139694214,18
370,4,35,0,0.025974025949835777,19
370,4,36,0,0.7142857313156128,20
370,4,37,0,0.25,21
370,4,38,0,0.01534526888281107,22
370,4,39,0,0.027027027681469917,23
370,4,40,0,0.007751937955617905,24
371,5,33,1,0.16129031777381897,1
371,5,34,0,0.25,2
371,5,35,0,0.025974025949835777,3
371,5,36,1,0.03888889029622078,4
371,5,37,0,0.25,5
371,5,38,0,0.008064515888690948,6
371,5,39,1,0.16129031777381897,7
371,5,40,0,0.30000001192092896,8
371,6,1,0,0.03888889029622078,9
371,6,2,0,0.0,10
371,6,3,0,0.01534526888281107,11
371,6,4,0,0.2164948433637619,12
371,6,5,0,0.03888889029622078,13
371,6,6,0,0.032786883413791656,14
371,6,7,0,0.2164948433637619,15
371,6,8,0,0.03888889029622078,16
371,6,9,0,0.2164948433637619,17
371,6,10,0,0.03888889029622078,18
371,6,11,0,0.09090909361839294,19
371,6,12,0,0.16129031777381897,20
371,6,13,0,0.30000001192092896,21
371,6,14,0,0.2164948433637619,22
371,6,15,0,0.30000001192092896,23
371,6,16,0,0.25,24
371,6,17,1,0.3589743673801422,25
371,6,18,1,0.5,26
371,6,19,1,0.7142857313156128,27
371,6,20,1,0.5,28
371,6,21,0,0.054794520139694214,29
371,6,22,0,0.800000011920929,30
371,6,23,0,0.3589743673801422,31
371,6,24,1,0.25,32
371,6,25,1,0.7142857313156128,33
371,6,26,1,0.7142857313156128,34
371,6,27,1,0.054794520139694214,35
371,6,28,0,0.30000001192092896,36
371,6,29,1,0.800000011920929,37
371,6,30,1,0.008064515888690948,38
371,6,31,0,0.9117646813392639,39
371,6,32,0,0.9947534203529358,40
371,6,33,1,0.03888889029622078,41
371,6,34,1,0.0,42
371,6,35,0,0.0,43
371,6,36,0,0.054794520139694214,44
371,6,37,0,0.30000001192092896,45
371,6,38,0,0.01534526888281107,46
371,6,39,1,0.16129031777381897,47
371,6,40,1,0.0,48
373,4,33,0,0.25,1
373,4,34,0,0.16129031777381897,2
373,4,35,0,0.01534526888281107,3
373,4,36,0,0.03888889029622078,4
373,4,37,0,0.032786883413791656,5
373,4,38,0,0.03888889029622078,6
373,4,39,0,0.0,7
373,4,40,0,0.0,8
373,5,1,0,0.3589743673801422,9
373,5,2,0,0.30000001192092896,10
373,5,3,0,0.30000001192092896,11
373,5,4,1,0.5,12
373,5,5,1,0.3589743673801422,13
373,5,6,0,0.0,14
373,5,7,0,0.03888889029622078,15
373,5,8,1,0.8974359035491943,16
373,5,9,0,0.16129031777381897,17
373,5,10,1,0.9117646813392639,18
373,5,11,1,0.9947534203529358,19
373,5,12,0,0.054794520139694214,20
373,5,13,1,0.9947534203529358,21
373,5,14,0,0.0,22
373,5,15,0,0.01534526888281107,23
373,5,16,0,0.054794520139694214,24
373,5,17,0,0.01534526888281107,25
373,5,18,1,0.9947534203529358,26
373,5,19,0,0.6410256624221802,27
373,5,20,1,0.9117646813392639,28
373,5,21,0,0.0,29
373,5,22,0,0.027027027681469917,30
373,5,23,0,0.03888889029622078,31
373,5,24,1,0.9947534203529358,32
373,5,25,0,0.01534526888281107,33
373,5,26,0,0.01534526888281107,34
373,5,27,0,0.0,35
373,5,28,1,1.0,36
373,5,29,0,0.0,37
373,5,30,0,0.01534526888281107,38
373,5,31,0,0.03888889029622078,39
373,5,32,0,0.01534526888281107,40
373,5,33,1,0.5263158082962036,41
373,5,34,0,0.025974025949835777,42
373,5,35,0,0.01534526888281107,43
373,5,36,1,0.970588207244873,44
373,5,37,0,0.03888889029622078,45
373,5,38,0,0.008064515888690948,46
373,5,39,1,0.9947534203529358,47
373,5,40,0,0.0,48
376,4,33,0,0.25,1
376,4,34,0,0.16129031777381897,2
376,4,35,0,0.01534526888281107,3
376,4,36,0,0.03888889029622078,4
376,4,37,0,0.032786883413791656,5
376,4,38,0,0.03888889029622078,6
376,4,39,0,0.0,7
376,4,40,0,0.0,8
376,5,1,0,0.3589743673801422,9
376,5,2,0,0.30000001192092896,10
376,5,3,0,0.30000001192092896,11
376,5,4,1,0.5,12
376,5,5,1,0.3589743673801422,13
376,5,6,0,0.0,14
376,5,7,0,0.03888889029622078,15
376,5,8,1,0.8974359035491943,16
376,5,9,0,0.16129031777381897,17
376,5,10,1,0.9117646813392639,18
376,5,11,1,0.9947534203529358,19
376,5,12,0,0.054794520139694214,20
376,5,13,1,0.9947534203529358,21
376,5,14,0,0.0,22
376,5,15,0,0.01534526888281107,23
376,5,16,0,0.054794520139694214,24
376,5,17,0,0.01534526888281107,25
376,5,18,1,0.9947534203529358,26
376,5,19,1,0.6410256624221802,27
376,5,20,1,0.800000011920929,28
376,5,21,0,0.0,29
376,5,22,0,0.054794520139694214,30
376,5,23,0,0.03888889029622078,31
376,5,24,1,0.9947534203529358,32
376,5,25,0,0.007751937955617905,33
376,5,26,0,0.0,34
376,5,27,0,0.0,35
376,5,28,1,0.9947534203529358,36
376,5,29,0,0.0,37
376,5,30,0,0.01534526888281107,38
376,5,31,0,0.025974025949835777,39
376,5,32,0,0.01534526888281107,40
376,5,33,1,0.7142857313156128,41
376,5,34,0,0.01534526888281107,42
376,5,35,0,0.01534526888281107,43
376,5,36,1,0.8993529081344604,44
376,5,37,0,0.032786883413791656,45
376,5,38,0,0.01534526888281107,46
376,5,39,1,0.9947534203529358,47
376,5,40,0,0.0,48
379,4,5,1,0.800000011920929,1
379,4,6,0,0.12871287763118744,2
379,4,7,1,0.03888889029622078,3
379,4,8,0,0.25,4
379,4,9,1,0.3589743673801422,5
379,4,10,1,0.30000001192092896,6
379,4,11,1,0.9947534203529358,7
379,4,12,0,0.054794520139694214,8
379,4,13,1,0.9947534203529358,9
379,4,14,0,0.03888889029622078,10
379,4,15,0,0.03888889029622078,11
379,4,16,1,0.8974359035491943,12
379,4,17,0,0.008064515888690948,13
379,4,18,1,0.5,14
379,4,19,0,0.032786883413791656,15
379,4,20,1,0.800000011920929,16
379,4,21,0,0.0,17
379,4,22,1,0.12871287763118744,18
379,4,23,1,0.8974359035491943,19
379,4,24,0,0.032786883413791656,20
379,4,25,0,0.054794520139694214,21
379,4,26,0,0.0,22
379,4,27,0,0.0,23
379,4,28,1,0.9947534203529358,24
379,4,29,1,0.3589743673801422,25
379,4,30,0,0.2164948433637619,26
379,4,31,1,0.9117646813392639,27
379,4,32,0,0.0,28
379,4,33,0,0.0,29
379,4,34,0,0.0,30
379,4,35,0,0.0,31
379,4,36,0,0.0,32
379,4,37,0,0.0,33
379,4,38,0,0.0,34
379,4,39,0,0.0,35
379,4,40,0,0.0,36
380,5,21,0,0.30000001192092896,1
380,5,22,1,0.5,2
380,5,23,0,0.01534526888281107,3
380,5,24,1,0.2164948433637619,4
380,5,25,0,0.007751937955617905,5
380,5,26,0,0.01534526888281107,6
380,5,27,0,0.0,7
380,5,28,1,1.0,8
380,5,29,0,0.01534526888281107,9
380,5,30,0,0.16129031777381897,10
380,5,31,0,0.10526315867900848,11
380,5,32,0,0.30000001192092896,12
380,5,33,1,0.3589743673801422,13
380,5,34,0,0.25,14
380,5,35,0,0.03888889029622078,15
380,5,36,1,0.5,16
380,5,37,0,0.03888889029622078,17
380,5,38,0,0.008064515888690948,18
380,5,39,1,0.9166666865348816,19
380,5,40,0,0.03888889029622078,20
380,6,1,0,0.03888889029622078,21
380,6,2,0,0.025974025949835777,22
380,6,3,0,0.03888889029622078,23
380,6,4,0,0.2164948433637619,24
380,6,5,0,0.1180560514330864,25
380,6,6,0,0.03888889029622078,26
380,6,7,0,0.054794520139694214,27
380,6,8,0,0.03888889029622078,28
380,6,9,0,0.03888889029622078,29
380,6,10,0,0.25,30
380,6,11,0,0.3589743673801422,31
380,6,12,0,0.16129031777381897,32
380,6,13,0,0.5263158082962036,33
380,6,14,0,0.3589743673801422,34
380,6,15,0,0.30000001192092896,35
380,6,16,0,0.12871287763118744,36
380,6,17,1,0.3589743673801422,37
380,6,18,1,0.3589743673801422,38
380,6,19,1,0.9947534203529358,39
380,6,20,1,0.9947534203529358,40
380,6,21,0,0.25,41
380,6,22,0,0.5263158082962036,42
380,6,23,0,0.5,43
380,6,24,1,0.30000001192092896,44
380,6,25,1,0.9947534203529358,45
380,6,26,1,0.9947534203529358,46
380,6,27,0,0.12871287763118744,47
380,6,28,0,0.7142857313156128,48
380,6,29,1,0.8135592937469482,49
380,6,30,1,0.12871287763118744,50
380,6,31,0,0.3589743673801422,51
380,6,32,0,0.7142857313156128,52
380,6,33,1,0.5,53
380,6,34,1,0.01534526888281107,54
380,6,35,0,0.0,55
380,6,36,0,0.12871287763118744,56
380,6,37,0,0.30000001192092896,57
380,6,38,0,0.01534526888281107,58
380,6,39,1,0.2164948433637619,59
380,6,40,1,0.0,60
383,5,21,0,0.30000001192092896,1
383,5,22,0,0.5,2
383,5,23,0,0.5263158082962036,3
383,5,24,1,0.5,4
383,5,25,0,0.025974025949835777,5
383,5,26,0,0.03888889029622078,6
383,5,27,0,0.032786883413791656,7
383,5,28,1,0.9947534203529358,8
383,5,29,0,0.032786883413791656,9
383,5,30,0,0.12871287763118744,10
383,5,31,0,0.2164948433637619,11
383,5,32,0,0.25,12
383,5,33,1,0.3589743673801422,13
383,5,34,0,0.10526315867900848,14
383,5,35,0,0.007751937955617905,15
383,5,36,1,0.25,16
383,5,37,0,0.03888889029622078,17
383,5,38,0,0.12871287763118744,18
383,5,39,1,0.800000011920929,19
383,5,40,0,0.008064515888690948,20
383,6,1,0,0.03888889029622078,21
383,6,2,0,0.01534526888281107,22
383,6,3,0,0.027027027681469917,23
383,6,4,0,0.16129031777381897,24
383,6,5,0,0.054794520139694214,25
383,6,6,0,0.03888889029622078,26
383,6,7,0,0.03888889029622078,27
383,6,8,0,0.03888889029622078,28
383,6,9,0,0.03888889029622078,29
383,6,10,0,0.2164948433637619,30
383,6,11,0,0.25,31
383,6,12,0,0.06666667014360428,32
383,6,13,1,0.5,33
383,6,14,0,0.25,34
383,6,15,0,0.03888889029622078,35
383,6,16,0,0.03888889029622078,36
383,6,17,1,0.16129031777381897,37
383,6,18,1,0.2164948433637619,38
383,6,19,1,0.8974359035491943,39
383,6,20,1,0.8135592937469482,40
383,6,21,0,0.054794520139694214,41
383,6,22,0,0.33662956953048706,42
383,6,23,0,0.3589743673801422,43
383,6,24,1,0.5,44
383,6,25,1,0.9947534203529358,45
383,6,26,1,0.9947534203529358,46
383,6,27,0,0.12871287763118744,47
383,6,28,0,0.7142857313156128,48
383,6,29,1,0.9117646813392639,49
383,6,30,1,0.16129031777381897,50
383,6,31,0,0.3589743673801422,51
383,6,32,0,0.7142857313156128,52
383,6,33,1,0.5,53
383,6,34,1,0.01534526888281107,54
383,6,35,0,0.0,55
383,6,36,0,0.054794520139694214,56
383,6,37,0,0.3589743673801422,57
383,6,38,0,0.025974025949835777,58
383,6,39,1,0.2164948433637619,59
383,6,40,1,0.0,60
386,5,5,1,0.7142857313156128,1
386,5,6,0,0.03888889029622078,2
386,5,7,0,0.007751937955617905,3
386,5,8,1,0.30000001192092896,4
386,5,9,0,0.032786883413791656,5
386,5,10,1,0.9947534203529358,6
386,5,11,1,0.25,7
386,5,12,0,0.09090909361839294,8
386,5,13,1,0.7142857313156128,9
386,5,14,0,0.01534526888281107,10
386,5,15,0,0.007751937955617905,11
386,5,16,0,0.2164948433637619,12
386,5,17,0,0.008064515888690948,13
386,5,18,1,0.800000011920929,14
386,5,19,0,0.2164948433637619,15
386,5,20,1,0.5263158082962036,16
386,5,21,0,0.0,17
386,5,22,0,0.01534526888281107,18
386,5,23,0,0.01534526888281107,19
386,5,24,1,0.970588207244873,20
386,5,25,0,0.0,21
386,5,26,0,0.0,22
386,5,27,0,0.0,23
386,5,28,1,1.0,24
386,5,29,0,0.0,25
386,5,30,0,0.01534526888281107,26
386,5,31,0,0.032786883413791656,27
386,5,32,0,0.03888889029622078,28
386,5,33,1,0.7142857313156128,29
386,5,34,0,0.054794520139694214,30
386,5,35,0,0.007751937955617905,31
386,5,36,1,0.9117646813392639,32
386,5,37,0,0.032786883413791656,33
386,5,38,0,0.0,34
386,5,39,1,0.9947534203529358,35
386,5,40,0,0.0,36
387,5,5,1,0.7142857313156128,1
387,5,6,0,0.03888889029622078,2
387,5,7,0,0.007751937955617905,3
387,5,8,1,0.30000001192092896,4
387,5,9,0,0.032786883413791656,5
387,5,10,1,0.9947534203529358,6
387,5,11,1,0.25,7
387,5,12,0,0.09090909361839294,8
387,5,13,1,0.7142857313156128,9
387,5,14,0,0.01534526888281107,10
387,5,15,0,0.007751937955617905,11
387,5,16,0,0.2164948433637619,12
387,5,17,0,0.008064515888690948,13
387,5,18,1,0.800000011920929,14
387,5,19,0,0.2164948433637619,15
387,5,20,1,0.5263158082962036,16
387,5,21,0,0.0,17
387,5,22,0,0.01534526888281107,18
387,5,23,0,0.01534526888281107,19
387,5,24,1,0.970588207244873,20
387,5,25,0,0.0,21
387,5,26,0,0.0,22
387,5,27,0,0.0,23
387,5,28,1,1.0,24
387,5,29,0,0.0,25
387,5,30,0,0.01534526888281107,26
387,5,31,0,0.032786883413791656,27
387,5,32,0,0.03888889029622078,28
387,5,33,1,0.7142857313156128,29
387,5,34,0,0.054794520139694214,30
387,5,35,0,0.007751937955617905,31
387,5,36,1,0.9117646813392639,32
387,5,37,0,0.032786883413791656,33
387,5,38,0,0.0,34
387,5,39,1,0.9947534203529358,35
387,5,40,0,0.0,36
388,5,5,1,0.7142857313156128,1
388,5,6,0,0.03888889029622078,2
388,5,7,0,0.007751937955617905,3
388,5,8,1,0.30000001192092896,4
388,5,9,0,0.032786883413791656,5
388,5,10,1,0.9947534203529358,6
388,5,11,1,0.25,7
388,5,12,0,0.09090909361839294,8
388,5,13,1,0.7142857313156128,9
388,5,14,0,0.01534526888281107,10
388,5,15,0,0.007751937955617905,11
388,5,16,0,0.2164948433637619,12
388,5,17,0,0.008064515888690948,13
388,5,18,1,0.800000011920929,14
388,5,19,1,0.2164948433637619,15
388,5,20,1,0.3589743673801422,16
388,5,21,0,0.0,17
388,5,22,0,0.008064515888690948,18
388,5,23,0,0.025974025949835777,19
388,5,24,1,0.8974359035491943,20
388,5,25,0,0.0,21
388,5,26,0,0.0,22
388,5,27,0,0.0,23
388,5,28,1,1.0,24
388,5,29,0,0.0,25
388,5,30,0,0.008064515888690948,26
388,5,31,0,0.01534526888281107,27
388,5,32,0,0.01534526888281107,28
388,5,33,1,0.8135592937469482,29
388,5,34,0,0.03888889029622078,30
388,5,35,0,0.0,31
388,5,36,1,0.8974359035491943,32
388,5,37,0,0.01534526888281107,33
388,5,38,0,0.0,34
388,5,39,1,0.970588207244873,35
388,5,40,0,0.0,36
390,4,17,0,0.3589743673801422,1
390,4,18,1,0.7142857313156128,2
390,4,19,0,0.054794520139694214,3
390,4,20,1,0.3589743673801422,4
390,4,21,0,0.054794520139694214,5
390,4,22,0,0.2164948433637619,6
390,4,23,1,0.2164948433637619,7
390,4,24,0,0.5263158082962036,8
390,4,25,0,0.3589743673801422,9
390,4,26,0,0.16129031777381897,10
390,4,27,0,0.01534526888281107,11
390,4,28,1,0.5,12
390,4,29,0,0.30000001192092896,13
390,4,30,0,0.2164948433637619,14
390,4,31,1,0.9947534203529358,15
390,4,32,0,0.032786883413791656,16
390,4,33,0,0.054794520139694214,17
390,4,34,0,0.2164948433637619,18
390,4,35,0,0.03888889029622078,19
390,4,36,0,0.7142857313156128,20
390,4,37,0,0.25,21
390,4,38,0,0.01534526888281107,22
390,4,39,0,0.025974025949835777,23
390,4,40,0,0.007751937955617905,24
391,4,17,0,0.3589743673801422,1
391,4,18,1,0.7142857313156128,2
391,4,19,0,0.054794520139694214,3
391,4,20,1,0.3589743673801422,4
391,4,21,0,0.054794520139694214,5
391,4,22,0,0.2164948433637619,6
391,4,23,1,0.2164948433637619,7
391,4,24,0,0.5263158082962036,8
391,4,25,0,0.3589743673801422,9
391,4,26,0,0.16129031777381897,10
391,4,27,0,0.01534526888281107,11
391,4,28,1,0.5,12
391,4,29,1,0.30000001192092896,13
391,4,30,0,0.054794520139694214,14
391,4,31,1,0.9947534203529358,15
391,4,32,0,0.0,16
391,4,33,0,0.0,17
391,4,34,0,0.0,18
391,4,35,0,0.0,19
391,4,36,0,0.7142857313156128,20
391,4,37,0,0.2164948433637619,21
391,4,38,0,0.0,22
391,4,39,0,0.03888889029622078,23
391,4,40,0,0.0,24
392,4,17,0,0.3589743673801422,1
392,4,18,1,0.7142857313156128,2
392,4,19,0,0.054794520139694214,3
392,4,20,1,0.3589743673801422,4
392,4,21,0,0.054794520139694214,5
392,4,22,0,0.2164948433637619,6
392,4,23,1,0.2164948433637619,7
392,4,24,0,0.5263158082962036,8
392,4,25,0,0.3589743673801422,9
392,4,26,0,0.16129031777381897,10
392,4,27,0,0.01534526888281107,11
392,4,28,1,0.5,12
392,4,29,0,0.30000001192092896,13
392,4,30,1,0.2164948433637619,14
392,4,31,1,0.5,15
392,4,32,0,0.054794520139694214,16
392,4,33,0,0.16129031777381897,17
392,4,34,0,0.10526315867900848,18
392,4,35,0,0.01534526888281107,19
392,4,36,0,0.30000001192092896,20
392,4,37,0,0.2164948433637619,21
392,4,38,0,0.01534526888281107,22
392,4,39,0,0.01534526888281107,23
392,4,40,0,0.0,24
393,4,17,0,0.3589743673801422,1
393,4,18,1,0.7142857313156128,2
393,4,19,0,0.054794520139694214,3
393,4,20,1,0.3589743673801422,4
393,4,21,0,0.054794520139694214,5
393,4,22,0,0.2164948433637619,6
393,4,23,1,0.2164948433637619,7
393,4,24,0,0.5263158082962036,8
393,4,25,0,0.3589743673801422,9
393,4,26,0,0.16129031777381897,10
393,4,27,0,0.01534526888281107,11
393,4,28,1,0.5,12
393,4,29,0,0.30000001192092896,13
393,4,30,0,0.2164948433637619,14
393,4,31,1,0.9947534203529358,15
393,4,32,0,0.032786883413791656,16
393,4,33,0,0.054794520139694214,17
393,4,34,0,0.2164948433637619,18
393,4,35,0,0.03888889029622078,19
393,4,36,0,0.7142857313156128,20
393,4,37,0,0.25,21
393,4,38,0,0.01534526888281107,22
393,4,39,0,0.025974025949835777,23
393,4,40,0,0.007751937955617905,24
394,4,17,0,0.3589743673801422,1
394,4,18,1,0.7142857313156128,2
394,4,19,0,0.054794520139694214,3
394,4,20,1,0.3589743673801422,4
394,4,21,0,0.054794520139694214,5
394,4,22,0,0.2164948433637619,6
394,4,23,1,0.2164948433637619,7
394,4,24,0,0.5263158082962036,8
394,4,25,0,0.3589743673801422,9
394,4,26,0,0.16129031777381897,10
394,4,27,0,0.01534526888281107,11
394,4,28,1,0.5,12
394,4,29,1,0.30000001192092896,13
394,4,30,1,0.054794520139694214,14
394,4,31,1,0.8135592937469482,15
394,4,32,0,0.0,16
394,4,33,0,0.0,17
394,4,34,0,0.007751937955617905,18
394,4,35,0,0.0,19
394,4,36,0,0.054794520139694214,20
394,4,37,0,0.025974025949835777,21
394,4,38,0,0.0,22
394,4,39,0,0.01534526888281107,23
394,4,40,0,0.0,24
395,4,17,0,0.3589743673801422,1
395,4,18,1,0.7142857313156128,2
395,4,19,0,0.054794520139694214,3
395,4,20,1,0.3589743673801422,4
395,4,21,0,0.054794520139694214,5
395,4,22,0,0.2164948433637619,6
395,4,23,1,0.2164948433637619,7
395,4,24,0,0.5263158082962036,8
395,4,25,0,0.3589743673801422,9
395,4,26,0,0.16129031777381897,10
395,4,27,0,0.01534526888281107,11
395,4,28,1,0.5,12
395,4,29,1,0.30000001192092896,13
395,4,30,0,0.054794520139694214,14
395,4,31,1,0.9947534203529358,15
395,4,32,0,0.0,16
395,4,33,0,0.0,17
395,4,34,0,0.0,18
395,4,35,0,0.0,19
395,4,36,0,0.7142857313156128,20
395,4,37,0,0.2164948433637619,21
395,4,38,0,0.0,22
395,4,39,0,0.03888889029622078,23
395,4,40,0,0.0,24
396,4,5,1,0.800000011920929,1
396,4,6,0,0.12871287763118744,2
396,4,7,1,0.30000001192092896,3
396,4,8,0,0.06666667014360428,4
396,4,9,1,0.3589743673801422,5
396,4,10,1,0.30000001192092896,6
396,4,11,1,0.9947534203529358,7
396,4,12,0,0.3589743673801422,8
396,4,13,1,0.9947534203529358,9
396,4,14,0,0.025974025949835777,10
396,4,15,0,0.054794520139694214,11
396,4,16,1,0.9117646813392639,12
396,4,17,0,0.0,13
396,4,18,0,0.3589743673801422,14
396,4,19,0,0.16129031777381897,15
396,4,20,1,0.7142857313156128,16
396,4,21,0,0.0,17
396,4,22,0,0.2164948433637619,18
396,4,23,1,0.5,19
396,4,24,0,0.008064515888690948,20
396,4,25,0,0.054794520139694214,21
396,4,26,0,0.03888889029622078,22
396,4,27,0,0.01534526888281107,23
396,4,28,1,0.9947534203529358,24
396,4,29,1,0.6410256624221802,25
396,4,30,0,0.2164948433637619,26
396,4,31,1,0.9947534203529358,27
396,4,32,0,0.0,28
396,4,33,0,0.0,29
396,4,34,0,0.0,30
396,4,35,0,0.0,31
396,4,36,0,0.032786883413791656,32
396,4,37,0,0.01534526888281107,33
396,4,38,0,0.0,34
396,4,39,0,0.0,35
396,4,40,0,0.0,36
397,4,5,1,0.800000011920929,1
397,4,6,0,0.12871287763118744,2
397,4,7,1,0.30000001192092896,3
397,4,8,0,0.06666667014360428,4
397,4,9,1,0.3589743673801422,5
397,4,10,1,0.30000001192092896,6
397,4,11,1,0.9947534203529358,7
397,4,12,0,0.3589743673801422,8
397,4,13,1,0.9947534203529358,9
397,4,14,0,0.025974025949835777,10
397,4,15,0,0.054794520139694214,11
397,4,16,1,0.9117646813392639,12
397,4,17,0,0.0,13
397,4,18,1,0.3589743673801422,14
397,4,19,0,0.01534526888281107,15
397,4,20,1,0.7142857313156128,16
397,4,21,0,0.0,17
397,4,22,1,0.16129031777381897,18
397,4,23,1,0.25,19
397,4,24,0,0.008064515888690948,20
397,4,25,0,0.25,21
397,4,26,0,0.025974025949835777,22
397,4,27,0,0.0,23
397,4,28,1,0.9947534203529358,24
397,4,29,1,0.5,25
397,4,30,0,0.03888889029622078,26
397,4,31,1,0.800000011920929,27
397,4,32,0,0.0,28
397,4,33,0,0.0,29
397,4,34,0,0.0,30
397,4,35,0,0.0,31
397,4,36,0,0.0,32
397,4,37,0,0.0,33
397,4,38,0,0.0,34
397,4,39,0,0.0,35
397,4,40,0,0.0,36
399,4,17,0,0.3589743673801422,1
399,4,18,1,0.7142857313156128,2
399,4,19,0,0.054794520139694214,3
399,4,20,1,0.3589743673801422,4
399,4,21,0,0.054794520139694214,5
399,4,22,0,0.2164948433637619,6
399,4,23,1,0.2164948433637619,7
399,4,24,0,0.5263158082962036,8
399,4,25,0,0.3589743673801422,9
399,4,26,0,0.16129031777381897,10
399,4,27,0,0.01534526888281107,11
399,4,28,1,0.5,12
399,4,29,1,0.30000001192092896,13
399,4,30,0,0.054794520139694214,14
399,4,31,1,0.9947534203529358,15
399,4,32,0,0.0,16
399,4,33,0,0.0,17
399,4,34,0,0.0,18
399,4,35,0,0.0,19
399,4,36,0,0.7142857313156128,20
399,4,37,0,0.2164948433637619,21
399,4,38,0,0.0,22
399,4,39,0,0.03888889029622078,23
399,4,40,0,0.0,24
400,4,17,0,0.3589743673801422,1
400,4,18,1,0.7142857313156128,2
400,4,19,0,0.054794520139694214,3
400,4,20,1,0.3589743673801422,4
400,4,21,0,0.054794520139694214,5
400,4,22,1,0.2164948433637619,6
400,4,23,1,0.025974025949835777,7
400,4,24,0,0.25,8
400,4,25,0,0.3589743673801422,9
400,4,26,0,0.25,10
400,4,27,0,0.008064515888690948,11
400,4,28,1,0.8974359035491943,12
400,4,29,1,0.30000001192092896,13
400,4,30,0,0.025974025949835777,14
400,4,31,1,0.9947534203529358,15
400,4,32,0,0.0,16
400,4,33,0,0.0,17
400,4,34,0,0.0,18
400,4,35,0,0.0,19
400,4,36,0,0.03888889029622078,20
400,4,37,0,0.008064515888690948,21
400,4,38,0,0.0,22
400,4,39,0,0.12871287763118744,23
400,4,40,0,0.0,24
401,4,17,0,0.3589743673801422,1
401,4,18,0,0.7142857313156128,2
401,4,19,1,0.9117646813392639,3
401,4,20,0,0.2164948433637619,4
401,4,21,0,0.10526315867900848,5
401,4,22,0,0.03888889029622078,6
401,4,23,0,0.5263158082962036,7
401,4,24,0,0.7142857313156128,8
401,4,25,0,0.25,9
401,4,26,1,0.03888889029622078,10
401,4,27,0,0.01534526888281107,11
401,4,28,0,0.025974025949835777,12
401,4,29,1,0.30000001192092896,13
401,4,30,0,0.12871287763118744,14
401,4,31,0,0.8974359035491943,15
401,4,32,0,0.5263158082962036,16
401,4,33,0,0.3589743673801422,17
401,4,34,0,0.3589743673801422,18
401,4,35,0,0.01534526888281107,19
401,4,36,0,0.3589743673801422,20
401,4,37,0,0.054794520139694214,21
401,4,38,0,0.03888889029622078,22
401,4,39,0,0.025974025949835777,23
401,4,40,0,0.0,24
402,6,5,0,0.7142857313156128,1
402,6,6,0,0.16129031777381897,2
402,6,7,0,0.25,3
402,6,8,0,0.25,4
402,6,9,0,0.2164948433637619,5
402,6,10,0,0.2164948433637619,6
402,6,11,0,0.01534526888281107,7
402,6,12,0,0.008064515888690948,8
402,6,13,0,0.01534526888281107,9
402,6,14,0,0.03888889029622078,10
402,6,15,0,0.2164948433637619,11
402,6,16,0,0.03888889029622078,12
402,6,17,0,0.25,13
402,6,18,1,0.03888889029622078,14
402,6,19,1,0.7142857313156128,15
402,6,20,1,0.5263158082962036,16
402,6,21,0,0.3589743673801422,17
402,6,22,0,0.5263158082962036,18
402,6,23,0,0.7142857313156128,19
402,6,24,1,0.7142857313156128,20
402,6,25,1,0.5263158082962036,21
402,6,26,1,0.2164948433637619,22
402,6,27,1,0.008064515888690948,23
402,6,28,0,0.25,24
402,6,29,1,0.3589743673801422,25
402,6,30,1,0.025974025949835777,26
402,6,31,0,0.3589743673801422,27
402,6,32,0,0.8135592937469482,28
402,6,33,1,0.03888889029622078,29
402,6,34,1,0.025974025949835777,30
402,6,35,0,0.0,31
402,6,36,0,0.03888889029622078,32
402,6,37,0,0.30000001192092896,33
402,6,38,0,0.01534526888281107,34
402,6,39,1,0.25,35
402,6,40,1,0.0,36
403,4,17,0,0.3589743673801422,1
403,4,18,0,0.7142857313156128,2
403,4,19,0,0.9117646813392639,3
403,4,20,1,0.25,4
403,4,21,0,0.16129031777381897,5
403,4,22,0,0.03888889029622078,6
403,4,23,1,0.7142857313156128,7
403,4,24,0,0.3589743673801422,8
403,4,25,0,0.12871287763118744,9
403,4,26,0,0.027027027681469917,10
403,4,27,0,0.01534526888281107,11
403,4,28,1,0.027027027681469917,12
403,4,29,1,0.3589743673801422,13
403,4,30,0,0.12871287763118744,14
403,4,31,1,0.9947534203529358,15
403,4,32,0,0.0,16
403,4,33,0,0.01534526888281107,17
403,4,34,0,0.01534526888281107,18
403,4,35,0,0.008064515888690948,19
403,4,36,0,0.8135592937469482,20
403,4,37,0,0.30000001192092896,21
403,4,38,0,0.01534526888281107,22
403,4,39,0,0.025974025949835777,23
403,4,40,0,0.008064515888690948,24
404,4,17,0,0.3589743673801422,1
404,4,18,1,0.7142857313156128,2
404,4,19,0,0.054794520139694214,3
404,4,20,1,0.3589743673801422,4
404,4,21,0,0.054794520139694214,5
404,4,22,0,0.2164948433637619,6
404,4,23,1,0.2164948433637619,7
404,4,24,0,0.5263158082962036,8
404,4,25,0,0.3589743673801422,9
404,4,26,0,0.16129031777381897,10
404,4,27,0,0.01534526888281107,11
404,4,28,1,0.5,12
404,4,29,1,0.30000001192092896,13
404,4,30,0,0.054794520139694214,14
404,4,31,1,0.9947534203529358,15
404,4,32,0,0.0,16
404,4,33,0,0.0,17
404,4,34,0,0.0,18
404,4,35,0,0.0,19
404,4,36,0,0.7142857313156128,20
404,4,37,0,0.2164948433637619,21
404,4,38,0,0.0,22
404,4,39,0,0.03888889029622078,23
404,4,40,0,0.0,24
405,6,5,0,0.7142857313156128,1
405,6,6,0,0.16129031777381897,2
405,6,7,0,0.25,3
405,6,8,0,0.25,4
405,6,9,0,0.2164948433637619,5
405,6,10,0,0.2164948433637619,6
405,6,11,0,0.01534526888281107,7
405,6,12,0,0.008064515888690948,8
405,6,13,0,0.01534526888281107,9
405,6,14,0,0.03888889029622078,10
405,6,15,0,0.2164948433637619,11
405,6,16,0,0.03888889029622078,12
405,6,17,1,0.25,13
405,6,18,1,0.5,14
405,6,19,1,0.8974359035491943,15
405,6,20,1,0.8135592937469482,16
405,6,21,0,0.16129031777381897,17
405,6,22,0,0.30000001192092896,18
405,6,23,0,0.30000001192092896,19
405,6,24,1,0.8974359035491943,20
405,6,25,1,0.5263158082962036,21
405,6,26,1,0.25,22
405,6,27,1,0.025974025949835777,23
405,6,28,0,0.25,24
405,6,29,1,0.7142857313156128,25
405,6,30,1,0.01534526888281107,26
405,6,31,0,0.30000001192092896,27
405,6,32,0,0.8135592937469482,28
405,6,33,1,0.03888889029622078,29
405,6,34,1,0.008064515888690948,30
405,6,35,0,0.0,31
405,6,36,0,0.008064515888690948,32
405,6,37,0,0.2164948433637619,33
405,6,38,0,0.0,34
405,6,39,1,0.03888889029622078,35
405,6,40,1,0.0,36
406,4,5,1,0.800000011920929,1
406,4,6,0,0.03888889029622078,2
406,4,7,1,0.008064515888690948,3
406,4,8,0,0.2164948433637619,4
406,4,9,1,0.3589743673801422,5
406,4,10,1,0.25,6
406,4,11,1,0.9947534203529358,7
406,4,12,0,0.054794520139694214,8
406,4,13,1,0.9947534203529358,9
406,4,14,0,0.0,10
406,4,15,0,0.027027027681469917,11
406,4,16,1,0.9117646813392639,12
406,4,17,0,0.0,13
406,4,18,1,0.25,14
406,4,19,0,0.01534526888281107,15
406,4,20,1,0.6410256624221802,16
406,4,21,0,0.0,17
406,4,22,0,0.16129031777381897,18
406,4,23,1,0.5263158082962036,19
406,4,24,0,0.007751937955617905,20
406,4,25,0,0.008064515888690948,21
406,4,26,0,0.0,22
406,4,27,0,0.0,23
406,4,28,1,0.9947534203529358,24
406,4,29,0,0.5263158082962036,25
406,4,30,0,0.25,26
406,4,31,1,0.9947534203529358,27
406,4,32,0,0.03888889029622078,28
406,4,33,0,0.032786883413791656,29
406,4,34,0,0.027027027681469917,30
406,4,35,0,0.0,31
406,4,36,0,0.032786883413791656,32
406,4,37,0,0.01534526888281107,33
406,4,38,0,0.0,34
406,4,39,0,0.0,35
406,4,40,0,0.0,36
407,4,5,1,0.800000011920929,1
407,4,6,0,0.03888889029622078,2
407,4,7,1,0.008064515888690948,3
407,4,8,0,0.2164948433637619,4
407,4,9,1,0.3589743673801422,5
407,4,10,1,0.25,6
407,4,11,1,0.9947534203529358,7
407,4,12,0,0.054794520139694214,8
407,4,13,1,0.9947534203529358,9
407,4,14,0,0.0,10
407,4,15,0,0.027027027681469917,11
407,4,16,1,0.9117646813392639,12
407,4,17,0,0.0,13
407,4,18,0,0.25,14
407,4,19,0,0.054794520139694214,15
407,4,20,0,0.6410256624221802,16
407,4,21,0,0.2164948433637619,17
407,4,22,1,0.25,18
407,4,23,1,0.30000001192092896,19
407,4,24,0,0.0,20
407,4,25,0,0.027027027681469917,21
407,4,26,0,0.054794520139694214,22
407,4,27,0,0.054794520139694214,23
407,4,28,1,0.9947534203529358,24
407,4,29,1,0.8974359035491943,25
407,4,30,0,0.3589743673801422,26
407,4,31,1,0.9947534203529358,27
407,4,32,0,0.0,28
407,4,33,0,0.007751937955617905,29
407,4,34,0,0.0,30
407,4,35,0,0.0,31
407,4,36,0,0.0,32
407,4,37,0,0.0,33
407,4,38,0,0.0,34
407,4,39,0,0.0,35
407,4,40,0,0.0,36
409,4,5,1,0.800000011920929,1
409,4,6,0,0.03888889029622078,2
409,4,7,1,0.008064515888690948,3
409,4,8,0,0.2164948433637619,4
409,4,9,1,0.3589743673801422,5
409,4,10,1,0.25,6
409,4,11,1,0.9947534203529358,7
409,4,12,0,0.054794520139694214,8
409,4,13,1,0.9947534203529358,9
409,4,14,0,0.0,10
409,4,15,0,0.027027027681469917,11
409,4,16,1,0.9117646813392639,12
409,4,17,0,0.0,13
409,4,18,1,0.25,14
409,4,19,0,0.01534526888281107,15
409,4,20,1,0.6410256624221802,16
409,4,21,0,0.0,17
409,4,22,0,0.16129031777381897,18
409,4,23,1,0.5263158082962036,19
409,4,24,0,0.007751937955617905,20
409,4,25,0,0.008064515888690948,21
409,4,26,0,0.0,22
409,4,27,0,0.0,23
409,4,28,1,0.9947534203529358,24
409,4,29,1,0.5263158082962036,25
409,4,30,0,0.03888889029622078,26
409,4,31,1,0.9947534203529358,27
409,4,32,0,0.0,28
409,4,33,0,0.0,29
409,4,34,0,0.0,30
409,4,35,0,0.0,31
409,4,36,0,0.0,32
409,4,37,0,0.0,33
409,4,38,0,0.0,34
409,4,39,0,0.0,35
409,4,40,0,0.0,36
410,5,21,0,0.30000001192092896,1
410,5,22,1,0.6410256624221802,2
410,5,23,0,0.01534526888281107,3
410,5,24,1,0.2164948433637619,4
410,5,25,0,0.007751937955617905,5
410,5,26,0,0.01534526888281107,6
410,5,27,0,0.0,7
410,5,28,1,1.0,8
410,5,29,0,0.01534526888281107,9
410,5,30,0,0.16129031777381897,10
410,5,31,0,0.10526315867900848,11
410,5,32,0,0.30000001192092896,12
410,5,33,1,0.3589743673801422,13
410,5,34,0,0.25,14
410,5,35,0,0.03888889029622078,15
410,5,36,1,0.5,16
410,5,37,0,0.03888889029622078,17
410,5,38,0,0.008064515888690948,18
410,5,39,1,0.9166666865348816,19
410,5,40,0,0.03888889029622078,20
410,6,1,0,0.03888889029622078,21
410,6,2,0,0.025974025949835777,22
410,6,3,0,0.03888889029622078,23
410,6,4,0,0.25,24
410,6,5,0,0.16129031777381897,25
410,6,6,0,0.054794520139694214,26
410,6,7,0,0.09090909361839294,27
410,6,8,0,0.03888889029622078,28
410,6,9,0,0.03888889029622078,29
410,6,10,0,0.25,30
410,6,11,0,0.3589743673801422,31
410,6,12,0,0.16129031777381897,32
410,6,13,0,0.5263158082962036,33
410,6,14,0,0.3589743673801422,34
410,6,15,0,0.30000001192092896,35
410,6,16,0,0.12871287763118744,36
410,6,17,1,0.3589743673801422,37
410,6,18,1,0.3589743673801422,38
410,6,19,1,0.800000011920929,39
410,6,20,1,0.8983393311500549,40
410,6,21,0,0.10526315867900848,41
410,6,22,0,0.30000001192092896,42
410,6,23,0,0.30000001192092896,43
410,6,24,1,0.2164948433637619,44
410,6,25,1,0.9947534203529358,45
410,6,26,1,0.9947534203529358,46
410,6,27,1,0.12871287763118744,47
410,6,28,0,0.3589743673801422,48
410,6,29,1,0.7142857313156128,49
410,6,30,1,0.025974025949835777,50
410,6,31,0,0.7222004532814026,51
410,6,32,0,0.9947534203529358,52
410,6,33,1,0.03888889029622078,53
410,6,34,1,0.01534526888281107,54
410,6,35,0,0.0,55
410,6,36,0,0.12871287763118744,56
410,6,37,0,0.28212225437164307,57
410,6,38,0,0.01534526888281107,58
410,6,39,1,0.12871287763118744,59
410,6,40,1,0.0,60
412,5,5,1,0.800000011920929,1
412,5,6,0,0.03888889029622078,2
412,5,7,0,0.01534526888281107,3
412,5,8,1,0.3589743673801422,4
412,5,9,0,0.032786883413791656,5
412,5,10,1,0.9947534203529358,6
412,5,11,1,0.25,7
412,5,12,0,0.054794520139694214,8
412,5,13,1,0.7142857313156128,9
412,5,14,0,0.01534526888281107,10
412,5,15,0,0.0,11
412,5,16,0,0.12871287763118744,12
412,5,17,0,0.0,13
412,5,18,1,0.7142857313156128,14
412,5,19,1,0.16129031777381897,15
412,5,20,1,0.3589743673801422,16
412,5,21,0,0.0,17
412,5,22,0,0.007751937955617905,18
412,5,23,0,0.01534526888281107,19
412,5,24,1,0.3589743673801422,20
412,5,25,0,0.0,21
412,5,26,0,0.0,22
412,5,27,0,0.0,23
412,5,28,1,0.970588207244873,24
412,5,29,0,0.0,25
412,5,30,0,0.008064515888690948,26
412,5,31,0,0.01534526888281107,27
412,5,32,0,0.01534526888281107,28
412,5,33,1,0.5263158082962036,29
412,5,34,0,0.03888889029622078,30
412,5,35,0,0.0,31
412,5,36,1,0.8974359035491943,32
412,5,37,0,0.01534526888281107,33
412,5,38,0,0.0,34
412,5,39,1,0.9166666865348816,35
412,5,40,0,0.0,36
413,5,33,1,0.2164948433637619,1
413,5,34,0,0.25,2
413,5,35,0,0.03888889029622078,3
413,5,36,1,0.054794520139694214,4
413,5,37,0,0.25,5
413,5,38,0,0.008064515888690948,6
413,5,39,1,0.16129031777381897,7
413,5,40,0,0.25,8
413,6,1,0,0.01534526888281107,9
413,6,2,0,0.0,10
413,6,3,0,0.01534526888281107,11
413,6,4,0,0.2164948433637619,12
413,6,5,0,0.03888889029622078,13
413,6,6,0,0.03888889029622078,14
413,6,7,0,0.2164948433637619,15
413,6,8,0,0.054794520139694214,16
413,6,9,0,0.25,17
413,6,10,0,0.054794520139694214,18
413,6,11,0,0.12871287763118744,19
413,6,12,0,0.2164948433637619,20
413,6,13,0,0.3589743673801422,21
413,6,14,0,0.16129031777381897,22
413,6,15,0,0.25,23
413,6,16,0,0.25,24
413,6,17,1,0.3589743673801422,25
413,6,18,1,0.5,26
413,6,19,1,0.3589743673801422,27
413,6,20,1,0.25,28
413,6,21,0,0.027027027681469917,29
413,6,22,0,0.5263158082962036,30
413,6,23,0,0.25,31
413,6,24,1,0.16129031777381897,32
413,6,25,1,0.5263158082962036,33
413,6,26,1,0.6410256624221802,34
413,6,27,1,0.054794520139694214,35
413,6,28,0,0.3589743673801422,36
413,6,29,1,0.8135592937469482,37
413,6,30,1,0.0,38
413,6,31,1,0.7142857313156128,39
413,6,32,0,0.054794520139694214,40
413,6,33,1,0.01534526888281107,41
413,6,34,1,0.0,42
413,6,35,0,0.0,43
413,6,36,0,0.0,44
413,6,37,0,0.25,45
413,6,38,0,0.01534526888281107,46
413,6,39,1,0.16129031777381897,47
413,6,40,1,0.0,48
416,4,33,0,0.25,1
416,4,34,0,0.16129031777381897,2
416,4,35,0,0.0,3
416,4,36,0,0.008064515888690948,4
416,4,37,0,0.0,5
416,4,38,0,0.054794520139694214,6
416,4,39,0,0.0,7
416,4,40,0,0.0,8
416,5,1,0,0.12871287763118744,9
416,5,2,0,0.054794520139694214,10
416,5,3,0,0.054794520139694214,11
416,5,4,1,0.16129031777381897,12
416,5,5,1,0.3589743673801422,13
416,5,6,0,0.0,14
416,5,7,0,0.027027027681469917,15
416,5,8,1,0.5263158082962036,16
416,5,9,0,0.25,17
416,5,10,1,0.8135592937469482,18
416,5,11,1,0.9947534203529358,19
416,5,12,0,0.12871287763118744,20
416,5,13,1,0.9947534203529358,21
416,5,14,0,0.0,22
416,5,15,0,0.008064515888690948,23
416,5,16,0,0.054794520139694214,24
416,5,17,0,0.02365671843290329,25
416,5,18,1,0.9947534203529358,26
416,5,19,1,0.7142857313156128,27
416,5,20,1,0.9947534203529358,28
416,5,21,0,0.01534526888281107,29
416,5,22,0,0.2164948433637619,30
416,5,23,0,0.01534526888281107,31
416,5,24,1,0.9947534203529358,32
416,5,25,0,0.0,33
416,5,26,0,0.0,34
416,5,27,0,0.0,35
416,5,28,1,1.0,36
416,5,29,0,0.0,37
416,5,30,0,0.0,38
416,5,31,0,0.01534526888281107,39
416,5,32,0,0.032786883413791656,40
416,5,33,1,0.6410256624221802,41
416,5,34,0,0.01534526888281107,42
416,5,35,0,0.0,43
416,5,36,1,0.8974359035491943,44
416,5,37,0,0.03888889029622078,45
416,5,38,0,0.01534526888281107,46
416,5,39,1,0.9947534203529358,47
416,5,40,0,0.0,48
417,5,17,0,0.30000001192092896,1
417,5,18,1,0.7142857313156128,2
417,5,19,1,0.16129031777381897,3
417,5,20,1,0.5,4
417,5,21,0,0.032786883413791656,5
417,5,22,1,0.03888889029622078,6
417,5,23,0,0.03888889029622078,7
417,5,24,1,0.5,8
417,5,25,0,0.0,9
417,5,26,0,0.16129031777381897,10
417,5,27,0,0.01534526888281107,11
417,5,28,1,0.9947534203529358,12
417,5,29,0,0.0,13
417,5,30,0,0.0,14
417,5,31,0,0.0,15
417,5,32,0,0.032786883413791656,16
417,5,33,1,0.8135592937469482,17
417,5,34,0,0.0,18
417,5,35,0,0.0,19
417,5,36,1,0.9947534203529358,20
417,5,37,0,0.06666667014360428,21
417,5,38,0,0.007751937955617905,22
417,5,39,1,0.9947534203529358,23
417,5,40,0,0.008064515888690948,24
418,4,33,0,0.25,1
418,4,34,0,0.16129031777381897,2
418,4,35,0,0.0,3
418,4,36,0,0.008064515888690948,4
418,4,37,0,0.0,5
418,4,38,0,0.054794520139694214,6
418,4,39,0,0.0,7
418,4,40,0,0.0,8
418,5,1,0,0.12871287763118744,9
418,5,2,0,0.054794520139694214,10
418,5,3,0,0.054794520139694214,11
418,5,4,1,0.16129031777381897,12
418,5,5,1,0.3589743673801422,13
418,5,6,0,0.0,14
418,5,7,0,0.027027027681469917,15
418,5,8,1,0.5263158082962036,16
418,5,9,0,0.25,17
418,5,10,1,0.8135592937469482,18
418,5,11,1,0.9947534203529358,19
418,5,12,0,0.12871287763118744,20
418,5,13,1,0.9947534203529358,21
418,5,14,0,0.0,22
418,5,15,0,0.008064515888690948,23
418,5,16,0,0.054794520139694214,24
418,5,17,0,0.02365671843290329,25
418,5,18,1,0.9947534203529358,26
418,5,19,1,0.7142857313156128,27
418,5,20,1,0.9947534203529358,28
418,5,21,0,0.01534526888281107,29
418,5,22,1,0.2164948433637619,30
418,5,23,0,0.03888889029622078,31
418,5,24,1,0.9947534203529358,32
418,5,25,0,0.0,33
418,5,26,0,0.008064515888690948,34
418,5,27,0,0.0,35
418,5,28,1,1.0,36
418,5,29,0,0.0,37
418,5,30,0,0.0,38
418,5,31,0,0.01534526888281107,39
418,5,32,0,0.007751937955617905,40
418,5,33,1,0.7142857313156128,41
418,5,34,0,0.01534526888281107,42
418,5,35,0,0.0,43
418,5,36,1,0.9947534203529358,44
418,5,37,0,0.03888889029622078,45
418,5,38,0,0.008064515888690948,46
418,5,39,1,0.9947534203529358,47
418,5,40,0,0.008064515888690948,48
421,6,5,0,0.7142857313156128,1
421,6,6,0,0.16129031777381897,2
421,6,7,0,0.25,3
421,6,8,0,0.25,4
421,6,9,0,0.2164948433637619,5
421,6,10,0,0.1190796047449112,6
421,6,11,0,0.01534526888281107,7
421,6,12,0,0.0,8
421,6,13,0,0.01534526888281107,9
421,6,14,0,0.0,10
421,6,15,0,0.03888889029622078,11
421,6,16,0,0.054794520139694214,12
421,6,17,1,0.5075432062149048,13
421,6,18,1,0.9947534203529358,14
421,6,19,1,0.9947534203529358,15
421,6,20,1,0.9947534203529358,16
421,6,21,0,0.25,17
421,6,22,0,0.3589743673801422,18
421,6,23,0,0.3589743673801422,19
421,6,24,1,0.9947534203529358,20
421,6,25,1,0.9947534203529358,21
421,6,26,1,0.9947534203529358,22
421,6,27,1,0.6410256624221802,23
421,6,28,0,0.5,24
421,6,29,1,0.8135592937469482,25
421,6,30,1,0.01534526888281107,26
421,6,31,0,0.3589743673801422,27
421,6,32,0,0.5,28
421,6,33,1,0.0,29
421,6,34,1,0.0,30
421,6,35,0,0.0,31
421,6,36,0,0.0,32
421,6,37,0,0.12871287763118744,33
421,6,38,0,0.0,34
421,6,39,1,0.01534526888281107,35
421,6,40,1,0.0,36
423,5,33,1,0.2164948433637619,1
423,5,34,0,0.032786883413791656,2
423,5,35,0,0.01534526888281107,3
423,5,36,1,0.01534526888281107,4
423,5,37,0,0.25,5
423,5,38,0,0.16129031777381897,6
423,5,39,1,0.2164948433637619,7
423,5,40,0,0.25,8
423,6,1,0,0.054794520139694214,9
423,6,2,0,0.032786883413791656,10
423,6,3,0,0.027027027681469917,11
423,6,4,0,0.30000001192092896,12
423,6,5,0,0.12871287763118744,13
423,6,6,0,0.09090909361839294,14
423,6,7,0,0.30000001192092896,15
423,6,8,0,0.12871287763118744,16
423,6,9,0,0.2164948433637619,17
423,6,10,0,0.05743243172764778,18
423,6,11,0,0.03888889029622078,19
423,6,12,0,0.2164948433637619,20
423,6,13,0,0.25,21
423,6,14,0,0.2164948433637619,22
423,6,15,0,0.3589743673801422,23
423,6,16,0,0.30000001192092896,24
423,6,17,1,0.7142857313156128,25
423,6,18,1,0.9947534203529358,26
423,6,19,1,0.8974359035491943,27
423,6,20,1,0.9947534203529358,28
423,6,21,0,0.5263158082962036,29
423,6,22,0,0.9117646813392639,30
423,6,23,0,0.9166666865348816,31
423,6,24,1,0.8135592937469482,32
423,6,25,1,0.9947534203529358,33
423,6,26,1,0.9947534203529358,34
423,6,27,1,0.5263158082962036,35
423,6,28,0,0.7142857313156128,36
423,6,29,1,0.7142857313156128,37
423,6,30,1,0.01534526888281107,38
423,6,31,0,0.8135592937469482,39
423,6,32,0,0.8135592937469482,40
423,6,33,1,0.025974025949835777,41
423,6,34,1,0.01534526888281107,42
423,6,35,0,0.0,43
423,6,36,0,0.06666667014360428,44
423,6,37,0,0.3589743673801422,45
423,6,38,0,0.032786883413791656,46
423,6,39,1,0.2164948433637619,47
423,6,40,1,0.0,48
424,4,33,0,0.25,1
424,4,34,0,0.16129031777381897,2
424,4,35,0,0.0,3
424,4,36,0,0.008064515888690948,4
424,4,37,0,0.0,5
424,4,38,0,0.054794520139694214,6
424,4,39,0,0.0,7
424,4,40,0,0.0,8
424,5,1,0,0.12871287763118744,9
424,5,2,0,0.054794520139694214,10
424,5,3,0,0.054794520139694214,11
424,5,4,1,0.16129031777381897,12
424,5,5,1,0.3589743673801422,13
424,5,6,0,0.0,14
424,5,7,0,0.027027027681469917,15
424,5,8,1,0.5263158082962036,16
424,5,9,0,0.25,17
424,5,10,1,0.8135592937469482,18
424,5,11,1,0.9947534203529358,19
424,5,12,0,0.12871287763118744,20
424,5,13,1,0.9947534203529358,21
424,5,14,0,0.0,22
424,5,15,0,0.008064515888690948,23
424,5,16,0,0.054794520139694214,24
424,5,17,0,0.02365671843290329,25
424,5,18,1,0.9947534203529358,26
424,5,19,1,0.7142857313156128,27
424,5,20,1,0.9947534203529358,28
424,5,21,0,0.01534526888281107,29
424,5,22,0,0.2164948433637619,30
424,5,23,0,0.01534526888281107,31
424,5,24,1,0.9947534203529358,32
424,5,25,0,0.0,33
424,5,26,0,0.0,34
424,5,27,0,0.0,35
424,5,28,1,1.0,36
424,5,29,0,0.0,37
424,5,30,0,0.0,38
424,5,31,0,0.01534526888281107,39
424,5,32,0,0.032786883413791656,40
424,5,33,1,0.6410256624221802,41
424,5,34,0,0.01534526888281107,42
424,5,35,0,0.0,43
424,5,36,1,0.8974359035491943,44
424,5,37,0,0.03888889029622078,45
424,5,38,0,0.01534526888281107,46
424,5,39,1,0.9947534203529358,47
424,5,40,0,0.0,48
425,4,33,0,0.25,1
425,4,34,0,0.16129031777381897,2
425,4,35,0,0.0,3
425,4,36,0,0.008064515888690948,4
425,4,37,0,0.0,5
425,4,38,0,0.054794520139694214,6
425,4,39,0,0.0,7
425,4,40,0,0.0,8
425,5,1,1,0.12871287763118744,9
425,5,2,0,0.0,10
425,5,3,0,0.054794520139694214,11
425,5,4,1,0.6410256624221802,12
425,5,5,1,0.25,13
425,5,6,0,0.0,14
425,5,7,0,0.008064515888690948,15
425,5,8,1,0.3589743673801422,16
425,5,9,0,0.12871287763118744,17
425,5,10,1,0.8999999761581421,18
425,5,11,1,0.9947534203529358,19
425,5,12,0,0.025974025949835777,20
425,5,13,1,0.9947534203529358,21
425,5,14,0,0.0,22
425,5,15,0,0.01534526888281107,23
425,5,16,0,0.032786883413791656,24
425,5,17,0,0.025974025949835777,25
425,5,18,1,0.9947534203529358,26
425,5,19,1,0.3589743673801422,27
425,5,20,1,0.9947534203529358,28
425,5,21,0,0.008064515888690948,29
425,5,22,0,0.7142857313156128,30
425,5,23,0,0.06647667288780212,31
425,5,24,1,0.9117646813392639,32
425,5,25,0,0.0,33
425,5,26,0,0.09090909361839294,34
425,5,27,0,0.01534526888281107,35
425,5,28,1,0.9947534203529358,36
425,5,29,0,0.0,37
425,5,30,0,0.12871287763118744,38
425,5,31,0,0.25,39
425,5,32,0,0.054794520139694214,40
425,5,33,1,0.8135592937469482,41
425,5,34,0,0.01534526888281107,42
425,5,35,0,0.0,43
425,5,36,1,0.9166666865348816,44
425,5,37,0,0.03888889029622078,45
425,5,38,0,0.027027027681469917,46
425,5,39,1,0.9947534203529358,47
425,5,40,0,0.008064515888690948,48
426,5,5,0,0.7142857313156128,1
426,5,6,0,0.3589743673801422,2
426,5,7,0,0.7142857313156128,3
426,5,8,1,0.6410256624221802,4
426,5,9,0,0.12871287763118744,5
426,5,10,1,0.5,6
426,5,11,1,0.25,7
426,5,12,0,0.027027027681469917,8
426,5,13,1,0.5263158082962036,9
426,5,14,0,0.007751937955617905,10
426,5,15,0,0.0,11
426,5,16,0,0.007751937955617905,12
426,5,17,0,0.12871287763118744,13
426,5,18,1,0.9947534203529358,14
426,5,19,1,0.25,15
426,5,20,1,0.6474807262420654,16
426,5,21,0,0.0,17
426,5,22,0,0.032786883413791656,18
426,5,23,0,0.01534526888281107,19
426,5,24,1,0.9947534203529358,20
426,5,25,0,0.0,21
426,5,26,0,0.0,22
426,5,27,0,0.0,23
426,5,28,1,1.0,24
426,5,29,0,0.0,25
426,5,30,0,0.0,26
426,5,31,0,0.0,27
426,5,32,0,0.032786883413791656,28
426,5,33,1,0.8135592937469482,29
426,5,34,0,0.054794520139694214,30
426,5,35,0,0.01534526888281107,31
426,5,36,1,0.9947534203529358,32
426,5,37,0,0.2164948433637619,33
426,5,38,0,0.025974025949835777,34
426,5,39,1,0.9947534203529358,35
426,5,40,0,0.0,36
429,5,33,1,0.2164948433637619,1
429,5,34,0,0.032786883413791656,2
429,5,35,0,0.01534526888281107,3
429,5,36,1,0.01534526888281107,4
429,5,37,0,0.25,5
429,5,38,0,0.16129031777381897,6
429,5,39,1,0.2164948433637619,7
429,5,40,0,0.25,8
429,6,1,0,0.054794520139694214,9
429,6,2,0,0.032786883413791656,10
429,6,3,0,0.027027027681469917,11
429,6,4,0,0.30000001192092896,12
429,6,5,0,0.12871287763118744,13
429,6,6,0,0.09090909361839294,14
429,6,7,0,0.30000001192092896,15
429,6,8,0,0.12871287763118744,16
429,6,9,0,0.2164948433637619,17
429,6,10,0,0.05743243172764778,18
429,6,11,0,0.03888889029622078,19
429,6,12,0,0.2164948433637619,20
429,6,13,0,0.25,21
429,6,14,0,0.2164948433637619,22
429,6,15,0,0.3589743673801422,23
429,6,16,0,0.30000001192092896,24
429,6,17,1,0.7142857313156128,25
429,6,18,1,0.9947534203529358,26
429,6,19,1,0.8974359035491943,27
429,6,20,1,0.9947534203529358,28
429,6,21,0,0.5263158082962036,29
429,6,22,0,0.9117646813392639,30
429,6,23,0,0.9166666865348816,31
429,6,24,1,0.8135592937469482,32
429,6,25,1,0.9947534203529358,33
429,6,26,1,0.9947534203529358,34
429,6,27,1,0.5263158082962036,35
429,6,28,0,0.7142857313156128,36
429,6,29,1,0.7142857313156128,37
429,6,30,1,0.01534526888281107,38
429,6,31,0,0.8135592937469482,39
429,6,32,0,0.8135592937469482,40
429,6,33,1,0.025974025949835777,41
429,6,34,1,0.01534526888281107,42
429,6,35,0,0.0,43
429,6,36,0,0.06666667014360428,44
429,6,37,0,0.3589743673801422,45
429,6,38,0,0.032786883413791656,46
429,6,39,1,0.2164948433637619,47
429,6,40,1,0.0,48
431,5,33,1,0.2164948433637619,1
431,5,34,0,0.032786883413791656,2
431,5,35,0,0.01534526888281107,3
431,5,36,1,0.01534526888281107,4
431,5,37,0,0.25,5
431,5,38,0,0.16129031777381897,6
431,5,39,1,0.2164948433637619,7
431,5,40,0,0.25,8
431,6,1,0,0.054794520139694214,9
431,6,2,0,0.032786883413791656,10
431,6,3,0,0.027027027681469917,11
431,6,4,1,0.30000001192092896,12
431,6,5,0,0.3589743673801422,13
431,6,6,0,0.16129031777381897,14
431,6,7,0,0.16129031777381897,15
431,6,8,0,0.25,16
431,6,9,0,0.16129031777381897,17
431,6,10,0,0.2164948433637619,18
431,6,11,0,0.25,19
431,6,12,0,0.03888889029622078,20
431,6,13,0,0.2164948433637619,21
431,6,14,0,0.10526315867900848,22
431,6,15,0,0.16129031777381897,23
431,6,16,0,0.03888889029622078,24
431,6,17,1,0.30000001192092896,25
431,6,18,1,0.9117646813392639,26
431,6,19,1,0.970588207244873,27
431,6,20,1,0.9947534203529358,28
431,6,21,0,0.8135592937469482,29
431,6,22,0,0.8974359035491943,30
431,6,23,0,0.5,31
431,6,24,1,0.7142857313156128,32
431,6,25,1,0.9117646813392639,33
431,6,26,1,0.9947534203529358,34
431,6,27,1,0.5263158082962036,35
431,6,28,0,0.7142857313156128,36
431,6,29,1,0.8974359035491943,37
431,6,30,1,0.025974025949835777,38
431,6,31,0,0.800000011920929,39
431,6,32,0,0.800000011920929,40
431,6,33,1,0.025974025949835777,41
431,6,34,1,0.008064515888690948,42
431,6,35,0,0.0,43
431,6,36,0,0.054794520139694214,44
431,6,37,0,0.3589743673801422,45
431,6,38,0,0.03888889029622078,46
431,6,39,1,0.2164948433637619,47
431,6,40,1,0.0,48
432,5,33,1,0.16129031777381897,1
432,5,34,0,0.25,2
432,5,35,0,0.025974025949835777,3
432,5,36,1,0.03888889029622078,4
432,5,37,0,0.25,5
432,5,38,0,0.008064515888690948,6
432,5,39,1,0.16129031777381897,7
432,5,40,0,0.25,8
432,6,1,0,0.01534526888281107,9
432,6,2,0,0.0,10
432,6,3,0,0.01534526888281107,11
432,6,4,0,0.2164948433637619,12
432,6,5,0,0.03888889029622078,13
432,6,6,0,0.032786883413791656,14
432,6,7,0,0.2164948433637619,15
432,6,8,0,0.03888889029622078,16
432,6,9,0,0.2164948433637619,17
432,6,10,0,0.054794520139694214,18
432,6,11,0,0.09090909361839294,19
432,6,12,0,0.16129031777381897,20
432,6,13,0,0.3589743673801422,21
432,6,14,0,0.2164948433637619,22
432,6,15,0,0.30000001192092896,23
432,6,16,0,0.25,24
432,6,17,1,0.3589743673801422,25
432,6,18,1,0.522585928440094,26
432,6,19,1,0.3589743673801422,27
432,6,20,1,0.25,28
432,6,21,0,0.027027027681469917,29
432,6,22,0,0.5068894028663635,30
432,6,23,0,0.25,31
432,6,24,1,0.12871287763118744,32
432,6,25,1,0.5263158082962036,33
432,6,26,1,0.6410256624221802,34
432,6,27,1,0.054794520139694214,35
432,6,28,0,0.3589743673801422,36
432,6,29,1,0.8974359035491943,37
432,6,30,1,0.007751937955617905,38
432,6,31,0,0.8135592937469482,39
432,6,32,0,0.9947534203529358,40
432,6,33,1,0.03904110565781593,41
432,6,34,1,0.0,42
432,6,35,0,0.0,43
432,6,36,0,0.09090909361839294,44
432,6,37,0,0.30000001192092896,45
432,6,38,0,0.01534526888281107,46
432,6,39,1,0.12871287763118744,47
432,6,40,1,0.0,48
433,4,33,0,0.25,1
433,4,34,0,0.16129031777381897,2
433,4,35,0,0.01534526888281107,3
433,4,36,0,0.03888889029622078,4
433,4,37,0,0.032786883413791656,5
433,4,38,0,0.03888889029622078,6
433,4,39,0,0.0,7
433,4,40,0,0.0,8
433,5,1,1,0.3589743673801422,9
433,5,2,0,0.007751937955617905,10
433,5,3,0,0.16129031777381897,11
433,5,4,1,0.7142857313156128,12
433,5,5,1,0.2164948433637619,13
433,5,6,0,0.0,14
433,5,7,0,0.01534526888281107,15
433,5,8,1,0.7142857313156128,16
433,5,9,0,0.03888889029622078,17
433,5,10,1,0.8135592937469482,18
433,5,11,1,0.9947534203529358,19
433,5,12,0,0.007751937955617905,20
433,5,13,1,0.9947534203529358,21
433,5,14,0,0.0,22
433,5,15,0,0.008064515888690948,23
433,5,16,0,0.027027027681469917,24
433,5,17,0,0.01534526888281107,25
433,5,18,1,0.9947534203529358,26
433,5,19,1,0.3589743673801422,27
433,5,20,1,0.970588207244873,28
433,5,21,0,0.007751937955617905,29
433,5,22,0,0.5263158082962036,30
433,5,23,0,0.2164948433637619,31
433,5,24,1,0.8135592937469482,32
433,5,25,0,0.007751937955617905,33
433,5,26,0,0.03888889029622078,34
433,5,27,0,0.0,35
433,5,28,1,1.0,36
433,5,29,0,0.0,37
433,5,30,0,0.16761891543865204,38
433,5,31,0,0.3589743673801422,39
433,5,32,0,0.03888889029622078,40
433,5,33,1,0.8974359035491943,41
433,5,34,0,0.025974025949835777,42
433,5,35,0,0.01534526888281107,43
433,5,36,1,0.970588207244873,44
433,5,37,0,0.03888889029622078,45
433,5,38,0,0.01534526888281107,46
433,5,39,1,0.9947534203529358,47
433,5,40,0,0.0,48
436,5,21,0,0.30000001192092896,1
436,5,22,1,0.5,2
436,5,23,0,0.01534526888281107,3
436,5,24,1,0.2164948433637619,4
436,5,25,0,0.007751937955617905,5
436,5,26,0,0.01534526888281107,6
436,5,27,0,0.0,7
436,5,28,1,1.0,8
436,5,29,0,0.01534526888281107,9
436,5,30,0,0.16129031777381897,10
436,5,31,0,0.10526315867900848,11
436,5,32,0,0.30000001192092896,12
436,5,33,1,0.3589743673801422,13
436,5,34,0,0.25,14
436,5,35,0,0.03888889029622078,15
436,5,36,1,0.5,16
436,5,37,0,0.03888889029622078,17
436,5,38,0,0.008064515888690948,18
436,5,39,1,0.9166666865348816,19
436,5,40,0,0.03888889029622078,20
436,6,1,0,0.03888889029622078,21
436,6,2,0,0.025974025949835777,22
436,6,3,0,0.03888889029622078,23
436,6,4,0,0.2164948433637619,24
436,6,5,0,0.12871287763118744,25
436,6,6,0,0.054794520139694214,26
436,6,7,0,0.054794520139694214,27
436,6,8,0,0.03888889029622078,28
436,6,9,0,0.03888889029622078,29
436,6,10,0,0.25,30
436,6,11,0,0.3589743673801422,31
436,6,12,0,0.16129031777381897,32
436,6,13,1,0.6410256624221802,33
436,6,14,0,0.30000001192092896,34
436,6,15,0,0.03888889029622078,35
436,6,16,0,0.03888889029622078,36
436,6,17,1,0.2164948433637619,37
436,6,18,1,0.16129031777381897,38
436,6,19,1,0.5263158082962036,39
436,6,20,1,0.8999999761581421,40
436,6,21,0,0.03888889029622078,41
436,6,22,0,0.25,42
436,6,23,0,0.25,43
436,6,24,1,0.25,44
436,6,25,1,0.9947534203529358,45
436,6,26,1,0.9947534203529358,46
436,6,27,0,0.12871287763118744,47
436,6,28,0,0.970588207244873,48
436,6,29,1,0.9166666865348816,49
436,6,30,1,0.16129031777381897,50
436,6,31,0,0.3589743673801422,51
436,6,32,0,0.5263158082962036,52
436,6,33,1,0.3589743673801422,53
436,6,34,1,0.03888889029622078,54
436,6,35,0,0.0,55
436,6,36,0,0.03888889029622078,56
436,6,37,0,0.30000001192092896,57
436,6,38,0,0.01534526888281107,58
436,6,39,1,0.12871287763118744,59
436,6,40,1,0.0,60
437,5,5,1,0.7142857313156128,1
437,5,6,0,0.12871287763118744,2
437,5,7,0,0.03888889029622078,3
437,5,8,1,0.5,4
437,5,9,0,0.03888889029622078,5
437,5,10,1,0.9947534203529358,6
437,5,11,1,0.25,7
437,5,12,0,0.12871287763118744,8
437,5,13,1,0.800000011920929,9
437,5,14,0,0.01534526888281107,10
437,5,15,0,0.007751937955617905,11
437,5,16,0,0.2164948433637619,12
437,5,17,0,0.01534526888281107,13
437,5,18,1,0.8135592937469482,14
437,5,19,1,0.2164948433637619,15
437,5,20,1,0.5,16
437,5,21,0,0.0,17
437,5,22,1,0.008064515888690948,18
437,5,23,0,0.008064515888690948,19
437,5,24,1,0.5,20
437,5,25,0,0.0,21
437,5,26,0,0.0,22
437,5,27,0,0.0,23
437,5,28,1,1.0,24
437,5,29,0,0.0,25
437,5,30,0,0.01534526888281107,26
437,5,31,0,0.025974025949835777,27
437,5,32,0,0.027027027681469917,28
437,5,33,1,0.6954246163368225,29
437,5,34,0,0.03888889029622078,30
437,5,35,0,0.0,31
437,5,36,1,0.800000011920929,32
437,5,37,0,0.03888889029622078,33
437,5,38,0,0.0,34
437,5,39,1,0.9947534203529358,35
437,5,40,0,0.0,36
438,5,5,1,0.7142857313156128,1
438,5,6,0,0.12871287763118744,2
438,5,7,0,0.03888889029622078,3
438,5,8,1,0.5,4
438,5,9,0,0.03888889029622078,5
438,5,10,1,0.9947534203529358,6
438,5,11,1,0.25,7
438,5,12,0,0.12871287763118744,8
438,5,13,1,0.800000011920929,9
438,5,14,0,0.01534526888281107,10
438,5,15,0,0.007751937955617905,11
438,5,16,0,0.2164948433637619,12
438,5,17,0,0.01534526888281107,13
438,5,18,1,0.8135592937469482,14
438,5,19,1,0.2164948433637619,15
438,5,20,1,0.5,16
438,5,21,0,0.0,17
438,5,22,1,0.008064515888690948,18
438,5,23,0,0.008064515888690948,19
438,5,24,1,0.5,20
438,5,25,0,0.0,21
438,5,26,0,0.0,22
438,5,27,0,0.0,23
438,5,28,1,1.0,24
438,5,29,0,0.0,25
438,5,30,0,0.01534526888281107,26
438,5,31,0,0.025974025949835777,27
438,5,32,0,0.027027027681469917,28
438,5,33,1,0.6954246163368225,29
438,5,34,0,0.03888889029622078,30
438,5,35,0,0.0,31
438,5,36,1,0.800000011920929,32
438,5,37,0,0.03888889029622078,33
438,5,38,0,0.0,34
438,5,39,1,0.9947534203529358,35
438,5,40,0,0.0,36
439,5,17,0,0.30000001192092896,1
439,5,18,1,0.7142857313156128,2
439,5,19,1,0.12871287763118744,3
439,5,20,1,0.3589743673801422,4
439,5,21,0,0.032786883413791656,5
439,5,22,0,0.03888889029622078,6
439,5,23,0,0.3589743673801422,7
439,5,24,1,0.9947534203529358,8
439,5,25,0,0.03888889029622078,9
439,5,26,0,0.03888889029622078,10
439,5,27,0,0.0,11
439,5,28,1,1.0,12
439,5,29,0,0.0,13
439,5,30,0,0.025974025949835777,14
439,5,31,0,0.008064515888690948,15
439,5,32,0,0.03888889029622078,16
439,5,33,1,0.9117646813392639,17
439,5,34,0,0.0,18
439,5,35,0,0.01534526888281107,19
439,5,36,1,1.0,20
439,5,37,0,0.03888889029622078,21
439,5,38,0,0.0,22
439,5,39,1,1.0,23
439,5,40,0,0.0,24
440,5,33,1,0.16129031777381897,1
440,5,34,0,0.25,2
440,5,35,0,0.025974025949835777,3
440,5,36,1,0.03888889029622078,4
440,5,37,0,0.25,5
440,5,38,0,0.008064515888690948,6
440,5,39,1,0.16129031777381897,7
440,5,40,0,0.25,8
440,6,1,0,0.01534526888281107,9
440,6,2,0,0.0,10
440,6,3,0,0.01534526888281107,11
440,6,4,0,0.2164948433637619,12
440,6,5,0,0.03888889029622078,13
440,6,6,0,0.032786883413791656,14
440,6,7,0,0.2164948433637619,15
440,6,8,0,0.03888889029622078,16
440,6,9,0,0.2164948433637619,17
440,6,10,0,0.054794520139694214,18
440,6,11,0,0.09090909361839294,19
440,6,12,0,0.16129031777381897,20
440,6,13,0,0.3589743673801422,21
440,6,14,0,0.2164948433637619,22
440,6,15,0,0.30000001192092896,23
440,6,16,0,0.25,24
440,6,17,0,0.3589743673801422,25
440,6,18,1,0.2164948433637619,26
440,6,19,1,0.25,27
440,6,20,1,0.03888889029622078,28
440,6,21,0,0.03888889029622078,29
440,6,22,0,0.3589743673801422,30
440,6,23,0,0.2164948433637619,31
440,6,24,1,0.2164948433637619,32
440,6,25,1,0.7142857313156128,33
440,6,26,1,0.5263158082962036,34
440,6,27,1,0.0,35
440,6,28,0,0.3589743673801422,36
440,6,29,1,0.8135592937469482,37
440,6,30,1,0.01534526888281107,38
440,6,31,1,0.8135592937469482,39
440,6,32,0,0.054794520139694214,40
440,6,33,1,0.024381376802921295,41
440,6,34,1,0.0,42
440,6,35,0,0.0,43
440,6,36,0,0.032786883413791656,44
440,6,37,0,0.2164948433637619,45
440,6,38,0,0.01534526888281107,46
440,6,39,1,0.2164948433637619,47
440,6,40,1,0.0,48
441,5,21,0,0.30000001192092896,1
441,5,22,0,0.5,2
441,5,23,0,0.5263158082962036,3
441,5,24,1,0.5,4
441,5,25,0,0.025974025949835777,5
441,5,26,0,0.03888889029622078,6
441,5,27,0,0.032786883413791656,7
441,5,28,1,0.9947534203529358,8
441,5,29,0,0.032786883413791656,9
441,5,30,0,0.12871287763118744,10
441,5,31,0,0.2164948433637619,11
441,5,32,0,0.25,12
441,5,33,1,0.3589743673801422,13
441,5,34,0,0.10526315867900848,14
441,5,35,0,0.007751937955617905,15
441,5,36,1,0.25,16
441,5,37,0,0.03888889029622078,17
441,5,38,0,0.12871287763118744,18
441,5,39,1,0.800000011920929,19
441,5,40,0,0.007751937955617905,20
441,6,1,0,0.054794520139694214,21
441,6,2,0,0.025974025949835777,22
441,6,3,0,0.032786883413791656,23
441,6,4,0,0.2164948433637619,24
441,6,5,0,0.12871287763118744,25
441,6,6,0,0.06666667014360428,26
441,6,7,0,0.09090909361839294,27
441,6,8,0,0.03888889029622078,28
441,6,9,0,0.03888889029622078,29
441,6,10,0,0.25,30
441,6,11,0,0.25,31
441,6,12,0,0.10526315867900848,32
441,6,13,0,0.5,33
441,6,14,0,0.3589743673801422,34
441,6,15,0,0.25,35
441,6,16,0,0.12871287763118744,36
441,6,17,1,0.3589743673801422,37
441,6,18,1,0.5263158082962036,38
441,6,19,1,0.800000011920929,39
441,6,20,1,0.5263158082962036,40
441,6,21,0,0.12871287763118744,41
441,6,22,0,0.30000001192092896,42
441,6,23,0,0.25,43
441,6,24,1,0.16129031777381897,44
441,6,25,1,0.9947534203529358,45
441,6,26,1,0.9947534203529358,46
441,6,27,1,0.12871287763118744,47
441,6,28,0,0.6410256624221802,48
441,6,29,1,0.9117646813392639,49
441,6,30,1,0.025974025949835777,50
441,6,31,0,0.7142857313156128,51
441,6,32,0,0.9947534203529358,52
441,6,33,1,0.03904110565781593,53
441,6,34,1,0.0,54
441,6,35,0,0.0,55
441,6,36,0,0.09090909361839294,56
441,6,37,0,0.30000001192092896,57
441,6,38,0,0.01534526888281107,58
441,6,39,1,0.12871287763118744,59
441,6,40,1,0.0,60
442,5,21,0,0.30000001192092896,1
442,5,22,0,0.5,2
442,5,23,0,0.5263158082962036,3
442,5,24,1,0.5,4
442,5,25,0,0.025974025949835777,5
442,5,26,0,0.03888889029622078,6
442,5,27,0,0.032786883413791656,7
442,5,28,1,0.9947534203529358,8
442,5,29,0,0.032786883413791656,9
442,5,30,0,0.12871287763118744,10
442,5,31,0,0.2164948433637619,11
442,5,32,0,0.25,12
442,5,33,1,0.3589743673801422,13
442,5,34,0,0.10526315867900848,14
442,5,35,0,0.007751937955617905,15
442,5,36,1,0.25,16
442,5,37,0,0.03888889029622078,17
442,5,38,0,0.12871287763118744,18
442,5,39,1,0.800000011920929,19
442,5,40,0,0.007751937955617905,20
442,6,1,0,0.054794520139694214,21
442,6,2,0,0.025974025949835777,22
442,6,3,0,0.032786883413791656,23
442,6,4,0,0.2164948433637619,24
442,6,5,0,0.12871287763118744,25
442,6,6,0,0.06666667014360428,26
442,6,7,0,0.09090909361839294,27
442,6,8,0,0.03888889029622078,28
442,6,9,0,0.03888889029622078,29
442,6,10,0,0.25,30
442,6,11,0,0.25,31
442,6,12,0,0.10526315867900848,32
442,6,13,0,0.5,33
442,6,14,0,0.3589743673801422,34
442,6,15,0,0.25,35
442,6,16,0,0.12871287763118744,36
442,6,17,1,0.3589743673801422,37
442,6,18,1,0.5263158082962036,38
442,6,19,1,0.800000011920929,39
442,6,20,1,0.5263158082962036,40
442,6,21,0,0.12871287763118744,41
442,6,22,0,0.30000001192092896,42
442,6,23,0,0.25,43
442,6,24,1,0.16129031777381897,44
442,6,25,1,0.9947534203529358,45
442,6,26,1,0.9947534203529358,46
442,6,27,1,0.12871287763118744,47
442,6,28,0,0.6410256624221802,48
442,6,29,1,0.9117646813392639,49
442,6,30,1,0.025974025949835777,50
442,6,31,0,0.7142857313156128,51
442,6,32,0,0.9947534203529358,52
442,6,33,1,0.03904110565781593,53
442,6,34,1,0.0,54
442,6,35,0,0.0,55
442,6,36,0,0.09090909361839294,56
442,6,37,0,0.30000001192092896,57
442,6,38,0,0.01534526888281107,58
442,6,39,1,0.12871287763118744,59
442,6,40,1,0.0,60
446,4,33,0,0.25,1
446,4,34,0,0.16129031777381897,2
446,4,35,0,0.01534526888281107,3
446,4,36,0,0.03888889029622078,4
446,4,37,0,0.032786883413791656,5
446,4,38,0,0.03888889029622078,6
446,4,39,0,0.0,7
446,4,40,0,0.0,8
446,5,1,0,0.12871287763118744,9
446,5,2,0,0.25,10
446,5,3,0,0.25,11
446,5,4,1,0.3589743673801422,12
446,5,5,1,0.3589743673801422,13
446,5,6,0,0.0,14
446,5,7,0,0.01534526888281107,15
446,5,8,1,0.5263158082962036,16
446,5,9,0,0.16129031777381897,17
446,5,10,1,0.5263158082962036,18
446,5,11,1,0.9947534203529358,19
446,5,12,0,0.03888889029622078,20
446,5,13,1,0.9947534203529358,21
446,5,14,0,0.0,22
446,5,15,0,0.01534526888281107,23
446,5,16,0,0.054794520139694214,24
446,5,17,0,0.01534526888281107,25
446,5,18,1,0.9947534203529358,26
446,5,19,1,0.7142857313156128,27
446,5,20,1,0.9117646813392639,28
446,5,21,0,0.01534526888281107,29
446,5,22,0,0.16129031777381897,30
446,5,23,0,0.01534526888281107,31
446,5,24,1,0.9947534203529358,32
446,5,25,0,0.0,33
446,5,26,0,0.008064515888690948,34
446,5,27,0,0.0,35
446,5,28,1,1.0,36
446,5,29,0,0.0,37
446,5,30,0,0.008064515888690948,38
446,5,31,0,0.008064515888690948,39
446,5,32,0,0.03888889029622078,40
446,5,33,1,0.5,41
446,5,34,0,0.01534526888281107,42
446,5,35,0,0.01534526888281107,43
446,5,36,1,0.8135592937469482,44
446,5,37,0,0.03888889029622078,45
446,5,38,0,0.01534526888281107,46
446,5,39,1,0.9947534203529358,47
446,5,40,0,0.0,48
447,4,33,0,0.25,1
447,4,34,0,0.16129031777381897,2
447,4,35,0,0.01534526888281107,3
447,4,36,0,0.03888889029622078,4
447,4,37,0,0.032786883413791656,5
447,4,38,0,0.03888889029622078,6
447,4,39,0,0.0,7
447,4,40,0,0.0,8
447,5,1,0,0.12871287763118744,9
447,5,2,0,0.25,10
447,5,3,0,0.25,11
447,5,4,1,0.3589743673801422,12
447,5,5,1,0.3589743673801422,13
447,5,6,0,0.0,14
447,5,7,0,0.01534526888281107,15
447,5,8,1,0.5263158082962036,16
447,5,9,0,0.16129031777381897,17
447,5,10,1,0.5263158082962036,18
447,5,11,1,0.9947534203529358,19
447,5,12,0,0.03888889029622078,20
447,5,13,1,0.9947534203529358,21
447,5,14,0,0.0,22
447,5,15,0,0.01534526888281107,23
447,5,16,0,0.054794520139694214,24
447,5,17,0,0.01534526888281107,25
447,5,18,1,0.9947534203529358,26
447,5,19,0,0.7142857313156128,27
447,5,20,1,0.9947534203529358,28
447,5,21,0,0.01534526888281107,29
447,5,22,0,0.054794520139694214,30
447,5,23,0,0.01534526888281107,31
447,5,24,1,0.9947534203529358,32
447,5,25,0,0.0,33
447,5,26,0,0.01534526888281107,34
447,5,27,0,0.0,35
447,5,28,1,1.0,36
447,5,29,0,0.0,37
447,5,30,0,0.0,38
447,5,31,0,0.01534526888281107,39
447,5,32,0,0.032786883413791656,40
447,5,33,1,0.3178945481777191,41
447,5,34,0,0.025974025949835777,42
447,5,35,0,0.01534526888281107,43
447,5,36,1,0.8974359035491943,44
447,5,37,0,0.03888889029622078,45
447,5,38,0,0.01534526888281107,46
447,5,39,1,0.970588207244873,47
447,5,40,0,0.0,48
448,5,21,0,0.30000001192092896,1
448,5,22,0,0.5198682546615601,2
448,5,23,0,0.25,3
448,5,24,1,0.12871287763118744,4
448,5,25,0,0.008064515888690948,5
448,5,26,0,0.025974025949835777,6
448,5,27,0,0.025974025949835777,7
448,5,28,1,0.9947534203529358,8
448,5,29,0,0.01534526888281107,9
448,5,30,0,0.054794520139694214,10
448,5,31,0,0.03888889029622078,11
448,5,32,0,0.2164948433637619,12
448,5,33,1,0.2164948433637619,13
448,5,34,0,0.054794520139694214,14
448,5,35,0,0.0,15
448,5,36,1,0.2164948433637619,16
448,5,37,0,0.032786883413791656,17
448,5,38,0,0.08096148818731308,18
448,5,39,1,0.8135592937469482,19
448,5,40,0,0.008064515888690948,20
448,6,1,0,0.12871287763118744,21
448,6,2,0,0.03888889029622078,22
448,6,3,0,0.054794520139694214,23
448,6,4,0,0.25,24
448,6,5,0,0.2164948433637619,25
448,6,6,0,0.08145277947187424,26
448,6,7,0,0.03888889029622078,27
448,6,8,0,0.032786883413791656,28
448,6,9,0,0.03888889029622078,29
448,6,10,0,0.30000001192092896,30
448,6,11,0,0.2164948433637619,31
448,6,12,0,0.12871287763118744,32
448,6,13,0,0.3589743673801422,33
448,6,14,0,0.30000001192092896,34
448,6,15,0,0.25,35
448,6,16,0,0.12871287763118744,36
448,6,17,1,0.3589743673801422,37
448,6,18,1,0.9947534203529358,38
448,6,19,1,0.9947534203529358,39
448,6,20,1,0.9947534203529358,40
448,6,21,0,0.8135592937469482,41
448,6,22,0,0.7142857313156128,42
448,6,23,0,0.8974359035491943,43
448,6,24,1,0.7142857313156128,44
448,6,25,1,0.9947534203529358,45
448,6,26,1,0.8974359035491943,46
448,6,27,0,0.3589743673801422,47
448,6,28,0,0.25,48
448,6,29,1,0.25,49
448,6,30,1,0.01534526888281107,50
448,6,31,0,0.25,51
448,6,32,0,0.16129031777381897,52
448,6,33,1,0.06666667014360428,53
448,6,34,1,0.01534526888281107,54
448,6,35,0,0.0,55
448,6,36,0,0.01534526888281107,56
448,6,37,0,0.12871287763118744,57
448,6,38,0,0.008064515888690948,58
448,6,39,1,0.054794520139694214,59
448,6,40,1,0.0,60
449,4,17,0,0.3589743673801422,1
449,4,18,1,0.7142857313156128,2
449,4,19,0,0.054794520139694214,3
449,4,20,1,0.7142857313156128,4
449,4,21,0,0.03888889029622078,5
449,4,22,0,0.12871287763118744,6
449,4,23,1,0.25,7
449,4,24,0,0.2164948433637619,8
449,4,25,0,0.25,9
449,4,26,0,0.2164948433637619,10
449,4,27,0,0.2164948433637619,11
449,4,28,1,0.25,12
449,4,29,1,0.3589743673801422,13
449,4,30,0,0.16129031777381897,14
449,4,31,1,0.9947534203529358,15
449,4,32,0,0.0,16
449,4,33,0,0.0,17
449,4,34,0,0.0,18
449,4,35,0,0.0,19
449,4,36,0,0.7142857313156128,20
449,4,37,0,0.16129031777381897,21
449,4,38,0,0.0,22
449,4,39,0,0.03888889029622078,23
449,4,40,0,0.0,24
450,4,33,0,0.25,1
450,4,34,0,0.16129031777381897,2
450,4,35,0,0.01534526888281107,3
450,4,36,0,0.03888889029622078,4
450,4,37,0,0.032786883413791656,5
450,4,38,0,0.03888889029622078,6
450,4,39,0,0.0,7
450,4,40,0,0.0,8
450,6,1,0,0.054794520139694214,9
450,6,2,0,0.03888889029622078,10
450,6,3,0,0.03888889029622078,11
450,6,4,0,0.12871287763118744,12
450,6,5,0,0.06666667014360428,13
450,6,6,0,0.12871287763118744,14
450,6,7,0,0.16129031777381897,15
450,6,8,0,0.16129031777381897,16
450,6,9,0,0.16129031777381897,17
450,6,10,0,0.12871287763118744,18
450,6,11,0,0.12871287763118744,19
450,6,12,0,0.054794520139694214,20
450,6,13,0,0.2164948433637619,21
450,6,14,0,0.16129031777381897,22
450,6,15,0,0.16129031777381897,23
450,6,16,0,0.16129031777381897,24
450,6,17,1,0.3589743673801422,25
450,6,18,1,0.7142857313156128,26
450,6,19,1,0.970588207244873,27
450,6,20,1,0.8135592937469482,28
450,6,21,0,0.054794520139694214,29
450,6,22,0,0.5,30
450,6,23,0,0.5,31
450,6,24,1,0.25,32
450,6,25,1,0.9117646813392639,33
450,6,26,1,0.9947534203529358,34
450,6,27,1,0.2164948433637619,35
450,6,28,0,0.6410256624221802,36
450,6,29,1,0.8988157510757446,37
450,6,30,1,0.032786883413791656,38
450,6,31,1,0.9947534203529358,39
450,6,32,0,0.12871287763118744,40
450,6,33,1,0.027027027681469917,41
450,6,34,1,0.0,42
450,6,35,0,0.0,43
450,6,36,0,0.01534526888281107,44
450,6,37,0,0.12871287763118744,45
450,6,38,0,0.007751937955617905,46
450,6,39,1,0.06666667014360428,47
450,6,40,1,0.0,48
452,5,21,0,0.30000001192092896,1
452,5,22,0,0.5,2
452,5,23,0,0.5263158082962036,3
452,5,24,1,0.5,4
452,5,25,0,0.025974025949835777,5
452,5,26,0,0.03888889029622078,6
452,5,27,0,0.032786883413791656,7
452,5,28,1,0.9947534203529358,8
452,5,29,0,0.032786883413791656,9
452,5,30,0,0.12871287763118744,10
452,5,31,0,0.2164948433637619,11
452,5,32,0,0.25,12
452,5,33,1,0.3589743673801422,13
452,5,34,0,0.10526315867900848,14
452,5,35,0,0.007751937955617905,15
452,5,36,1,0.25,16
452,5,37,0,0.03888889029622078,17
452,5,38,0,0.12871287763118744,18
452,5,39,1,0.800000011920929,19
452,5,40,0,0.007751937955617905,20
452,6,1,0,0.054794520139694214,21
452,6,2,0,0.025974025949835777,22
452,6,3,0,0.032786883413791656,23
452,6,4,0,0.2164948433637619,24
452,6,5,0,0.12871287763118744,25
452,6,6,0,0.06666667014360428,26
452,6,7,0,0.09090909361839294,27
452,6,8,0,0.03888889029622078,28
452,6,9,0,0.03888889029622078,29
452,6,10,0,0.25,30
452,6,11,0,0.25,31
452,6,12,0,0.10526315867900848,32
452,6,13,0,0.5,33
452,6,14,0,0.3589743673801422,34
452,6,15,0,0.25,35
452,6,16,0,0.12871287763118744,36
452,6,17,1,0.3589743673801422,37
452,6,18,1,0.5263158082962036,38
452,6,19,1,0.800000011920929,39
452,6,20,1,0.5263158082962036,40
452,6,21,0,0.12871287763118744,41
452,6,22,0,0.30000001192092896,42
452,6,23,0,0.25,43
452,6,24,1,0.16129031777381897,44
452,6,25,1,0.9947534203529358,45
452,6,26,1,0.9947534203529358,46
452,6,27,1,0.12871287763118744,47
452,6,28,0,0.6410256624221802,48
452,6,29,1,0.9117646813392639,49
452,6,30,1,0.025974025949835777,50
452,6,31,1,0.7142857313156128,51
452,6,32,0,0.03888889029622078,52
452,6,33,1,0.01534526888281107,53
452,6,34,1,0.0,54
452,6,35,0,0.0,55
452,6,36,0,0.0,56
452,6,37,0,0.2164948433637619,57
452,6,38,0,0.01534526888281107,58
452,6,39,1,0.12871287763118744,59
452,6,40,1,0.0,60
455,5,33,1,0.16129031777381897,1
455,5,34,0,0.25,2
455,5,35,0,0.025974025949835777,3
455,5,36,1,0.03888889029622078,4
455,5,37,0,0.25,5
455,5,38,0,0.008064515888690948,6
455,5,39,1,0.16129031777381897,7
455,5,40,0,0.25,8
455,6,1,0,0.01534526888281107,9
455,6,2,0,0.0,10
455,6,3,0,0.01534526888281107,11
455,6,4,0,0.2164948433637619,12
455,6,5,0,0.03888889029622078,13
455,6,6,0,0.032786883413791656,14
455,6,7,0,0.2164948433637619,15
455,6,8,0,0.03888889029622078,16
455,6,9,0,0.2164948433637619,17
455,6,10,0,0.054794520139694214,18
455,6,11,0,0.09090909361839294,19
455,6,12,0,0.16129031777381897,20
455,6,13,0,0.3589743673801422,21
455,6,14,0,0.2164948433637619,22
455,6,15,0,0.30000001192092896,23
455,6,16,0,0.25,24
455,6,17,1,0.3589743673801422,25
455,6,18,1,0.522585928440094,26
455,6,19,1,0.3589743673801422,27
455,6,20,1,0.25,28
455,6,21,0,0.027027027681469917,29
455,6,22,0,0.5068894028663635,30
455,6,23,0,0.25,31
455,6,24,1,0.12871287763118744,32
455,6,25,1,0.5263158082962036,33
455,6,26,1,0.6410256624221802,34
455,6,27,1,0.054794520139694214,35
455,6,28,0,0.3589743673801422,36
455,6,29,1,0.8974359035491943,37
455,6,30,1,0.007751937955617905,38
455,6,31,1,0.8135592937469482,39
455,6,32,0,0.054794520139694214,40
455,6,33,1,0.01534526888281107,41
455,6,34,1,0.0,42
455,6,35,0,0.0,43
455,6,36,0,0.0,44
455,6,37,0,0.2164948433637619,45
455,6,38,0,0.01534526888281107,46
455,6,39,1,0.12871287763118744,47
455,6,40,1,0.0,48
456,4,33,0,0.25,1
456,4,34,0,0.16129031777381897,2
456,4,35,0,0.01534526888281107,3
456,4,36,0,0.03888889029622078,4
456,4,37,0,0.032786883413791656,5
456,4,38,0,0.03888889029622078,6
456,4,39,0,0.0,7
456,4,40,0,0.0,8
456,5,1,1,0.3589743673801422,9
456,5,2,0,0.007751937955617905,10
456,5,3,0,0.16129031777381897,11
456,5,4,1,0.7142857313156128,12
456,5,5,1,0.2164948433637619,13
456,5,6,0,0.0,14
456,5,7,0,0.01534526888281107,15
456,5,8,1,0.7142857313156128,16
456,5,9,0,0.03888889029622078,17
456,5,10,1,0.8135592937469482,18
456,5,11,1,0.9947534203529358,19
456,5,12,0,0.007751937955617905,20
456,5,13,1,0.9947534203529358,21
456,5,14,0,0.0,22
456,5,15,0,0.008064515888690948,23
456,5,16,0,0.027027027681469917,24
456,5,17,0,0.01534526888281107,25
456,5,18,1,0.9947534203529358,26
456,5,19,1,0.3589743673801422,27
456,5,20,1,0.970588207244873,28
456,5,21,0,0.007751937955617905,29
456,5,22,1,0.5263158082962036,30
456,5,23,0,0.025974025949835777,31
456,5,24,1,0.7142857313156128,32
456,5,25,0,0.008064515888690948,33
456,5,26,0,0.01534526888281107,34
456,5,27,0,0.007751937955617905,35
456,5,28,1,0.9947534203529358,36
456,5,29,0,0.0,37
456,5,30,0,0.12871287763118744,38
456,5,31,0,0.25,39
456,5,32,0,0.025974025949835777,40
456,5,33,1,0.8135592937469482,41
456,5,34,0,0.01534526888281107,42
456,5,35,0,0.01534526888281107,43
456,5,36,1,0.9947534203529358,44
456,5,37,0,0.03888889029622078,45
456,5,38,0,0.0,46
456,5,39,1,0.9947534203529358,47
456,5,40,0,0.01534526888281107,48
457,5,21,0,0.30000001192092896,1
457,5,22,1,0.5,2
457,5,23,0,0.01534526888281107,3
457,5,24,1,0.2164948433637619,4
457,5,25,0,0.007751937955617905,5
457,5,26,0,0.01534526888281107,6
457,5,27,0,0.0,7
457,5,28,1,1.0,8
457,5,29,0,0.01534526888281107,9
457,5,30,0,0.16129031777381897,10
457,5,31,0,0.10526315867900848,11
457,5,32,0,0.30000001192092896,12
457,5,33,1,0.3589743673801422,13
457,5,34,0,0.25,14
457,5,35,0,0.03888889029622078,15
457,5,36,1,0.5,16
457,5,37,0,0.03888889029622078,17
457,5,38,0,0.008064515888690948,18
457,5,39,1,0.9166666865348816,19
457,5,40,0,0.03888889029622078,20
457,6,1,0,0.03888889029622078,21
457,6,2,0,0.025974025949835777,22
457,6,3,0,0.03888889029622078,23
457,6,4,0,0.2164948433637619,24
457,6,5,0,0.12871287763118744,25
457,6,6,0,0.054794520139694214,26
457,6,7,0,0.054794520139694214,27
457,6,8,0,0.03888889029622078,28
457,6,9,0,0.03888889029622078,29
457,6,10,0,0.25,30
457,6,11,0,0.3589743673801422,31
457,6,12,0,0.16129031777381897,32
457,6,13,0,0.6410256624221802,33
457,6,14,0,0.5,34
457,6,15,0,0.30000001192092896,35
457,6,16,0,0.16129031777381897,36
457,6,17,1,0.3589743673801422,37
457,6,18,1,0.3589743673801422,38
457,6,19,1,0.8135592937469482,39
457,6,20,1,0.9117646813392639,40
457,6,21,0,0.10526315867900848,41
457,6,22,0,0.25,42
457,6,23,0,0.25,43
457,6,24,1,0.16129031777381897,44
457,6,25,1,0.9947534203529358,45
457,6,26,1,0.9947534203529358,46
457,6,27,0,0.12871287763118744,47
457,6,28,0,0.9947534203529358,48
457,6,29,1,0.9117646813392639,49
457,6,30,1,0.12871287763118744,50
457,6,31,0,0.3589743673801422,51
457,6,32,0,0.6410256624221802,52
457,6,33,1,0.5,53
457,6,34,1,0.032403141260147095,54
457,6,35,0,0.0,55
457,6,36,0,0.06666667014360428,56
457,6,37,0,0.25,57
457,6,38,0,0.008064515888690948,58
457,6,39,1,0.12871287763118744,59
457,6,40,1,0.0,60
460,4,33,0,0.25,1
460,4,34,0,0.16129031777381897,2
460,4,35,0,0.01534526888281107,3
460,4,36,0,0.03888889029622078,4
460,4,37,0,0.032786883413791656,5
460,4,38,0,0.03888889029622078,6
460,4,39,0,0.0,7
460,4,40,0,0.0,8
460,6,1,0,0.054794520139694214,9
460,6,2,0,0.03888889029622078,10
460,6,3,0,0.03888889029622078,11
460,6,4,0,0.12871287763118744,12
460,6,5,0,0.06666667014360428,13
460,6,6,0,0.12871287763118744,14
460,6,7,0,0.16129031777381897,15
460,6,8,0,0.16129031777381897,16
460,6,9,0,0.16129031777381897,17
460,6,10,0,0.12871287763118744,18
460,6,11,0,0.12871287763118744,19
460,6,12,0,0.054794520139694214,20
460,6,13,0,0.2164948433637619,21
460,6,14,0,0.16129031777381897,22
460,6,15,0,0.16129031777381897,23
460,6,16,0,0.16129031777381897,24
460,6,17,0,0.3589743673801422,25
460,6,18,1,0.2164948433637619,26
460,6,19,1,0.8974359035491943,27
460,6,20,1,0.800000011920929,28
460,6,21,0,0.3589743673801422,29
460,6,22,0,0.800000011920929,30
460,6,23,0,0.7142857313156128,31
460,6,24,1,0.25,32
460,6,25,1,0.9947534203529358,33
460,6,26,1,0.970588207244873,34
460,6,27,1,0.025974025949835777,35
460,6,28,0,0.6410256624221802,36
460,6,29,1,0.7142857313156128,37
460,6,30,1,0.054794520139694214,38
460,6,31,0,0.9947534203529358,39
460,6,32,0,0.9947534203529358,40
460,6,33,1,0.16129031777381897,41
460,6,34,1,0.0,42
460,6,35,0,0.0,43
460,6,36,0,0.10526315867900848,44
460,6,37,0,0.25,45
460,6,38,0,0.007751937955617905,46
460,6,39,1,0.09090909361839294,47
460,6,40,1,0.0,48
461,4,17,0,0.3589743673801422,1
461,4,18,1,0.7142857313156128,2
461,4,19,0,0.054794520139694214,3
461,4,20,1,0.7142857313156128,4
461,4,21,0,0.03888889029622078,5
461,4,22,0,0.12871287763118744,6
461,4,23,1,0.25,7
461,4,24,0,0.25,8
461,4,25,0,0.2164948433637619,9
461,4,26,0,0.2164948433637619,10
461,4,27,0,0.2164948433637619,11
461,4,28,1,0.3589743673801422,12
461,4,29,0,0.3589743673801422,13
461,4,30,1,0.16129031777381897,14
461,4,31,1,0.3589743673801422,15
461,4,32,0,0.16129031777381897,16
461,4,33,0,0.2164948433637619,17
461,4,34,0,0.03888889029622078,18
461,4,35,0,0.01534526888281107,19
461,4,36,0,0.25,20
461,4,37,0,0.16129031777381897,21
461,4,38,0,0.01534526888281107,22
461,4,39,0,0.025974025949835777,23
461,4,40,0,0.0,24
463,4,17,0,0.3589743673801422,1
463,4,18,1,0.7142857313156128,2
463,4,19,0,0.054794520139694214,3
463,4,20,1,0.7142857313156128,4
463,4,21,0,0.03888889029622078,5
463,4,22,0,0.12871287763118744,6
463,4,23,1,0.25,7
463,4,24,0,0.25,8
463,4,25,0,0.2164948433637619,9
463,4,26,0,0.2164948433637619,10
463,4,27,0,0.2164948433637619,11
463,4,28,1,0.3589743673801422,12
463,4,29,1,0.3589743673801422,13
463,4,30,0,0.12871287763118744,14
463,4,31,1,0.9117646813392639,15
463,4,32,0,0.0,16
463,4,33,0,0.0,17
463,4,34,0,0.0,18
463,4,35,0,0.0,19
463,4,36,0,0.7142857313156128,20
463,4,37,0,0.12871287763118744,21
463,4,38,0,0.0,22
463,4,39,0,0.03888889029622078,23
463,4,40,0,0.007751937955617905,24
464,4,17,0,0.3589743673801422,1
464,4,18,1,0.7142857313156128,2
464,4,19,0,0.054794520139694214,3
464,4,20,1,0.7142857313156128,4
464,4,21,0,0.03888889029622078,5
464,4,22,0,0.12871287763118744,6
464,4,23,1,0.25,7
464,4,24,0,0.25,8
464,4,25,0,0.2164948433637619,9
464,4,26,0,0.2164948433637619,10
464,4,27,0,0.2164948433637619,11
464,4,28,1,0.3589743673801422,12
464,4,29,1,0.3589743673801422,13
464,4,30,0,0.12871287763118744,14
464,4,31,1,0.9117646813392639,15
464,4,32,0,0.0,16
464,4,33,0,0.0,17
464,4,34,0,0.0,18
464,4,35,0,0.0,19
464,4,36,0,0.7142857313156128,20
464,4,37,0,0.12871287763118744,21
464,4,38,0,0.0,22
464,4,39,0,0.03888889029622078,23
464,4,40,0,0.007751937955617905,24
465,4,17,0,0.3589743673801422,1
465,4,18,1,0.7142857313156128,2
465,4,19,0,0.054794520139694214,3
465,4,20,1,0.7142857313156128,4
465,4,21,0,0.03888889029622078,5
465,4,22,0,0.12871287763118744,6
465,4,23,1,0.25,7
465,4,24,0,0.25,8
465,4,25,0,0.2164948433637619,9
465,4,26,0,0.2164948433637619,10
465,4,27,0,0.2164948433637619,11
465,4,28,1,0.3589743673801422,12
465,4,29,0,0.3589743673801422,13
465,4,30,0,0.16129031777381897,14
465,4,31,1,0.8974359035491943,15
465,4,32,0,0.03888889029622078,16
465,4,33,0,0.06666667014360428,17
465,4,34,0,0.10526315867900848,18
465,4,35,0,0.03888889029622078,19
465,4,36,0,0.5263158082962036,20
465,4,37,0,0.2164948433637619,21
465,4,38,0,0.01534526888281107,22
465,4,39,0,0.03888889029622078,23
465,4,40,0,0.01534526888281107,24
466,4,17,0,0.3589743673801422,1
466,4,18,0,0.7142857313156128,2
466,4,19,0,0.9117646813392639,3
466,4,20,1,0.25,4
466,4,21,0,0.12871287763118744,5
466,4,22,0,0.2164948433637619,6
466,4,23,1,0.25,7
466,4,24,0,0.3589743673801422,8
466,4,25,0,0.01534526888281107,9
466,4,26,0,0.008064515888690948,10
466,4,27,0,0.0,11
466,4,28,1,0.12871287763118744,12
466,4,29,0,0.25,13
466,4,30,0,0.12871287763118744,14
466,4,31,1,0.8135592937469482,15
466,4,32,0,0.032786883413791656,16
466,4,33,0,0.2164948433637619,17
466,4,34,0,0.25,18
466,4,35,0,0.03888889029622078,19
466,4,36,0,0.25,20
466,4,37,0,0.12871287763118744,21
466,4,38,0,0.12871287763118744,22
466,4,39,0,0.027027027681469917,23
466,4,40,0,0.01534526888281107,24
467,4,33,0,0.25,1
467,4,34,0,0.2164948433637619,2
467,4,35,0,0.032786883413791656,3
467,4,36,0,0.054794520139694214,4
467,4,37,0,0.03888889029622078,5
467,4,38,0,0.06666667014360428,6
467,4,39,0,0.01534526888281107,7
467,4,40,0,0.0,8
467,5,1,1,0.3589743673801422,9
467,5,2,0,0.008064515888690948,10
467,5,3,0,0.2164948433637619,11
467,5,4,1,0.800000011920929,12
467,5,5,1,0.30000001192092896,13
467,5,6,0,0.008064515888690948,14
467,5,7,0,0.008064515888690948,15
467,5,8,1,0.5263158082962036,16
467,5,9,0,0.03888889029622078,17
467,5,10,1,0.8999999761581421,18
467,5,11,1,0.9947534203529358,19
467,5,12,0,0.008064515888690948,20
467,5,13,1,0.9947534203529358,21
467,5,14,0,0.0,22
467,5,15,0,0.01534526888281107,23
467,5,16,0,0.027027027681469917,24
467,5,17,0,0.025974025949835777,25
467,5,18,1,0.9947534203529358,26
467,5,19,0,0.3589743673801422,27
467,5,20,1,0.9947534203529358,28
467,5,21,0,0.03888889029622078,29
467,5,22,1,0.5,30
467,5,23,0,0.054794520139694214,31
467,5,24,1,0.25,32
467,5,25,0,0.01534526888281107,33
467,5,26,0,0.03888889029622078,34
467,5,27,0,0.0,35
467,5,28,1,0.9947534203529358,36
467,5,29,0,0.0,37
467,5,30,0,0.2164948433637619,38
467,5,31,0,0.3589743673801422,39
467,5,32,0,0.03888889029622078,40
467,5,33,1,0.8974359035491943,41
467,5,34,0,0.01534526888281107,42
467,5,35,0,0.01534526888281107,43
467,5,36,1,0.970588207244873,44
467,5,37,0,0.03888889029622078,45
467,5,38,0,0.01534526888281107,46
467,5,39,1,0.9947534203529358,47
467,5,40,0,0.0,48
468,4,5,1,0.800000011920929,1
468,4,6,0,0.03888889029622078,2
468,4,7,1,0.16129031777381897,3
468,4,8,0,0.10526315867900848,4
468,4,9,1,0.3589743673801422,5
468,4,10,1,0.3589743673801422,6
468,4,11,1,0.9947534203529358,7
468,4,12,0,0.03888889029622078,8
468,4,13,1,0.9947534203529358,9
468,4,14,0,0.0,10
468,4,15,0,0.01534526888281107,11
468,4,16,1,0.8135592937469482,12
468,4,17,0,0.0,13
468,4,18,1,0.25,14
468,4,19,0,0.008064515888690948,15
468,4,20,1,0.5263158082962036,16
468,4,21,0,0.0,17
468,4,22,0,0.054794520139694214,18
468,4,23,1,0.9117646813392639,19
468,4,24,0,0.0,20
468,4,25,0,0.0,21
468,4,26,0,0.0,22
468,4,27,0,0.0,23
468,4,28,1,0.9947534203529358,24
468,4,29,1,0.5,25
468,4,30,1,0.016356952488422394,26
468,4,31,1,0.5263158082962036,27
468,4,32,0,0.0,28
468,4,33,0,0.0,29
468,4,34,0,0.007751937955617905,30
468,4,35,0,0.0,31
468,4,36,0,0.01534526888281107,32
468,4,37,0,0.008064515888690948,33
468,4,38,0,0.0,34
468,4,39,0,0.0,35
468,4,40,0,0.0,36
469,5,33,1,0.2164948433637619,1
469,5,34,0,0.032786883413791656,2
469,5,35,0,0.0,3
469,5,36,1,0.01534526888281107,4
469,5,37,0,0.2164948433637619,5
469,5,38,0,0.01534526888281107,6
469,5,39,1,0.2164948433637619,7
469,5,40,0,0.25,8
469,6,1,0,0.032786883413791656,9
469,6,2,0,0.007751937955617905,10
469,6,3,0,0.01534526888281107,11
469,6,4,0,0.25,12
469,6,5,0,0.054794520139694214,13
469,6,6,0,0.03888889029622078,14
469,6,7,0,0.25,15
469,6,8,0,0.054794520139694214,16
469,6,9,0,0.2164948433637619,17
469,6,10,0,0.03888889029622078,18
469,6,11,0,0.01534526888281107,19
469,6,12,0,0.03888889029622078,20
469,6,13,0,0.25,21
469,6,14,0,0.25,22
469,6,15,0,0.30000001192092896,23
469,6,16,0,0.30000001192092896,24
469,6,17,1,0.5144699215888977,25
469,6,18,1,0.3589743673801422,26
469,6,19,1,0.5,27
469,6,20,1,0.5,28
469,6,21,0,0.2164948433637619,29
469,6,22,0,0.9117646813392639,30
469,6,23,0,0.5263158082962036,31
469,6,24,1,0.5,32
469,6,25,1,0.7142857313156128,33
469,6,26,1,0.3589743673801422,34
469,6,27,1,0.03888889029622078,35
469,6,28,0,0.5,36
469,6,29,1,0.8135592937469482,37
469,6,30,1,0.0,38
469,6,31,0,0.5263158082962036,39
469,6,32,0,0.8974359035491943,40
469,6,33,1,0.054794520139694214,41
469,6,34,1,0.01534526888281107,42
469,6,35,0,0.0,43
469,6,36,0,0.054794520139694214,44
469,6,37,0,0.3589743673801422,45
469,6,38,0,0.0191055741161108,46
469,6,39,1,0.30000001192092896,47
469,6,40,1,0.0,48
474,5,17,0,0.30000001192092896,1
474,5,18,1,0.800000011920929,2
474,5,19,1,0.12871287763118744,3
474,5,20,1,0.3589743673801422,4
474,5,21,0,0.032786883413791656,5
474,5,22,0,0.032786883413791656,6
474,5,23,0,0.2164948433637619,7
474,5,24,1,0.9117646813392639,8
474,5,25,0,0.03888889029622078,9
474,5,26,0,0.03888889029622078,10
474,5,27,0,0.0,11
474,5,28,1,0.9947534203529358,12
474,5,29,0,0.0,13
474,5,30,0,0.01534526888281107,14
474,5,31,0,0.0,15
474,5,32,0,0.03888889029622078,16
474,5,33,1,0.8135592937469482,17
474,5,34,0,0.0,18
474,5,35,0,0.01534526888281107,19
474,5,36,1,0.9947534203529358,20
474,5,37,0,0.03888889029622078,21
474,5,38,0,0.0,22
474,5,39,1,1.0,23
474,5,40,0,0.0,24
475,4,17,0,0.3589743673801422,1
475,4,18,1,0.7142857313156128,2
475,4,19,0,0.054794520139694214,3
475,4,20,1,0.7142857313156128,4
475,4,21,0,0.03888889029622078,5
475,4,22,0,0.12871287763118744,6
475,4,23,1,0.25,7
475,4,24,0,0.2164948433637619,8
475,4,25,0,0.25,9
475,4,26,0,0.2164948433637619,10
475,4,27,0,0.2164948433637619,11
475,4,28,1,0.25,12
475,4,29,1,0.3589743673801422,13
475,4,30,0,0.16129031777381897,14
475,4,31,1,0.9947534203529358,15
475,4,32,0,0.0,16
475,4,33,0,0.0,17
475,4,34,0,0.0,18
475,4,35,0,0.0,19
475,4,36,0,0.7142857313156128,20
475,4,37,0,0.16129031777381897,21
475,4,38,0,0.0,22
475,4,39,0,0.03888889029622078,23
475,4,40,0,0.0,24
476,5,17,0,0.30000001192092896,1
476,5,18,1,0.7142857313156128,2
476,5,19,0,0.12871287763118744,3
476,5,20,1,0.5263158082962036,4
476,5,21,0,0.0,5
476,5,22,1,0.01534526888281107,6
476,5,23,0,0.0,7
476,5,24,1,0.03888889029622078,8
476,5,25,0,0.0,9
476,5,26,0,0.16129031777381897,10
476,5,27,0,0.0,11
476,5,28,1,1.0,12
476,5,29,0,0.0,13
476,5,30,0,0.025974025949835777,14
476,5,31,0,0.01534526888281107,15
476,5,32,0,0.03888889029622078,16
476,5,33,1,0.9117646813392639,17
476,5,34,0,0.0,18
476,5,35,0,0.007751937955617905,19
476,5,36,1,0.9947534203529358,20
476,5,37,0,0.03888889029622078,21
476,5,38,0,0.0,22
476,5,39,1,1.0,23
476,5,40,0,0.0,24
478,5,21,0,0.30000001192092896,1
478,5,22,1,0.6410256624221802,2
478,5,23,0,0.01534526888281107,3
478,5,24,1,0.025974025949835777,4
478,5,25,0,0.0,5
478,5,26,1,0.0,6
478,5,27,0,0.0,7
478,5,28,0,0.8974359035491943,8
478,5,29,1,0.25,9
478,5,30,0,0.054794520139694214,10
478,5,31,0,0.10526315867900848,11
478,5,32,1,0.01534526888281107,12
478,5,33,0,0.30000001192092896,13
478,5,34,0,0.25,14
478,5,35,0,0.2164948433637619,15
478,5,36,1,0.054794520139694214,16
478,5,37,0,0.025974025949835777,17
478,5,38,1,0.007751937955617905,18
478,5,39,0,0.25,19
478,5,40,1,0.25,20
478,6,1,0,0.03888889029622078,21
478,6,2,0,0.007751937955617905,22
478,6,3,0,0.01534526888281107,23
478,6,4,1,0.027027027681469917,24
478,6,5,0,0.12871287763118744,25
478,6,6,0,0.032786883413791656,26
478,6,7,0,0.03888889029622078,27
478,6,8,0,0.03888889029622078,28
478,6,9,0,0.03888889029622078,29
478,6,10,1,0.2164948433637619,30
478,6,11,0,0.007751937955617905,31
478,6,12,1,0.007751937955617905,32
478,6,13,0,0.03888889029622078,33
478,6,14,0,0.06666667014360428,34
478,6,15,0,0.03888889029622078,35
478,6,16,0,0.1105247288942337,36
478,6,17,1,0.3589743673801422,37
478,6,18,0,0.10526315867900848,38
478,6,19,1,0.25,39
478,6,20,0,0.5263158082962036,40
478,6,21,1,0.16129031777381897,41
478,6,22,0,0.03888889029622078,42
478,6,23,0,0.9166666865348816,43
478,6,24,0,0.8974359035491943,44
478,6,25,0,0.9117646813392639,45
478,6,26,0,0.8135592937469482,46
478,6,27,1,0.01534526888281107,47
478,6,28,0,0.8974359035491943,48
478,6,29,1,0.8974359035491943,49
478,6,30,0,0.30000001192092896,50
478,6,31,0,0.25,51
478,6,32,1,0.5,52
478,6,33,1,0.03888889029622078,53
478,6,34,0,0.0,54
478,6,35,1,0.03888889029622078,55
478,6,36,0,0.2164948433637619,56
478,6,37,1,0.5263158082962036,57
478,6,38,0,0.03888889029622078,58
478,6,39,0,0.6410256624221802,59
478,6,40,0,0.25,60
479,5,17,0,0.30000001192092896,1
479,5,18,1,0.800000011920929,2
479,5,19,1,0.12871287763118744,3
479,5,20,1,0.3589743673801422,4
479,5,21,0,0.032786883413791656,5
479,5,22,0,0.032786883413791656,6
479,5,23,0,0.2164948433637619,7
479,5,24,1,0.9117646813392639,8
479,5,25,0,0.03888889029622078,9
479,5,26,0,0.03888889029622078,10
479,5,27,0,0.0,11
479,5,28,1,0.9947534203529358,12
479,5,29,0,0.0,13
479,5,30,0,0.01534526888281107,14
479,5,31,0,0.0,15
479,5,32,0,0.03888889029622078,16
479,5,33,1,0.8135592937469482,17
479,5,34,0,0.0,18
479,5,35,0,0.01534526888281107,19
479,5,36,1,0.9947534203529358,20
479,5,37,0,0.03888889029622078,21
479,5,38,0,0.0,22
479,5,39,1,1.0,23
479,5,40,0,0.0,24
481,5,17,0,0.30000001192092896,1
481,5,18,1,0.800000011920929,2
481,5,19,0,0.12871287763118744,3
481,5,20,1,0.5,4
481,5,21,0,0.0,5
481,5,22,0,0.0,6
481,5,23,0,0.0,7
481,5,24,1,0.9947534203529358,8
481,5,25,0,0.0,9
481,5,26,0,0.0,10
481,5,27,0,0.0,11
481,5,28,1,1.0,12
481,5,29,0,0.0,13
481,5,30,0,0.025974025949835777,14
481,5,31,0,0.01534526888281107,15
481,5,32,0,0.054794520139694214,16
481,5,33,1,0.8135592937469482,17
481,5,34,0,0.01534526888281107,18
481,5,35,0,0.007751937955617905,19
481,5,36,1,0.9947534203529358,20
481,5,37,0,0.03888889029622078,21
481,5,38,0,0.0,22
481,5,39,1,0.9947534203529358,23
481,5,40,0,0.008064515888690948,24
482,6,5,0,0.7142857313156128,1
482,6,6,1,0.16129031777381897,2
482,6,7,0,0.01534526888281107,3
482,6,8,0,0.12871287763118744,4
482,6,9,0,0.2164948433637619,5
482,6,10,0,0.12871287763118744,6
482,6,11,0,0.01534526888281107,7
482,6,12,0,0.008064515888690948,8
482,6,13,0,0.03888889029622078,9
482,6,14,0,0.01534526888281107,10
482,6,15,1,0.2164948433637619,11
482,6,16,0,0.12871287763118744,12
482,6,17,0,0.5,13
482,6,18,0,0.16129031777381897,14
482,6,19,0,0.12871287763118744,15
482,6,20,0,0.03888889029622078,16
482,6,21,0,0.025974025949835777,17
482,6,22,0,0.01534526888281107,18
482,6,23,0,0.03888889029622078,19
482,6,24,0,0.3589743673801422,20
482,6,25,0,0.25,21
482,6,26,0,0.03888889029622078,22
482,6,27,0,0.025974025949835777,23
482,6,28,1,0.03888889029622078,24
482,6,29,0,0.0,25
482,6,30,0,0.0,26
482,6,31,0,0.0,27
482,6,32,0,0.0,28
482,6,33,1,0.008064515888690948,29
482,6,34,1,0.10526315867900848,30
482,6,35,0,0.01534526888281107,31
482,6,36,0,0.2164948433637619,32
482,6,37,0,0.03888889029622078,33
482,6,38,0,0.01534526888281107,34
482,6,39,1,0.007751937955617905,35
482,6,40,1,0.0,36
483,5,17,0,0.30000001192092896,1
483,5,18,1,0.800000011920929,2
483,5,19,1,0.12871287763118744,3
483,5,20,1,0.3589743673801422,4
483,5,21,0,0.032786883413791656,5
483,5,22,0,0.032786883413791656,6
483,5,23,0,0.2164948433637619,7
483,5,24,1,0.9117646813392639,8
483,5,25,0,0.03888889029622078,9
483,5,26,0,0.03888889029622078,10
483,5,27,0,0.0,11
483,5,28,1,0.9947534203529358,12
483,5,29,0,0.0,13
483,5,30,0,0.01534526888281107,14
483,5,31,0,0.0,15
483,5,32,0,0.03888889029622078,16
483,5,33,1,0.8135592937469482,17
483,5,34,0,0.0,18
483,5,35,0,0.01534526888281107,19
483,5,36,1,0.9947534203529358,20
483,5,37,0,0.03888889029622078,21
483,5,38,0,0.0,22
483,5,39,1,1.0,23
483,5,40,0,0.0,24
487,5,5,1,0.7142857313156128,1
487,5,6,0,0.03888889029622078,2
487,5,7,0,0.16129031777381897,3
487,5,8,1,0.30000001192092896,4
487,5,9,0,0.03888889029622078,5
487,5,10,1,0.9947534203529358,6
487,5,11,1,0.30000001192092896,7
487,5,12,0,0.25,8
487,5,13,1,0.8974359035491943,9
487,5,14,0,0.0,10
487,5,15,0,0.007751937955617905,11
487,5,16,0,0.2164948433637619,12
487,5,17,0,0.01534526888281107,13
487,5,18,1,0.800000011920929,14
487,5,19,0,0.25,15
487,5,20,1,0.7142857313156128,16
487,5,21,0,0.008064515888690948,17
487,5,22,0,0.008064515888690948,18
487,5,23,0,0.0,19
487,5,24,1,0.9947534203529358,20
487,5,25,0,0.0,21
487,5,26,0,0.0,22
487,5,27,0,0.0,23
487,5,28,1,1.0,24
487,5,29,0,0.0,25
487,5,30,0,0.0,26
487,5,31,0,0.0,27
487,5,32,0,0.10526315867900848,28
487,5,33,1,0.7142857313156128,29
487,5,34,0,0.054794520139694214,30
487,5,35,0,0.008064515888690948,31
487,5,36,1,0.9117646813392639,32
487,5,37,0,0.025974025949835777,33
487,5,38,0,0.0,34
487,5,39,1,0.9947534203529358,35
487,5,40,0,0.0,36
490,5,21,0,0.30000001192092896,1
490,5,22,0,0.5,2
490,5,23,0,0.25,3
490,5,24,0,0.12871287763118744,4
490,5,25,0,0.054794520139694214,5
490,5,26,0,0.30000001192092896,6
490,5,27,0,0.01534526888281107,7
490,5,28,0,0.03888889029622078,8
490,5,29,0,0.03888889029622078,9
490,5,30,0,0.12871287763118744,10
490,5,31,0,0.03888889029622078,11
490,5,32,0,0.03888889029622078,12
490,5,33,0,0.10526315867900848,13
490,5,34,0,0.2164948433637619,14
490,5,35,0,0.025974025949835777,15
490,5,36,0,0.12871287763118744,16
490,5,37,0,0.025974025949835777,17
490,5,38,0,0.03888889029622078,18
490,5,39,0,0.0,19
490,5,40,0,0.0,20
490,6,1,1,0.03888889029622078,21
490,6,2,0,0.7142857313156128,22
490,6,3,0,0.25,23
490,6,4,0,0.6410256624221802,24
490,6,5,0,0.16129031777381897,25
490,6,6,0,0.12871287763118744,26
490,6,7,0,0.25,27
490,6,8,0,0.25,28
490,6,9,0,0.25,29
490,6,10,0,0.25,30
490,6,11,0,0.10526315867900848,31
490,6,12,0,0.01534526888281107,32
490,6,13,0,0.03888889029622078,33
490,6,14,0,0.03888889029622078,34
490,6,15,0,0.2164948433637619,35
490,6,16,0,0.054794520139694214,36
490,6,17,0,0.25,37
490,6,18,0,0.5263158082962036,38
490,6,19,0,0.3589743673801422,39
490,6,20,0,0.25,40
490,6,21,0,0.12871287763118744,41
490,6,22,0,0.09090909361839294,42
490,6,23,0,0.5,43
490,6,24,0,0.3589743673801422,44
490,6,25,0,0.3589743673801422,45
490,6,26,0,0.2164948433637619,46
490,6,27,0,0.03888889029622078,47
490,6,28,0,0.03888889029622078,48
490,6,29,0,0.032786883413791656,49
490,6,30,0,0.0,50
490,6,31,0,0.0,51
490,6,32,0,0.0,52
490,6,33,0,0.01534526888281107,53
490,6,34,0,0.0,54
490,6,35,0,0.0,55
490,6,36,0,0.0,56
490,6,37,0,0.0,57
490,6,38,0,0.007751937955617905,58
490,6,39,0,0.0,59
490,6,40,0,0.0,60
491,4,17,0,0.3589743673801422,1
491,4,18,1,0.7142857313156128,2
491,4,19,0,0.054794520139694214,3
491,4,20,1,0.7142857313156128,4
491,4,21,0,0.03888889029622078,5
491,4,22,0,0.12871287763118744,6
491,4,23,1,0.25,7
491,4,24,0,0.2164948433637619,8
491,4,25,0,0.25,9
491,4,26,0,0.2164948433637619,10
491,4,27,0,0.2164948433637619,11
491,4,28,1,0.25,12
491,4,29,1,0.3589743673801422,13
491,4,30,0,0.16129031777381897,14
491,4,31,1,0.9947534203529358,15
491,4,32,0,0.0,16
491,4,33,0,0.0,17
491,4,34,0,0.0,18
491,4,35,0,0.0,19
491,4,36,0,0.7142857313156128,20
491,4,37,0,0.16129031777381897,21
491,4,38,0,0.0,22
491,4,39,0,0.03888889029622078,23
491,4,40,0,0.0,24
496,5,5,1,0.7142857313156128,1
496,5,6,0,0.03888889029622078,2
496,5,7,0,0.16129031777381897,3
496,5,8,1,0.30000001192092896,4
496,5,9,0,0.03888889029622078,5
496,5,10,1,0.9947534203529358,6
496,5,11,1,0.30000001192092896,7
496,5,12,0,0.25,8
496,5,13,1,0.8974359035491943,9
496,5,14,0,0.0,10
496,5,15,0,0.007751937955617905,11
496,5,16,0,0.2164948433637619,12
496,5,17,0,0.01534526888281107,13
496,5,18,1,0.800000011920929,14
496,5,19,1,0.25,15
496,5,20,1,0.3589743673801422,16
496,5,21,0,0.0,17
496,5,22,0,0.01534526888281107,18
496,5,23,0,0.0,19
496,5,24,1,0.9947534203529358,20
496,5,25,0,0.0,21
496,5,26,0,0.0,22
496,5,27,0,0.0,23
496,5,28,1,1.0,24
496,5,29,0,0.0,25
496,5,30,0,0.0,26
496,5,31,0,0.0,27
496,5,32,0,0.027027027681469917,28
496,5,33,1,0.8974359035491943,29
496,5,34,0,0.03888889029622078,30
496,5,35,0,0.01534526888281107,31
496,5,36,1,0.9117646813392639,32
496,5,37,0,0.01534526888281107,33
496,5,38,0,0.0,34
496,5,39,1,0.9947534203529358,35
496,5,40,0,0.0,36
498,6,17,0,0.3013952970504761,1
498,6,18,1,0.5263158082962036,2
498,6,19,0,0.7142857313156128,3
498,6,20,1,0.054794520139694214,4
498,6,21,1,0.01534526888281107,5
498,6,22,0,0.054794520139694214,6
498,6,23,0,0.12871287763118744,7
498,6,24,0,0.2164948433637619,8
498,6,25,0,0.25,9
498,6,26,1,0.12871287763118744,10
498,6,27,0,0.0,11
498,6,28,0,0.25,12
498,6,29,1,0.25,13
498,6,30,0,0.01534526888281107,14
498,6,31,0,0.2164948433637619,15
498,6,32,1,0.0,16
498,6,33,0,0.008064515888690948,17
498,6,34,0,0.0,18
498,6,35,1,0.0,19
498,6,36,0,0.01534526888281107,20
498,6,37,0,0.25,21
498,6,38,0,0.03888889029622078,22
498,6,39,1,0.25,23
498,6,40,0,0.025974025949835777,24
502,6,5,0,0.6410256624221802,1
502,6,6,0,0.12871287763118744,2
502,6,7,0,0.2164948433637619,3
502,6,8,0,0.16129031777381897,4
502,6,9,0,0.16129031777381897,5
502,6,10,0,0.16129031777381897,6
502,6,11,0,0.12871287763118744,7
502,6,12,0,0.054794520139694214,8
502,6,13,1,0.2164948433637619,9
502,6,14,0,0.054794520139694214,10
502,6,15,0,0.054794520139694214,11
502,6,16,0,0.2164948433637619,12
502,6,17,1,0.25,13
502,6,18,1,0.3589743673801422,14
502,6,19,1,0.3589743673801422,15
502,6,20,1,0.7142857313156128,16
502,6,21,0,0.03888889029622078,17
502,6,22,0,0.25,18
502,6,23,0,0.3589743673801422,19
502,6,24,1,0.9947534203529358,20
502,6,25,1,0.9947534203529358,21
502,6,26,1,0.9947534203529358,22
502,6,27,1,0.03888889029622078,23
502,6,28,0,0.30000001192092896,24
502,6,29,1,0.9947534203529358,25
502,6,30,1,0.03888889029622078,26
502,6,31,1,0.5,27
502,6,32,0,0.06666667014360428,28
502,6,33,1,0.0,29
502,6,34,1,0.0,30
502,6,35,0,0.0,31
502,6,36,0,0.01534526888281107,32
502,6,37,0,0.03888889029622078,33
502,6,38,0,0.0,34
502,6,39,1,0.01534526888281107,35
502,6,40,1,0.0,36
504,4,33,0,0.25,1
504,4,34,0,0.16129031777381897,2
504,4,35,0,0.01534526888281107,3
504,4,36,0,0.03888889029622078,4
504,4,37,0,0.032786883413791656,5
504,4,38,0,0.03888889029622078,6
504,4,39,0,0.0,7
504,4,40,0,0.0,8
504,6,1,0,0.054794520139694214,9
504,6,2,0,0.03888889029622078,10
504,6,3,0,0.03888889029622078,11
504,6,4,0,0.12871287763118744,12
504,6,5,0,0.06666667014360428,13
504,6,6,0,0.12871287763118744,14
504,6,7,0,0.16129031777381897,15
504,6,8,0,0.16129031777381897,16
504,6,9,0,0.16129031777381897,17
504,6,10,0,0.12871287763118744,18
504,6,11,0,0.12871287763118744,19
504,6,12,0,0.054794520139694214,20
504,6,13,0,0.2164948433637619,21
504,6,14,0,0.16129031777381897,22
504,6,15,0,0.16129031777381897,23
504,6,16,0,0.16129031777381897,24
504,6,17,1,0.3589743673801422,25
504,6,18,1,0.7142857313156128,26
504,6,19,1,0.970588207244873,27
504,6,20,1,0.8974359035491943,28
504,6,21,0,0.3589743673801422,29
504,6,22,0,0.5263158082962036,30
504,6,23,0,0.5,31
504,6,24,1,0.8135592937469482,32
504,6,25,1,0.9947534203529358,33
504,6,26,1,0.9947534203529358,34
504,6,27,0,0.6410256624221802,35
504,6,28,0,0.970588207244873,36
504,6,29,1,0.8135592937469482,37
504,6,30,1,0.30000001192092896,38
504,6,31,0,0.9947534203529358,39
504,6,32,0,0.9117646813392639,40
504,6,33,1,0.7142857313156128,41
504,6,34,1,0.03888889029622078,42
504,6,35,0,0.0,43
504,6,36,0,0.12871287763118744,44
504,6,37,0,0.25,45
504,6,38,0,0.0,46
504,6,39,1,0.06666667014360428,47
504,6,40,1,0.0,48
508,5,21,0,0.30000001192092896,1
508,5,22,0,0.03888889029622078,2
508,5,23,0,0.30000001192092896,3
508,5,24,1,0.25,4
508,5,25,0,0.026199929416179657,5
508,5,26,0,0.01534526888281107,6
508,5,27,0,0.007751937955617905,7
508,5,28,1,0.9947534203529358,8
508,5,29,0,0.01534526888281107,9
508,5,30,0,0.12871287763118744,10
508,5,31,0,0.16129031777381897,11
508,5,32,0,0.16129031777381897,12
508,5,33,1,0.25,13
508,5,34,0,0.054794520139694214,14
508,5,35,0,0.0,15
508,5,36,1,0.25,16
508,5,37,0,0.027027027681469917,17
508,5,38,0,0.054794520139694214,18
508,5,39,1,0.7142857313156128,19
508,5,40,0,0.0,20
508,6,1,0,0.025974025949835777,21
508,6,2,0,0.0,22
508,6,3,0,0.008064515888690948,23
508,6,4,0,0.054794520139694214,24
508,6,5,0,0.03888889029622078,25
508,6,6,0,0.01534526888281107,26
508,6,7,0,0.01534526888281107,27
508,6,8,0,0.008064515888690948,28
508,6,9,0,0.01534526888281107,29
508,6,10,0,0.25,30
508,6,11,0,0.25,31
508,6,12,0,0.10526315867900848,32
508,6,13,0,0.5,33
508,6,14,0,0.3589743673801422,34
508,6,15,0,0.25,35
508,6,16,0,0.12871287763118744,36
508,6,17,1,0.3589743673801422,37
508,6,18,1,0.25,38
508,6,19,1,0.25,39
508,6,20,1,0.7142857313156128,40
508,6,21,0,0.12871287763118744,41
508,6,22,0,0.30000001192092896,42
508,6,23,0,0.7142857313156128,43
508,6,24,1,0.800000011920929,44
508,6,25,1,0.9947534203529358,45
508,6,26,1,0.9947534203529358,46
508,6,27,1,0.30000001192092896,47
508,6,28,0,0.8135592937469482,48
508,6,29,1,0.9947534203529358,49
508,6,30,1,0.054794520139694214,50
508,6,31,0,0.9947534203529358,51
508,6,32,0,0.9947534203529358,52
508,6,33,1,0.12871287763118744,53
508,6,34,1,0.01534526888281107,54
508,6,35,0,0.0,55
508,6,36,0,0.2164948433637619,56
508,6,37,0,0.5,57
508,6,38,0,0.01534526888281107,58
508,6,39,1,0.16129031777381897,59
508,6,40,1,0.0,60
509,4,5,1,0.800000011920929,1
509,4,6,0,0.03888889029622078,2
509,4,7,1,0.007751937955617905,3
509,4,8,0,0.16129031777381897,4
509,4,9,1,0.30000001192092896,5
509,4,10,1,0.25,6
509,4,11,1,0.9947534203529358,7
509,4,12,0,0.054794520139694214,8
509,4,13,1,0.9947534203529358,9
509,4,14,0,0.0,10
509,4,15,0,0.032786883413791656,11
509,4,16,1,0.970588207244873,12
509,4,17,0,0.0,13
509,4,18,1,0.25,14
509,4,19,0,0.01534526888281107,15
509,4,20,1,0.5263158082962036,16
509,4,21,0,0.0,17
509,4,22,1,0.16129031777381897,18
509,4,23,1,0.3589743673801422,19
509,4,24,0,0.01534526888281107,20
509,4,25,0,0.054794520139694214,21
509,4,26,0,0.01534526888281107,22
509,4,27,0,0.0,23
509,4,28,1,0.9947534203529358,24
509,4,29,0,0.25,25
509,4,30,1,0.2164948433637619,26
509,4,31,1,0.5,27
509,4,32,0,0.054794520139694214,28
509,4,33,0,0.054794520139694214,29
509,4,34,0,0.03888889029622078,30
509,4,35,0,0.0,31
509,4,36,0,0.01534526888281107,32
509,4,37,0,0.025974025949835777,33
509,4,38,0,0.0,34
509,4,39,0,0.0,35
509,4,40,0,0.0,36
510,6,5,0,0.6410256624221802,1
510,6,6,0,0.12871287763118744,2
510,6,7,0,0.2164948433637619,3
510,6,8,0,0.16129031777381897,4
510,6,9,0,0.16129031777381897,5
510,6,10,0,0.16129031777381897,6
510,6,11,0,0.12871287763118744,7
510,6,12,0,0.054794520139694214,8
510,6,13,0,0.2164948433637619,9
510,6,14,0,0.12871287763118744,10
510,6,15,0,0.16129031777381897,11
510,6,16,0,0.16129031777381897,12
510,6,17,1,0.3589743673801422,13
510,6,18,1,0.7142857313156128,14
510,6,19,1,0.9117646813392639,15
510,6,20,1,0.9947534203529358,16
510,6,21,0,0.03888889029622078,17
510,6,22,0,0.2164948433637619,18
510,6,23,0,0.12871287763118744,19
510,6,24,1,0.8974359035491943,20
510,6,25,1,0.9947534203529358,21
510,6,26,1,0.9947534203529358,22
510,6,27,1,0.054794520139694214,23
510,6,28,0,0.25,24
510,6,29,1,0.8999999761581421,25
510,6,30,1,0.03888889029622078,26
510,6,31,1,0.7142857313156128,27
510,6,32,0,0.032786883413791656,28
510,6,33,1,0.007751937955617905,29
510,6,34,1,0.0,30
510,6,35,0,0.0,31
510,6,36,0,0.008064515888690948,32
510,6,37,0,0.03888889029622078,33
510,6,38,0,0.0,34
510,6,39,1,0.01534526888281107,35
510,6,40,1,0.0,36
512,4,5,1,0.800000011920929,1
512,4,6,0,0.03888889029622078,2
512,4,7,1,0.007751937955617905,3
512,4,8,0,0.16129031777381897,4
512,4,9,1,0.30000001192092896,5
512,4,10,1,0.25,6
512,4,11,1,0.9947534203529358,7
512,4,12,0,0.054794520139694214,8
512,4,13,1,0.9947534203529358,9
512,4,14,0,0.0,10
512,4,15,0,0.032786883413791656,11
512,4,16,1,0.970588207244873,12
512,4,17,0,0.0,13
512,4,18,1,0.25,14
512,4,19,0,0.01534526888281107,15
512,4,20,1,0.5263158082962036,16
512,4,21,0,0.0,17
512,4,22,0,0.16129031777381897,18
512,4,23,1,0.9117646813392639,19
512,4,24,0,0.0,20
512,4,25,0,0.01534526888281107,21
512,4,26,0,0.0,22
512,4,27,0,0.0,23
512,4,28,1,0.9947534203529358,24
512,4,29,1,0.5263158082962036,25
512,4,30,0,0.054794520139694214,26
512,4,31,1,0.9947534203529358,27
512,4,32,0,0.0,28
512,4,33,0,0.0,29
512,4,34,0,0.0,30
512,4,35,0,0.0,31
512,4,36,0,0.0,32
512,4,37,0,0.0,33
512,4,38,0,0.0,34
512,4,39,0,0.0,35
512,4,40,0,0.0,36
514,4,17,0,0.3589743673801422,1
514,4,18,1,0.7142857313156128,2
514,4,19,0,0.06666667014360428,3
514,4,20,1,0.3589743673801422,4
514,4,21,0,0.054794520139694214,5
514,4,22,0,0.16129031777381897,6
514,4,23,1,0.054794520139694214,7
514,4,24,0,0.5263158082962036,8
514,4,25,0,0.2164948433637619,9
514,4,26,0,0.09090909361839294,10
514,4,27,0,0.0,11
514,4,28,1,0.5185965895652771,12
514,4,29,1,0.25,13
514,4,30,0,0.12871287763118744,14
514,4,31,1,0.9117646813392639,15
514,4,32,0,0.0,16
514,4,33,0,0.0,17
514,4,34,0,0.0,18
514,4,35,0,0.0,19
514,4,36,0,0.6410256624221802,20
514,4,37,0,0.12871287763118744,21
514,4,38,0,0.0,22
514,4,39,0,0.03888889029622078,23
514,4,40,0,0.007751937955617905,24
515,5,5,1,0.7142857313156128,1
515,5,6,0,0.12871287763118744,2
515,5,7,0,0.03888889029622078,3
515,5,8,1,0.5,4
515,5,9,0,0.03888889029622078,5
515,5,10,1,0.9947534203529358,6
515,5,11,1,0.6410256624221802,7
515,5,12,0,0.16129031777381897,8
515,5,13,1,0.8093905448913574,9
515,5,14,0,0.008064515888690948,10
515,5,15,0,0.0,11
515,5,16,0,0.2164948433637619,12
515,5,17,0,0.01534526888281107,13
515,5,18,1,0.8974359035491943,14
515,5,19,1,0.30000001192092896,15
515,5,20,1,0.5,16
515,5,21,0,0.0,17
515,5,22,0,0.01534526888281107,18
515,5,23,0,0.01534526888281107,19
515,5,24,1,0.970588207244873,20
515,5,25,0,0.0,21
515,5,26,0,0.0,22
515,5,27,0,0.0,23
515,5,28,1,1.0,24
515,5,29,0,0.0,25
515,5,30,0,0.01534526888281107,26
515,5,31,0,0.01534526888281107,27
515,5,32,0,0.01534526888281107,28
515,5,33,1,0.8135592937469482,29
515,5,34,0,0.03888889029622078,30
515,5,35,0,0.01534526888281107,31
515,5,36,1,0.9117646813392639,32
515,5,37,0,0.01534526888281107,33
515,5,38,0,0.0,34
515,5,39,1,0.9947534203529358,35
515,5,40,0,0.0,36
518,5,21,0,0.30000001192092896,1
518,5,22,1,0.03888889029622078,2
518,5,23,0,0.025974025949835777,3
518,5,24,1,0.03888889029622078,4
518,5,25,0,0.0,5
518,5,26,0,0.0,6
518,5,27,0,0.0,7
518,5,28,1,1.0,8
518,5,29,0,0.0,9
518,5,30,0,0.06666667014360428,10
518,5,31,0,0.03888889029622078,11
518,5,32,0,0.16129031777381897,12
518,5,33,1,0.30000001192092896,13
518,5,34,0,0.25,14
518,5,35,0,0.032786883413791656,15
518,5,36,1,0.5263158082962036,16
518,5,37,0,0.032786883413791656,17
518,5,38,0,0.0,18
518,5,39,1,0.8135592937469482,19
518,5,40,0,0.03888889029622078,20
518,6,1,0,0.03888889029622078,21
518,6,2,0,0.0,22
518,6,3,0,0.007751937955617905,23
518,6,4,0,0.03888889029622078,24
518,6,5,0,0.025974025949835777,25
518,6,6,0,0.008064515888690948,26
518,6,7,0,0.01534526888281107,27
518,6,8,0,0.007751937955617905,28
518,6,9,0,0.007751937955617905,29
518,6,10,0,0.25,30
518,6,11,0,0.3589743673801422,31
518,6,12,0,0.16129031777381897,32
518,6,13,0,0.5263158082962036,33
518,6,14,0,0.3589743673801422,34
518,6,15,0,0.30000001192092896,35
518,6,16,0,0.16129031777381897,36
518,6,17,1,0.3589743673801422,37
518,6,18,1,0.2164948433637619,38
518,6,19,1,0.25,39
518,6,20,1,0.9947534203529358,40
518,6,21,0,0.12871287763118744,41
518,6,22,0,0.30000001192092896,42
518,6,23,0,0.7142857313156128,43
518,6,24,1,0.800000011920929,44
518,6,25,1,0.9947534203529358,45
518,6,26,1,0.9947534203529358,46
518,6,27,1,0.30000001192092896,47
518,6,28,0,0.8135592937469482,48
518,6,29,1,0.9947534203529358,49
518,6,30,1,0.054794520139694214,50
518,6,31,1,0.9947534203529358,51
518,6,32,0,0.03888889029622078,52
518,6,33,1,0.01534526888281107,53
518,6,34,1,0.0,54
518,6,35,0,0.0,55
518,6,36,0,0.007751937955617905,56
518,6,37,0,0.25,57
518,6,38,0,0.01534526888281107,58
518,6,39,1,0.12871287763118744,59
518,6,40,1,0.0,60
522,4,17,0,0.3589743673801422,1
522,4,18,1,0.7142857313156128,2
522,4,19,0,0.054794520139694214,3
522,4,20,1,0.3589743673801422,4
522,4,21,0,0.054794520139694214,5
522,4,22,0,0.16129031777381897,6
522,4,23,1,0.054794520139694214,7
522,4,24,0,0.5263158082962036,8
522,4,25,0,0.2164948433637619,9
522,4,26,0,0.10526315867900848,10
522,4,27,0,0.0,11
522,4,28,1,0.5263158082962036,12
522,4,29,1,0.25,13
522,4,30,0,0.12871287763118744,14
522,4,31,1,0.9117646813392639,15
522,4,32,0,0.0,16
522,4,33,0,0.0,17
522,4,34,0,0.0,18
522,4,35,0,0.0,19
522,4,36,0,0.6410256624221802,20
522,4,37,0,0.12871287763118744,21
522,4,38,0,0.0,22
522,4,39,0,0.03888889029622078,23
522,4,40,0,0.008064515888690948,24
524,4,17,0,0.3589743673801422,1
524,4,18,1,0.7142857313156128,2
524,4,19,0,0.054794520139694214,3
524,4,20,1,0.3589743673801422,4
524,4,21,0,0.054794520139694214,5
524,4,22,0,0.16129031777381897,6
524,4,23,1,0.054794520139694214,7
524,4,24,0,0.5263158082962036,8
524,4,25,0,0.2164948433637619,9
524,4,26,0,0.10526315867900848,10
524,4,27,0,0.0,11
524,4,28,1,0.5263158082962036,12
524,4,29,1,0.25,13
524,4,30,0,0.12871287763118744,14
524,4,31,1,0.9117646813392639,15
524,4,32,0,0.0,16
524,4,33,0,0.0,17
524,4,34,0,0.0,18
524,4,35,0,0.0,19
524,4,36,0,0.6410256624221802,20
524,4,37,0,0.12871287763118744,21
524,4,38,0,0.0,22
524,4,39,0,0.03888889029622078,23
524,4,40,0,0.008064515888690948,24
525,4,17,0,0.3589743673801422,1
525,4,18,1,0.7142857313156128,2
525,4,19,0,0.054794520139694214,3
525,4,20,1,0.3589743673801422,4
525,4,21,0,0.054794520139694214,5
525,4,22,0,0.16129031777381897,6
525,4,23,1,0.054794520139694214,7
525,4,24,0,0.5263158082962036,8
525,4,25,0,0.2164948433637619,9
525,4,26,0,0.10526315867900848,10
525,4,27,0,0.0,11
525,4,28,1,0.5263158082962036,12
525,4,29,1,0.25,13
525,4,30,0,0.12871287763118744,14
525,4,31,1,0.9117646813392639,15
525,4,32,0,0.0,16
525,4,33,0,0.0,17
525,4,34,0,0.0,18
525,4,35,0,0.0,19
525,4,36,0,0.6410256624221802,20
525,4,37,0,0.12871287763118744,21
525,4,38,0,0.0,22
525,4,39,0,0.03888889029622078,23
525,4,40,0,0.008064515888690948,24
528,4,17,0,0.3589743673801422,1
528,4,18,1,0.7142857313156128,2
528,4,19,0,0.054794520139694214,3
528,4,20,1,0.3589743673801422,4
528,4,21,0,0.054794520139694214,5
528,4,22,1,0.16129031777381897,6
528,4,23,1,0.032786883413791656,7
528,4,24,0,0.2164948433637619,8
528,4,25,0,0.25,9
528,4,26,0,0.25,10
528,4,27,0,0.007751937955617905,11
528,4,28,1,0.8999999761581421,12
528,4,29,1,0.3589743673801422,13
528,4,30,0,0.12871287763118744,14
528,4,31,1,0.9947534203529358,15
528,4,32,0,0.0,16
528,4,33,0,0.0,17
528,4,34,0,0.0,18
528,4,35,0,0.0,19
528,4,36,0,0.12871287763118744,20
528,4,37,0,0.0,21
528,4,38,0,0.0,22
528,4,39,0,0.12871287763118744,23
528,4,40,0,0.0,24
529,6,5,0,0.7142857313156128,1
529,6,6,0,0.16129031777381897,2
529,6,7,0,0.25,3
529,6,8,0,0.25,4
529,6,9,0,0.2164948433637619,5
529,6,10,0,0.2164948433637619,6
529,6,11,0,0.01534526888281107,7
529,6,12,0,0.008064515888690948,8
529,6,13,0,0.01534526888281107,9
529,6,14,0,0.03888889029622078,10
529,6,15,0,0.2164948433637619,11
529,6,16,0,0.19700887799263,12
529,6,17,1,0.5,13
529,6,18,1,0.3589743673801422,14
529,6,19,1,0.3589743673801422,15
529,6,20,1,0.7142857313156128,16
529,6,21,0,0.032786883413791656,17
529,6,22,0,0.12871287763118744,18
529,6,23,0,0.16129031777381897,19
529,6,24,1,0.5263158082962036,20
529,6,25,1,0.5263158082962036,21
529,6,26,1,0.3589743673801422,22
529,6,27,1,0.027027027681469917,23
529,6,28,0,0.2164948433637619,24
529,6,29,1,0.5263158082962036,25
529,6,30,1,0.025974025949835777,26
529,6,31,1,0.7142857313156128,27
529,6,32,0,0.025974025949835777,28
529,6,33,1,0.0,29
529,6,34,1,0.0,30
529,6,35,0,0.0,31
529,6,36,0,0.007751937955617905,32
529,6,37,0,0.03888889029622078,33
529,6,38,0,0.0,34
529,6,39,1,0.025974025949835777,35
529,6,40,1,0.0,36
530,5,5,1,0.800000011920929,1
530,5,6,0,0.16129031777381897,2
530,5,7,0,0.3589743673801422,3
530,5,8,1,0.3589743673801422,4
530,5,9,0,0.03888889029622078,5
530,5,10,1,0.9947534203529358,6
530,5,11,1,0.3589743673801422,7
530,5,12,0,0.054794520139694214,8
530,5,13,1,0.5263158082962036,9
530,5,14,0,0.0,10
530,5,15,0,0.0,11
530,5,16,0,0.2164948433637619,12
530,5,17,0,0.01534526888281107,13
530,5,18,1,0.8135592937469482,14
530,5,19,0,0.25,15
530,5,20,1,0.5263158082962036,16
530,5,21,0,0.0,17
530,5,22,0,0.007751937955617905,18
530,5,23,0,0.008064515888690948,19
530,5,24,1,0.9947534203529358,20
530,5,25,0,0.0,21
530,5,26,0,0.0,22
530,5,27,0,0.0,23
530,5,28,1,1.0,24
530,5,29,0,0.0,25
530,5,30,0,0.0,26
530,5,31,0,0.008064515888690948,27
530,5,32,0,0.03888889029622078,28
530,5,33,1,0.7142857313156128,29
530,5,34,0,0.054794520139694214,30
530,5,35,0,0.01534526888281107,31
530,5,36,1,0.9117646813392639,32
530,5,37,0,0.032786883413791656,33
530,5,38,0,0.0,34
530,5,39,1,0.9947534203529358,35
530,5,40,0,0.0,36
532,4,17,0,0.3589743673801422,1
532,4,18,1,0.7142857313156128,2
532,4,19,0,0.054794520139694214,3
532,4,20,1,0.3589743673801422,4
532,4,21,0,0.054794520139694214,5
532,4,22,0,0.16129031777381897,6
532,4,23,1,0.054794520139694214,7
532,4,24,0,0.5263158082962036,8
532,4,25,0,0.2164948433637619,9
532,4,26,0,0.10526315867900848,10
532,4,27,0,0.0,11
532,4,28,1,0.5263158082962036,12
532,4,29,1,0.25,13
532,4,30,0,0.12871287763118744,14
532,4,31,1,0.9117646813392639,15
532,4,32,0,0.0,16
532,4,33,0,0.0,17
532,4,34,0,0.0,18
532,4,35,0,0.0,19
532,4,36,0,0.6410256624221802,20
532,4,37,0,0.12871287763118744,21
532,4,38,0,0.0,22
532,4,39,0,0.03888889029622078,23
532,4,40,0,0.008064515888690948,24
534,4,17,0,0.3589743673801422,1
534,4,18,1,0.7142857313156128,2
534,4,19,0,0.054794520139694214,3
534,4,20,1,0.3589743673801422,4
534,4,21,0,0.054794520139694214,5
534,4,22,0,0.16129031777381897,6
534,4,23,1,0.054794520139694214,7
534,4,24,0,0.5263158082962036,8
534,4,25,0,0.2164948433637619,9
534,4,26,0,0.10526315867900848,10
534,4,27,0,0.0,11
534,4,28,1,0.5263158082962036,12
534,4,29,1,0.25,13
534,4,30,0,0.12871287763118744,14
534,4,31,1,0.9117646813392639,15
534,4,32,0,0.0,16
534,4,33,0,0.0,17
534,4,34,0,0.0,18
534,4,35,0,0.0,19
534,4,36,0,0.6410256624221802,20
534,4,37,0,0.12871287763118744,21
534,4,38,0,0.0,22
534,4,39,0,0.03888889029622078,23
534,4,40,0,0.008064515888690948,24
536,5,5,1,0.7142857313156128,1
536,5,6,0,0.03888889029622078,2
536,5,7,0,0.007751937955617905,3
536,5,8,1,0.30000001192092896,4
536,5,9,0,0.032786883413791656,5
536,5,10,1,0.9947534203529358,6
536,5,11,1,0.25,7
536,5,12,0,0.09090909361839294,8
536,5,13,1,0.7142857313156128,9
536,5,14,0,0.01534526888281107,10
536,5,15,0,0.007751937955617905,11
536,5,16,0,0.2164948433637619,12
536,5,17,0,0.008064515888690948,13
536,5,18,1,0.800000011920929,14
536,5,19,1,0.2164948433637619,15
536,5,20,1,0.3589743673801422,16
536,5,21,0,0.0,17
536,5,22,0,0.008064515888690948,18
536,5,23,0,0.025974025949835777,19
536,5,24,1,0.8974359035491943,20
536,5,25,0,0.0,21
536,5,26,0,0.0,22
536,5,27,0,0.0,23
536,5,28,1,1.0,24
536,5,29,0,0.0,25
536,5,30,0,0.008064515888690948,26
536,5,31,0,0.01534526888281107,27
536,5,32,0,0.01534526888281107,28
536,5,33,1,0.8135592937469482,29
536,5,34,0,0.03888889029622078,30
536,5,35,0,0.0,31
536,5,36,1,0.8974359035491943,32
536,5,37,0,0.01534526888281107,33
536,5,38,0,0.0,34
536,5,39,1,0.970588207244873,35
536,5,40,0,0.0,36
537,6,5,0,0.6410256624221802,1
537,6,6,0,0.12871287763118744,2
537,6,7,0,0.2164948433637619,3
537,6,8,0,0.16129031777381897,4
537,6,9,0,0.16129031777381897,5
537,6,10,0,0.16129031777381897,6
537,6,11,0,0.12871287763118744,7
537,6,12,0,0.054794520139694214,8
537,6,13,0,0.2164948433637619,9
537,6,14,0,0.12871287763118744,10
537,6,15,0,0.16129031777381897,11
537,6,16,0,0.16129031777381897,12
537,6,17,1,0.3589743673801422,13
537,6,18,1,0.7142857313156128,14
537,6,19,1,0.9947534203529358,15
537,6,20,1,0.7142857313156128,16
537,6,21,0,0.2164948433637619,17
537,6,22,0,0.3589743673801422,18
537,6,23,0,0.3589743673801422,19
537,6,24,1,0.3589743673801422,20
537,6,25,1,0.8974359035491943,21
537,6,26,1,0.5,22
537,6,27,1,0.03888889029622078,23
537,6,28,0,0.2164948433637619,24
537,6,29,1,0.5770962834358215,25
537,6,30,1,0.01534526888281107,26
537,6,31,0,0.6918546557426453,27
537,6,32,0,0.9947534203529358,28
537,6,33,1,0.054794520139694214,29
537,6,34,1,0.0,30
537,6,35,0,0.0,31
537,6,36,0,0.01534526888281107,32
537,6,37,0,0.2164948433637619,33
537,6,38,0,0.0,34
537,6,39,1,0.01534526888281107,35
537,6,40,1,0.0,36
538,5,5,1,0.7142857313156128,1
538,5,6,0,0.03888889029622078,2
538,5,7,0,0.007751937955617905,3
538,5,8,1,0.30000001192092896,4
538,5,9,0,0.032786883413791656,5
538,5,10,1,0.9947534203529358,6
538,5,11,1,0.25,7
538,5,12,0,0.09090909361839294,8
538,5,13,1,0.7142857313156128,9
538,5,14,0,0.01534526888281107,10
538,5,15,0,0.007751937955617905,11
538,5,16,0,0.2164948433637619,12
538,5,17,0,0.008064515888690948,13
538,5,18,1,0.800000011920929,14
538,5,19,0,0.2164948433637619,15
538,5,20,1,0.5263158082962036,16
538,5,21,0,0.0,17
538,5,22,0,0.01534526888281107,18
538,5,23,0,0.01534526888281107,19
538,5,24,1,0.970588207244873,20
538,5,25,0,0.0,21
538,5,26,0,0.0,22
538,5,27,0,0.0,23
538,5,28,1,1.0,24
538,5,29,0,0.0,25
538,5,30,0,0.01534526888281107,26
538,5,31,0,0.032786883413791656,27
538,5,32,0,0.03888889029622078,28
538,5,33,1,0.7142857313156128,29
538,5,34,0,0.054794520139694214,30
538,5,35,0,0.007751937955617905,31
538,5,36,1,0.9117646813392639,32
538,5,37,0,0.032786883413791656,33
538,5,38,0,0.0,34
538,5,39,1,0.9947534203529358,35
538,5,40,0,0.0,36
541,4,33,0,0.25,1
541,4,34,0,0.16129031777381897,2
541,4,35,0,0.01534526888281107,3
541,4,36,0,0.03888889029622078,4
541,4,37,0,0.032786883413791656,5
541,4,38,0,0.03888889029622078,6
541,4,39,0,0.0,7
541,4,40,0,0.0,8
541,5,1,1,0.12871287763118744,9
541,5,2,0,0.0,10
541,5,3,0,0.06666667014360428,11
541,5,4,1,0.6410256624221802,12
541,5,5,1,0.2164948433637619,13
541,5,6,0,0.0,14
541,5,7,0,0.0,15
541,5,8,1,0.30000001192092896,16
541,5,9,0,0.03888889029622078,17
541,5,10,1,0.7142857313156128,18
541,5,11,1,0.9947534203529358,19
541,5,12,0,0.007751937955617905,20
541,5,13,1,0.9947534203529358,21
541,5,14,0,0.0,22
541,5,15,0,0.01534526888281107,23
541,5,16,0,0.032786883413791656,24
541,5,17,0,0.01534526888281107,25
541,5,18,1,0.9947534203529358,26
541,5,19,0,0.3589743673801422,27
541,5,20,1,0.9947534203529358,28
541,5,21,0,0.032786883413791656,29
541,5,22,0,0.5263158082962036,30
541,5,23,0,0.06666667014360428,31
541,5,24,1,0.7142857313156128,32
541,5,25,0,0.027027027681469917,33
541,5,26,0,0.12871287763118744,34
541,5,27,0,0.025974025949835777,35
541,5,28,1,0.9947534203529358,36
541,5,29,0,0.0,37
541,5,30,0,0.054794520139694214,38
541,5,31,0,0.25,39
541,5,32,0,0.054794520139694214,40
541,5,33,1,0.5263158082962036,41
541,5,34,0,0.027027027681469917,42
541,5,35,0,0.01534526888281107,43
541,5,36,1,0.8999999761581421,44
541,5,37,0,0.03888889029622078,45
541,5,38,0,0.027027027681469917,46
541,5,39,1,0.9947534203529358,47
541,5,40,0,0.008064515888690948,48
543,4,33,0,0.25,1
543,4,34,0,0.16129031777381897,2
543,4,35,0,0.01534526888281107,3
543,4,36,0,0.03888889029622078,4
543,4,37,0,0.032786883413791656,5
543,4,38,0,0.03888889029622078,6
543,4,39,0,0.0,7
543,4,40,0,0.0,8
543,5,1,1,0.12871287763118744,9
543,5,2,0,0.0,10
543,5,3,0,0.06666667014360428,11
543,5,4,1,0.6410256624221802,12
543,5,5,1,0.2164948433637619,13
543,5,6,0,0.0,14
543,5,7,0,0.0,15
543,5,8,1,0.30000001192092896,16
543,5,9,0,0.03888889029622078,17
543,5,10,1,0.7142857313156128,18
543,5,11,1,0.9947534203529358,19
543,5,12,0,0.007751937955617905,20
543,5,13,1,0.9947534203529358,21
543,5,14,0,0.0,22
543,5,15,0,0.01534526888281107,23
543,5,16,0,0.032786883413791656,24
543,5,17,0,0.01534526888281107,25
543,5,18,1,0.9947534203529358,26
543,5,19,1,0.3589743673801422,27
543,5,20,1,0.8135592937469482,28
543,5,21,0,0.01534526888281107,29
543,5,22,0,0.7142857313156128,30
543,5,23,0,0.06666667014360428,31
543,5,24,1,0.8999999761581421,32
543,5,25,0,0.0,33
543,5,26,0,0.12871287763118744,34
543,5,27,0,0.01534526888281107,35
543,5,28,1,1.0,36
543,5,29,0,0.0,37
543,5,30,0,0.12871287763118744,38
543,5,31,0,0.25,39
543,5,32,0,0.054794520139694214,40
543,5,33,1,0.7142857313156128,41
543,5,34,0,0.025974025949835777,42
543,5,35,0,0.01534526888281107,43
543,5,36,1,0.8999999761581421,44
543,5,37,0,0.03888889029622078,45
543,5,38,0,0.01534526888281107,46
543,5,39,1,0.9947534203529358,47
543,5,40,0,0.007751937955617905,48
544,4,33,0,0.25,1
544,4,34,0,0.16129031777381897,2
544,4,35,0,0.01534526888281107,3
544,4,36,0,0.03888889029622078,4
544,4,37,0,0.032786883413791656,5
544,4,38,0,0.03888889029622078,6
544,4,39,0,0.0,7
544,4,40,0,0.0,8
544,5,1,0,0.12871287763118744,9
544,5,2,0,0.25,10
544,5,3,0,0.25,11
544,5,4,1,0.3589743673801422,12
544,5,5,0,0.3589743673801422,13
544,5,6,0,0.16129031777381897,14
544,5,7,0,0.5263158082962036,15
544,5,8,1,0.25,16
544,5,9,0,0.6410256624221802,17
544,5,10,1,0.8974359035491943,18
544,5,11,1,0.9947534203529358,19
544,5,12,0,0.03888889029622078,20
544,5,13,1,0.9947534203529358,21
544,5,14,0,0.007751937955617905,22
544,5,15,0,0.0,23
544,5,16,0,0.027027027681469917,24
544,5,17,0,0.16129031777381897,25
544,5,18,1,0.9947534203529358,26
544,5,19,1,0.5263158082962036,27
544,5,20,1,0.9166666865348816,28
544,5,21,0,0.01534526888281107,29
544,5,22,0,0.09090909361839294,30
544,5,23,0,0.01534526888281107,31
544,5,24,1,0.9947534203529358,32
544,5,25,0,0.0,33
544,5,26,0,0.01534526888281107,34
544,5,27,0,0.0,35
544,5,28,1,1.0,36
544,5,29,0,0.0,37
544,5,30,0,0.008064515888690948,38
544,5,31,0,0.0,39
544,5,32,0,0.054794520139694214,40
544,5,33,1,0.7142857313156128,41
544,5,34,0,0.01534526888281107,42
544,5,35,0,0.0,43
544,5,36,1,0.6410256624221802,44
544,5,37,0,0.03888889029622078,45
544,5,38,0,0.0,46
544,5,39,1,0.9117646813392639,47
544,5,40,0,0.0,48
546,4,17,0,0.3589743673801422,1
546,4,18,1,0.7142857313156128,2
546,4,19,0,0.054794520139694214,3
546,4,20,1,0.7142857313156128,4
546,4,21,0,0.03888889029622078,5
546,4,22,1,0.12871287763118744,6
546,4,23,1,0.25,7
546,4,24,0,0.16129031777381897,8
546,4,25,0,0.2164948433637619,9
546,4,26,0,0.25,10
546,4,27,0,0.01534526888281107,11
546,4,28,1,0.9117646813392639,12
546,4,29,1,0.5263158082962036,13
546,4,30,0,0.06666667014360428,14
546,4,31,1,0.9947534203529358,15
546,4,32,0,0.0,16
546,4,33,0,0.0,17
546,4,34,0,0.0,18
546,4,35,0,0.0,19
546,4,36,0,0.054794520139694214,20
546,4,37,0,0.007751937955617905,21
546,4,38,0,0.0,22
546,4,39,0,0.12871287763118744,23
546,4,40,0,0.0,24
551,4,17,0,0.3589743673801422,1
551,4,18,1,0.7142857313156128,2
551,4,19,0,0.054794520139694214,3
551,4,20,1,0.3589743673801422,4
551,4,21,0,0.054794520139694214,5
551,4,22,1,0.2164948433637619,6
551,4,23,1,0.5,7
551,4,24,0,0.16129031777381897,8
551,4,25,0,0.16129031777381897,9
551,4,26,0,0.054794520139694214,10
551,4,27,0,0.007751937955617905,11
551,4,28,1,0.8974359035491943,12
551,4,29,0,0.5263158082962036,13
551,4,30,0,0.12871287763118744,14
551,4,31,1,0.9117646813392639,15
551,4,32,0,0.01534526888281107,16
551,4,33,0,0.01534526888281107,17
551,4,34,0,0.01534526888281107,18
551,4,35,0,0.01534526888281107,19
551,4,36,0,0.8135592937469482,20
551,4,37,0,0.12871287763118744,21
551,4,38,0,0.0,22
551,4,39,0,0.03888889029622078,23
551,4,40,0,0.0,24
552,4,5,1,0.800000011920929,1
552,4,6,0,0.12871287763118744,2
552,4,7,1,0.03888889029622078,3
552,4,8,0,0.25,4
552,4,9,1,0.3589743673801422,5
552,4,10,1,0.30000001192092896,6
552,4,11,1,0.9947534203529358,7
552,4,12,0,0.054794520139694214,8
552,4,13,1,0.9947534203529358,9
552,4,14,0,0.0,10
552,4,15,0,0.027027027681469917,11
552,4,16,1,0.9117646813392639,12
552,4,17,0,0.0,13
552,4,18,0,0.25,14
552,4,19,0,0.054794520139694214,15
552,4,20,1,0.6410256624221802,16
552,4,21,0,0.0,17
552,4,22,0,0.10526315867900848,18
552,4,23,1,0.5240845084190369,19
552,4,24,0,0.0,20
552,4,25,0,0.008064515888690948,21
552,4,26,0,0.01534526888281107,22
552,4,27,0,0.0,23
552,4,28,1,0.9947534203529358,24
552,4,29,1,0.5,25
552,4,30,0,0.25,26
552,4,31,1,0.9947534203529358,27
552,4,32,0,0.0,28
552,4,33,0,0.0,29
552,4,34,0,0.0,30
552,4,35,0,0.0,31
552,4,36,0,0.025974025949835777,32
552,4,37,0,0.01534526888281107,33
552,4,38,0,0.0,34
552,4,39,0,0.0,35
552,4,40,0,0.0,36
555,4,5,1,0.800000011920929,1
555,4,6,0,0.12871287763118744,2
555,4,7,1,0.03888889029622078,3
555,4,8,0,0.25,4
555,4,9,1,0.3589743673801422,5
555,4,10,1,0.30000001192092896,6
555,4,11,1,0.9947534203529358,7
555,4,12,0,0.054794520139694214,8
555,4,13,1,0.9947534203529358,9
555,4,14,0,0.0,10
555,4,15,0,0.027027027681469917,11
555,4,16,1,0.9117646813392639,12
555,4,17,0,0.0,13
555,4,18,1,0.25,14
555,4,19,0,0.01534526888281107,15
555,4,20,1,0.5,16
555,4,21,0,0.0,17
555,4,22,0,0.16129031777381897,18
555,4,23,1,0.5263158082962036,19
555,4,24,0,0.007751937955617905,20
555,4,25,0,0.008064515888690948,21
555,4,26,0,0.0,22
555,4,27,0,0.0,23
555,4,28,1,0.9947534203529358,24
555,4,29,0,0.5263158082962036,25
555,4,30,0,0.25,26
555,4,31,1,0.9947534203529358,27
555,4,32,0,0.03888889029622078,28
555,4,33,0,0.032786883413791656,29
555,4,34,0,0.027027027681469917,30
555,4,35,0,0.0,31
555,4,36,0,0.032786883413791656,32
555,4,37,0,0.01534526888281107,33
555,4,38,0,0.0,34
555,4,39,0,0.0,35
555,4,40,0,0.0,36
557,5,33,1,0.2164948433637619,1
557,5,34,0,0.032786883413791656,2
557,5,35,0,0.0,3
557,5,36,1,0.01534526888281107,4
557,5,37,0,0.2164948433637619,5
557,5,38,0,0.01534526888281107,6
557,5,39,1,0.2164948433637619,7
557,5,40,0,0.25,8
557,6,1,0,0.032786883413791656,9
557,6,2,0,0.008064515888690948,10
557,6,3,0,0.01534526888281107,11
557,6,4,0,0.25,12
557,6,5,0,0.054794520139694214,13
557,6,6,0,0.03888889029622078,14
557,6,7,0,0.2164948433637619,15
557,6,8,0,0.06666667014360428,16
557,6,9,0,0.2164948433637619,17
557,6,10,1,0.12871287763118744,18
557,6,11,0,0.03888889029622078,19
557,6,12,0,0.2164948433637619,20
557,6,13,1,0.5,21
557,6,14,0,0.5,22
557,6,15,0,0.3589743673801422,23
557,6,16,0,0.30000001192092896,24
557,6,17,1,0.7142857313156128,25
557,6,18,1,0.7142857313156128,26
557,6,19,1,0.8974359035491943,27
557,6,20,1,0.5,28
557,6,21,0,0.12871287763118744,29
557,6,22,0,0.7142857313156128,30
557,6,23,0,0.800000011920929,31
557,6,24,1,0.970588207244873,32
557,6,25,1,0.9947534203529358,33
557,6,26,1,0.970588207244873,34
557,6,27,1,0.03888889029622078,35
557,6,28,0,0.3589743673801422,36
557,6,29,1,0.970588207244873,37
557,6,30,1,0.0,38
557,6,31,0,0.5263158082962036,39
557,6,32,0,0.3589743673801422,40
557,6,33,1,0.0,41
557,6,34,1,0.007751937955617905,42
557,6,35,0,0.0,43
557,6,36,0,0.007751937955617905,44
557,6,37,0,0.25,45
557,6,38,0,0.01534526888281107,46
557,6,39,1,0.12871287763118744,47
557,6,40,1,0.0,48
558,6,5,0,0.7142857313156128,1
558,6,6,0,0.16129031777381897,2
558,6,7,0,0.054794520139694214,3
558,6,8,0,0.03888889029622078,4
558,6,9,0,0.16129031777381897,5
558,6,10,0,0.3589743673801422,6
558,6,11,0,0.01534526888281107,7
558,6,12,0,0.007751937955617905,8
558,6,13,0,0.01534526888281107,9
558,6,14,0,0.0,10
558,6,15,0,0.16129031777381897,11
558,6,16,0,0.03888889029622078,12
558,6,17,1,0.2164948433637619,13
558,6,18,1,0.9947534203529358,14
558,6,19,1,0.9947534203529358,15
558,6,20,1,0.9947534203529358,16
558,6,21,0,0.2164948433637619,17
558,6,22,0,0.25,18
558,6,23,0,0.3589743673801422,19
558,6,24,1,0.8974359035491943,20
558,6,25,1,0.9947534203529358,21
558,6,26,1,0.8135592937469482,22
558,6,27,1,0.12871287763118744,23
558,6,28,0,0.12871287763118744,24
558,6,29,1,0.3589743673801422,25
558,6,30,1,0.0,26
558,6,31,0,0.3589743673801422,27
558,6,32,0,0.3589743673801422,28
558,6,33,1,0.0,29
558,6,34,1,0.0,30
558,6,35,0,0.0,31
558,6,36,0,0.007751937955617905,32
558,6,37,0,0.12871287763118744,33
558,6,38,0,0.0,34
558,6,39,1,0.025974025949835777,35
558,6,40,1,0.0,36
559,5,5,1,0.7142857313156128,1
559,5,6,0,0.03888889029622078,2
559,5,7,0,0.2164948433637619,3
559,5,8,1,0.30000001192092896,4
559,5,9,0,0.03888889029622078,5
559,5,10,1,0.9947534203529358,6
559,5,11,1,0.30000001192092896,7
559,5,12,0,0.25,8
559,5,13,1,0.8974359035491943,9
559,5,14,0,0.0,10
559,5,15,0,0.007751937955617905,11
559,5,16,0,0.2164948433637619,12
559,5,17,0,0.01534526888281107,13
559,5,18,1,0.8135592937469482,14
559,5,19,1,0.25,15
559,5,20,1,0.3589743673801422,16
559,5,21,0,0.0,17
559,5,22,0,0.03888889029622078,18
559,5,23,0,0.025974025949835777,19
559,5,24,1,0.9947534203529358,20
559,5,25,0,0.0,21
559,5,26,0,0.0,22
559,5,27,0,0.0,23
559,5,28,1,1.0,24
559,5,29,0,0.0,25
559,5,30,0,0.007751937955617905,26
559,5,31,0,0.01534526888281107,27
559,5,32,0,0.03888889029622078,28
559,5,33,1,0.7142857313156128,29
559,5,34,0,0.03888889029622078,30
559,5,35,0,0.01534526888281107,31
559,5,36,1,0.8974359035491943,32
559,5,37,0,0.027027027681469917,33
559,5,38,0,0.0,34
559,5,39,1,0.9947534203529358,35
559,5,40,0,0.0,36
560,5,17,0,0.30000001192092896,1
560,5,18,1,0.7142857313156128,2
560,5,19,1,0.10526315867900848,3
560,5,20,1,0.3589743673801422,4
560,5,21,0,0.032786883413791656,5
560,5,22,1,0.12871287763118744,6
560,5,23,0,0.03888889029622078,7
560,5,24,1,0.7142857313156128,8
560,5,25,0,0.0,9
560,5,26,0,0.25,10
560,5,27,0,0.026978766545653343,11
560,5,28,1,0.9947534203529358,12
560,5,29,0,0.0,13
560,5,30,0,0.007751937955617905,14
560,5,31,0,0.01534526888281107,15
560,5,32,0,0.10526315867900848,16
560,5,33,1,0.8974359035491943,17
560,5,34,0,0.0,18
560,5,35,0,0.01534526888281107,19
560,5,36,1,0.9947534203529358,20
560,5,37,0,0.054794520139694214,21
560,5,38,0,0.0,22
560,5,39,1,0.9947534203529358,23
560,5,40,0,0.0,24
561,5,33,1,0.2164948433637619,1
561,5,34,0,0.032786883413791656,2
561,5,35,0,0.0,3
561,5,36,1,0.01534526888281107,4
561,5,37,0,0.2164948433637619,5
561,5,38,0,0.01534526888281107,6
561,5,39,1,0.2164948433637619,7
561,5,40,0,0.25,8
561,6,1,0,0.032786883413791656,9
561,6,2,0,0.008064515888690948,10
561,6,3,0,0.01534526888281107,11
561,6,4,0,0.25,12
561,6,5,0,0.054794520139694214,13
561,6,6,0,0.03888889029622078,14
561,6,7,0,0.2164948433637619,15
561,6,8,0,0.06666667014360428,16
561,6,9,0,0.2164948433637619,17
561,6,10,0,0.12871287763118744,18
561,6,11,0,0.027027027681469917,19
561,6,12,0,0.054794520139694214,20
561,6,13,0,0.3589743673801422,21
561,6,14,0,0.2164948433637619,22
561,6,15,0,0.3589743673801422,23
561,6,16,0,0.3589743673801422,24
561,6,17,1,0.5263158082962036,25
561,6,18,1,0.9947534203529358,26
561,6,19,1,0.8999999761581421,27
561,6,20,1,0.8135592937469482,28
561,6,21,0,0.25,29
561,6,22,0,0.8135592937469482,30
561,6,23,0,0.9947534203529358,31
561,6,24,1,0.8974359035491943,32
561,6,25,1,0.9947534203529358,33
561,6,26,1,0.9117646813392639,34
561,6,27,0,0.25,35
561,6,28,0,0.2164948433637619,36
561,6,29,1,0.3589743673801422,37
561,6,30,1,0.0,38
561,6,31,0,0.25,39
561,6,32,0,0.16129031777381897,40
561,6,33,1,0.06666667014360428,41
561,6,34,1,0.01534526888281107,42
561,6,35,0,0.0,43
561,6,36,0,0.01534526888281107,44
561,6,37,0,0.12871287763118744,45
561,6,38,0,0.008064515888690948,46
561,6,39,1,0.054794520139694214,47
561,6,40,1,0.0,48
562,5,5,1,0.7142857313156128,1
562,5,6,0,0.03888889029622078,2
562,5,7,0,0.2164948433637619,3
562,5,8,1,0.30000001192092896,4
562,5,9,0,0.03888889029622078,5
562,5,10,1,0.9947534203529358,6
562,5,11,1,0.30000001192092896,7
562,5,12,0,0.25,8
562,5,13,1,0.8974359035491943,9
562,5,14,0,0.0,10
562,5,15,0,0.007751937955617905,11
562,5,16,0,0.2164948433637619,12
562,5,17,0,0.01534526888281107,13
562,5,18,1,0.8135592937469482,14
562,5,19,0,0.25,15
562,5,20,1,0.7142857313156128,16
562,5,21,0,0.0,17
562,5,22,1,0.008064515888690948,18
562,5,23,0,0.03888889029622078,19
562,5,24,1,0.054794520139694214,20
562,5,25,0,0.0,21
562,5,26,0,0.0,22
562,5,27,0,0.0,23
562,5,28,1,1.0,24
562,5,29,0,0.0,25
562,5,30,0,0.007751937955617905,26
562,5,31,0,0.01534526888281107,27
562,5,32,0,0.03888889029622078,28
562,5,33,1,0.7142857313156128,29
562,5,34,0,0.03888889029622078,30
562,5,35,0,0.007751937955617905,31
562,5,36,1,0.7142857313156128,32
562,5,37,0,0.027027027681469917,33
562,5,38,0,0.0,34
562,5,39,1,0.9947534203529358,35
562,5,40,0,0.0,36
564,6,5,0,0.7142857313156128,1
564,6,6,0,0.16129031777381897,2
564,6,7,0,0.054794520139694214,3
564,6,8,0,0.03888889029622078,4
564,6,9,0,0.16129031777381897,5
564,6,10,0,0.3589743673801422,6
564,6,11,0,0.01534526888281107,7
564,6,12,0,0.007751937955617905,8
564,6,13,0,0.01534526888281107,9
564,6,14,0,0.0,10
564,6,15,0,0.16129031777381897,11
564,6,16,0,0.03888889029622078,12
564,6,17,1,0.2164948433637619,13
564,6,18,1,0.9947534203529358,14
564,6,19,1,0.9947534203529358,15
564,6,20,1,0.9947534203529358,16
564,6,21,0,0.2164948433637619,17
564,6,22,0,0.25,18
564,6,23,0,0.3589743673801422,19
564,6,24,1,0.8974359035491943,20
564,6,25,1,0.9947534203529358,21
564,6,26,1,0.8135592937469482,22
564,6,27,1,0.12871287763118744,23
564,6,28,0,0.12871287763118744,24
564,6,29,1,0.3589743673801422,25
564,6,30,1,0.0,26
564,6,31,0,0.3589743673801422,27
564,6,32,0,0.3589743673801422,28
564,6,33,1,0.0,29
564,6,34,1,0.0,30
564,6,35,0,0.0,31
564,6,36,0,0.007751937955617905,32
564,6,37,0,0.12871287763118744,33
564,6,38,0,0.0,34
564,6,39,1,0.025974025949835777,35
564,6,40,1,0.0,36
566,6,5,0,0.7142857313156128,1
566,6,6,0,0.16129031777381897,2
566,6,7,0,0.25,3
566,6,8,0,0.25,4
566,6,9,0,0.2164948433637619,5
566,6,10,0,0.2164948433637619,6
566,6,11,0,0.2164948433637619,7
566,6,12,0,0.12871287763118744,8
566,6,13,0,0.25,9
566,6,14,0,0.054794520139694214,10
566,6,15,0,0.054794520139694214,11
566,6,16,0,0.03888889029622078,12
566,6,17,1,0.7142857313156128,13
566,6,18,1,0.9947534203529358,14
566,6,19,1,0.9947534203529358,15
566,6,20,1,1.0,16
566,6,21,0,0.5,17
566,6,22,0,0.7142857313156128,18
566,6,23,0,0.7142857313156128,19
566,6,24,1,0.9947534203529358,20
566,6,25,1,0.9947534203529358,21
566,6,26,1,0.9947534203529358,22
566,6,27,1,0.5,23
566,6,28,0,0.2164948433637619,24
566,6,29,1,0.8974359035491943,25
566,6,30,1,0.03888889029622078,26
566,6,31,0,0.8035430908203125,27
566,6,32,0,0.9947534203529358,28
566,6,33,1,0.12871287763118744,29
566,6,34,1,0.0,30
566,6,35,0,0.0,31
566,6,36,0,0.01534526888281107,32
566,6,37,0,0.25,33
566,6,38,0,0.0,34
566,6,39,1,0.025974025949835777,35
566,6,40,1,0.01534526888281107,36
570,5,17,0,0.30000001192092896,1
570,5,18,1,0.800000011920929,2
570,5,19,1,0.12871287763118744,3
570,5,20,1,0.3589743673801422,4
570,5,21,0,0.032786883413791656,5
570,5,22,0,0.032786883413791656,6
570,5,23,0,0.2164948433637619,7
570,5,24,1,0.9117646813392639,8
570,5,25,0,0.01534526888281107,9
570,5,26,0,0.03888889029622078,10
570,5,27,0,0.0,11
570,5,28,1,1.0,12
570,5,29,0,0.0,13
570,5,30,0,0.0,14
570,5,31,0,0.0,15
570,5,32,0,0.032786883413791656,16
570,5,33,1,0.8999999761581421,17
570,5,34,0,0.0,18
570,5,35,0,0.01534526888281107,19
570,5,36,1,0.9947534203529358,20
570,5,37,0,0.03888889029622078,21
570,5,38,0,0.0,22
570,5,39,1,1.0,23
570,5,40,0,0.0,24
571,5,17,0,0.30000001192092896,1
571,5,18,1,0.800000011920929,2
571,5,19,1,0.12871287763118744,3
571,5,20,1,0.3589743673801422,4
571,5,21,0,0.032786883413791656,5
571,5,22,0,0.032786883413791656,6
571,5,23,0,0.2164948433637619,7
571,5,24,1,0.9117646813392639,8
571,5,25,0,0.01534526888281107,9
571,5,26,0,0.03888889029622078,10
571,5,27,0,0.0,11
571,5,28,1,1.0,12
571,5,29,0,0.0,13
571,5,30,0,0.0,14
571,5,31,0,0.0,15
571,5,32,0,0.032786883413791656,16
571,5,33,1,0.8999999761581421,17
571,5,34,0,0.0,18
571,5,35,0,0.01534526888281107,19
571,5,36,1,0.9947534203529358,20
571,5,37,0,0.03888889029622078,21
571,5,38,0,0.0,22
571,5,39,1,1.0,23
571,5,40,0,0.0,24
573,6,5,0,0.7142857313156128,1
573,6,6,0,0.16129031777381897,2
573,6,7,0,0.25,3
573,6,8,0,0.25,4
573,6,9,0,0.2164948433637619,5
573,6,10,0,0.054794520139694214,6
573,6,11,0,0.0,7
573,6,12,0,0.0,8
573,6,13,0,0.01534526888281107,9
573,6,14,0,0.0,10
573,6,15,0,0.027027027681469917,11
573,6,16,0,0.03888889029622078,12
573,6,17,1,0.5263158082962036,13
573,6,18,1,0.9947534203529358,14
573,6,19,1,0.9947534203529358,15
573,6,20,1,0.8135592937469482,16
573,6,21,0,0.03888889029622078,17
573,6,22,0,0.10526315867900848,18
573,6,23,0,0.054794520139694214,19
573,6,24,1,0.5263158082962036,20
573,6,25,1,0.8135592937469482,21
573,6,26,1,0.5263158082962036,22
573,6,27,1,0.12871287763118744,23
573,6,28,0,0.30000001192092896,24
573,6,29,1,0.8135592937469482,25
573,6,30,1,0.01534526888281107,26
573,6,31,1,0.7142857313156128,27
573,6,32,0,0.008064515888690948,28
573,6,33,1,0.01534526888281107,29
573,6,34,1,0.0,30
573,6,35,0,0.0,31
573,6,36,0,0.01534526888281107,32
573,6,37,0,0.054794520139694214,33
573,6,38,0,0.0,34
573,6,39,1,0.06666667014360428,35
573,6,40,1,0.0,36
574,5,17,0,0.30000001192092896,1
574,5,18,1,0.800000011920929,2
574,5,19,0,0.12871287763118744,3
574,5,20,1,0.5,4
574,5,21,0,0.0,5
574,5,22,0,0.0,6
574,5,23,0,0.0,7
574,5,24,1,0.9947534203529358,8
574,5,25,0,0.0,9
574,5,26,0,0.01534526888281107,10
574,5,27,0,0.0,11
574,5,28,1,1.0,12
574,5,29,0,0.0,13
574,5,30,0,0.0,14
574,5,31,0,0.0,15
574,5,32,0,0.032786883413791656,16
574,5,33,1,0.8135592937469482,17
574,5,34,0,0.007751937955617905,18
574,5,35,0,0.0,19
574,5,36,1,0.9947534203529358,20
574,5,37,0,0.03888889029622078,21
574,5,38,0,0.0,22
574,5,39,1,0.9947534203529358,23
574,5,40,0,0.0,24
575,5,17,0,0.30000001192092896,1
575,5,18,1,0.800000011920929,2
575,5,19,1,0.12871287763118744,3
575,5,20,1,0.3589743673801422,4
575,5,21,0,0.032786883413791656,5
575,5,22,1,0.032786883413791656,6
575,5,23,0,0.03888889029622078,7
575,5,24,1,0.3589743673801422,8
575,5,25,0,0.0,9
575,5,26,0,0.12871287763118744,10
575,5,27,0,0.008064515888690948,11
575,5,28,1,0.9947534203529358,12
575,5,29,0,0.0,13
575,5,30,0,0.0,14
575,5,31,0,0.0,15
575,5,32,0,0.03888889029622078,16
575,5,33,1,0.800000011920929,17
575,5,34,0,0.0,18
575,5,35,0,0.01534526888281107,19
575,5,36,1,0.9947534203529358,20
575,5,37,0,0.032786883413791656,21
575,5,38,0,0.0,22
575,5,39,1,0.9947534203529358,23
575,5,40,0,0.0,24
580,4,17,0,0.3589743673801422,1
580,4,18,1,0.7142857313156128,2
580,4,19,0,0.054794520139694214,3
580,4,20,1,0.7142857313156128,4
580,4,21,0,0.03888889029622078,5
580,4,22,0,0.12871287763118744,6
580,4,23,1,0.25,7
580,4,24,0,0.25,8
580,4,25,0,0.2164948433637619,9
580,4,26,0,0.2164948433637619,10
580,4,27,0,0.2164948433637619,11
580,4,28,1,0.3589743673801422,12
580,4,29,1,0.3589743673801422,13
580,4,30,0,0.12871287763118744,14
580,4,31,1,0.9117646813392639,15
580,4,32,0,0.0,16
580,4,33,0,0.0,17
580,4,34,0,0.0,18
580,4,35,0,0.0,19
580,4,36,0,0.7142857313156128,20
580,4,37,0,0.12871287763118744,21
580,4,38,0,0.0,22
580,4,39,0,0.03888889029622078,23
580,4,40,0,0.007751937955617905,24
581,4,17,0,0.3589743673801422,1
581,4,18,0,0.7142857313156128,2
581,4,19,0,0.6410256624221802,3
581,4,20,1,0.7142857313156128,4
581,4,21,0,0.12871287763118744,5
581,4,22,0,0.25,6
581,4,23,1,0.12871287763118744,7
581,4,24,0,0.054794520139694214,8
581,4,25,0,0.008064515888690948,9
581,4,26,0,0.01534526888281107,10
581,4,27,0,0.007751937955617905,11
581,4,28,1,0.12871287763118744,12
581,4,29,1,0.30000001192092896,13
581,4,30,0,0.09090909361839294,14
581,4,31,1,0.9118878245353699,15
581,4,32,0,0.0,16
581,4,33,0,0.01534526888281107,17
581,4,34,0,0.008064515888690948,18
581,4,35,0,0.007751937955617905,19
581,4,36,0,0.6410256624221802,20
581,4,37,0,0.2164948433637619,21
581,4,38,0,0.01534526888281107,22
581,4,39,0,0.03888889029622078,23
581,4,40,0,0.01534526888281107,24
583,4,17,0,0.3589743673801422,1
583,4,18,1,0.7142857313156128,2
583,4,19,0,0.054794520139694214,3
583,4,20,1,0.7142857313156128,4
583,4,21,0,0.03888889029622078,5
583,4,22,0,0.12871287763118744,6
583,4,23,1,0.25,7
583,4,24,0,0.25,8
583,4,25,0,0.2164948433637619,9
583,4,26,0,0.2164948433637619,10
583,4,27,0,0.2164948433637619,11
583,4,28,1,0.3589743673801422,12
583,4,29,0,0.3589743673801422,13
583,4,30,0,0.16129031777381897,14
583,4,31,1,0.8974359035491943,15
583,4,32,0,0.03888889029622078,16
583,4,33,0,0.06666667014360428,17
583,4,34,0,0.10526315867900848,18
583,4,35,0,0.03888889029622078,19
583,4,36,0,0.5263158082962036,20
583,4,37,0,0.2164948433637619,21
583,4,38,0,0.01534526888281107,22
583,4,39,0,0.03888889029622078,23
583,4,40,0,0.01534526888281107,24
584,4,17,0,0.3589743673801422,1
584,4,18,1,0.7142857313156128,2
584,4,19,0,0.054794520139694214,3
584,4,20,1,0.3589743673801422,4
584,4,21,0,0.054794520139694214,5
584,4,22,0,0.2164948433637619,6
584,4,23,1,0.25,7
584,4,24,0,0.5263158082962036,8
584,4,25,0,0.25,9
584,4,26,0,0.2164948433637619,10
584,4,27,0,0.008064515888690948,11
584,4,28,1,0.7142857313156128,12
584,4,29,1,0.30000001192092896,13
584,4,30,1,0.054794520139694214,14
584,4,31,1,0.7142857313156128,15
584,4,32,0,0.0,16
584,4,33,0,0.0,17
584,4,34,0,0.0,18
584,4,35,0,0.0,19
584,4,36,0,0.10526315867900848,20
584,4,37,0,0.03888889029622078,21
584,4,38,0,0.008064515888690948,22
584,4,39,0,0.03888889029622078,23
584,4,40,0,0.0,24
586,5,21,0,0.30000001192092896,1
586,5,22,1,0.5198682546615601,2
586,5,23,0,0.01534526888281107,3
586,5,24,1,0.2164948433637619,4
586,5,25,0,0.008064515888690948,5
586,5,26,0,0.03888889029622078,6
586,5,27,0,0.01534526888281107,7
586,5,28,1,1.0,8
586,5,29,0,0.01534526888281107,9
586,5,30,0,0.06666667014360428,10
586,5,31,0,0.032786883413791656,11
586,5,32,0,0.30000001192092896,12
586,5,33,1,0.30000001192092896,13
586,5,34,0,0.25,14
586,5,35,0,0.03888889029622078,15
586,5,36,1,0.5263158082962036,16
586,5,37,0,0.03888889029622078,17
586,5,38,0,0.01534526888281107,18
586,5,39,1,0.9166666865348816,19
586,5,40,0,0.03888889029622078,20
586,6,1,0,0.03888889029622078,21
586,6,2,0,0.027027027681469917,22
586,6,3,0,0.054794520139694214,23
586,6,4,1,0.25,24
586,6,5,0,0.25,25
586,6,6,0,0.054794520139694214,26
586,6,7,0,0.10526315867900848,27
586,6,8,0,0.25,28
586,6,9,0,0.25,29
586,6,10,0,0.25,30
586,6,11,0,0.25,31
586,6,12,0,0.16129031777381897,32
586,6,13,0,0.3589743673801422,33
586,6,14,0,0.25,34
586,6,15,0,0.12871287763118744,35
586,6,16,0,0.12871287763118744,36
586,6,17,1,0.3589743673801422,37
586,6,18,1,0.8135592937469482,38
586,6,19,1,0.9947534203529358,39
586,6,20,1,0.9947534203529358,40
586,6,21,0,0.7142857313156128,41
586,6,22,0,0.8974359035491943,42
586,6,23,0,0.9117646813392639,43
586,6,24,1,0.9117646813392639,44
586,6,25,1,0.9947534203529358,45
586,6,26,1,0.9947534203529358,46
586,6,27,1,0.5,47
586,6,28,0,0.8135592937469482,48
586,6,29,1,0.9947534203529358,49
586,6,30,1,0.16129031777381897,50
586,6,31,1,0.9947534203529358,51
586,6,32,0,0.16129031777381897,52
586,6,33,1,0.025974025949835777,53
586,6,34,1,0.0,54
586,6,35,0,0.0,55
586,6,36,0,0.0,56
586,6,37,0,0.25,57
586,6,38,0,0.027027027681469917,58
586,6,39,1,0.25,59
586,6,40,1,0.01534526888281107,60
587,5,21,0,0.30000001192092896,1
587,5,22,0,0.5198682546615601,2
587,5,23,0,0.5263158082962036,3
587,5,24,1,0.5,4
587,5,25,0,0.03888889029622078,5
587,5,26,0,0.12871287763118744,6
587,5,27,0,0.03888889029622078,7
587,5,28,1,0.9947534203529358,8
587,5,29,0,0.027027027681469917,9
587,5,30,0,0.054794520139694214,10
587,5,31,0,0.12871287763118744,11
587,5,32,0,0.25,12
587,5,33,1,0.3589743673801422,13
587,5,34,0,0.16129031777381897,14
587,5,35,0,0.01534526888281107,15
587,5,36,1,0.30000001192092896,16
587,5,37,0,0.032786883413791656,17
587,5,38,0,0.12871287763118744,18
587,5,39,1,0.8135592937469482,19
587,5,40,0,0.01534526888281107,20
587,6,1,0,0.06666667014360428,21
587,6,2,0,0.025974025949835777,22
587,6,3,0,0.03888889029622078,23
587,6,4,0,0.25,24
587,6,5,0,0.16129031777381897,25
587,6,6,0,0.03888889029622078,26
587,6,7,0,0.054794520139694214,27
587,6,8,0,0.03888889029622078,28
587,6,9,0,0.03888889029622078,29
587,6,10,0,0.30000001192092896,30
587,6,11,0,0.30000001192092896,31
587,6,12,0,0.12871287763118744,32
587,6,13,0,0.5263158082962036,33
587,6,14,0,0.5,34
587,6,15,0,0.3589743673801422,35
587,6,16,0,0.1700991988182068,36
587,6,17,1,0.5263158082962036,37
587,6,18,1,0.9947534203529358,38
587,6,19,1,0.9947534203529358,39
587,6,20,1,0.9947534203529358,40
587,6,21,0,0.800000011920929,41
587,6,22,0,0.9166666865348816,42
587,6,23,0,0.970588207244873,43
587,6,24,1,0.8974359035491943,44
587,6,25,1,0.9947534203529358,45
587,6,26,1,0.9947534203529358,46
587,6,27,1,0.48838090896606445,47
587,6,28,0,0.8135592937469482,48
587,6,29,1,0.970588207244873,49
587,6,30,1,0.16129031777381897,50
587,6,31,0,0.9947534203529358,51
587,6,32,0,0.9947534203529358,52
587,6,33,1,0.16129031777381897,53
587,6,34,1,0.01534526888281107,54
587,6,35,0,0.0,55
587,6,36,0,0.16129031777381897,56
587,6,37,0,0.5263158082962036,57
587,6,38,0,0.03888889029622078,58
587,6,39,1,0.25,59
587,6,40,1,0.0,60
588,5,33,1,0.2164948433637619,1
588,5,34,0,0.25,2
588,5,35,0,0.025974025949835777,3
588,5,36,1,0.03888889029622078,4
588,5,37,0,0.25,5
588,5,38,0,0.008064515888690948,6
588,5,39,1,0.16129031777381897,7
588,5,40,0,0.30000001192092896,8
588,6,1,0,0.03888889029622078,9
588,6,2,0,0.008064515888690948,10
588,6,3,0,0.01534526888281107,11
588,6,4,0,0.2164948433637619,12
588,6,5,0,0.03888889029622078,13
588,6,6,0,0.03888889029622078,14
588,6,7,0,0.25,15
588,6,8,0,0.054794520139694214,16
588,6,9,0,0.2164948433637619,17
588,6,10,0,0.054794520139694214,18
588,6,11,0,0.12871287763118744,19
588,6,12,0,0.25,20
588,6,13,0,0.3589743673801422,21
588,6,14,0,0.25,22
588,6,15,0,0.5,23
588,6,16,0,0.3589743673801422,24
588,6,17,1,0.5263158082962036,25
588,6,18,1,0.9947534203529358,26
588,6,19,1,0.8135592937469482,27
588,6,20,1,0.9947534203529358,28
588,6,21,0,0.5263158082962036,29
588,6,22,0,0.9947534203529358,30
588,6,23,0,0.970588207244873,31
588,6,24,1,0.8974359035491943,32
588,6,25,1,0.9947534203529358,33
588,6,26,1,0.9947534203529358,34
588,6,27,1,0.5005185604095459,35
588,6,28,0,0.5,36
588,6,29,1,0.970588207244873,37
588,6,30,1,0.025974025949835777,38
588,6,31,0,0.9947534203529358,39
588,6,32,0,0.9947534203529358,40
588,6,33,1,0.16129031777381897,41
588,6,34,1,0.01534526888281107,42
588,6,35,0,0.0,43
588,6,36,0,0.16129031777381897,44
588,6,37,0,0.5263158082962036,45
588,6,38,0,0.03888889029622078,46
588,6,39,1,0.25,47
588,6,40,1,0.0,48
591,5,21,0,0.30000001192092896,1
591,5,22,0,0.5198682546615601,2
591,5,23,0,0.5263158082962036,3
591,5,24,1,0.5,4
591,5,25,0,0.03888889029622078,5
591,5,26,0,0.12871287763118744,6
591,5,27,0,0.03888889029622078,7
591,5,28,1,0.9947534203529358,8
591,5,29,0,0.027027027681469917,9
591,5,30,0,0.054794520139694214,10
591,5,31,0,0.12871287763118744,11
591,5,32,0,0.25,12
591,5,33,1,0.3589743673801422,13
591,5,34,0,0.16129031777381897,14
591,5,35,0,0.01534526888281107,15
591,5,36,1,0.30000001192092896,16
591,5,37,0,0.032786883413791656,17
591,5,38,0,0.12871287763118744,18
591,5,39,1,0.8135592937469482,19
591,5,40,0,0.01534526888281107,20
591,6,1,0,0.06666667014360428,21
591,6,2,0,0.025974025949835777,22
591,6,3,0,0.03888889029622078,23
591,6,4,0,0.25,24
591,6,5,0,0.16129031777381897,25
591,6,6,0,0.03888889029622078,26
591,6,7,0,0.054794520139694214,27
591,6,8,0,0.03888889029622078,28
591,6,9,0,0.03888889029622078,29
591,6,10,0,0.30000001192092896,30
591,6,11,0,0.30000001192092896,31
591,6,12,0,0.12871287763118744,32
591,6,13,0,0.5263158082962036,33
591,6,14,0,0.5,34
591,6,15,0,0.3589743673801422,35
591,6,16,0,0.1700991988182068,36
591,6,17,1,0.5263158082962036,37
591,6,18,1,0.9947534203529358,38
591,6,19,1,0.9947534203529358,39
591,6,20,1,0.9947534203529358,40
591,6,21,0,0.800000011920929,41
591,6,22,0,0.9166666865348816,42
591,6,23,0,0.970588207244873,43
591,6,24,1,0.8974359035491943,44
591,6,25,1,0.9947534203529358,45
591,6,26,1,0.9947534203529358,46
591,6,27,0,0.48838090896606445,47
591,6,28,0,0.970588207244873,48
591,6,29,1,0.9947534203529358,49
591,6,30,1,0.30000001192092896,50
591,6,31,0,0.800000011920929,51
591,6,32,0,0.9117646813392639,52
591,6,33,1,0.7142857313156128,53
591,6,34,1,0.01534526888281107,54
591,6,35,0,0.0,55
591,6,36,0,0.16129031777381897,56
591,6,37,0,0.5,57
591,6,38,0,0.03888889029622078,58
591,6,39,1,0.30000001192092896,59
591,6,40,1,0.008064515888690948,60
592,6,5,0,0.7142857313156128,1
592,6,6,0,0.16129031777381897,2
592,6,7,0,0.25,3
592,6,8,0,0.25,4
592,6,9,0,0.2164948433637619,5
592,6,10,0,0.2164948433637619,6
592,6,11,0,0.2164948433637619,7
592,6,12,0,0.12871287763118744,8
592,6,13,0,0.25,9
592,6,14,0,0.054794520139694214,10
592,6,15,0,0.054794520139694214,11
592,6,16,0,0.03888889029622078,12
592,6,17,1,0.7142857313156128,13
592,6,18,1,0.9947534203529358,14
592,6,19,1,0.9947534203529358,15
592,6,20,1,1.0,16
592,6,21,0,0.5,17
592,6,22,0,0.7142857313156128,18
592,6,23,0,0.7142857313156128,19
592,6,24,1,0.9947534203529358,20
592,6,25,1,0.9947534203529358,21
592,6,26,1,0.9947534203529358,22
592,6,27,1,0.5,23
592,6,28,0,0.2164948433637619,24
592,6,29,1,0.8974359035491943,25
592,6,30,1,0.03888889029622078,26
592,6,31,0,0.8035430908203125,27
592,6,32,0,0.9947534203529358,28
592,6,33,1,0.12871287763118744,29
592,6,34,1,0.0,30
592,6,35,0,0.0,31
592,6,36,0,0.01534526888281107,32
592,6,37,0,0.25,33
592,6,38,0,0.0,34
592,6,39,1,0.025974025949835777,35
592,6,40,1,0.01534526888281107,36
595,4,33,0,0.25,1
595,4,34,0,0.16129031777381897,2
595,4,35,0,0.01534526888281107,3
595,4,36,0,0.03888889029622078,4
595,4,37,0,0.032786883413791656,5
595,4,38,0,0.03888889029622078,6
595,4,39,0,0.0,7
595,4,40,0,0.0,8
595,5,1,0,0.3589743673801422,9
595,5,2,0,0.054794520139694214,10
595,5,3,0,0.10526315867900848,11
595,5,4,1,0.25,12
595,5,5,0,0.3589743673801422,13
595,5,6,0,0.16129031777381897,14
595,5,7,0,0.7142857313156128,15
595,5,8,1,0.5263158082962036,16
595,5,9,0,0.5263158082962036,17
595,5,10,1,0.9947534203529358,18
595,5,11,1,0.9947534203529358,19
595,5,12,0,0.03888889029622078,20
595,5,13,1,0.9947534203529358,21
595,5,14,0,0.008064515888690948,22
595,5,15,0,0.0,23
595,5,16,0,0.025974025949835777,24
595,5,17,0,0.12871287763118744,25
595,5,18,1,0.9947534203529358,26
595,5,19,0,0.5263158082962036,27
595,5,20,1,0.8135592937469482,28
595,5,21,0,0.0,29
595,5,22,0,0.01534526888281107,30
595,5,23,0,0.03888889029622078,31
595,5,24,1,0.9947534203529358,32
595,5,25,0,0.0,33
595,5,26,0,0.007751937955617905,34
595,5,27,0,0.0,35
595,5,28,1,1.0,36
595,5,29,0,0.0,37
595,5,30,0,0.0,38
595,5,31,0,0.025974025949835777,39
595,5,32,0,0.03888889029622078,40
595,5,33,1,0.3589743673801422,41
595,5,34,0,0.025974025949835777,42
595,5,35,0,0.0,43
595,5,36,1,0.7142857313156128,44
595,5,37,0,0.025974025949835777,45
595,5,38,0,0.0,46
595,5,39,1,0.8135592937469482,47
595,5,40,0,0.0,48
597,5,33,1,0.2164948433637619,1
597,5,34,0,0.25,2
597,5,35,0,0.025974025949835777,3
597,5,36,1,0.03888889029622078,4
597,5,37,0,0.25,5
597,5,38,0,0.008064515888690948,6
597,5,39,1,0.16129031777381897,7
597,5,40,0,0.30000001192092896,8
597,6,1,0,0.03888889029622078,9
597,6,2,0,0.008064515888690948,10
597,6,3,0,0.01534526888281107,11
597,6,4,0,0.2164948433637619,12
597,6,5,0,0.03888889029622078,13
597,6,6,0,0.03888889029622078,14
597,6,7,0,0.25,15
597,6,8,0,0.054794520139694214,16
597,6,9,0,0.2164948433637619,17
597,6,10,0,0.054794520139694214,18
597,6,11,0,0.12871287763118744,19
597,6,12,0,0.25,20
597,6,13,0,0.3589743673801422,21
597,6,14,0,0.25,22
597,6,15,0,0.5,23
597,6,16,0,0.3589743673801422,24
597,6,17,1,0.5263158082962036,25
597,6,18,1,0.9947534203529358,26
597,6,19,1,0.8135592937469482,27
597,6,20,1,0.9947534203529358,28
597,6,21,0,0.5263158082962036,29
597,6,22,0,0.9947534203529358,30
597,6,23,0,0.970588207244873,31
597,6,24,1,0.8974359035491943,32
597,6,25,1,0.9947534203529358,33
597,6,26,1,0.9947534203529358,34
597,6,27,1,0.5005185604095459,35
597,6,28,0,0.5,36
597,6,29,1,0.970588207244873,37
597,6,30,1,0.025974025949835777,38
597,6,31,1,0.9947534203529358,39
597,6,32,0,0.16129031777381897,40
597,6,33,1,0.025974025949835777,41
597,6,34,1,0.0,42
597,6,35,0,0.0,43
597,6,36,0,0.0,44
597,6,37,0,0.25,45
597,6,38,0,0.025974025949835777,46
597,6,39,1,0.25,47
597,6,40,1,0.01534526888281107,48
598,5,5,0,0.7142857313156128,1
598,5,6,0,0.3589743673801422,2
598,5,7,0,0.7142857313156128,3
598,5,8,1,0.7142857313156128,4
598,5,9,0,0.03888889029622078,5
598,5,10,1,0.5,6
598,5,11,1,0.5263158082962036,7
598,5,12,0,0.008064515888690948,8
598,5,13,1,0.5263158082962036,9
598,5,14,0,0.0,10
598,5,15,0,0.0,11
598,5,16,0,0.007751937955617905,12
598,5,17,0,0.12871287763118744,13
598,5,18,1,0.9947534203529358,14
598,5,19,1,0.30000001192092896,15
598,5,20,1,0.5,16
598,5,21,0,0.0,17
598,5,22,0,0.027027027681469917,18
598,5,23,0,0.03888889029622078,19
598,5,24,1,0.9947534203529358,20
598,5,25,0,0.0,21
598,5,26,0,0.0,22
598,5,27,0,0.0,23
598,5,28,1,1.0,24
598,5,29,0,0.0,25
598,5,30,0,0.0,26
598,5,31,0,0.0,27
598,5,32,0,0.025974025949835777,28
598,5,33,1,0.8135592937469482,29
598,5,34,0,0.03888889029622078,30
598,5,35,0,0.03888889029622078,31
598,5,36,1,0.9947534203529358,32
598,5,37,0,0.054794520139694214,33
598,5,38,0,0.008064515888690948,34
598,5,39,1,0.9947534203529358,35
598,5,40,0,0.0,36
600,5,21,0,0.30000001192092896,1
600,5,22,0,0.5,2
600,5,23,0,0.5263158082962036,3
600,5,24,1,0.5,4
600,5,25,0,0.025974025949835777,5
600,5,26,0,0.03888889029622078,6
600,5,27,0,0.032786883413791656,7
600,5,28,1,0.9947534203529358,8
600,5,29,0,0.032786883413791656,9
600,5,30,0,0.12871287763118744,10
600,5,31,0,0.2164948433637619,11
600,5,32,0,0.25,12
600,5,33,1,0.3589743673801422,13
600,5,34,0,0.10526315867900848,14
600,5,35,0,0.007751937955617905,15
600,5,36,1,0.25,16
600,5,37,0,0.03888889029622078,17
600,5,38,0,0.12871287763118744,18
600,5,39,1,0.800000011920929,19
600,5,40,0,0.007751937955617905,20
600,6,1,0,0.054794520139694214,21
600,6,2,0,0.025974025949835777,22
600,6,3,0,0.032786883413791656,23
600,6,4,0,0.2164948433637619,24
600,6,5,0,0.12871287763118744,25
600,6,6,0,0.06666667014360428,26
600,6,7,0,0.09090909361839294,27
600,6,8,0,0.03888889029622078,28
600,6,9,0,0.03888889029622078,29
600,6,10,0,0.25,30
600,6,11,0,0.25,31
600,6,12,0,0.10526315867900848,32
600,6,13,0,0.5,33
600,6,14,0,0.3589743673801422,34
600,6,15,0,0.25,35
600,6,16,0,0.12871287763118744,36
600,6,17,1,0.3589743673801422,37
600,6,18,1,0.5263158082962036,38
600,6,19,1,0.800000011920929,39
600,6,20,1,0.5263158082962036,40
600,6,21,0,0.12871287763118744,41
600,6,22,0,0.30000001192092896,42
600,6,23,0,0.25,43
600,6,24,1,0.16129031777381897,44
600,6,25,1,0.9947534203529358,45
600,6,26,1,0.9947534203529358,46
600,6,27,0,0.12871287763118744,47
600,6,28,0,0.9947534203529358,48
600,6,29,1,0.9117646813392639,49
600,6,30,1,0.12871287763118744,50
600,6,31,0,0.3589743673801422,51
600,6,32,0,0.6410256624221802,52
600,6,33,1,0.5,53
600,6,34,1,0.032403141260147095,54
600,6,35,0,0.0,55
600,6,36,0,0.06666667014360428,56
600,6,37,0,0.25,57
600,6,38,0,0.008064515888690948,58
600,6,39,1,0.12871287763118744,59
600,6,40,1,0.0,60
601,5,33,1,0.16129031777381897,1
601,5,34,0,0.25,2
601,5,35,0,0.025974025949835777,3
601,5,36,1,0.03888889029622078,4
601,5,37,0,0.25,5
601,5,38,0,0.008064515888690948,6
601,5,39,1,0.16129031777381897,7
601,5,40,0,0.25,8
601,6,1,0,0.01534526888281107,9
601,6,2,0,0.0,10
601,6,3,0,0.01534526888281107,11
601,6,4,0,0.2164948433637619,12
601,6,5,0,0.03888889029622078,13
601,6,6,0,0.032786883413791656,14
601,6,7,0,0.2164948433637619,15
601,6,8,0,0.03888889029622078,16
601,6,9,0,0.2164948433637619,17
601,6,10,0,0.054794520139694214,18
601,6,11,0,0.09090909361839294,19
601,6,12,0,0.16129031777381897,20
601,6,13,0,0.3589743673801422,21
601,6,14,0,0.2164948433637619,22
601,6,15,0,0.30000001192092896,23
601,6,16,0,0.25,24
601,6,17,1,0.3589743673801422,25
601,6,18,1,0.522585928440094,26
601,6,19,1,0.3589743673801422,27
601,6,20,1,0.25,28
601,6,21,0,0.027027027681469917,29
601,6,22,0,0.5068894028663635,30
601,6,23,0,0.25,31
601,6,24,1,0.12871287763118744,32
601,6,25,1,0.5263158082962036,33
601,6,26,1,0.6410256624221802,34
601,6,27,1,0.054794520139694214,35
601,6,28,0,0.3589743673801422,36
601,6,29,1,0.8974359035491943,37
601,6,30,1,0.007751937955617905,38
601,6,31,0,0.8135592937469482,39
601,6,32,0,0.9947534203529358,40
601,6,33,1,0.03904110565781593,41
601,6,34,1,0.0,42
601,6,35,0,0.0,43
601,6,36,0,0.09090909361839294,44
601,6,37,0,0.30000001192092896,45
601,6,38,0,0.01534526888281107,46
601,6,39,1,0.12871287763118744,47
601,6,40,1,0.0,48
602,4,33,0,0.25,1
602,4,34,0,0.16129031777381897,2
602,4,35,0,0.01534526888281107,3
602,4,36,0,0.03888889029622078,4
602,4,37,0,0.032786883413791656,5
602,4,38,0,0.03888889029622078,6
602,4,39,0,0.0,7
602,4,40,0,0.0,8
602,5,1,0,0.3589743673801422,9
602,5,2,0,0.30000001192092896,10
602,5,3,0,0.30000001192092896,11
602,5,4,1,0.5,12
602,5,5,1,0.3589743673801422,13
602,5,6,0,0.0,14
602,5,7,0,0.01534526888281107,15
602,5,8,1,0.800000011920929,16
602,5,9,0,0.16129031777381897,17
602,5,10,1,0.8135592937469482,18
602,5,11,1,0.9947534203529358,19
602,5,12,0,0.054794520139694214,20
602,5,13,1,0.9947534203529358,21
602,5,14,0,0.0,22
602,5,15,0,0.008064515888690948,23
602,5,16,0,0.04089278727769852,24
602,5,17,0,0.01534526888281107,25
602,5,18,1,0.9947534203529358,26
602,5,19,1,0.5263158082962036,27
602,5,20,1,0.8135592937469482,28
602,5,21,0,0.007751937955617905,29
602,5,22,0,0.054794520139694214,30
602,5,23,0,0.03888889029622078,31
602,5,24,1,0.8135592937469482,32
602,5,25,0,0.0,33
602,5,26,0,0.0,34
602,5,27,0,0.0,35
602,5,28,1,0.9947534203529358,36
602,5,29,0,0.0,37
602,5,30,0,0.01534526888281107,38
602,5,31,0,0.025974025949835777,39
602,5,32,0,0.01534526888281107,40
602,5,33,1,0.7142857313156128,41
602,5,34,0,0.01534526888281107,42
602,5,35,0,0.01534526888281107,43
602,5,36,1,0.898639440536499,44
602,5,37,0,0.032786883413791656,45
602,5,38,0,0.01534526888281107,46
602,5,39,1,0.9947534203529358,47
602,5,40,0,0.0,48
603,4,17,0,0.3589743673801422,1
603,4,18,1,0.7142857313156128,2
603,4,19,0,0.06666667014360428,3
603,4,20,1,0.3589743673801422,4
603,4,21,0,0.054794520139694214,5
603,4,22,1,0.16129031777381897,6
603,4,23,1,0.5263158082962036,7
603,4,24,0,0.09090909361839294,8
603,4,25,0,0.16129031777381897,9
603,4,26,0,0.03888889029622078,10
603,4,27,0,0.007751937955617905,11
603,4,28,1,0.9117646813392639,12
603,4,29,1,0.5263158082962036,13
603,4,30,0,0.12871287763118744,14
603,4,31,1,0.9947534203529358,15
603,4,32,0,0.0,16
603,4,33,0,0.0,17
603,4,34,0,0.0,18
603,4,35,0,0.0,19
603,4,36,0,0.03888889029622078,20
603,4,37,0,0.007751937955617905,21
603,4,38,0,0.0,22
603,4,39,0,0.12871287763118744,23
603,4,40,0,0.0,24
604,5,5,1,0.7142857313156128,1
604,5,6,0,0.12871287763118744,2
604,5,7,0,0.03888889029622078,3
604,5,8,1,0.5,4
604,5,9,0,0.03888889029622078,5
604,5,10,1,0.9947534203529358,6
604,5,11,1,0.25,7
604,5,12,0,0.12871287763118744,8
604,5,13,1,0.800000011920929,9
604,5,14,0,0.01534526888281107,10
604,5,15,0,0.007751937955617905,11
604,5,16,0,0.2164948433637619,12
604,5,17,0,0.01534526888281107,13
604,5,18,1,0.8135592937469482,14
604,5,19,1,0.2164948433637619,15
604,5,20,1,0.5,16
604,5,21,0,0.0,17
604,5,22,0,0.008064515888690948,18
604,5,23,0,0.025974025949835777,19
604,5,24,1,0.6410256624221802,20
604,5,25,0,0.0,21
604,5,26,0,0.0,22
604,5,27,0,0.0,23
604,5,28,1,0.9947534203529358,24
604,5,29,0,0.0,25
604,5,30,0,0.01534526888281107,26
604,5,31,0,0.01534526888281107,27
604,5,32,0,0.01534526888281107,28
604,5,33,1,0.7142857313156128,29
604,5,34,0,0.03888889029622078,30
604,5,35,0,0.008064515888690948,31
604,5,36,1,0.9166666865348816,32
604,5,37,0,0.01534526888281107,33
604,5,38,0,0.0,34
604,5,39,1,0.9947534203529358,35
604,5,40,0,0.0,36
605,6,5,0,0.6410256624221802,1
605,6,6,0,0.12871287763118744,2
605,6,7,0,0.2164948433637619,3
605,6,8,0,0.16129031777381897,4
605,6,9,0,0.16129031777381897,5
605,6,10,0,0.16129031777381897,6
605,6,11,0,0.12871287763118744,7
605,6,12,0,0.054794520139694214,8
605,6,13,0,0.2164948433637619,9
605,6,14,0,0.12871287763118744,10
605,6,15,0,0.16129031777381897,11
605,6,16,0,0.16129031777381897,12
605,6,17,1,0.3589743673801422,13
605,6,18,1,0.7142857313156128,14
605,6,19,1,0.9117646813392639,15
605,6,20,1,0.5,16
605,6,21,0,0.054794520139694214,17
605,6,22,0,0.25,18
605,6,23,0,0.25,19
605,6,24,1,0.30000001192092896,20
605,6,25,1,0.8135592937469482,21
605,6,26,1,0.3589743673801422,22
605,6,27,0,0.03888889029622078,23
605,6,28,0,0.800000011920929,24
605,6,29,1,0.7142857313156128,25
605,6,30,1,0.054794520139694214,26
605,6,31,0,0.30000001192092896,27
605,6,32,0,0.5263158082962036,28
605,6,33,1,0.3589743673801422,29
605,6,34,1,0.03888889029622078,30
605,6,35,0,0.0,31
605,6,36,0,0.09090909361839294,32
605,6,37,0,0.25,33
605,6,38,0,0.0,34
605,6,39,1,0.12871287763118744,35
605,6,40,1,0.0,36
606,5,21,0,0.30000001192092896,1
606,5,22,1,0.5,2
606,5,23,0,0.01534526888281107,3
606,5,24,1,0.2164948433637619,4
606,5,25,0,0.007751937955617905,5
606,5,26,0,0.01534526888281107,6
606,5,27,0,0.0,7
606,5,28,1,1.0,8
606,5,29,0,0.01534526888281107,9
606,5,30,0,0.16129031777381897,10
606,5,31,0,0.10526315867900848,11
606,5,32,0,0.30000001192092896,12
606,5,33,1,0.3589743673801422,13
606,5,34,0,0.25,14
606,5,35,0,0.03888889029622078,15
606,5,36,1,0.5,16
606,5,37,0,0.03888889029622078,17
606,5,38,0,0.008064515888690948,18
606,5,39,1,0.9166666865348816,19
606,5,40,0,0.03888889029622078,20
606,6,1,0,0.03888889029622078,21
606,6,2,0,0.025974025949835777,22
606,6,3,0,0.03888889029622078,23
606,6,4,0,0.2164948433637619,24
606,6,5,0,0.12871287763118744,25
606,6,6,0,0.054794520139694214,26
606,6,7,0,0.054794520139694214,27
606,6,8,0,0.03888889029622078,28
606,6,9,0,0.03888889029622078,29
606,6,10,0,0.25,30
606,6,11,0,0.3589743673801422,31
606,6,12,0,0.16129031777381897,32
606,6,13,0,0.6410256624221802,33
606,6,14,0,0.5,34
606,6,15,0,0.30000001192092896,35
606,6,16,0,0.16129031777381897,36
606,6,17,1,0.3589743673801422,37
606,6,18,1,0.3589743673801422,38
606,6,19,1,0.8135592937469482,39
606,6,20,1,0.9117646813392639,40
606,6,21,0,0.10526315867900848,41
606,6,22,0,0.25,42
606,6,23,0,0.25,43
606,6,24,1,0.16129031777381897,44
606,6,25,1,0.9947534203529358,45
606,6,26,1,0.9947534203529358,46
606,6,27,1,0.12871287763118744,47
606,6,28,0,0.6410256624221802,48
606,6,29,1,0.9117646813392639,49
606,6,30,1,0.025974025949835777,50
606,6,31,0,0.7142857313156128,51
606,6,32,0,0.9947534203529358,52
606,6,33,1,0.03904110565781593,53
606,6,34,1,0.0,54
606,6,35,0,0.0,55
606,6,36,0,0.09090909361839294,56
606,6,37,0,0.30000001192092896,57
606,6,38,0,0.01534526888281107,58
606,6,39,1,0.12871287763118744,59
606,6,40,1,0.0,60
607,4,17,0,0.3589743673801422,1
607,4,18,1,0.7142857313156128,2
607,4,19,0,0.06666667014360428,3
607,4,20,1,0.3589743673801422,4
607,4,21,0,0.054794520139694214,5
607,4,22,0,0.16129031777381897,6
607,4,23,1,0.2164948433637619,7
607,4,24,0,0.6410256624221802,8
607,4,25,0,0.30000001192092896,9
607,4,26,0,0.16129031777381897,10
607,4,27,0,0.0,11
607,4,28,1,0.5,12
607,4,29,1,0.25,13
607,4,30,0,0.10526315867900848,14
607,4,31,1,0.9117646813392639,15
607,4,32,0,0.0,16
607,4,33,0,0.0,17
607,4,34,0,0.0,18
607,4,35,0,0.0,19
607,4,36,0,0.7142857313156128,20
607,4,37,0,0.16129031777381897,21
607,4,38,0,0.0,22
607,4,39,0,0.03888889029622078,23
607,4,40,0,0.007751937955617905,24
608,4,5,1,0.800000011920929,1
608,4,6,0,0.03888889029622078,2
608,4,7,1,0.007751937955617905,3
608,4,8,0,0.16129031777381897,4
608,4,9,1,0.30000001192092896,5
608,4,10,1,0.25,6
608,4,11,1,0.9947534203529358,7
608,4,12,0,0.054794520139694214,8
608,4,13,1,0.9947534203529358,9
608,4,14,0,0.0,10
608,4,15,0,0.032786883413791656,11
608,4,16,1,0.9117646813392639,12
608,4,17,0,0.0,13
608,4,18,1,0.3589743673801422,14
608,4,19,0,0.01534526888281107,15
608,4,20,1,0.5263158082962036,16
608,4,21,0,0.0,17
608,4,22,0,0.16129031777381897,18
608,4,23,1,0.5263158082962036,19
608,4,24,0,0.007751937955617905,20
608,4,25,0,0.008064515888690948,21
608,4,26,0,0.0,22
608,4,27,0,0.0,23
608,4,28,1,0.9947534203529358,24
608,4,29,1,0.3589743673801422,25
608,4,30,0,0.054794520139694214,26
608,4,31,1,0.9947534203529358,27
608,4,32,0,0.0,28
608,4,33,0,0.0,29
608,4,34,0,0.0,30
608,4,35,0,0.0,31
608,4,36,0,0.0,32
608,4,37,0,0.0,33
608,4,38,0,0.0,34
608,4,39,0,0.0,35
608,4,40,0,0.0,36
610,4,17,0,0.3589743673801422,1
610,4,18,1,0.7142857313156128,2
610,4,19,0,0.06666667014360428,3
610,4,20,1,0.3589743673801422,4
610,4,21,0,0.054794520139694214,5
610,4,22,1,0.16129031777381897,6
610,4,23,1,0.5263158082962036,7
610,4,24,0,0.09090909361839294,8
610,4,25,0,0.16129031777381897,9
610,4,26,0,0.03888889029622078,10
610,4,27,0,0.007751937955617905,11
610,4,28,1,0.9117646813392639,12
610,4,29,1,0.5263158082962036,13
610,4,30,0,0.12871287763118744,14
610,4,31,1,0.9947534203529358,15
610,4,32,0,0.0,16
610,4,33,0,0.0,17
610,4,34,0,0.0,18
610,4,35,0,0.0,19
610,4,36,0,0.03888889029622078,20
610,4,37,0,0.007751937955617905,21
610,4,38,0,0.0,22
610,4,39,0,0.12871287763118744,23
610,4,40,0,0.0,24
612,4,33,0,0.25,1
612,4,34,0,0.2164948433637619,2
612,4,35,0,0.032786883413791656,3
612,4,36,0,0.054794520139694214,4
612,4,37,0,0.03888889029622078,5
612,4,38,0,0.06666667014360428,6
612,4,39,0,0.01534526888281107,7
612,4,40,0,0.0,8
612,5,1,1,0.3589743673801422,9
612,5,2,0,0.008064515888690948,10
612,5,3,0,0.2164948433637619,11
612,5,4,1,0.800000011920929,12
612,5,5,1,0.25,13
612,5,6,0,0.008064515888690948,14
612,5,7,0,0.03607780113816261,15
612,5,8,1,0.8974359035491943,16
612,5,9,0,0.03888889029622078,17
612,5,10,1,0.9123755693435669,18
612,5,11,1,0.9947534203529358,19
612,5,12,0,0.007751937955617905,20
612,5,13,1,0.9947534203529358,21
612,5,14,0,0.0,22
612,5,15,0,0.01534526888281107,23
612,5,16,0,0.027027027681469917,24
612,5,17,0,0.01534526888281107,25
612,5,18,1,0.9947534203529358,26
612,5,19,1,0.3589743673801422,27
612,5,20,1,0.9117646813392639,28
612,5,21,0,0.01534526888281107,29
612,5,22,0,0.6410256624221802,30
612,5,23,0,0.2164948433637619,31
612,5,24,1,0.9117646813392639,32
612,5,25,0,0.01534526888281107,33
612,5,26,0,0.03888889029622078,34
612,5,27,0,0.0,35
612,5,28,1,0.9947534203529358,36
612,5,29,0,0.0,37
612,5,30,0,0.2164948433637619,38
612,5,31,0,0.5263158082962036,39
612,5,32,0,0.054794520139694214,40
612,5,33,1,0.8974359035491943,41
612,5,34,0,0.025974025949835777,42
612,5,35,0,0.01534526888281107,43
612,5,36,1,0.970588207244873,44
612,5,37,0,0.03888889029622078,45
612,5,38,0,0.01534526888281107,46
612,5,39,1,0.9947534203529358,47
612,5,40,0,0.0,48
616,4,5,1,0.800000011920929,1
616,4,6,0,0.03888889029622078,2
616,4,7,1,0.008064515888690948,3
616,4,8,0,0.2164948433637619,4
616,4,9,1,0.3589743673801422,5
616,4,10,1,0.25,6
616,4,11,1,0.9947534203529358,7
616,4,12,0,0.054794520139694214,8
616,4,13,1,0.9947534203529358,9
616,4,14,0,0.0,10
616,4,15,0,0.027027027681469917,11
616,4,16,1,0.9117646813392639,12
616,4,17,0,0.0,13
616,4,18,1,0.25,14
616,4,19,0,0.01534526888281107,15
616,4,20,1,0.6410256624221802,16
616,4,21,0,0.0,17
616,4,22,0,0.16129031777381897,18
616,4,23,1,0.5263158082962036,19
616,4,24,0,0.007751937955617905,20
616,4,25,0,0.008064515888690948,21
616,4,26,0,0.0,22
616,4,27,0,0.0,23
616,4,28,1,0.9947534203529358,24
616,4,29,1,0.5263158082962036,25
616,4,30,0,0.03888889029622078,26
616,4,31,1,0.9947534203529358,27
616,4,32,0,0.0,28
616,4,33,0,0.0,29
616,4,34,0,0.0,30
616,4,35,0,0.0,31
616,4,36,0,0.0,32
616,4,37,0,0.0,33
616,4,38,0,0.0,34
616,4,39,0,0.0,35
616,4,40,0,0.0,36
619,4,5,1,0.800000011920929,1
619,4,6,0,0.03888889029622078,2
619,4,7,1,0.008064515888690948,3
619,4,8,0,0.2164948433637619,4
619,4,9,1,0.3589743673801422,5
619,4,10,1,0.25,6
619,4,11,1,0.9947534203529358,7
619,4,12,0,0.054794520139694214,8
619,4,13,1,0.9947534203529358,9
619,4,14,0,0.0,10
619,4,15,0,0.027027027681469917,11
619,4,16,1,0.9117646813392639,12
619,4,17,0,0.0,13
619,4,18,1,0.25,14
619,4,19,0,0.01534526888281107,15
619,4,20,1,0.6410256624221802,16
619,4,21,0,0.0,17
619,4,22,0,0.16129031777381897,18
619,4,23,1,0.5263158082962036,19
619,4,24,0,0.007751937955617905,20
619,4,25,0,0.008064515888690948,21
619,4,26,0,0.0,22
619,4,27,0,0.0,23
619,4,28,1,0.9947534203529358,24
619,4,29,1,0.5263158082962036,25
619,4,30,0,0.03888889029622078,26
619,4,31,1,0.9947534203529358,27
619,4,32,0,0.0,28
619,4,33,0,0.0,29
619,4,34,0,0.0,30
619,4,35,0,0.0,31
619,4,36,0,0.0,32
619,4,37,0,0.0,33
619,4,38,0,0.0,34
619,4,39,0,0.0,35
619,4,40,0,0.0,36
620,4,33,0,0.25,1
620,4,34,0,0.2164948433637619,2
620,4,35,0,0.032786883413791656,3
620,4,36,0,0.054794520139694214,4
620,4,37,0,0.03888889029622078,5
620,4,38,0,0.06666667014360428,6
620,4,39,0,0.01534526888281107,7
620,4,40,0,0.0,8
620,5,1,1,0.3589743673801422,9
620,5,2,0,0.008064515888690948,10
620,5,3,0,0.2164948433637619,11
620,5,4,1,0.800000011920929,12
620,5,5,0,0.25,13
620,5,6,0,0.25,14
620,5,7,0,0.8974359035491943,15
620,5,8,1,0.8974359035491943,16
620,5,9,0,0.2164948433637619,17
620,5,10,1,0.970588207244873,18
620,5,11,1,0.8135592937469482,19
620,5,12,0,0.03888889029622078,20
620,5,13,1,0.9947534203529358,21
620,5,14,0,0.0,22
620,5,15,0,0.01534526888281107,23
620,5,16,0,0.03888889029622078,24
620,5,17,0,0.01534526888281107,25
620,5,18,1,0.9166666865348816,26
620,5,19,0,0.7142857313156128,27
620,5,20,1,0.9117646813392639,28
620,5,21,0,0.008064515888690948,29
620,5,22,0,0.03888889029622078,30
620,5,23,0,0.03888889029622078,31
620,5,24,1,0.9166666865348816,32
620,5,25,0,0.0,33
620,5,26,0,0.008064515888690948,34
620,5,27,0,0.0,35
620,5,28,1,0.9947534203529358,36
620,5,29,0,0.0,37
620,5,30,0,0.01534526888281107,38
620,5,31,0,0.03888889029622078,39
620,5,32,0,0.01534526888281107,40
620,5,33,1,0.5263158082962036,41
620,5,34,0,0.025974025949835777,42
620,5,35,0,0.01534526888281107,43
620,5,36,1,0.970588207244873,44
620,5,37,0,0.03888889029622078,45
620,5,38,0,0.007751937955617905,46
620,5,39,1,0.970588207244873,47
620,5,40,0,0.0,48
625,5,5,1,0.800000011920929,1
625,5,6,0,0.03888889029622078,2
625,5,7,0,0.01534526888281107,3
625,5,8,1,0.3589743673801422,4
625,5,9,0,0.032786883413791656,5
625,5,10,1,0.9947534203529358,6
625,5,11,1,0.25,7
625,5,12,0,0.054794520139694214,8
625,5,13,1,0.7142857313156128,9
625,5,14,0,0.01534526888281107,10
625,5,15,0,0.0,11
625,5,16,0,0.12871287763118744,12
625,5,17,0,0.0,13
625,5,18,1,0.7142857313156128,14
625,5,19,0,0.16129031777381897,15
625,5,20,1,0.5,16
625,5,21,0,0.0,17
625,5,22,1,0.0,18
625,5,23,0,0.0,19
625,5,24,1,0.01534526888281107,20
625,5,25,0,0.0,21
625,5,26,0,0.0,22
625,5,27,0,0.0,23
625,5,28,1,1.0,24
625,5,29,0,0.0,25
625,5,30,0,0.0,26
625,5,31,0,0.0,27
625,5,32,0,0.01534526888281107,28
625,5,33,1,0.8135592937469482,29
625,5,34,0,0.03888889029622078,30
625,5,35,0,0.0,31
625,5,36,1,0.7142857313156128,32
625,5,37,0,0.01534526888281107,33
625,5,38,0,0.0,34
625,5,39,1,0.970588207244873,35
625,5,40,0,0.0,36
630,5,5,1,0.800000011920929,1
630,5,6,0,0.03888889029622078,2
630,5,7,0,0.01534526888281107,3
630,5,8,1,0.3589743673801422,4
630,5,9,0,0.032786883413791656,5
630,5,10,1,0.9947534203529358,6
630,5,11,1,0.25,7
630,5,12,0,0.054794520139694214,8
630,5,13,1,0.7142857313156128,9
630,5,14,0,0.01534526888281107,10
630,5,15,0,0.0,11
630,5,16,0,0.12871287763118744,12
630,5,17,0,0.0,13
630,5,18,1,0.7142857313156128,14
630,5,19,1,0.16129031777381897,15
630,5,20,1,0.3589743673801422,16
630,5,21,0,0.0,17
630,5,22,0,0.007751937955617905,18
630,5,23,0,0.01534526888281107,19
630,5,24,1,0.3589743673801422,20
630,5,25,0,0.0,21
630,5,26,0,0.0,22
630,5,27,0,0.0,23
630,5,28,1,0.970588207244873,24
630,5,29,0,0.0,25
630,5,30,0,0.008064515888690948,26
630,5,31,0,0.01534526888281107,27
630,5,32,0,0.01534526888281107,28
630,5,33,1,0.5263158082962036,29
630,5,34,0,0.03888889029622078,30
630,5,35,0,0.0,31
630,5,36,1,0.8974359035491943,32
630,5,37,0,0.01534526888281107,33
630,5,38,0,0.0,34
630,5,39,1,0.9166666865348816,35
630,5,40,0,0.0,36
631,5,5,1,0.800000011920929,1
631,5,6,0,0.03888889029622078,2
631,5,7,0,0.01534526888281107,3
631,5,8,1,0.3589743673801422,4
631,5,9,0,0.032786883413791656,5
631,5,10,1,0.9947534203529358,6
631,5,11,1,0.25,7
631,5,12,0,0.054794520139694214,8
631,5,13,1,0.7142857313156128,9
631,5,14,0,0.01534526888281107,10
631,5,15,0,0.0,11
631,5,16,0,0.12871287763118744,12
631,5,17,0,0.0,13
631,5,18,1,0.7142857313156128,14
631,5,19,0,0.16129031777381897,15
631,5,20,1,0.5,16
631,5,21,0,0.0,17
631,5,22,1,0.0,18
631,5,23,0,0.0,19
631,5,24,1,0.01534526888281107,20
631,5,25,0,0.0,21
631,5,26,0,0.0,22
631,5,27,0,0.0,23
631,5,28,1,1.0,24
631,5,29,0,0.0,25
631,5,30,0,0.0,26
631,5,31,0,0.0,27
631,5,32,0,0.01534526888281107,28
631,5,33,1,0.8135592937469482,29
631,5,34,0,0.03888889029622078,30
631,5,35,0,0.0,31
631,5,36,1,0.7142857313156128,32
631,5,37,0,0.01534526888281107,33
631,5,38,0,0.0,34
631,5,39,1,0.970588207244873,35
631,5,40,0,0.0,36
632,5,5,1,0.800000011920929,1
632,5,6,0,0.03888889029622078,2
632,5,7,0,0.01534526888281107,3
632,5,8,1,0.3589743673801422,4
632,5,9,0,0.032786883413791656,5
632,5,10,1,0.9947534203529358,6
632,5,11,1,0.25,7
632,5,12,0,0.054794520139694214,8
632,5,13,1,0.7142857313156128,9
632,5,14,0,0.01534526888281107,10
632,5,15,0,0.0,11
632,5,16,0,0.12871287763118744,12
632,5,17,0,0.0,13
632,5,18,1,0.7142857313156128,14
632,5,19,1,0.16129031777381897,15
632,5,20,1,0.3589743673801422,16
632,5,21,0,0.0,17
632,5,22,1,0.007751937955617905,18
632,5,23,0,0.007751937955617905,19
632,5,24,1,0.3589743673801422,20
632,5,25,0,0.0,21
632,5,26,0,0.0,22
632,5,27,0,0.0,23
632,5,28,1,0.9947534203529358,24
632,5,29,0,0.0,25
632,5,30,0,0.01534526888281107,26
632,5,31,0,0.01534526888281107,27
632,5,32,0,0.025974025949835777,28
632,5,33,1,0.5263158082962036,29
632,5,34,0,0.03888889029622078,30
632,5,35,0,0.0,31
632,5,36,1,0.7142857313156128,32
632,5,37,0,0.025974025949835777,33
632,5,38,0,0.0,34
632,5,39,1,0.970588207244873,35
632,5,40,0,0.0,36
634,4,17,0,0.3589743673801422,1
634,4,18,0,0.7142857313156128,2
634,4,19,0,0.9117646813392639,3
634,4,20,1,0.25,4
634,4,21,0,0.16129031777381897,5
634,4,22,0,0.03888889029622078,6
634,4,23,1,0.03888889029622078,7
634,4,24,0,0.054794520139694214,8
634,4,25,0,0.01534526888281107,9
634,4,26,0,0.032786883413791656,10
634,4,27,0,0.01534526888281107,11
634,4,28,1,0.30000001192092896,12
634,4,29,0,0.30000001192092896,13
634,4,30,0,0.12871287763118744,14
634,4,31,1,0.8135592937469482,15
634,4,32,0,0.054794520139694214,16
634,4,33,0,0.16129031777381897,17
634,4,34,0,0.2164948433637619,18
634,4,35,0,0.03888889029622078,19
634,4,36,0,0.6410256624221802,20
634,4,37,0,0.2164948433637619,21
634,4,38,0,0.03888889029622078,22
634,4,39,0,0.025974025949835777,23
634,4,40,0,0.008064515888690948,24
635,5,5,1,0.800000011920929,1
635,5,6,0,0.03888889029622078,2
635,5,7,0,0.01534526888281107,3
635,5,8,1,0.3589743673801422,4
635,5,9,0,0.032786883413791656,5
635,5,10,1,0.9947534203529358,6
635,5,11,1,0.25,7
635,5,12,0,0.054794520139694214,8
635,5,13,1,0.7142857313156128,9
635,5,14,0,0.01534526888281107,10
635,5,15,0,0.0,11
635,5,16,0,0.12871287763118744,12
635,5,17,0,0.0,13
635,5,18,1,0.7142857313156128,14
635,5,19,1,0.16129031777381897,15
635,5,20,1,0.3589743673801422,16
635,5,21,0,0.0,17
635,5,22,0,0.007751937955617905,18
635,5,23,0,0.01534526888281107,19
635,5,24,1,0.3589743673801422,20
635,5,25,0,0.0,21
635,5,26,0,0.0,22
635,5,27,0,0.0,23
635,5,28,1,0.970588207244873,24
635,5,29,0,0.0,25
635,5,30,0,0.008064515888690948,26
635,5,31,0,0.01534526888281107,27
635,5,32,0,0.01534526888281107,28
635,5,33,1,0.5263158082962036,29
635,5,34,0,0.03888889029622078,30
635,5,35,0,0.0,31
635,5,36,1,0.8974359035491943,32
635,5,37,0,0.01534526888281107,33
635,5,38,0,0.0,34
635,5,39,1,0.9166666865348816,35
635,5,40,0,0.0,36
636,4,33,0,0.25,1
636,4,34,0,0.2164948433637619,2
636,4,35,0,0.032786883413791656,3
636,4,36,0,0.054794520139694214,4
636,4,37,0,0.03888889029622078,5
636,4,38,0,0.06666667014360428,6
636,4,39,0,0.01534526888281107,7
636,4,40,0,0.0,8
636,5,1,1,0.3589743673801422,9
636,5,2,0,0.008064515888690948,10
636,5,3,0,0.2164948433637619,11
636,5,4,1,0.800000011920929,12
636,5,5,1,0.25,13
636,5,6,0,0.008064515888690948,14
636,5,7,0,0.03607780113816261,15
636,5,8,1,0.8974359035491943,16
636,5,9,0,0.03888889029622078,17
636,5,10,1,0.9123755693435669,18
636,5,11,1,0.9947534203529358,19
636,5,12,0,0.007751937955617905,20
636,5,13,1,0.9947534203529358,21
636,5,14,0,0.0,22
636,5,15,0,0.01534526888281107,23
636,5,16,0,0.027027027681469917,24
636,5,17,0,0.01534526888281107,25
636,5,18,1,0.9947534203529358,26
636,5,19,1,0.3589743673801422,27
636,5,20,1,0.9117646813392639,28
636,5,21,0,0.01534526888281107,29
636,5,22,1,0.6410256624221802,30
636,5,23,0,0.03888889029622078,31
636,5,24,1,0.8135592937469482,32
636,5,25,0,0.01534526888281107,33
636,5,26,0,0.032786883413791656,34
636,5,27,0,0.008064515888690948,35
636,5,28,1,0.9947534203529358,36
636,5,29,0,0.0,37
636,5,30,0,0.16129031777381897,38
636,5,31,0,0.30000001192092896,39
636,5,32,0,0.01534526888281107,40
636,5,33,1,0.8135592937469482,41
636,5,34,0,0.01534526888281107,42
636,5,35,0,0.01534526888281107,43
636,5,36,1,0.9947534203529358,44
636,5,37,0,0.03888889029622078,45
636,5,38,0,0.0,46
636,5,39,1,0.9947534203529358,47
636,5,40,0,0.008064515888690948,48
638,4,33,0,0.25,1
638,4,34,0,0.16129031777381897,2
638,4,35,0,0.01534526888281107,3
638,4,36,0,0.03888889029622078,4
638,4,37,0,0.032786883413791656,5
638,4,38,0,0.03888889029622078,6
638,4,39,0,0.0,7
638,4,40,0,0.0,8
638,5,1,0,0.3589743673801422,9
638,5,2,0,0.30000001192092896,10
638,5,3,0,0.30000001192092896,11
638,5,4,1,0.5,12
638,5,5,1,0.3589743673801422,13
638,5,6,0,0.0,14
638,5,7,0,0.01534526888281107,15
638,5,8,1,0.800000011920929,16
638,5,9,0,0.16129031777381897,17
638,5,10,1,0.8135592937469482,18
638,5,11,1,0.9947534203529358,19
638,5,12,0,0.054794520139694214,20
638,5,13,1,0.9947534203529358,21
638,5,14,0,0.0,22
638,5,15,0,0.008064515888690948,23
638,5,16,0,0.054794520139694214,24
638,5,17,0,0.01534526888281107,25
638,5,18,1,0.9947534203529358,26
638,5,19,1,0.6410256624221802,27
638,5,20,1,0.8974359035491943,28
638,5,21,0,0.007751937955617905,29
638,5,22,0,0.12871287763118744,30
638,5,23,0,0.03888889029622078,31
638,5,24,1,0.9947534203529358,32
638,5,25,0,0.0,33
638,5,26,0,0.0,34
638,5,27,0,0.0,35
638,5,28,1,1.0,36
638,5,29,0,0.0,37
638,5,30,0,0.007751937955617905,38
638,5,31,0,0.01534526888281107,39
638,5,32,0,0.03888889029622078,40
638,5,33,1,0.5263158082962036,41
638,5,34,0,0.025974025949835777,42
638,5,35,0,0.01534526888281107,43
638,5,36,1,0.8999999761581421,44
638,5,37,0,0.027027027681469917,45
638,5,38,0,0.01534526888281107,46
638,5,39,1,0.9947534203529358,47
638,5,40,0,0.0,48
639,5,21,0,0.30000001192092896,1
639,5,22,0,0.5198682546615601,2
639,5,23,0,0.5263158082962036,3
639,5,24,1,0.5,4
639,5,25,0,0.03888889029622078,5
639,5,26,0,0.12871287763118744,6
639,5,27,0,0.03888889029622078,7
639,5,28,1,0.9947534203529358,8
639,5,29,0,0.027027027681469917,9
639,5,30,0,0.054794520139694214,10
639,5,31,0,0.12871287763118744,11
639,5,32,0,0.25,12
639,5,33,1,0.3589743673801422,13
639,5,34,0,0.16129031777381897,14
639,5,35,0,0.01534526888281107,15
639,5,36,1,0.30000001192092896,16
639,5,37,0,0.032786883413791656,17
639,5,38,0,0.12871287763118744,18
639,5,39,1,0.8135592937469482,19
639,5,40,0,0.01534526888281107,20
639,6,1,0,0.06666667014360428,21
639,6,2,0,0.025974025949835777,22
639,6,3,0,0.03888889029622078,23
639,6,4,0,0.25,24
639,6,5,0,0.16129031777381897,25
639,6,6,0,0.03888889029622078,26
639,6,7,0,0.054794520139694214,27
639,6,8,0,0.03888889029622078,28
639,6,9,0,0.03888889029622078,29
639,6,10,0,0.30000001192092896,30
639,6,11,0,0.30000001192092896,31
639,6,12,0,0.12871287763118744,32
639,6,13,0,0.5263158082962036,33
639,6,14,0,0.3589743673801422,34
639,6,15,0,0.30000001192092896,35
639,6,16,0,0.16129031777381897,36
639,6,17,1,0.3589743673801422,37
639,6,18,1,0.8135592937469482,38
639,6,19,1,0.9947534203529358,39
639,6,20,1,0.8974359035491943,40
639,6,21,0,0.7142857313156128,41
639,6,22,0,0.9117646813392639,42
639,6,23,0,0.9117646813392639,43
639,6,24,1,0.800000011920929,44
639,6,25,1,0.9947534203529358,45
639,6,26,1,0.9947534203529358,46
639,6,27,1,0.25,47
639,6,28,0,0.8135592937469482,48
639,6,29,1,0.9947534203529358,49
639,6,30,1,0.16129031777381897,50
639,6,31,0,0.9947534203529358,51
639,6,32,0,0.9947534203529358,52
639,6,33,1,0.2164948433637619,53
639,6,34,1,0.01534526888281107,54
639,6,35,0,0.0,55
639,6,36,0,0.16129031777381897,56
639,6,37,0,0.7142857313156128,57
639,6,38,0,0.03888889029622078,58
639,6,39,1,0.25,59
639,6,40,1,0.0,60
640,6,5,0,0.7142857313156128,1
640,6,6,0,0.16129031777381897,2
640,6,7,0,0.25,3
640,6,8,0,0.25,4
640,6,9,0,0.2164948433637619,5
640,6,10,0,0.2164948433637619,6
640,6,11,0,0.2164948433637619,7
640,6,12,0,0.12871287763118744,8
640,6,13,1,0.25,9
640,6,14,0,0.058389775454998016,10
640,6,15,0,0.12871287763118744,11
640,6,16,0,0.25,12
640,6,17,1,0.25,13
640,6,18,1,0.5263158082962036,14
640,6,19,1,0.9117646813392639,15
640,6,20,1,0.8974359035491943,16
640,6,21,0,0.054794520139694214,17
640,6,22,0,0.30000001192092896,18
640,6,23,0,0.5180426239967346,19
640,6,24,1,0.9947534203529358,20
640,6,25,1,0.9947534203529358,21
640,6,26,1,0.9947534203529358,22
640,6,27,1,0.032786883413791656,23
640,6,28,0,0.3589743673801422,24
640,6,29,1,0.9947534203529358,25
640,6,30,1,0.03888889029622078,26
640,6,31,0,0.5,27
640,6,32,0,0.9947534203529358,28
640,6,33,1,0.12871287763118744,29
640,6,34,1,0.0,30
640,6,35,0,0.0,31
640,6,36,0,0.01534526888281107,32
640,6,37,0,0.3589743673801422,33
640,6,38,0,0.0,34
640,6,39,1,0.01534526888281107,35
640,6,40,1,0.007751937955617905,36
641,5,21,0,0.30000001192092896,1
641,5,22,0,0.5198682546615601,2
641,5,23,0,0.5263158082962036,3
641,5,24,1,0.5,4
641,5,25,0,0.03888889029622078,5
641,5,26,0,0.12871287763118744,6
641,5,27,0,0.03888889029622078,7
641,5,28,1,0.9947534203529358,8
641,5,29,0,0.027027027681469917,9
641,5,30,0,0.054794520139694214,10
641,5,31,0,0.12871287763118744,11
641,5,32,0,0.25,12
641,5,33,1,0.3589743673801422,13
641,5,34,0,0.16129031777381897,14
641,5,35,0,0.01534526888281107,15
641,5,36,1,0.30000001192092896,16
641,5,37,0,0.032786883413791656,17
641,5,38,0,0.12871287763118744,18
641,5,39,1,0.8135592937469482,19
641,5,40,0,0.01534526888281107,20
641,6,1,0,0.06666667014360428,21
641,6,2,0,0.025974025949835777,22
641,6,3,0,0.03888889029622078,23
641,6,4,0,0.25,24
641,6,5,0,0.16129031777381897,25
641,6,6,0,0.03888889029622078,26
641,6,7,0,0.054794520139694214,27
641,6,8,0,0.03888889029622078,28
641,6,9,0,0.03888889029622078,29
641,6,10,0,0.30000001192092896,30
641,6,11,0,0.30000001192092896,31
641,6,12,0,0.12871287763118744,32
641,6,13,0,0.5263158082962036,33
641,6,14,0,0.3589743673801422,34
641,6,15,0,0.30000001192092896,35
641,6,16,0,0.16129031777381897,36
641,6,17,1,0.3589743673801422,37
641,6,18,1,0.8135592937469482,38
641,6,19,1,0.9947534203529358,39
641,6,20,1,0.8974359035491943,40
641,6,21,0,0.7142857313156128,41
641,6,22,0,0.9117646813392639,42
641,6,23,0,0.9117646813392639,43
641,6,24,1,0.800000011920929,44
641,6,25,1,0.9947534203529358,45
641,6,26,1,0.9947534203529358,46
641,6,27,1,0.25,47
641,6,28,0,0.8135592937469482,48
641,6,29,1,0.9947534203529358,49
641,6,30,1,0.16129031777381897,50
641,6,31,0,0.9947534203529358,51
641,6,32,0,0.9947534203529358,52
641,6,33,1,0.2164948433637619,53
641,6,34,1,0.01534526888281107,54
641,6,35,0,0.0,55
641,6,36,0,0.16129031777381897,56
641,6,37,0,0.7142857313156128,57
641,6,38,0,0.03888889029622078,58
641,6,39,1,0.25,59
641,6,40,1,0.0,60
642,5,5,1,0.7142857313156128,1
642,5,6,0,0.12871287763118744,2
642,5,7,0,0.03888889029622078,3
642,5,8,1,0.5,4
642,5,9,0,0.03888889029622078,5
642,5,10,1,0.9947534203529358,6
642,5,11,1,0.25,7
642,5,12,0,0.16129031777381897,8
642,5,13,1,0.800000011920929,9
642,5,14,0,0.01534526888281107,10
642,5,15,0,0.007751937955617905,11
642,5,16,0,0.2164948433637619,12
642,5,17,0,0.01534526888281107,13
642,5,18,1,0.8135592937469482,14
642,5,19,1,0.2164948433637619,15
642,5,20,1,0.5,16
642,5,21,0,0.0,17
642,5,22,0,0.01534526888281107,18
642,5,23,0,0.03888889029622078,19
642,5,24,1,0.9947534203529358,20
642,5,25,0,0.0,21
642,5,26,0,0.0,22
642,5,27,0,0.0,23
642,5,28,1,1.0,24
642,5,29,0,0.0,25
642,5,30,0,0.0,26
642,5,31,0,0.008064515888690948,27
642,5,32,0,0.032786883413791656,28
642,5,33,1,0.7142857313156128,29
642,5,34,0,0.03888889029622078,30
642,5,35,0,0.01534526888281107,31
642,5,36,1,0.9166666865348816,32
642,5,37,0,0.01534526888281107,33
642,5,38,0,0.0,34
642,5,39,1,0.9947534203529358,35
642,5,40,0,0.0,36
645,5,21,0,0.30000001192092896,1
645,5,22,0,0.5198682546615601,2
645,5,23,0,0.5263158082962036,3
645,5,24,1,0.5,4
645,5,25,0,0.03888889029622078,5
645,5,26,0,0.12871287763118744,6
645,5,27,0,0.03888889029622078,7
645,5,28,1,0.9947534203529358,8
645,5,29,0,0.027027027681469917,9
645,5,30,0,0.054794520139694214,10
645,5,31,0,0.12871287763118744,11
645,5,32,0,0.25,12
645,5,33,1,0.3589743673801422,13
645,5,34,0,0.16129031777381897,14
645,5,35,0,0.01534526888281107,15
645,5,36,1,0.30000001192092896,16
645,5,37,0,0.032786883413791656,17
645,5,38,0,0.12871287763118744,18
645,5,39,1,0.8135592937469482,19
645,5,40,0,0.01534526888281107,20
645,6,1,0,0.06666667014360428,21
645,6,2,0,0.025974025949835777,22
645,6,3,0,0.03888889029622078,23
645,6,4,0,0.25,24
645,6,5,0,0.16129031777381897,25
645,6,6,0,0.03888889029622078,26
645,6,7,0,0.054794520139694214,27
645,6,8,0,0.03888889029622078,28
645,6,9,0,0.03888889029622078,29
645,6,10,0,0.30000001192092896,30
645,6,11,0,0.30000001192092896,31
645,6,12,0,0.12871287763118744,32
645,6,13,1,0.5263158082962036,33
645,6,14,0,0.25,34
645,6,15,0,0.03888889029622078,35
645,6,16,0,0.03888889029622078,36
645,6,17,1,0.2164948433637619,37
645,6,18,1,0.3589743673801422,38
645,6,19,1,0.9117646813392639,39
645,6,20,1,0.8974359035491943,40
645,6,21,0,0.3589743673801422,41
645,6,22,0,0.800000011920929,42
645,6,23,0,0.8974359035491943,43
645,6,24,1,0.9166666865348816,44
645,6,25,1,0.9947534203529358,45
645,6,26,1,0.9947534203529358,46
645,6,27,0,0.25,47
645,6,28,0,0.9947534203529358,48
645,6,29,1,0.9947534203529358,49
645,6,30,1,0.3589743673801422,50
645,6,31,0,0.8135592937469482,51
645,6,32,0,0.800000011920929,52
645,6,33,1,0.7142857313156128,53
645,6,34,1,0.12871287763118744,54
645,6,35,0,0.0,55
645,6,36,0,0.054794520139694214,56
645,6,37,0,0.5263158082962036,57
645,6,38,0,0.025974025949835777,58
645,6,39,1,0.2164948433637619,59
645,6,40,1,0.0,60
646,5,33,1,0.2164948433637619,1
646,5,34,0,0.25,2
646,5,35,0,0.025974025949835777,3
646,5,36,1,0.03888889029622078,4
646,5,37,0,0.25,5
646,5,38,0,0.008064515888690948,6
646,5,39,1,0.16129031777381897,7
646,5,40,0,0.30000001192092896,8
646,6,1,0,0.03888889029622078,9
646,6,2,0,0.008064515888690948,10
646,6,3,0,0.01534526888281107,11
646,6,4,0,0.2164948433637619,12
646,6,5,0,0.03888889029622078,13
646,6,6,0,0.03888889029622078,14
646,6,7,0,0.25,15
646,6,8,0,0.054794520139694214,16
646,6,9,0,0.2164948433637619,17
646,6,10,0,0.054794520139694214,18
646,6,11,0,0.12871287763118744,19
646,6,12,0,0.25,20
646,6,13,0,0.3589743673801422,21
646,6,14,0,0.25,22
646,6,15,0,0.3589743673801422,23
646,6,16,0,0.30000001192092896,24
646,6,17,1,0.3589743673801422,25
646,6,18,1,0.8135592937469482,26
646,6,19,1,0.7142857313156128,27
646,6,20,1,0.970588207244873,28
646,6,21,0,0.16129031777381897,29
646,6,22,0,0.9947534203529358,30
646,6,23,0,0.9117646813392639,31
646,6,24,1,0.800000011920929,32
646,6,25,1,0.9947534203529358,33
646,6,26,1,0.9947534203529358,34
646,6,27,1,0.16129031777381897,35
646,6,28,0,0.5,36
646,6,29,1,0.9947534203529358,37
646,6,30,1,0.027027027681469917,38
646,6,31,0,0.970588207244873,39
646,6,32,0,0.9947534203529358,40
646,6,33,1,0.2164948433637619,41
646,6,34,1,0.01534526888281107,42
646,6,35,0,0.0,43
646,6,36,0,0.16129031777381897,44
646,6,37,0,0.7142857313156128,45
646,6,38,0,0.03888889029622078,46
646,6,39,1,0.25,47
646,6,40,1,0.0,48
648,5,17,0,0.30000001192092896,1
648,5,18,1,0.7142857313156128,2
648,5,19,1,0.16129031777381897,3
648,5,20,1,0.5,4
648,5,21,0,0.032786883413791656,5
648,5,22,0,0.06666667014360428,6
648,5,23,0,0.5263158082962036,7
648,5,24,1,0.9947534203529358,8
648,5,25,0,0.054794520139694214,9
648,5,26,0,0.25,10
648,5,27,0,0.0,11
648,5,28,1,1.0,12
648,5,29,0,0.0,13
648,5,30,0,0.01534526888281107,14
648,5,31,0,0.01534526888281107,15
648,5,32,0,0.12871287763118744,16
648,5,33,1,0.8135592937469482,17
648,5,34,0,0.0,18
648,5,35,0,0.01534526888281107,19
648,5,36,1,0.9947534203529358,20
648,5,37,0,0.03888889029622078,21
648,5,38,0,0.008064515888690948,22
648,5,39,1,1.0,23
648,5,40,0,0.0,24
649,5,33,0,0.2164948433637619,1
649,5,34,0,0.054794520139694214,2
649,5,35,0,0.0,3
649,5,36,0,0.016489673405885696,4
649,5,37,1,0.054794520139694214,5
649,5,38,0,0.054794520139694214,6
649,5,39,0,0.007751937955617905,7
649,5,40,0,0.01534526888281107,8
649,6,1,0,0.013465316966176033,9
649,6,2,0,0.0,10
649,6,3,0,0.027027027681469917,11
649,6,4,0,0.25,12
649,6,5,0,0.12871287763118744,13
649,6,6,0,0.16129031777381897,14
649,6,7,0,0.25,15
649,6,8,0,0.25,16
649,6,9,0,0.25,17
649,6,10,0,0.25,18
649,6,11,0,0.25,19
649,6,12,0,0.16129031777381897,20
649,6,13,0,0.25,21
649,6,14,0,0.2164948433637619,22
649,6,15,0,0.25,23
649,6,16,0,0.2164948433637619,24
649,6,17,0,0.5,25
649,6,18,0,0.7142857313156128,26
649,6,19,0,0.6410256624221802,27
649,6,20,0,0.3589743673801422,28
649,6,21,0,0.025974025949835777,29
649,6,22,0,0.25,30
649,6,23,0,0.30000001192092896,31
649,6,24,0,0.6469354033470154,32
649,6,25,0,0.30000001192092896,33
649,6,26,0,0.16129031777381897,34
649,6,27,0,0.0,35
649,6,28,0,0.025974025949835777,36
649,6,29,0,0.025974025949835777,37
649,6,30,0,0.054794520139694214,38
649,6,31,0,0.03888889029622078,39
649,6,32,0,0.2164948433637619,40
649,6,33,0,0.25,41
649,6,34,0,0.03888889029622078,42
649,6,35,0,0.0,43
649,6,36,0,0.01534526888281107,44
649,6,37,0,0.01534526888281107,45
649,6,38,0,0.032786883413791656,46
649,6,39,0,0.0,47
649,6,40,0,0.0,48
652,5,21,0,0.30000001192092896,1
652,5,22,0,0.5198682546615601,2
652,5,23,0,0.5263158082962036,3
652,5,24,1,0.5,4
652,5,25,0,0.03888889029622078,5
652,5,26,0,0.12871287763118744,6
652,5,27,0,0.03888889029622078,7
652,5,28,1,0.9947534203529358,8
652,5,29,0,0.027027027681469917,9
652,5,30,0,0.054794520139694214,10
652,5,31,0,0.12871287763118744,11
652,5,32,0,0.25,12
652,5,33,1,0.3589743673801422,13
652,5,34,0,0.16129031777381897,14
652,5,35,0,0.01534526888281107,15
652,5,36,1,0.30000001192092896,16
652,5,37,0,0.032786883413791656,17
652,5,38,0,0.12871287763118744,18
652,5,39,1,0.8135592937469482,19
652,5,40,0,0.01534526888281107,20
652,6,1,0,0.06666667014360428,21
652,6,2,0,0.025974025949835777,22
652,6,3,0,0.03888889029622078,23
652,6,4,0,0.25,24
652,6,5,0,0.16129031777381897,25
652,6,6,0,0.03888889029622078,26
652,6,7,0,0.054794520139694214,27
652,6,8,0,0.03888889029622078,28
652,6,9,0,0.03888889029622078,29
652,6,10,0,0.30000001192092896,30
652,6,11,0,0.30000001192092896,31
652,6,12,0,0.12871287763118744,32
652,6,13,0,0.5263158082962036,33
652,6,14,0,0.3589743673801422,34
652,6,15,0,0.30000001192092896,35
652,6,16,0,0.16129031777381897,36
652,6,17,1,0.3589743673801422,37
652,6,18,1,0.8135592937469482,38
652,6,19,1,0.9947534203529358,39
652,6,20,1,0.8974359035491943,40
652,6,21,0,0.7142857313156128,41
652,6,22,0,0.9117646813392639,42
652,6,23,0,0.9117646813392639,43
652,6,24,1,0.800000011920929,44
652,6,25,1,0.9947534203529358,45
652,6,26,1,0.9947534203529358,46
652,6,27,1,0.25,47
652,6,28,0,0.8135592937469482,48
652,6,29,1,0.9947534203529358,49
652,6,30,1,0.16129031777381897,50
652,6,31,0,0.9947534203529358,51
652,6,32,0,0.9947534203529358,52
652,6,33,1,0.2164948433637619,53
652,6,34,1,0.01534526888281107,54
652,6,35,0,0.0,55
652,6,36,0,0.16129031777381897,56
652,6,37,0,0.7142857313156128,57
652,6,38,0,0.03888889029622078,58
652,6,39,1,0.25,59
652,6,40,1,0.0,60
653,5,21,0,0.30000001192092896,1
653,5,22,0,0.5198682546615601,2
653,5,23,0,0.5263158082962036,3
653,5,24,1,0.5,4
653,5,25,0,0.03888889029622078,5
653,5,26,0,0.12871287763118744,6
653,5,27,0,0.03888889029622078,7
653,5,28,1,0.9947534203529358,8
653,5,29,0,0.027027027681469917,9
653,5,30,0,0.054794520139694214,10
653,5,31,0,0.12871287763118744,11
653,5,32,0,0.25,12
653,5,33,1,0.3589743673801422,13
653,5,34,0,0.16129031777381897,14
653,5,35,0,0.01534526888281107,15
653,5,36,1,0.30000001192092896,16
653,5,37,0,0.032786883413791656,17
653,5,38,0,0.12871287763118744,18
653,5,39,1,0.8135592937469482,19
653,5,40,0,0.01534526888281107,20
653,6,1,0,0.06666667014360428,21
653,6,2,0,0.025974025949835777,22
653,6,3,0,0.03888889029622078,23
653,6,4,0,0.25,24
653,6,5,0,0.16129031777381897,25
653,6,6,0,0.03888889029622078,26
653,6,7,0,0.054794520139694214,27
653,6,8,0,0.03888889029622078,28
653,6,9,0,0.03888889029622078,29
653,6,10,0,0.30000001192092896,30
653,6,11,0,0.30000001192092896,31
653,6,12,0,0.12871287763118744,32
653,6,13,0,0.5263158082962036,33
653,6,14,0,0.3589743673801422,34
653,6,15,0,0.30000001192092896,35
653,6,16,0,0.16129031777381897,36
653,6,17,1,0.3589743673801422,37
653,6,18,1,0.8135592937469482,38
653,6,19,1,0.9947534203529358,39
653,6,20,1,0.8974359035491943,40
653,6,21,0,0.7142857313156128,41
653,6,22,0,0.9117646813392639,42
653,6,23,0,0.9117646813392639,43
653,6,24,1,0.800000011920929,44
653,6,25,1,0.9947534203529358,45
653,6,26,1,0.9947534203529358,46
653,6,27,1,0.25,47
653,6,28,0,0.8135592937469482,48
653,6,29,1,0.9947534203529358,49
653,6,30,1,0.16129031777381897,50
653,6,31,0,0.9947534203529358,51
653,6,32,0,0.9947534203529358,52
653,6,33,1,0.2164948433637619,53
653,6,34,1,0.01534526888281107,54
653,6,35,0,0.0,55
653,6,36,0,0.16129031777381897,56
653,6,37,0,0.7142857313156128,57
653,6,38,0,0.03888889029622078,58
653,6,39,1,0.25,59
653,6,40,1,0.0,60
655,5,21,0,0.30000001192092896,1
655,5,22,1,0.5198682546615601,2
655,5,23,0,0.01534526888281107,3
655,5,24,1,0.2164948433637619,4
655,5,25,0,0.008064515888690948,5
655,5,26,0,0.03888889029622078,6
655,5,27,0,0.01534526888281107,7
655,5,28,1,1.0,8
655,5,29,0,0.01534526888281107,9
655,5,30,0,0.06666667014360428,10
655,5,31,0,0.032786883413791656,11
655,5,32,0,0.30000001192092896,12
655,5,33,1,0.30000001192092896,13
655,5,34,0,0.25,14
655,5,35,0,0.03888889029622078,15
655,5,36,1,0.5263158082962036,16
655,5,37,0,0.03888889029622078,17
655,5,38,0,0.01534526888281107,18
655,5,39,1,0.9166666865348816,19
655,5,40,0,0.03888889029622078,20
655,6,1,0,0.03888889029622078,21
655,6,2,0,0.027027027681469917,22
655,6,3,0,0.054794520139694214,23
655,6,4,0,0.25,24
655,6,5,0,0.16129031777381897,25
655,6,6,0,0.03888889029622078,26
655,6,7,0,0.03888889029622078,27
655,6,8,0,0.03888889029622078,28
655,6,9,0,0.03888889029622078,29
655,6,10,0,0.30000001192092896,30
655,6,11,0,0.3589743673801422,31
655,6,12,0,0.2164948433637619,32
655,6,13,0,0.6410256624221802,33
655,6,14,0,0.5,34
655,6,15,0,0.3589743673801422,35
655,6,16,0,0.2164948433637619,36
655,6,17,1,0.3589743673801422,37
655,6,18,1,0.8974359035491943,38
655,6,19,1,0.9947534203529358,39
655,6,20,1,0.9947534203529358,40
655,6,21,0,0.7142857313156128,41
655,6,22,0,0.9117646813392639,42
655,6,23,0,0.9117646813392639,43
655,6,24,1,0.800000011920929,44
655,6,25,1,0.9947534203529358,45
655,6,26,1,0.9947534203529358,46
655,6,27,1,0.25,47
655,6,28,0,0.8135592937469482,48
655,6,29,1,0.9947534203529358,49
655,6,30,1,0.16129031777381897,50
655,6,31,0,0.9947534203529358,51
655,6,32,0,0.9947534203529358,52
655,6,33,1,0.2164948433637619,53
655,6,34,1,0.01534526888281107,54
655,6,35,0,0.0,55
655,6,36,0,0.16129031777381897,56
655,6,37,0,0.7142857313156128,57
655,6,38,0,0.03888889029622078,58
655,6,39,1,0.25,59
655,6,40,1,0.0,60
664,5,5,1,0.7142857313156128,1
664,5,6,0,0.03888889029622078,2
664,5,7,0,0.007751937955617905,3
664,5,8,1,0.30000001192092896,4
664,5,9,0,0.032786883413791656,5
664,5,10,1,0.9947534203529358,6
664,5,11,1,0.25,7
664,5,12,0,0.09090909361839294,8
664,5,13,1,0.7142857313156128,9
664,5,14,0,0.01534526888281107,10
664,5,15,0,0.007751937955617905,11
664,5,16,0,0.2164948433637619,12
664,5,17,0,0.008064515888690948,13
664,5,18,1,0.800000011920929,14
664,5,19,1,0.2164948433637619,15
664,5,20,1,0.3589743673801422,16
664,5,21,0,0.0,17
664,5,22,0,0.008064515888690948,18
664,5,23,0,0.025974025949835777,19
664,5,24,1,0.8974359035491943,20
664,5,25,0,0.0,21
664,5,26,0,0.0,22
664,5,27,0,0.0,23
664,5,28,1,1.0,24
664,5,29,0,0.0,25
664,5,30,0,0.008064515888690948,26
664,5,31,0,0.01534526888281107,27
664,5,32,0,0.01534526888281107,28
664,5,33,1,0.8135592937469482,29
664,5,34,0,0.03888889029622078,30
664,5,35,0,0.0,31
664,5,36,1,0.8974359035491943,32
664,5,37,0,0.01534526888281107,33
664,5,38,0,0.0,34
664,5,39,1,0.970588207244873,35
664,5,40,0,0.0,36
665,5,17,0,0.30000001192092896,1
665,5,18,1,0.7142857313156128,2
665,5,19,1,0.12871287763118744,3
665,5,20,1,0.3589743673801422,4
665,5,21,0,0.01534526888281107,5
665,5,22,0,0.03888889029622078,6
665,5,23,0,0.3589743673801422,7
665,5,24,1,0.9947534203529358,8
665,5,25,0,0.03888889029622078,9
665,5,26,0,0.03888889029622078,10
665,5,27,0,0.0,11
665,5,28,1,1.0,12
665,5,29,0,0.0,13
665,5,30,0,0.025974025949835777,14
665,5,31,0,0.008064515888690948,15
665,5,32,0,0.03888889029622078,16
665,5,33,1,0.9117646813392639,17
665,5,34,0,0.0,18
665,5,35,0,0.01534526888281107,19
665,5,36,1,1.0,20
665,5,37,0,0.03888889029622078,21
665,5,38,0,0.0,22
665,5,39,1,1.0,23
665,5,40,0,0.0,24
666,4,33,0,0.25,1
666,4,34,0,0.16129031777381897,2
666,4,35,0,0.01534526888281107,3
666,4,36,0,0.03888889029622078,4
666,4,37,0,0.032786883413791656,5
666,4,38,0,0.03888889029622078,6
666,4,39,0,0.0,7
666,4,40,0,0.0,8
666,5,1,0,0.3589743673801422,9
666,5,2,0,0.30000001192092896,10
666,5,3,0,0.30000001192092896,11
666,5,4,1,0.5,12
666,5,5,1,0.3589743673801422,13
666,5,6,0,0.0,14
666,5,7,0,0.03888889029622078,15
666,5,8,1,0.8974359035491943,16
666,5,9,0,0.16129031777381897,17
666,5,10,1,0.9117646813392639,18
666,5,11,1,0.9947534203529358,19
666,5,12,0,0.054794520139694214,20
666,5,13,1,0.9947534203529358,21
666,5,14,0,0.0,22
666,5,15,0,0.01534526888281107,23
666,5,16,0,0.054794520139694214,24
666,5,17,0,0.01534526888281107,25
666,5,18,1,0.9947534203529358,26
666,5,19,1,0.6410256624221802,27
666,5,20,1,0.800000011920929,28
666,5,21,0,0.0,29
666,5,22,0,0.054794520139694214,30
666,5,23,0,0.03888889029622078,31
666,5,24,1,0.9947534203529358,32
666,5,25,0,0.007751937955617905,33
666,5,26,0,0.0,34
666,5,27,0,0.0,35
666,5,28,1,0.9947534203529358,36
666,5,29,0,0.0,37
666,5,30,0,0.01534526888281107,38
666,5,31,0,0.025974025949835777,39
666,5,32,0,0.01534526888281107,40
666,5,33,1,0.7142857313156128,41
666,5,34,0,0.01534526888281107,42
666,5,35,0,0.01534526888281107,43
666,5,36,1,0.8993529081344604,44
666,5,37,0,0.032786883413791656,45
666,5,38,0,0.01534526888281107,46
666,5,39,1,0.9947534203529358,47
666,5,40,0,0.0,48
667,5,33,1,0.16129031777381897,1
667,5,34,0,0.25,2
667,5,35,0,0.025974025949835777,3
667,5,36,1,0.03888889029622078,4
667,5,37,0,0.25,5
667,5,38,0,0.008064515888690948,6
667,5,39,1,0.16129031777381897,7
667,5,40,0,0.30000001192092896,8
667,6,1,0,0.03888889029622078,9
667,6,2,0,0.0,10
667,6,3,0,0.01534526888281107,11
667,6,4,0,0.2164948433637619,12
667,6,5,0,0.03888889029622078,13
667,6,6,0,0.032786883413791656,14
667,6,7,0,0.2164948433637619,15
667,6,8,0,0.03888889029622078,16
667,6,9,0,0.2164948433637619,17
667,6,10,0,0.03888889029622078,18
667,6,11,0,0.09090909361839294,19
667,6,12,0,0.16129031777381897,20
667,6,13,1,0.30000001192092896,21
667,6,14,0,0.3589743673801422,22
667,6,15,0,0.2164948433637619,23
667,6,16,0,0.12871287763118744,24
667,6,17,1,0.3589743673801422,25
667,6,18,1,0.25,26
667,6,19,1,0.800000011920929,27
667,6,20,1,0.3589743673801422,28
667,6,21,0,0.03888889029622078,29
667,6,22,0,0.3589743673801422,30
667,6,23,0,0.16129031777381897,31
667,6,24,1,0.3589743673801422,32
667,6,25,1,0.7142857313156128,33
667,6,26,1,0.9117646813392639,34
667,6,27,1,0.03888889029622078,35
667,6,28,0,0.3589743673801422,36
667,6,29,1,0.8975522518157959,37
667,6,30,1,0.01534526888281107,38
667,6,31,0,0.8135592937469482,39
667,6,32,0,0.9947534203529358,40
667,6,33,1,0.03888889029622078,41
667,6,34,1,0.0,42
667,6,35,0,0.0,43
667,6,36,0,0.054794520139694214,44
667,6,37,0,0.3589743673801422,45
667,6,38,0,0.01534526888281107,46
667,6,39,1,0.16129031777381897,47
667,6,40,1,0.0,48
668,5,17,0,0.30000001192092896,1
668,5,18,1,0.7142857313156128,2
668,5,19,1,0.12871287763118744,3
668,5,20,1,0.3589743673801422,4
668,5,21,0,0.01534526888281107,5
668,5,22,1,0.03888889029622078,6
668,5,23,0,0.008064515888690948,7
668,5,24,1,0.7142857313156128,8
668,5,25,0,0.0,9
668,5,26,0,0.12871287763118744,10
668,5,27,0,0.01534526888281107,11
668,5,28,1,0.9947534203529358,12
668,5,29,0,0.0,13
668,5,30,0,0.01534526888281107,14
668,5,31,0,0.007751937955617905,15
668,5,32,0,0.032786883413791656,16
668,5,33,1,0.8135592937469482,17
668,5,34,0,0.0,18
668,5,35,0,0.008064515888690948,19
668,5,36,1,0.9947534203529358,20
668,5,37,0,0.03888889029622078,21
668,5,38,0,0.0,22
668,5,39,1,0.9947534203529358,23
668,5,40,0,0.0,24
671,6,5,0,0.6410256624221802,1
671,6,6,0,0.12871287763118744,2
671,6,7,0,0.2164948433637619,3
671,6,8,0,0.16129031777381897,4
671,6,9,0,0.16129031777381897,5
671,6,10,0,0.16129031777381897,6
671,6,11,0,0.12871287763118744,7
671,6,12,0,0.054794520139694214,8
671,6,13,0,0.2164948433637619,9
671,6,14,0,0.12871287763118744,10
671,6,15,0,0.16129031777381897,11
671,6,16,0,0.16129031777381897,12
671,6,17,1,0.3589743673801422,13
671,6,18,1,0.7142857313156128,14
671,6,19,1,0.9947534203529358,15
671,6,20,1,0.7142857313156128,16
671,6,21,0,0.2164948433637619,17
671,6,22,0,0.3589743673801422,18
671,6,23,0,0.3589743673801422,19
671,6,24,1,0.3589743673801422,20
671,6,25,1,0.8974359035491943,21
671,6,26,1,0.5,22
671,6,27,0,0.03888889029622078,23
671,6,28,0,0.7142857313156128,24
671,6,29,1,0.7142857313156128,25
671,6,30,1,0.12871287763118744,26
671,6,31,0,0.3589743673801422,27
671,6,32,0,0.8011447191238403,28
671,6,33,1,0.5,29
671,6,34,1,0.03888889029622078,30
671,6,35,0,0.0,31
671,6,36,0,0.09090909361839294,32
671,6,37,0,0.30000001192092896,33
671,6,38,0,0.008064515888690948,34
671,6,39,1,0.2164948433637619,35
671,6,40,1,0.0,36
674,4,33,0,0.25,1
674,4,34,0,0.16129031777381897,2
674,4,35,0,0.01534526888281107,3
674,4,36,0,0.03888889029622078,4
674,4,37,0,0.032786883413791656,5
674,4,38,0,0.03888889029622078,6
674,4,39,0,0.0,7
674,4,40,0,0.0,8
674,5,1,0,0.3589743673801422,9
674,5,2,0,0.30000001192092896,10
674,5,3,0,0.30000001192092896,11
674,5,4,1,0.5,12
674,5,5,1,0.3589743673801422,13
674,5,6,0,0.0,14
674,5,7,0,0.03888889029622078,15
674,5,8,1,0.8974359035491943,16
674,5,9,0,0.16129031777381897,17
674,5,10,1,0.9117646813392639,18
674,5,11,1,0.9947534203529358,19
674,5,12,0,0.054794520139694214,20
674,5,13,1,0.9947534203529358,21
674,5,14,0,0.0,22
674,5,15,0,0.01534526888281107,23
674,5,16,0,0.054794520139694214,24
674,5,17,0,0.01534526888281107,25
674,5,18,1,0.9947534203529358,26
674,5,19,0,0.6410256624221802,27
674,5,20,1,0.9117646813392639,28
674,5,21,0,0.0,29
674,5,22,0,0.027027027681469917,30
674,5,23,0,0.03888889029622078,31
674,5,24,1,0.9947534203529358,32
674,5,25,0,0.01534526888281107,33
674,5,26,0,0.01534526888281107,34
674,5,27,0,0.0,35
674,5,28,1,1.0,36
674,5,29,0,0.0,37
674,5,30,0,0.01534526888281107,38
674,5,31,0,0.03888889029622078,39
674,5,32,0,0.01534526888281107,40
674,5,33,1,0.5263158082962036,41
674,5,34,0,0.025974025949835777,42
674,5,35,0,0.01534526888281107,43
674,5,36,1,0.970588207244873,44
674,5,37,0,0.03888889029622078,45
674,5,38,0,0.008064515888690948,46
674,5,39,1,0.9947534203529358,47
674,5,40,0,0.0,48
675,6,5,0,0.6410256624221802,1
675,6,6,0,0.12871287763118744,2
675,6,7,0,0.2164948433637619,3
675,6,8,0,0.16129031777381897,4
675,6,9,0,0.16129031777381897,5
675,6,10,0,0.16129031777381897,6
675,6,11,0,0.12871287763118744,7
675,6,12,0,0.054794520139694214,8
675,6,13,1,0.2164948433637619,9
675,6,14,0,0.054794520139694214,10
675,6,15,0,0.054794520139694214,11
675,6,16,0,0.2164948433637619,12
675,6,17,1,0.25,13
675,6,18,1,0.3589743673801422,14
675,6,19,1,0.8135592937469482,15
675,6,20,1,0.25,16
675,6,21,0,0.054794520139694214,17
675,6,22,0,0.30000001192092896,18
675,6,23,0,0.5,19
675,6,24,1,0.9947534203529358,20
675,6,25,1,0.8135592937469482,21
675,6,26,1,0.8135592937469482,22
675,6,27,1,0.032786883413791656,23
675,6,28,0,0.30000001192092896,24
675,6,29,1,0.9117646813392639,25
675,6,30,1,0.01534526888281107,26
675,6,31,1,0.3589743673801422,27
675,6,32,0,0.10526315867900848,28
675,6,33,1,0.0,29
675,6,34,1,0.0,30
675,6,35,0,0.0,31
675,6,36,0,0.0,32
675,6,37,0,0.032786883413791656,33
675,6,38,0,0.0,34
675,6,39,1,0.025974025949835777,35
675,6,40,1,0.0,36
678,5,5,1,0.7142857313156128,1
678,5,6,0,0.03888889029622078,2
678,5,7,0,0.007751937955617905,3
678,5,8,1,0.30000001192092896,4
678,5,9,0,0.032786883413791656,5
678,5,10,1,0.9947534203529358,6
678,5,11,1,0.25,7
678,5,12,0,0.09090909361839294,8
678,5,13,1,0.7142857313156128,9
678,5,14,0,0.01534526888281107,10
678,5,15,0,0.007751937955617905,11
678,5,16,0,0.2164948433637619,12
678,5,17,0,0.008064515888690948,13
678,5,18,1,0.800000011920929,14
678,5,19,1,0.2164948433637619,15
678,5,20,1,0.3589743673801422,16
678,5,21,0,0.0,17
678,5,22,1,0.008064515888690948,18
678,5,23,0,0.0,19
678,5,24,1,0.3589743673801422,20
678,5,25,0,0.0,21
678,5,26,0,0.0,22
678,5,27,0,0.0,23
678,5,28,1,1.0,24
678,5,29,0,0.0,25
678,5,30,0,0.01534526888281107,26
678,5,31,0,0.025974025949835777,27
678,5,32,0,0.025974025949835777,28
678,5,33,1,0.6410256624221802,29
678,5,34,0,0.03888889029622078,30
678,5,35,0,0.0,31
678,5,36,1,0.7142857313156128,32
678,5,37,0,0.025974025949835777,33
678,5,38,0,0.0,34
678,5,39,1,0.9947534203529358,35
678,5,40,0,0.0,36
681,5,5,0,0.7142857313156128,1
681,5,6,0,0.3589743673801422,2
681,5,7,0,0.7142857313156128,3
681,5,8,0,0.7142857313156128,4
681,5,9,0,0.25,5
681,5,10,0,0.30000001192092896,6
681,5,11,0,0.30000001192092896,7
681,5,12,0,0.12871287763118744,8
681,5,13,0,0.3589743673801422,9
681,5,14,0,0.25,10
681,5,15,0,0.2164948433637619,11
681,5,16,0,0.12871287763118744,12
681,5,17,0,0.2164948433637619,13
681,5,18,0,0.3589743673801422,14
681,5,19,0,0.16129031777381897,15
681,5,20,0,0.3589743673801422,16
681,5,21,0,0.16129031777381897,17
681,5,22,0,0.12871287763118744,18
681,5,23,0,0.25,19
681,5,24,0,0.16129031777381897,20
681,5,25,0,0.01534526888281107,21
681,5,26,0,0.032786883413791656,22
681,5,27,0,0.032786883413791656,23
681,5,28,0,0.30000001192092896,24
681,5,29,0,0.12871287763118744,25
681,5,30,0,0.03888889029622078,26
681,5,31,0,0.03888889029622078,27
681,5,32,0,0.16129031777381897,28
681,5,33,0,0.12871287763118744,29
681,5,34,0,0.03888889029622078,30
681,5,35,0,0.0,31
681,5,36,0,0.01534526888281107,32
681,5,37,0,0.032786883413791656,33
681,5,38,0,0.027027027681469917,34
681,5,39,0,0.0,35
681,5,40,0,0.0,36
682,6,5,0,0.6410256624221802,1
682,6,6,0,0.12871287763118744,2
682,6,7,0,0.2164948433637619,3
682,6,8,0,0.16129031777381897,4
682,6,9,0,0.16129031777381897,5
682,6,10,0,0.16129031777381897,6
682,6,11,0,0.12871287763118744,7
682,6,12,0,0.054794520139694214,8
682,6,13,0,0.2164948433637619,9
682,6,14,0,0.12871287763118744,10
682,6,15,0,0.16129031777381897,11
682,6,16,0,0.16129031777381897,12
682,6,17,1,0.3589743673801422,13
682,6,18,1,0.7142857313156128,14
682,6,19,1,0.9947534203529358,15
682,6,20,1,0.7142857313156128,16
682,6,21,0,0.2164948433637619,17
682,6,22,0,0.3589743673801422,18
682,6,23,0,0.3589743673801422,19
682,6,24,1,0.3589743673801422,20
682,6,25,1,0.8974359035491943,21
682,6,26,1,0.5,22
682,6,27,1,0.03888889029622078,23
682,6,28,0,0.2164948433637619,24
682,6,29,1,0.5770962834358215,25
682,6,30,1,0.01534526888281107,26
682,6,31,0,0.6918546557426453,27
682,6,32,0,0.9947534203529358,28
682,6,33,1,0.054794520139694214,29
682,6,34,1,0.0,30
682,6,35,0,0.0,31
682,6,36,0,0.01534526888281107,32
682,6,37,0,0.2164948433637619,33
682,6,38,0,0.0,34
682,6,39,1,0.01534526888281107,35
682,6,40,1,0.0,36
684,5,33,1,0.16129031777381897,1
684,5,34,0,0.25,2
684,5,35,0,0.025974025949835777,3
684,5,36,1,0.03888889029622078,4
684,5,37,0,0.25,5
684,5,38,0,0.008064515888690948,6
684,5,39,1,0.16129031777381897,7
684,5,40,0,0.30000001192092896,8
684,6,1,0,0.03888889029622078,9
684,6,2,0,0.0,10
684,6,3,0,0.01534526888281107,11
684,6,4,0,0.2164948433637619,12
684,6,5,0,0.03888889029622078,13
684,6,6,0,0.032786883413791656,14
684,6,7,0,0.2164948433637619,15
684,6,8,0,0.03888889029622078,16
684,6,9,0,0.2164948433637619,17
684,6,10,0,0.03888889029622078,18
684,6,11,0,0.09090909361839294,19
684,6,12,0,0.16129031777381897,20
684,6,13,0,0.30000001192092896,21
684,6,14,0,0.2164948433637619,22
684,6,15,0,0.30000001192092896,23
684,6,16,0,0.25,24
684,6,17,1,0.3589743673801422,25
684,6,18,1,0.5,26
684,6,19,1,0.7142857313156128,27
684,6,20,1,0.5,28
684,6,21,0,0.054794520139694214,29
684,6,22,0,0.800000011920929,30
684,6,23,0,0.3589743673801422,31
684,6,24,1,0.25,32
684,6,25,1,0.7142857313156128,33
684,6,26,1,0.7142857313156128,34
684,6,27,0,0.054794520139694214,35
684,6,28,0,0.7142857313156128,36
684,6,29,1,0.9117646813392639,37
684,6,30,1,0.054794520139694214,38
684,6,31,0,0.3589743673801422,39
684,6,32,0,0.7142857313156128,40
684,6,33,1,0.5,41
684,6,34,1,0.01534526888281107,42
684,6,35,0,0.0,43
684,6,36,0,0.12871287763118744,44
684,6,37,0,0.30000001192092896,45
684,6,38,0,0.01534526888281107,46
684,6,39,1,0.2164948433637619,47
684,6,40,1,0.0,48
685,5,5,1,0.7142857313156128,1
685,5,6,0,0.03888889029622078,2
685,5,7,0,0.007751937955617905,3
685,5,8,1,0.30000001192092896,4
685,5,9,0,0.032786883413791656,5
685,5,10,1,0.9947534203529358,6
685,5,11,1,0.25,7
685,5,12,0,0.09090909361839294,8
685,5,13,1,0.7142857313156128,9
685,5,14,0,0.01534526888281107,10
685,5,15,0,0.007751937955617905,11
685,5,16,0,0.2164948433637619,12
685,5,17,0,0.008064515888690948,13
685,5,18,1,0.800000011920929,14
685,5,19,1,0.2164948433637619,15
685,5,20,1,0.3589743673801422,16
685,5,21,0,0.0,17
685,5,22,0,0.008064515888690948,18
685,5,23,0,0.025974025949835777,19
685,5,24,1,0.8974359035491943,20
685,5,25,0,0.0,21
685,5,26,0,0.0,22
685,5,27,0,0.0,23
685,5,28,1,1.0,24
685,5,29,0,0.0,25
685,5,30,0,0.008064515888690948,26
685,5,31,0,0.01534526888281107,27
685,5,32,0,0.01534526888281107,28
685,5,33,1,0.8135592937469482,29
685,5,34,0,0.03888889029622078,30
685,5,35,0,0.0,31
685,5,36,1,0.8974359035491943,32
685,5,37,0,0.01534526888281107,33
685,5,38,0,0.0,34
685,5,39,1,0.970588207244873,35
685,5,40,0,0.0,36
687,5,5,1,0.7142857313156128,1
687,5,6,0,0.03888889029622078,2
687,5,7,0,0.007751937955617905,3
687,5,8,1,0.30000001192092896,4
687,5,9,0,0.032786883413791656,5
687,5,10,1,0.9947534203529358,6
687,5,11,1,0.25,7
687,5,12,0,0.09090909361839294,8
687,5,13,1,0.7142857313156128,9
687,5,14,0,0.01534526888281107,10
687,5,15,0,0.007751937955617905,11
687,5,16,0,0.2164948433637619,12
687,5,17,0,0.008064515888690948,13
687,5,18,1,0.800000011920929,14
687,5,19,1,0.2164948433637619,15
687,5,20,1,0.3589743673801422,16
687,5,21,0,0.0,17
687,5,22,0,0.008064515888690948,18
687,5,23,0,0.025974025949835777,19
687,5,24,1,0.8974359035491943,20
687,5,25,0,0.0,21
687,5,26,0,0.0,22
687,5,27,0,0.0,23
687,5,28,1,1.0,24
687,5,29,0,0.0,25
687,5,30,0,0.008064515888690948,26
687,5,31,0,0.01534526888281107,27
687,5,32,0,0.01534526888281107,28
687,5,33,1,0.8135592937469482,29
687,5,34,0,0.03888889029622078,30
687,5,35,0,0.0,31
687,5,36,1,0.8974359035491943,32
687,5,37,0,0.01534526888281107,33
687,5,38,0,0.0,34
687,5,39,1,0.970588207244873,35
687,5,40,0,0.0,36
688,5,33,1,0.16129031777381897,1
688,5,34,0,0.25,2
688,5,35,0,0.025974025949835777,3
688,5,36,1,0.03888889029622078,4
688,5,37,0,0.25,5
688,5,38,0,0.008064515888690948,6
688,5,39,1,0.16129031777381897,7
688,5,40,0,0.30000001192092896,8
688,6,1,0,0.03888889029622078,9
688,6,2,0,0.0,10
688,6,3,0,0.01534526888281107,11
688,6,4,0,0.2164948433637619,12
688,6,5,0,0.03888889029622078,13
688,6,6,0,0.032786883413791656,14
688,6,7,0,0.2164948433637619,15
688,6,8,0,0.03888889029622078,16
688,6,9,0,0.2164948433637619,17
688,6,10,0,0.03888889029622078,18
688,6,11,0,0.09090909361839294,19
688,6,12,0,0.16129031777381897,20
688,6,13,0,0.30000001192092896,21
688,6,14,0,0.2164948433637619,22
688,6,15,0,0.30000001192092896,23
688,6,16,0,0.25,24
688,6,17,1,0.3589743673801422,25
688,6,18,1,0.5,26
688,6,19,1,0.7142857313156128,27
688,6,20,1,0.5,28
688,6,21,0,0.054794520139694214,29
688,6,22,0,0.800000011920929,30
688,6,23,0,0.3589743673801422,31
688,6,24,1,0.25,32
688,6,25,1,0.7142857313156128,33
688,6,26,1,0.7142857313156128,34
688,6,27,1,0.054794520139694214,35
688,6,28,0,0.30000001192092896,36
688,6,29,1,0.800000011920929,37
688,6,30,1,0.008064515888690948,38
688,6,31,0,0.9117646813392639,39
688,6,32,0,0.9947534203529358,40
688,6,33,1,0.03888889029622078,41
688,6,34,1,0.0,42
688,6,35,0,0.0,43
688,6,36,0,0.054794520139694214,44
688,6,37,0,0.30000001192092896,45
688,6,38,0,0.01534526888281107,46
688,6,39,1,0.16129031777381897,47
688,6,40,1,0.0,48
691,5,5,1,0.7142857313156128,1
691,5,6,0,0.03888889029622078,2
691,5,7,0,0.007751937955617905,3
691,5,8,1,0.30000001192092896,4
691,5,9,0,0.032786883413791656,5
691,5,10,1,0.9947534203529358,6
691,5,11,1,0.25,7
691,5,12,0,0.09090909361839294,8
691,5,13,1,0.7142857313156128,9
691,5,14,0,0.01534526888281107,10
691,5,15,0,0.007751937955617905,11
691,5,16,0,0.2164948433637619,12
691,5,17,0,0.008064515888690948,13
691,5,18,1,0.800000011920929,14
691,5,19,1,0.2164948433637619,15
691,5,20,1,0.3589743673801422,16
691,5,21,0,0.0,17
691,5,22,0,0.008064515888690948,18
691,5,23,0,0.025974025949835777,19
691,5,24,1,0.8974359035491943,20
691,5,25,0,0.0,21
691,5,26,0,0.0,22
691,5,27,0,0.0,23
691,5,28,1,1.0,24
691,5,29,0,0.0,25
691,5,30,0,0.008064515888690948,26
691,5,31,0,0.01534526888281107,27
691,5,32,0,0.01534526888281107,28
691,5,33,1,0.8135592937469482,29
691,5,34,0,0.03888889029622078,30
691,5,35,0,0.0,31
691,5,36,1,0.8974359035491943,32
691,5,37,0,0.01534526888281107,33
691,5,38,0,0.0,34
691,5,39,1,0.970588207244873,35
691,5,40,0,0.0,36
692,4,33,0,0.25,1
692,4,34,0,0.16129031777381897,2
692,4,35,0,0.01534526888281107,3
692,4,36,0,0.03888889029622078,4
692,4,37,0,0.032786883413791656,5
692,4,38,0,0.03888889029622078,6
692,4,39,0,0.0,7
692,4,40,0,0.0,8
692,5,1,0,0.3589743673801422,9
692,5,2,0,0.30000001192092896,10
692,5,3,0,0.30000001192092896,11
692,5,4,1,0.5,12
692,5,5,1,0.3589743673801422,13
692,5,6,0,0.0,14
692,5,7,0,0.03888889029622078,15
692,5,8,1,0.8974359035491943,16
692,5,9,0,0.16129031777381897,17
692,5,10,1,0.9117646813392639,18
692,5,11,1,0.9947534203529358,19
692,5,12,0,0.054794520139694214,20
692,5,13,1,0.9947534203529358,21
692,5,14,0,0.0,22
692,5,15,0,0.01534526888281107,23
692,5,16,0,0.054794520139694214,24
692,5,17,0,0.01534526888281107,25
692,5,18,1,0.9947534203529358,26
692,5,19,1,0.6410256624221802,27
692,5,20,1,0.800000011920929,28
692,5,21,0,0.0,29
692,5,22,0,0.054794520139694214,30
692,5,23,0,0.03888889029622078,31
692,5,24,1,0.9947534203529358,32
692,5,25,0,0.007751937955617905,33
692,5,26,0,0.0,34
692,5,27,0,0.0,35
692,5,28,1,0.9947534203529358,36
692,5,29,0,0.0,37
692,5,30,0,0.01534526888281107,38
692,5,31,0,0.025974025949835777,39
692,5,32,0,0.01534526888281107,40
692,5,33,1,0.7142857313156128,41
692,5,34,0,0.01534526888281107,42
692,5,35,0,0.01534526888281107,43
692,5,36,1,0.8993529081344604,44
692,5,37,0,0.032786883413791656,45
692,5,38,0,0.01534526888281107,46
692,5,39,1,0.9947534203529358,47
692,5,40,0,0.0,48
694,5,17,0,0.30000001192092896,1
694,5,18,1,0.7142857313156128,2
694,5,19,1,0.12871287763118744,3
694,5,20,1,0.3589743673801422,4
694,5,21,0,0.01534526888281107,5
694,5,22,0,0.03888889029622078,6
694,5,23,0,0.3589743673801422,7
694,5,24,1,0.9947534203529358,8
694,5,25,0,0.03888889029622078,9
694,5,26,0,0.03888889029622078,10
694,5,27,0,0.0,11
694,5,28,1,1.0,12
694,5,29,0,0.0,13
694,5,30,0,0.025974025949835777,14
694,5,31,0,0.008064515888690948,15
694,5,32,0,0.03888889029622078,16
694,5,33,1,0.9117646813392639,17
694,5,34,0,0.0,18
694,5,35,0,0.01534526888281107,19
694,5,36,1,1.0,20
694,5,37,0,0.03888889029622078,21
694,5,38,0,0.0,22
694,5,39,1,1.0,23
694,5,40,0,0.0,24
699,5,21,0,0.30000001192092896,1
699,5,22,0,0.5198682546615601,2
699,5,23,0,0.25,3
699,5,24,1,0.12871287763118744,4
699,5,25,0,0.008064515888690948,5
699,5,26,0,0.025974025949835777,6
699,5,27,0,0.025974025949835777,7
699,5,28,1,0.9947534203529358,8
699,5,29,0,0.01534526888281107,9
699,5,30,0,0.054794520139694214,10
699,5,31,0,0.03888889029622078,11
699,5,32,0,0.2164948433637619,12
699,5,33,1,0.2164948433637619,13
699,5,34,0,0.054794520139694214,14
699,5,35,0,0.0,15
699,5,36,1,0.2164948433637619,16
699,5,37,0,0.032786883413791656,17
699,5,38,0,0.08096148818731308,18
699,5,39,1,0.8135592937469482,19
699,5,40,0,0.008064515888690948,20
699,6,1,0,0.12871287763118744,21
699,6,2,0,0.03888889029622078,22
699,6,3,0,0.054794520139694214,23
699,6,4,0,0.25,24
699,6,5,0,0.2164948433637619,25
699,6,6,0,0.08145277947187424,26
699,6,7,0,0.03888889029622078,27
699,6,8,0,0.032786883413791656,28
699,6,9,0,0.03888889029622078,29
699,6,10,0,0.30000001192092896,30
699,6,11,0,0.2164948433637619,31
699,6,12,0,0.12871287763118744,32
699,6,13,1,0.3589743673801422,33
699,6,14,1,0.25,34
699,6,15,0,0.25,35
699,6,16,0,0.03888889029622078,36
699,6,17,1,0.30000001192092896,37
699,6,18,1,0.8974359035491943,38
699,6,19,1,0.970588207244873,39
699,6,20,1,0.5,40
699,6,21,0,0.25,41
699,6,22,0,0.3589743673801422,42
699,6,23,0,0.8135592937469482,43
699,6,24,1,0.7142857313156128,44
699,6,25,1,0.9947534203529358,45
699,6,26,1,0.970588207244873,46
699,6,27,0,0.30000001192092896,47
699,6,28,0,0.3589743673801422,48
699,6,29,1,0.3589743673801422,49
699,6,30,1,0.027027027681469917,50
699,6,31,0,0.25,51
699,6,32,0,0.12871287763118744,52
699,6,33,1,0.03888889029622078,53
699,6,34,0,0.025974025949835777,54
699,6,35,0,0.0,55
699,6,36,0,0.09814797341823578,56
699,6,37,0,0.032786883413791656,57
699,6,38,0,0.027027027681469917,58
699,6,39,1,0.7142857313156128,59
699,6,40,1,0.0,60
700,5,5,0,0.7142857313156128,1
700,5,6,0,0.3589743673801422,2
700,5,7,0,0.7142857313156128,3
700,5,8,1,0.3589743673801422,4
700,5,9,0,0.03888889029622078,5
700,5,10,1,0.25,6
700,5,11,1,0.25,7
700,5,12,0,0.008064515888690948,8
700,5,13,1,0.5263158082962036,9
700,5,14,0,0.0,10
700,5,15,0,0.0,11
700,5,16,0,0.007751937955617905,12
700,5,17,0,0.16129031777381897,13
700,5,18,1,0.9947534203529358,14
700,5,19,0,0.2164948433637619,15
700,5,20,1,0.7142857313156128,16
700,5,21,0,0.0,17
700,5,22,0,0.008064515888690948,18
700,5,23,0,0.01534526888281107,19
700,5,24,1,0.9947534203529358,20
700,5,25,0,0.0,21
700,5,26,0,0.007751937955617905,22
700,5,27,0,0.0,23
700,5,28,1,1.0,24
700,5,29,0,0.0,25
700,5,30,0,0.007751937955617905,26
700,5,31,0,0.0,27
700,5,32,0,0.06666667014360428,28
700,5,33,1,0.3589743673801422,29
700,5,34,0,0.054794520139694214,30
700,5,35,0,0.032786883413791656,31
700,5,36,1,0.970588207244873,32
700,5,37,0,0.25,33
700,5,38,0,0.032786883413791656,34
700,5,39,1,0.9947534203529358,35
700,5,40,0,0.008064515888690948,36
701,5,33,1,0.2164948433637619,1
701,5,34,0,0.032786883413791656,2
701,5,35,0,0.0,3
701,5,36,1,0.01534526888281107,4
701,5,37,0,0.2164948433637619,5
701,5,38,0,0.01534526888281107,6
701,5,39,1,0.2164948433637619,7
701,5,40,0,0.25,8
701,6,1,0,0.032786883413791656,9
701,6,2,0,0.008064515888690948,10
701,6,3,0,0.01534526888281107,11
701,6,4,0,0.25,12
701,6,5,0,0.054794520139694214,13
701,6,6,0,0.03888889029622078,14
701,6,7,0,0.2164948433637619,15
701,6,8,0,0.06666667014360428,16
701,6,9,0,0.2164948433637619,17
701,6,10,0,0.12871287763118744,18
701,6,11,0,0.027027027681469917,19
701,6,12,0,0.054794520139694214,20
701,6,13,1,0.3589743673801422,21
701,6,14,0,0.3589743673801422,22
701,6,15,0,0.2164948433637619,23
701,6,16,0,0.054794520139694214,24
701,6,17,1,0.2935943901538849,25
701,6,18,1,0.8974359035491943,26
701,6,19,1,0.8135592937469482,27
701,6,20,1,0.5263158082962036,28
701,6,21,0,0.2164948433637619,29
701,6,22,0,0.6410256624221802,30
701,6,23,0,0.5263158082962036,31
701,6,24,1,0.8135592937469482,32
701,6,25,1,0.9947534203529358,33
701,6,26,1,0.9117646813392639,34
701,6,27,0,0.12871287763118744,35
701,6,28,0,0.25,36
701,6,29,1,0.3589743673801422,37
701,6,30,1,0.01534526888281107,38
701,6,31,1,0.25,39
701,6,32,0,0.025974025949835777,40
701,6,33,1,0.01534526888281107,41
701,6,34,1,0.0,42
701,6,35,0,0.0,43
701,6,36,0,0.008064515888690948,44
701,6,37,0,0.2164948433637619,45
701,6,38,0,0.008064515888690948,46
701,6,39,1,0.2164948433637619,47
701,6,40,1,0.0,48
703,5,5,0,0.7142857313156128,1
703,5,6,0,0.3589743673801422,2
703,5,7,0,0.7142857313156128,3
703,5,8,1,0.3589743673801422,4
703,5,9,0,0.03888889029622078,5
703,5,10,1,0.25,6
703,5,11,1,0.25,7
703,5,12,0,0.008064515888690948,8
703,5,13,1,0.5263158082962036,9
703,5,14,0,0.0,10
703,5,15,0,0.0,11
703,5,16,0,0.007751937955617905,12
703,5,17,0,0.16129031777381897,13
703,5,18,1,0.9947534203529358,14
703,5,19,1,0.2164948433637619,15
703,5,20,1,0.5,16
703,5,21,0,0.0,17
703,5,22,0,0.03888889029622078,18
703,5,23,0,0.01534526888281107,19
703,5,24,1,0.9947534203529358,20
703,5,25,0,0.0,21
703,5,26,0,0.007751937955617905,22
703,5,27,0,0.0,23
703,5,28,1,1.0,24
703,5,29,0,0.0,25
703,5,30,0,0.0,26
703,5,31,0,0.007751937955617905,27
703,5,32,0,0.03888889029622078,28
703,5,33,1,0.7142857313156128,29
703,5,34,0,0.03888889029622078,30
703,5,35,0,0.03888889029622078,31
703,5,36,1,0.9947534203529358,32
703,5,37,0,0.2164948433637619,33
703,5,38,0,0.01534526888281107,34
703,5,39,1,0.9947534203529358,35
703,5,40,0,0.0,36
704,5,5,1,0.7142857313156128,1
704,5,6,0,0.03888889029622078,2
704,5,7,0,0.2164948433637619,3
704,5,8,1,0.30000001192092896,4
704,5,9,0,0.03888889029622078,5
704,5,10,1,0.9947534203529358,6
704,5,11,1,0.30000001192092896,7
704,5,12,0,0.25,8
704,5,13,1,0.8974359035491943,9
704,5,14,0,0.0,10
704,5,15,0,0.007751937955617905,11
704,5,16,0,0.2164948433637619,12
704,5,17,0,0.01534526888281107,13
704,5,18,1,0.8135592937469482,14
704,5,19,0,0.25,15
704,5,20,1,0.7142857313156128,16
704,5,21,0,0.0,17
704,5,22,0,0.008064515888690948,18
704,5,23,0,0.01534526888281107,19
704,5,24,1,0.9947534203529358,20
704,5,25,0,0.0,21
704,5,26,0,0.007751937955617905,22
704,5,27,0,0.0,23
704,5,28,1,1.0,24
704,5,29,0,0.0,25
704,5,30,0,0.01534526888281107,26
704,5,31,0,0.01534526888281107,27
704,5,32,0,0.12871287763118744,28
704,5,33,1,0.5,29
704,5,34,0,0.03888889029622078,30
704,5,35,0,0.01534526888281107,31
704,5,36,1,0.8135592937469482,32
704,5,37,0,0.03888889029622078,33
704,5,38,0,0.01534526888281107,34
704,5,39,1,0.9947534203529358,35
704,5,40,0,0.0,36
705,4,17,0,0.3589743673801422,1
705,4,18,1,0.7142857313156128,2
705,4,19,0,0.054794520139694214,3
705,4,20,1,0.7142857313156128,4
705,4,21,0,0.03888889029622078,5
705,4,22,0,0.12871287763118744,6
705,4,23,1,0.25,7
705,4,24,0,0.2164948433637619,8
705,4,25,0,0.25,9
705,4,26,0,0.2164948433637619,10
705,4,27,0,0.2164948433637619,11
705,4,28,1,0.25,12
705,4,29,0,0.3589743673801422,13
705,4,30,0,0.25,14
705,4,31,1,0.9117646813392639,15
705,4,32,0,0.03888889029622078,16
705,4,33,0,0.054794520139694214,17
705,4,34,0,0.09090909361839294,18
705,4,35,0,0.027027027681469917,19
705,4,36,0,0.7142857313156128,20
705,4,37,0,0.25,21
705,4,38,0,0.01534526888281107,22
705,4,39,0,0.027027027681469917,23
705,4,40,0,0.008064515888690948,24
706,5,5,1,0.7142857313156128,1
706,5,6,0,0.03888889029622078,2
706,5,7,0,0.2164948433637619,3
706,5,8,1,0.30000001192092896,4
706,5,9,0,0.03888889029622078,5
706,5,10,1,0.9947534203529358,6
706,5,11,1,0.30000001192092896,7
706,5,12,0,0.25,8
706,5,13,1,0.8974359035491943,9
706,5,14,0,0.0,10
706,5,15,0,0.007751937955617905,11
706,5,16,0,0.2164948433637619,12
706,5,17,0,0.01534526888281107,13
706,5,18,1,0.8135592937469482,14
706,5,19,1,0.25,15
706,5,20,1,0.3589743673801422,16
706,5,21,0,0.0,17
706,5,22,1,0.03888889029622078,18
706,5,23,0,0.03888889029622078,19
706,5,24,1,0.7142857313156128,20
706,5,25,0,0.0,21
706,5,26,0,0.01534526888281107,22
706,5,27,0,0.0,23
706,5,28,1,1.0,24
706,5,29,0,0.0,25
706,5,30,0,0.0,26
706,5,31,0,0.01534526888281107,27
706,5,32,0,0.03888889029622078,28
706,5,33,1,0.5263158082962036,29
706,5,34,0,0.03888889029622078,30
706,5,35,0,0.0,31
706,5,36,1,0.7142857313156128,32
706,5,37,0,0.03888889029622078,33
706,5,38,0,0.0,34
706,5,39,1,0.9947534203529358,35
706,5,40,0,0.0,36
709,4,33,0,0.25,1
709,4,34,0,0.16129031777381897,2
709,4,35,0,0.01534526888281107,3
709,4,36,0,0.03888889029622078,4
709,4,37,0,0.032786883413791656,5
709,4,38,0,0.03888889029622078,6
709,4,39,0,0.0,7
709,4,40,0,0.0,8
709,6,1,0,0.032786883413791656,9
709,6,2,0,0.054794520139694214,10
709,6,3,0,0.054794520139694214,11
709,6,4,0,0.16129031777381897,12
709,6,5,0,0.12871287763118744,13
709,6,6,0,0.16129031777381897,14
709,6,7,0,0.2164948433637619,15
709,6,8,0,0.16129031777381897,16
709,6,9,0,0.10526315867900848,17
709,6,10,0,0.25,18
709,6,11,0,0.03888889029622078,19
709,6,12,0,0.03888889029622078,20
709,6,13,0,0.06666667014360428,21
709,6,14,0,0.054794520139694214,22
709,6,15,0,0.25,23
709,6,16,0,0.054794520139694214,24
709,6,17,1,0.3589743673801422,25
709,6,18,1,0.9947534203529358,26
709,6,19,1,1.0,27
709,6,20,1,0.9947534203529358,28
709,6,21,0,0.6410256624221802,29
709,6,22,0,0.7142857313156128,30
709,6,23,0,0.8135592937469482,31
709,6,24,1,0.9117646813392639,32
709,6,25,1,0.9947534203529358,33
709,6,26,1,0.9166666865348816,34
709,6,27,1,0.5263158082962036,35
709,6,28,0,0.3589743673801422,36
709,6,29,1,0.7142857313156128,37
709,6,30,0,0.0,38
709,6,31,0,0.8135592937469482,39
709,6,32,0,0.3589743673801422,40
709,6,33,1,0.032786883413791656,41
709,6,34,1,0.0,42
709,6,35,0,0.0,43
709,6,36,0,0.01534526888281107,44
709,6,37,0,0.2164948433637619,45
709,6,38,0,0.0,46
709,6,39,1,0.0,47
709,6,40,1,0.0,48
710,4,33,0,0.25,1
710,4,34,0,0.16129031777381897,2
710,4,35,0,0.01534526888281107,3
710,4,36,0,0.03888889029622078,4
710,4,37,0,0.032786883413791656,5
710,4,38,0,0.03888889029622078,6
710,4,39,0,0.0,7
710,4,40,0,0.0,8
710,6,1,0,0.032786883413791656,9
710,6,2,0,0.054794520139694214,10
710,6,3,0,0.054794520139694214,11
710,6,4,0,0.16129031777381897,12
710,6,5,0,0.12871287763118744,13
710,6,6,0,0.16129031777381897,14
710,6,7,0,0.2164948433637619,15
710,6,8,0,0.16129031777381897,16
710,6,9,0,0.10526315867900848,17
710,6,10,0,0.25,18
710,6,11,0,0.03888889029622078,19
710,6,12,0,0.03888889029622078,20
710,6,13,0,0.06666667014360428,21
710,6,14,0,0.054794520139694214,22
710,6,15,0,0.25,23
710,6,16,0,0.054794520139694214,24
710,6,17,1,0.3589743673801422,25
710,6,18,1,0.9947534203529358,26
710,6,19,1,1.0,27
710,6,20,1,0.9947534203529358,28
710,6,21,0,0.6410256624221802,29
710,6,22,0,0.7142857313156128,30
710,6,23,0,0.8135592937469482,31
710,6,24,1,0.9117646813392639,32
710,6,25,1,0.9947534203529358,33
710,6,26,1,0.9166666865348816,34
710,6,27,1,0.5263158082962036,35
710,6,28,0,0.3589743673801422,36
710,6,29,1,0.7142857313156128,37
710,6,30,1,0.0,38
710,6,31,1,0.9124415516853333,39
710,6,32,0,0.032786883413791656,40
710,6,33,1,0.01534526888281107,41
710,6,34,1,0.0,42
710,6,35,0,0.0,43
710,6,36,0,0.01534526888281107,44
710,6,37,0,0.16129031777381897,45
710,6,38,0,0.008064515888690948,46
710,6,39,1,0.16129031777381897,47
710,6,40,1,0.0,48
713,4,33,0,0.25,1
713,4,34,0,0.16129031777381897,2
713,4,35,0,0.01534526888281107,3
713,4,36,0,0.03888889029622078,4
713,4,37,0,0.032786883413791656,5
713,4,38,0,0.03888889029622078,6
713,4,39,0,0.0,7
713,4,40,0,0.0,8
713,5,1,1,0.12871287763118744,9
713,5,2,0,0.0,10
713,5,3,0,0.06666667014360428,11
713,5,4,1,0.6410256624221802,12
713,5,5,1,0.2164948433637619,13
713,5,6,0,0.0,14
713,5,7,0,0.0,15
713,5,8,1,0.30000001192092896,16
713,5,9,0,0.03888889029622078,17
713,5,10,1,0.7142857313156128,18
713,5,11,1,0.9947534203529358,19
713,5,12,0,0.007751937955617905,20
713,5,13,1,0.9947534203529358,21
713,5,14,0,0.0,22
713,5,15,0,0.01534526888281107,23
713,5,16,0,0.032786883413791656,24
713,5,17,0,0.01534526888281107,25
713,5,18,1,0.9947534203529358,26
713,5,19,1,0.3589743673801422,27
713,5,20,1,0.8135592937469482,28
713,5,21,0,0.01534526888281107,29
713,5,22,0,0.7142857313156128,30
713,5,23,0,0.06666667014360428,31
713,5,24,1,0.8999999761581421,32
713,5,25,0,0.0,33
713,5,26,0,0.12871287763118744,34
713,5,27,0,0.01534526888281107,35
713,5,28,1,1.0,36
713,5,29,0,0.0,37
713,5,30,0,0.12871287763118744,38
713,5,31,0,0.25,39
713,5,32,0,0.054794520139694214,40
713,5,33,1,0.7142857313156128,41
713,5,34,0,0.025974025949835777,42
713,5,35,0,0.01534526888281107,43
713,5,36,1,0.8999999761581421,44
713,5,37,0,0.03888889029622078,45
713,5,38,0,0.01534526888281107,46
713,5,39,1,0.9947534203529358,47
713,5,40,0,0.007751937955617905,48
714,5,5,1,0.7142857313156128,1
714,5,6,0,0.12871287763118744,2
714,5,7,0,0.03888889029622078,3
714,5,8,1,0.5,4
714,5,9,0,0.03888889029622078,5
714,5,10,1,0.9947534203529358,6
714,5,11,1,0.25,7
714,5,12,0,0.16129031777381897,8
714,5,13,1,0.800000011920929,9
714,5,14,0,0.01534526888281107,10
714,5,15,0,0.007751937955617905,11
714,5,16,0,0.2164948433637619,12
714,5,17,0,0.01534526888281107,13
714,5,18,1,0.8135592937469482,14
714,5,19,1,0.2164948433637619,15
714,5,20,1,0.5,16
714,5,21,0,0.0,17
714,5,22,0,0.01534526888281107,18
714,5,23,0,0.03888889029622078,19
714,5,24,1,0.9947534203529358,20
714,5,25,0,0.0,21
714,5,26,0,0.0,22
714,5,27,0,0.0,23
714,5,28,1,1.0,24
714,5,29,0,0.0,25
714,5,30,0,0.0,26
714,5,31,0,0.008064515888690948,27
714,5,32,0,0.032786883413791656,28
714,5,33,1,0.7142857313156128,29
714,5,34,0,0.03888889029622078,30
714,5,35,0,0.01534526888281107,31
714,5,36,1,0.9166666865348816,32
714,5,37,0,0.01534526888281107,33
714,5,38,0,0.0,34
714,5,39,1,0.9947534203529358,35
714,5,40,0,0.0,36
716,5,5,1,0.7142857313156128,1
716,5,6,0,0.12871287763118744,2
716,5,7,0,0.03888889029622078,3
716,5,8,1,0.5,4
716,5,9,0,0.03888889029622078,5
716,5,10,1,0.9947534203529358,6
716,5,11,1,0.25,7
716,5,12,0,0.16129031777381897,8
716,5,13,1,0.800000011920929,9
716,5,14,0,0.01534526888281107,10
716,5,15,0,0.007751937955617905,11
716,5,16,0,0.2164948433637619,12
716,5,17,0,0.01534526888281107,13
716,5,18,1,0.8135592937469482,14
716,5,19,1,0.2164948433637619,15
716,5,20,1,0.5,16
716,5,21,0,0.0,17
716,5,22,0,0.01534526888281107,18
716,5,23,0,0.03888889029622078,19
716,5,24,1,0.9947534203529358,20
716,5,25,0,0.0,21
716,5,26,0,0.0,22
716,5,27,0,0.0,23
716,5,28,1,1.0,24
716,5,29,0,0.0,25
716,5,30,0,0.0,26
716,5,31,0,0.008064515888690948,27
716,5,32,0,0.032786883413791656,28
716,5,33,1,0.7142857313156128,29
716,5,34,0,0.03888889029622078,30
716,5,35,0,0.01534526888281107,31
716,5,36,1,0.9166666865348816,32
716,5,37,0,0.01534526888281107,33
716,5,38,0,0.0,34
716,5,39,1,0.9947534203529358,35
716,5,40,0,0.0,36
717,4,33,0,0.25,1
717,4,34,0,0.16129031777381897,2
717,4,35,0,0.01534526888281107,3
717,4,36,0,0.03888889029622078,4
717,4,37,0,0.032786883413791656,5
717,4,38,0,0.03888889029622078,6
717,4,39,0,0.0,7
717,4,40,0,0.0,8
717,6,1,0,0.12871287763118744,9
717,6,2,0,0.06666667014360428,10
717,6,3,0,0.10526315867900848,11
717,6,4,0,0.16129031777381897,12
717,6,5,0,0.12871287763118744,13
717,6,6,0,0.16129031777381897,14
717,6,7,0,0.25,15
717,6,8,0,0.25,16
717,6,9,0,0.2164948433637619,17
717,6,10,0,0.2164948433637619,18
717,6,11,0,0.16129031777381897,19
717,6,12,0,0.12871287763118744,20
717,6,13,0,0.25,21
717,6,14,0,0.2164948433637619,22
717,6,15,0,0.25,23
717,6,16,0,0.2164948433637619,24
717,6,17,1,0.5,25
717,6,18,1,0.9947534203529358,26
717,6,19,1,0.9947534203529358,27
717,6,20,1,0.9947534203529358,28
717,6,21,0,0.6410256624221802,29
717,6,22,0,0.8135592937469482,30
717,6,23,0,0.8135592937469482,31
717,6,24,1,0.7142857313156128,32
717,6,25,1,0.9947534203529358,33
717,6,26,1,0.9947534203529358,34
717,6,27,1,0.5,35
717,6,28,0,0.7142857313156128,36
717,6,29,1,0.9117646813392639,37
717,6,30,1,0.16129031777381897,38
717,6,31,0,0.9947534203529358,39
717,6,32,0,0.9947534203529358,40
717,6,33,1,0.2164948433637619,41
717,6,34,1,0.025974025949835777,42
717,6,35,0,0.0,43
717,6,36,0,0.25,44
717,6,37,0,0.5,45
717,6,38,0,0.025974025949835777,46
717,6,39,1,0.25,47
717,6,40,1,0.0,48
719,4,33,0,0.25,1
719,4,34,0,0.16129031777381897,2
719,4,35,0,0.01534526888281107,3
719,4,36,0,0.03888889029622078,4
719,4,37,0,0.032786883413791656,5
719,4,38,0,0.03888889029622078,6
719,4,39,0,0.0,7
719,4,40,0,0.0,8
719,5,1,0,0.3589743673801422,9
719,5,2,0,0.30000001192092896,10
719,5,3,0,0.30000001192092896,11
719,5,4,1,0.5,12
719,5,5,1,0.3589743673801422,13
719,5,6,0,0.0,14
719,5,7,0,0.01534526888281107,15
719,5,8,1,0.800000011920929,16
719,5,9,0,0.16129031777381897,17
719,5,10,1,0.8135592937469482,18
719,5,11,1,0.9947534203529358,19
719,5,12,0,0.054794520139694214,20
719,5,13,1,0.9947534203529358,21
719,5,14,0,0.0,22
719,5,15,0,0.008064515888690948,23
719,5,16,0,0.054794520139694214,24
719,5,17,0,0.01534526888281107,25
719,5,18,1,0.9947534203529358,26
719,5,19,1,0.6410256624221802,27
719,5,20,1,0.8974359035491943,28
719,5,21,0,0.007751937955617905,29
719,5,22,0,0.12871287763118744,30
719,5,23,0,0.03888889029622078,31
719,5,24,1,0.9947534203529358,32
719,5,25,0,0.0,33
719,5,26,0,0.0,34
719,5,27,0,0.0,35
719,5,28,1,1.0,36
719,5,29,0,0.0,37
719,5,30,0,0.007751937955617905,38
719,5,31,0,0.01534526888281107,39
719,5,32,0,0.03888889029622078,40
719,5,33,1,0.5263158082962036,41
719,5,34,0,0.025974025949835777,42
719,5,35,0,0.01534526888281107,43
719,5,36,1,0.8999999761581421,44
719,5,37,0,0.027027027681469917,45
719,5,38,0,0.01534526888281107,46
719,5,39,1,0.9947534203529358,47
719,5,40,0,0.0,48
721,4,33,0,0.25,1
721,4,34,0,0.16129031777381897,2
721,4,35,0,0.01534526888281107,3
721,4,36,0,0.03888889029622078,4
721,4,37,0,0.032786883413791656,5
721,4,38,0,0.03888889029622078,6
721,4,39,0,0.0,7
721,4,40,0,0.0,8
721,5,1,1,0.3589743673801422,9
721,5,2,0,0.007751937955617905,10
721,5,3,0,0.16129031777381897,11
721,5,4,1,0.7142857313156128,12
721,5,5,0,0.2164948433637619,13
721,5,6,0,0.16129031777381897,14
721,5,7,0,0.5263158082962036,15
721,5,8,1,0.7142857313156128,16
721,5,9,0,0.2164948433637619,17
721,5,10,1,0.8135592937469482,18
721,5,11,1,0.8135592937469482,19
721,5,12,0,0.03888889029622078,20
721,5,13,1,0.9947534203529358,21
721,5,14,0,0.0,22
721,5,15,0,0.008064515888690948,23
721,5,16,0,0.054794520139694214,24
721,5,17,0,0.01534526888281107,25
721,5,18,1,0.9947534203529358,26
721,5,19,0,0.7142857313156128,27
721,5,20,1,0.8135592937469482,28
721,5,21,0,0.0,29
721,5,22,1,0.01534526888281107,30
721,5,23,0,0.008064515888690948,31
721,5,24,1,0.06666667014360428,32
721,5,25,0,0.0,33
721,5,26,0,0.0,34
721,5,27,0,0.0,35
721,5,28,1,1.0,36
721,5,29,0,0.0,37
721,5,30,0,0.007751937955617905,38
721,5,31,0,0.01534526888281107,39
721,5,32,0,0.03888889029622078,40
721,5,33,1,0.5263158082962036,41
721,5,34,0,0.025974025949835777,42
721,5,35,0,0.01534526888281107,43
721,5,36,1,0.8974359035491943,44
721,5,37,0,0.027027027681469917,45
721,5,38,0,0.01534526888281107,46
721,5,39,1,0.9947534203529358,47
721,5,40,0,0.0,48
724,5,21,0,0.30000001192092896,1
724,5,22,0,0.5198682546615601,2
724,5,23,0,0.5263158082962036,3
724,5,24,1,0.5,4
724,5,25,0,0.03888889029622078,5
724,5,26,0,0.12871287763118744,6
724,5,27,0,0.03888889029622078,7
724,5,28,1,0.9947534203529358,8
724,5,29,0,0.027027027681469917,9
724,5,30,0,0.054794520139694214,10
724,5,31,0,0.12871287763118744,11
724,5,32,0,0.25,12
724,5,33,1,0.3589743673801422,13
724,5,34,0,0.16129031777381897,14
724,5,35,0,0.01534526888281107,15
724,5,36,1,0.30000001192092896,16
724,5,37,0,0.032786883413791656,17
724,5,38,0,0.12871287763118744,18
724,5,39,1,0.8135592937469482,19
724,5,40,0,0.01534526888281107,20
724,6,1,0,0.06666667014360428,21
724,6,2,0,0.025974025949835777,22
724,6,3,0,0.03888889029622078,23
724,6,4,0,0.25,24
724,6,5,0,0.16129031777381897,25
724,6,6,0,0.03888889029622078,26
724,6,7,0,0.054794520139694214,27
724,6,8,0,0.03888889029622078,28
724,6,9,0,0.03888889029622078,29
724,6,10,0,0.30000001192092896,30
724,6,11,0,0.30000001192092896,31
724,6,12,0,0.12871287763118744,32
724,6,13,0,0.5263158082962036,33
724,6,14,0,0.3589743673801422,34
724,6,15,0,0.30000001192092896,35
724,6,16,0,0.16129031777381897,36
724,6,17,1,0.3589743673801422,37
724,6,18,1,0.8135592937469482,38
724,6,19,1,0.9947534203529358,39
724,6,20,1,0.8974359035491943,40
724,6,21,0,0.7142857313156128,41
724,6,22,0,0.9117646813392639,42
724,6,23,0,0.9117646813392639,43
724,6,24,1,0.800000011920929,44
724,6,25,1,0.9947534203529358,45
724,6,26,1,0.9947534203529358,46
724,6,27,0,0.25,47
724,6,28,0,0.9947534203529358,48
724,6,29,1,0.9947534203529358,49
724,6,30,1,0.3589743673801422,50
724,6,31,0,0.8135592937469482,51
724,6,32,0,0.8135592937469482,52
724,6,33,1,0.7142857313156128,53
724,6,34,1,0.054794520139694214,54
724,6,35,0,0.0,55
724,6,36,0,0.12871287763118744,56
724,6,37,0,0.5,57
724,6,38,0,0.01534526888281107,58
724,6,39,1,0.25,59
724,6,40,1,0.0,60
725,5,21,0,0.30000001192092896,1
725,5,22,0,0.5198682546615601,2
725,5,23,0,0.5263158082962036,3
725,5,24,1,0.5,4
725,5,25,0,0.03888889029622078,5
725,5,26,0,0.12871287763118744,6
725,5,27,0,0.03888889029622078,7
725,5,28,1,0.9947534203529358,8
725,5,29,0,0.027027027681469917,9
725,5,30,0,0.054794520139694214,10
725,5,31,0,0.12871287763118744,11
725,5,32,0,0.25,12
725,5,33,1,0.3589743673801422,13
725,5,34,0,0.16129031777381897,14
725,5,35,0,0.01534526888281107,15
725,5,36,1,0.30000001192092896,16
725,5,37,0,0.032786883413791656,17
725,5,38,0,0.12871287763118744,18
725,5,39,1,0.8135592937469482,19
725,5,40,0,0.01534526888281107,20
725,6,1,0,0.06666667014360428,21
725,6,2,0,0.025974025949835777,22
725,6,3,0,0.03888889029622078,23
725,6,4,0,0.25,24
725,6,5,0,0.16129031777381897,25
725,6,6,0,0.03888889029622078,26
725,6,7,0,0.054794520139694214,27
725,6,8,0,0.03888889029622078,28
725,6,9,0,0.03888889029622078,29
725,6,10,0,0.30000001192092896,30
725,6,11,0,0.30000001192092896,31
725,6,12,0,0.12871287763118744,32
725,6,13,0,0.5263158082962036,33
725,6,14,0,0.3589743673801422,34
725,6,15,0,0.30000001192092896,35
725,6,16,0,0.16129031777381897,36
725,6,17,1,0.3589743673801422,37
725,6,18,1,0.8135592937469482,38
725,6,19,1,0.9947534203529358,39
725,6,20,1,0.8974359035491943,40
725,6,21,0,0.7142857313156128,41
725,6,22,0,0.9117646813392639,42
725,6,23,0,0.9117646813392639,43
725,6,24,1,0.800000011920929,44
725,6,25,1,0.9947534203529358,45
725,6,26,1,0.9947534203529358,46
725,6,27,0,0.25,47
725,6,28,0,0.9947534203529358,48
725,6,29,1,0.9947534203529358,49
725,6,30,1,0.3589743673801422,50
725,6,31,0,0.8135592937469482,51
725,6,32,0,0.8135592937469482,52
725,6,33,1,0.7142857313156128,53
725,6,34,1,0.054794520139694214,54
725,6,35,0,0.0,55
725,6,36,0,0.12871287763118744,56
725,6,37,0,0.5,57
725,6,38,0,0.01534526888281107,58
725,6,39,1,0.25,59
725,6,40,1,0.0,60
728,5,5,1,0.800000011920929,1
728,5,6,0,0.03888889029622078,2
728,5,7,0,0.01534526888281107,3
728,5,8,1,0.3589743673801422,4
728,5,9,0,0.032786883413791656,5
728,5,10,1,0.9947534203529358,6
728,5,11,1,0.25,7
728,5,12,0,0.054794520139694214,8
728,5,13,1,0.7142857313156128,9
728,5,14,0,0.01534526888281107,10
728,5,15,0,0.0,11
728,5,16,0,0.12871287763118744,12
728,5,17,0,0.0,13
728,5,18,1,0.7142857313156128,14
728,5,19,1,0.16129031777381897,15
728,5,20,1,0.3589743673801422,16
728,5,21,0,0.0,17
728,5,22,0,0.007751937955617905,18
728,5,23,0,0.01534526888281107,19
728,5,24,1,0.3589743673801422,20
728,5,25,0,0.0,21
728,5,26,0,0.0,22
728,5,27,0,0.0,23
728,5,28,1,0.970588207244873,24
728,5,29,0,0.0,25
728,5,30,0,0.008064515888690948,26
728,5,31,0,0.01534526888281107,27
728,5,32,0,0.01534526888281107,28
728,5,33,1,0.5263158082962036,29
728,5,34,0,0.027027027681469917,30
728,5,35,0,0.008064515888690948,31
728,5,36,1,0.9117646813392639,32
728,5,37,0,0.01534526888281107,33
728,5,38,0,0.0,34
728,5,39,1,0.9947534203529358,35
728,5,40,0,0.0,36
729,5,5,1,0.800000011920929,1
729,5,6,0,0.03888889029622078,2
729,5,7,0,0.01534526888281107,3
729,5,8,1,0.3589743673801422,4
729,5,9,0,0.032786883413791656,5
729,5,10,1,0.9947534203529358,6
729,5,11,1,0.25,7
729,5,12,0,0.054794520139694214,8
729,5,13,1,0.7142857313156128,9
729,5,14,0,0.01534526888281107,10
729,5,15,0,0.0,11
729,5,16,0,0.12871287763118744,12
729,5,17,0,0.0,13
729,5,18,1,0.7142857313156128,14
729,5,19,0,0.16129031777381897,15
729,5,20,1,0.5,16
729,5,21,0,0.0,17
729,5,22,0,0.0,18
729,5,23,0,0.007751937955617905,19
729,5,24,1,0.8135592937469482,20
729,5,25,0,0.0,21
729,5,26,0,0.0,22
729,5,27,0,0.0,23
729,5,28,1,1.0,24
729,5,29,0,0.0,25
729,5,30,0,0.0,26
729,5,31,0,0.0,27
729,5,32,0,0.032786883413791656,28
729,5,33,1,0.5263158082962036,29
729,5,34,0,0.03888889029622078,30
729,5,35,0,0.008064515888690948,31
729,5,36,1,0.9117646813392639,32
729,5,37,0,0.025974025949835777,33
729,5,38,0,0.0,34
729,5,39,1,0.9947534203529358,35
729,5,40,0,0.0,36
730,5,21,0,0.30000001192092896,1
730,5,22,0,0.6410256624221802,2
730,5,23,0,0.7142857313156128,3
730,5,24,1,0.5263158082962036,4
730,5,25,0,0.025974025949835777,5
730,5,26,0,0.03888889029622078,6
730,5,27,0,0.03888889029622078,7
730,5,28,1,0.9947534203529358,8
730,5,29,0,0.032786883413791656,9
730,5,30,0,0.16129031777381897,10
730,5,31,0,0.25,11
730,5,32,0,0.30000001192092896,12
730,5,33,1,0.5,13
730,5,34,0,0.12871287763118744,14
730,5,35,0,0.008064515888690948,15
730,5,36,1,0.25,16
730,5,37,0,0.03888889029622078,17
730,5,38,0,0.12871287763118744,18
730,5,39,1,0.8974359035491943,19
730,5,40,0,0.01534526888281107,20
730,6,1,0,0.054794520139694214,21
730,6,2,0,0.025974025949835777,22
730,6,3,0,0.025974025949835777,23
730,6,4,1,0.2164948433637619,24
730,6,5,0,0.2164948433637619,25
730,6,6,0,0.054794520139694214,26
730,6,7,0,0.09090909361839294,27
730,6,8,0,0.12871287763118744,28
730,6,9,0,0.16129031777381897,29
730,6,10,0,0.25,30
730,6,11,0,0.25,31
730,6,12,0,0.12871287763118744,32
730,6,13,0,0.3589743673801422,33
730,6,14,0,0.16129031777381897,34
730,6,15,0,0.03888889029622078,35
730,6,16,0,0.03888889029622078,36
730,6,17,1,0.2164948433637619,37
730,6,18,1,0.16129031777381897,38
730,6,19,1,0.9947534203529358,39
730,6,20,1,0.8135592937469482,40
730,6,21,0,0.2164948433637619,41
730,6,22,0,0.5,42
730,6,23,0,0.5,43
730,6,24,1,0.3589743673801422,44
730,6,25,1,0.9947534203529358,45
730,6,26,1,0.9947534203529358,46
730,6,27,1,0.054794520139694214,47
730,6,28,0,0.5,48
730,6,29,1,0.8974359035491943,49
730,6,30,1,0.01534526888281107,50
730,6,31,0,0.7142857313156128,51
730,6,32,0,0.9117646813392639,52
730,6,33,1,0.054794520139694214,53
730,6,34,1,0.01534526888281107,54
730,6,35,0,0.0,55
730,6,36,0,0.09090909361839294,56
730,6,37,0,0.3589743673801422,57
730,6,38,0,0.01534526888281107,58
730,6,39,1,0.2164948433637619,59
730,6,40,1,0.0,60
731,4,17,0,0.3589743673801422,1
731,4,18,1,0.7142857313156128,2
731,4,19,0,0.054794520139694214,3
731,4,20,1,0.3589743673801422,4
731,4,21,0,0.054794520139694214,5
731,4,22,0,0.2164948433637619,6
731,4,23,1,0.25,7
731,4,24,0,0.5263158082962036,8
731,4,25,0,0.25,9
731,4,26,0,0.2164948433637619,10
731,4,27,0,0.008064515888690948,11
731,4,28,1,0.7142857313156128,12
731,4,29,1,0.30000001192092896,13
731,4,30,1,0.054794520139694214,14
731,4,31,1,0.7142857313156128,15
731,4,32,0,0.0,16
731,4,33,0,0.0,17
731,4,34,0,0.0,18
731,4,35,0,0.0,19
731,4,36,0,0.10526315867900848,20
731,4,37,0,0.03888889029622078,21
731,4,38,0,0.008064515888690948,22
731,4,39,0,0.03888889029622078,23
731,4,40,0,0.0,24
733,5,33,1,0.2164948433637619,1
733,5,34,0,0.25,2
733,5,35,0,0.025974025949835777,3
733,5,36,1,0.03888889029622078,4
733,5,37,0,0.25,5
733,5,38,0,0.008064515888690948,6
733,5,39,1,0.16129031777381897,7
733,5,40,0,0.25,8
733,6,1,0,0.01534526888281107,9
733,6,2,0,0.0,10
733,6,3,0,0.01534526888281107,11
733,6,4,0,0.25,12
733,6,5,0,0.03888889029622078,13
733,6,6,0,0.03888889029622078,14
733,6,7,0,0.2164948433637619,15
733,6,8,0,0.054794520139694214,16
733,6,9,0,0.25,17
733,6,10,0,0.054794520139694214,18
733,6,11,0,0.12871287763118744,19
733,6,12,0,0.2164948433637619,20
733,6,13,0,0.3589743673801422,21
733,6,14,0,0.25,22
733,6,15,0,0.3589743673801422,23
733,6,16,0,0.30000001192092896,24
733,6,17,1,0.3589743673801422,25
733,6,18,1,0.8135592937469482,26
733,6,19,1,0.3589743673801422,27
733,6,20,1,0.8135592937469482,28
733,6,21,0,0.12871287763118744,29
733,6,22,0,0.6410256624221802,30
733,6,23,0,0.5,31
733,6,24,1,0.7142857313156128,32
733,6,25,1,0.9947534203529358,33
733,6,26,1,0.9947534203529358,34
733,6,27,1,0.6410256624221802,35
733,6,28,0,0.8135592937469482,36
733,6,29,1,0.9947534203529358,37
733,6,30,1,0.01534526888281107,38
733,6,31,1,0.9117646813392639,39
733,6,32,0,0.16129031777381897,40
733,6,33,1,0.03888889029622078,41
733,6,34,1,0.0,42
733,6,35,0,0.0,43
733,6,36,0,0.008064515888690948,44
733,6,37,0,0.30000001192092896,45
733,6,38,0,0.01534526888281107,46
733,6,39,1,0.25,47
733,6,40,1,0.007751937955617905,48
734,5,21,0,0.30000001192092896,1
734,5,22,0,0.5,2
734,5,23,0,0.25,3
734,5,24,0,0.12871287763118744,4
734,5,25,0,0.054794520139694214,5
734,5,26,0,0.30000001192092896,6
734,5,27,1,0.01534526888281107,7
734,5,28,0,0.027027027681469917,8
734,5,29,0,0.01534526888281107,9
734,5,30,1,0.007751937955617905,10
734,5,31,1,0.032786883413791656,11
734,5,32,0,0.12871287763118744,12
734,5,33,0,0.12871287763118744,13
734,5,34,0,0.01534526888281107,14
734,5,35,0,0.032786883413791656,15
734,5,36,0,0.06666667014360428,16
734,5,37,0,0.12871287763118744,17
734,5,38,1,0.12871287763118744,18
734,5,39,0,0.01534526888281107,19
734,5,40,0,0.0,20
734,6,1,0,0.027027027681469917,21
734,6,2,0,0.0,22
734,6,3,1,0.01534526888281107,23
734,6,4,0,0.16129031777381897,24
734,6,5,1,0.03888889029622078,25
734,6,6,0,0.008064515888690948,26
734,6,7,0,0.054794520139694214,27
734,6,8,0,0.2164948433637619,28
734,6,9,0,0.06666667014360428,29
734,6,10,0,0.054794520139694214,30
734,6,11,0,0.03888889029622078,31
734,6,12,1,0.01534526888281107,32
734,6,13,0,0.12871287763118744,33
734,6,14,0,0.03888889029622078,34
734,6,15,0,0.025974025949835777,35
734,6,16,0,0.12871287763118744,36
734,6,17,1,0.25,37
734,6,18,0,0.9166666865348816,38
734,6,19,1,0.7142857313156128,39
734,6,20,0,0.7142857313156128,40
734,6,21,0,0.25,41
734,6,22,0,0.2164948433637619,42
734,6,23,0,0.7142857313156128,43
734,6,24,0,0.5263158082962036,44
734,6,25,0,0.7142857313156128,45
734,6,26,0,0.3589743673801422,46
734,6,27,0,0.03888889029622078,47
734,6,28,0,0.054794520139694214,48
734,6,29,1,0.10526315867900848,49
734,6,30,1,0.2164948433637619,50
734,6,31,0,0.025974025949835777,51
734,6,32,0,0.03888889029622078,52
734,6,33,0,0.01534526888281107,53
734,6,34,0,0.007751937955617905,54
734,6,35,0,0.0,55
734,6,36,0,0.01534526888281107,56
734,6,37,0,0.025974025949835777,57
734,6,38,0,0.01534526888281107,58
734,6,39,0,0.008064515888690948,59
734,6,40,0,0.0,60
735,5,5,1,0.7142857313156128,1
735,5,6,0,0.03888889029622078,2
735,5,7,0,0.16129031777381897,3
735,5,8,1,0.30000001192092896,4
735,5,9,0,0.03888889029622078,5
735,5,10,1,0.9947534203529358,6
735,5,11,1,0.30000001192092896,7
735,5,12,0,0.25,8
735,5,13,1,0.8974359035491943,9
735,5,14,0,0.0,10
735,5,15,0,0.007751937955617905,11
735,5,16,0,0.2164948433637619,12
735,5,17,0,0.01534526888281107,13
735,5,18,1,0.800000011920929,14
735,5,19,1,0.25,15
735,5,20,1,0.3589743673801422,16
735,5,21,0,0.0,17
735,5,22,1,0.01534526888281107,18
735,5,23,0,0.01534526888281107,19
735,5,24,1,0.3589743673801422,20
735,5,25,0,0.0,21
735,5,26,0,0.0,22
735,5,27,0,0.0,23
735,5,28,1,0.9947534203529358,24
735,5,29,0,0.0,25
735,5,30,0,0.0,26
735,5,31,0,0.007751937955617905,27
735,5,32,0,0.03888889029622078,28
735,5,33,1,0.7142857313156128,29
735,5,34,0,0.03888889029622078,30
735,5,35,0,0.0,31
735,5,36,1,0.7142857313156128,32
735,5,37,0,0.025974025949835777,33
735,5,38,0,0.0,34
735,5,39,1,0.9947534203529358,35
735,5,40,0,0.0,36
736,5,17,0,0.30000001192092896,1
736,5,18,1,0.7142857313156128,2
736,5,19,1,0.12871287763118744,3
736,5,20,1,0.3589743673801422,4
736,5,21,0,0.03888889029622078,5
736,5,22,0,0.032786883413791656,6
736,5,23,0,0.2164948433637619,7
736,5,24,1,0.9166666865348816,8
736,5,25,0,0.01534526888281107,9
736,5,26,0,0.054794520139694214,10
736,5,27,0,0.0,11
736,5,28,1,1.0,12
736,5,29,0,0.0,13
736,5,30,0,0.0,14
736,5,31,0,0.0,15
736,5,32,0,0.054794520139694214,16
736,5,33,1,0.9947534203529358,17
736,5,34,0,0.0,18
736,5,35,0,0.01534526888281107,19
736,5,36,1,0.9947534203529358,20
736,5,37,0,0.03888889029622078,21
736,5,38,0,0.0,22
736,5,39,1,1.0,23
736,5,40,0,0.0,24
737,5,5,1,0.7142857313156128,1
737,5,6,0,0.03888889029622078,2
737,5,7,0,0.16129031777381897,3
737,5,8,1,0.30000001192092896,4
737,5,9,0,0.03888889029622078,5
737,5,10,1,0.9947534203529358,6
737,5,11,1,0.30000001192092896,7
737,5,12,0,0.25,8
737,5,13,1,0.8974359035491943,9
737,5,14,0,0.0,10
737,5,15,0,0.007751937955617905,11
737,5,16,0,0.2164948433637619,12
737,5,17,0,0.01534526888281107,13
737,5,18,1,0.800000011920929,14
737,5,19,1,0.25,15
737,5,20,1,0.3589743673801422,16
737,5,21,0,0.0,17
737,5,22,1,0.01534526888281107,18
737,5,23,0,0.01534526888281107,19
737,5,24,1,0.3589743673801422,20
737,5,25,0,0.0,21
737,5,26,0,0.0,22
737,5,27,0,0.0,23
737,5,28,1,0.9947534203529358,24
737,5,29,0,0.0,25
737,5,30,0,0.0,26
737,5,31,0,0.007751937955617905,27
737,5,32,0,0.03888889029622078,28
737,5,33,1,0.7142857313156128,29
737,5,34,0,0.03888889029622078,30
737,5,35,0,0.0,31
737,5,36,1,0.7142857313156128,32
737,5,37,0,0.025974025949835777,33
737,5,38,0,0.0,34
737,5,39,1,0.9947534203529358,35
737,5,40,0,0.0,36
738,5,5,0,0.7142857313156128,1
738,5,6,0,0.3589743673801422,2
738,5,7,0,0.6410256624221802,3
738,5,8,1,0.30000001192092896,4
738,5,9,0,0.03888889029622078,5
738,5,10,1,0.25,6
738,5,11,1,0.25,7
738,5,12,0,0.007751937955617905,8
738,5,13,1,0.5263158082962036,9
738,5,14,0,0.0,10
738,5,15,0,0.0,11
738,5,16,0,0.007751937955617905,12
738,5,17,0,0.12871287763118744,13
738,5,18,1,0.9947534203529358,14
738,5,19,1,0.25,15
738,5,20,1,0.5263158082962036,16
738,5,21,0,0.0,17
738,5,22,0,0.01534526888281107,18
738,5,23,0,0.0,19
738,5,24,1,0.9947534203529358,20
738,5,25,0,0.0,21
738,5,26,0,0.0,22
738,5,27,0,0.0,23
738,5,28,1,1.0,24
738,5,29,0,0.0,25
738,5,30,0,0.0,26
738,5,31,0,0.0,27
738,5,32,0,0.032786883413791656,28
738,5,33,1,0.8974359035491943,29
738,5,34,0,0.03888889029622078,30
738,5,35,0,0.03888889029622078,31
738,5,36,1,0.9947534203529358,32
738,5,37,0,0.054794520139694214,33
738,5,38,0,0.008064515888690948,34
738,5,39,1,0.9947534203529358,35
738,5,40,0,0.0,36
739,5,5,1,0.7142857313156128,1
739,5,6,0,0.03888889029622078,2
739,5,7,0,0.16129031777381897,3
739,5,8,1,0.30000001192092896,4
739,5,9,0,0.03888889029622078,5
739,5,10,1,0.9947534203529358,6
739,5,11,1,0.30000001192092896,7
739,5,12,0,0.25,8
739,5,13,1,0.8974359035491943,9
739,5,14,0,0.0,10
739,5,15,0,0.007751937955617905,11
739,5,16,0,0.2164948433637619,12
739,5,17,0,0.01534526888281107,13
739,5,18,1,0.800000011920929,14
739,5,19,0,0.25,15
739,5,20,1,0.7142857313156128,16
739,5,21,0,0.008064515888690948,17
739,5,22,0,0.008064515888690948,18
739,5,23,0,0.0,19
739,5,24,1,0.9947534203529358,20
739,5,25,0,0.0,21
739,5,26,0,0.0,22
739,5,27,0,0.0,23
739,5,28,1,1.0,24
739,5,29,0,0.0,25
739,5,30,0,0.0,26
739,5,31,0,0.0,27
739,5,32,0,0.10526315867900848,28
739,5,33,1,0.7142857313156128,29
739,5,34,0,0.054794520139694214,30
739,5,35,0,0.008064515888690948,31
739,5,36,1,0.9117646813392639,32
739,5,37,0,0.025974025949835777,33
739,5,38,0,0.0,34
739,5,39,1,0.9947534203529358,35
739,5,40,0,0.0,36
740,4,33,0,0.25,1
740,4,34,0,0.16129031777381897,2
740,4,35,0,0.01534526888281107,3
740,4,36,0,0.03888889029622078,4
740,4,37,0,0.032786883413791656,5
740,4,38,0,0.03888889029622078,6
740,4,39,0,0.0,7
740,4,40,0,0.0,8
740,5,1,0,0.12871287763118744,9
740,5,2,0,0.25,10
740,5,3,0,0.25,11
740,5,4,1,0.3589743673801422,12
740,5,5,1,0.3589743673801422,13
740,5,6,0,0.0,14
740,5,7,0,0.01534526888281107,15
740,5,8,1,0.5263158082962036,16
740,5,9,0,0.16129031777381897,17
740,5,10,1,0.5263158082962036,18
740,5,11,1,0.9947534203529358,19
740,5,12,0,0.03888889029622078,20
740,5,13,1,0.9947534203529358,21
740,5,14,0,0.0,22
740,5,15,0,0.01534526888281107,23
740,5,16,0,0.054794520139694214,24
740,5,17,0,0.025974025949835777,25
740,5,18,1,0.9947534203529358,26
740,5,19,1,0.6410256624221802,27
740,5,20,1,0.7142857313156128,28
740,5,21,0,0.01534526888281107,29
740,5,22,0,0.054794520139694214,30
740,5,23,0,0.01534526888281107,31
740,5,24,1,0.9947534203529358,32
740,5,25,0,0.0,33
740,5,26,0,0.0,34
740,5,27,0,0.0,35
740,5,28,1,1.0,36
740,5,29,0,0.0,37
740,5,30,0,0.0,38
740,5,31,0,0.0,39
740,5,32,0,0.025974025949835777,40
740,5,33,1,0.6410256624221802,41
740,5,34,0,0.01534526888281107,42
740,5,35,0,0.01534526888281107,43
740,5,36,1,0.8999999761581421,44
740,5,37,0,0.027027027681469917,45
740,5,38,0,0.008064515888690948,46
740,5,39,1,0.9947534203529358,47
740,5,40,0,0.0,48
742,5,33,0,0.16129031777381897,1
742,5,34,0,0.16129031777381897,2
742,5,35,0,0.01534526888281107,3
742,5,36,0,0.12871287763118744,4
742,5,37,0,0.01534526888281107,5
742,5,38,0,0.03888889029622078,6
742,5,39,0,0.008064515888690948,7
742,5,40,0,0.0,8
742,6,1,0,0.008064515888690948,9
742,6,2,0,0.0,10
742,6,3,0,0.027027027681469917,11
742,6,4,0,0.25,12
742,6,5,0,0.2164948433637619,13
742,6,6,0,0.25,14
742,6,7,0,0.25,15
742,6,8,0,0.25,16
742,6,9,0,0.25,17
742,6,10,0,0.25,18
742,6,11,0,0.01534526888281107,19
742,6,12,0,0.0,20
742,6,13,0,0.054794520139694214,21
742,6,14,0,0.03888889029622078,22
742,6,15,0,0.16129031777381897,23
742,6,16,0,0.12871287763118744,24
742,6,17,0,0.3589743673801422,25
742,6,18,0,0.5263158082962036,26
742,6,19,0,0.5,27
742,6,20,0,0.03888889029622078,28
742,6,21,0,0.01534526888281107,29
742,6,22,0,0.10526315867900848,30
742,6,23,0,0.7142857313156128,31
742,6,24,0,0.5263158082962036,32
742,6,25,0,0.5263158082962036,33
742,6,26,0,0.30000001192092896,34
742,6,27,0,0.01534526888281107,35
742,6,28,0,0.01534526888281107,36
742,6,29,0,0.01534526888281107,37
742,6,30,0,0.007751937955617905,38
742,6,31,0,0.008064515888690948,39
742,6,32,0,0.0,40
742,6,33,0,0.01534526888281107,41
742,6,34,0,0.0,42
742,6,35,0,0.0,43
742,6,36,0,0.0,44
742,6,37,0,0.0,45
742,6,38,0,0.007751937955617905,46
742,6,39,0,0.0,47
742,6,40,0,0.0,48
744,5,17,0,0.30000001192092896,1
744,5,18,1,0.7142857313156128,2
744,5,19,1,0.12871287763118744,3
744,5,20,1,0.3589743673801422,4
744,5,21,0,0.03888889029622078,5
744,5,22,1,0.032786883413791656,6
744,5,23,0,0.03888889029622078,7
744,5,24,1,0.3589743673801422,8
744,5,25,0,0.0,9
744,5,26,0,0.12871287763118744,10
744,5,27,0,0.01534526888281107,11
744,5,28,1,0.9947534203529358,12
744,5,29,0,0.0,13
744,5,30,0,0.0,14
744,5,31,0,0.0,15
744,5,32,0,0.054794520139694214,16
744,5,33,1,0.8974359035491943,17
744,5,34,0,0.0,18
744,5,35,0,0.01534526888281107,19
744,5,36,1,0.9947534203529358,20
744,5,37,0,0.03888889029622078,21
744,5,38,0,0.0,22
744,5,39,1,0.9947534203529358,23
744,5,40,0,0.0,24
745,5,17,0,0.30000001192092896,1
745,5,18,1,0.7142857313156128,2
745,5,19,1,0.12871287763118744,3
745,5,20,1,0.3589743673801422,4
745,5,21,0,0.03888889029622078,5
745,5,22,0,0.032786883413791656,6
745,5,23,0,0.2164948433637619,7
745,5,24,1,0.9166666865348816,8
745,5,25,0,0.01534526888281107,9
745,5,26,0,0.054794520139694214,10
745,5,27,0,0.0,11
745,5,28,1,1.0,12
745,5,29,0,0.0,13
745,5,30,0,0.0,14
745,5,31,0,0.0,15
745,5,32,0,0.054794520139694214,16
745,5,33,1,0.9947534203529358,17
745,5,34,0,0.0,18
745,5,35,0,0.01534526888281107,19
745,5,36,1,0.9947534203529358,20
745,5,37,0,0.03888889029622078,21
745,5,38,0,0.0,22
745,5,39,1,1.0,23
745,5,40,0,0.0,24
746,5,5,1,0.800000011920929,1
746,5,6,0,0.03888889029622078,2
746,5,7,0,0.16129031777381897,3
746,5,8,1,0.3589743673801422,4
746,5,9,0,0.054794520139694214,5
746,5,10,1,0.9947534203529358,6
746,5,11,1,0.3589743673801422,7
746,5,12,0,0.25,8
746,5,13,1,0.8974359035491943,9
746,5,14,0,0.0,10
746,5,15,0,0.007751937955617905,11
746,5,16,0,0.2164948433637619,12
746,5,17,0,0.01534526888281107,13
746,5,18,1,0.800000011920929,14
746,5,19,1,0.25,15
746,5,20,1,0.3589743673801422,16
746,5,21,0,0.0,17
746,5,22,1,0.01534526888281107,18
746,5,23,0,0.01534526888281107,19
746,5,24,1,0.3589743673801422,20
746,5,25,0,0.0,21
746,5,26,0,0.0,22
746,5,27,0,0.0,23
746,5,28,1,0.9947534203529358,24
746,5,29,0,0.0,25
746,5,30,0,0.01534526888281107,26
746,5,31,0,0.01534526888281107,27
746,5,32,0,0.032786883413791656,28
746,5,33,1,0.7142857313156128,29
746,5,34,0,0.03888889029622078,30
746,5,35,0,0.0,31
746,5,36,1,0.7142857313156128,32
746,5,37,0,0.01534526888281107,33
746,5,38,0,0.0,34
746,5,39,1,0.970588207244873,35
746,5,40,0,0.0,36
748,5,5,1,0.800000011920929,1
748,5,6,0,0.03888889029622078,2
748,5,7,0,0.16129031777381897,3
748,5,8,1,0.3589743673801422,4
748,5,9,0,0.054794520139694214,5
748,5,10,1,0.9947534203529358,6
748,5,11,1,0.3589743673801422,7
748,5,12,0,0.25,8
748,5,13,1,0.8974359035491943,9
748,5,14,0,0.0,10
748,5,15,0,0.007751937955617905,11
748,5,16,0,0.2164948433637619,12
748,5,17,0,0.01534526888281107,13
748,5,18,1,0.800000011920929,14
748,5,19,1,0.25,15
748,5,20,1,0.3589743673801422,16
748,5,21,0,0.0,17
748,5,22,1,0.01534526888281107,18
748,5,23,0,0.01534526888281107,19
748,5,24,1,0.3589743673801422,20
748,5,25,0,0.0,21
748,5,26,0,0.0,22
748,5,27,0,0.0,23
748,5,28,1,0.9947534203529358,24
748,5,29,0,0.0,25
748,5,30,0,0.01534526888281107,26
748,5,31,0,0.01534526888281107,27
748,5,32,0,0.032786883413791656,28
748,5,33,1,0.7142857313156128,29
748,5,34,0,0.03888889029622078,30
748,5,35,0,0.0,31
748,5,36,1,0.7142857313156128,32
748,5,37,0,0.01534526888281107,33
748,5,38,0,0.0,34
748,5,39,1,0.970588207244873,35
748,5,40,0,0.0,36
749,5,17,0,0.30000001192092896,1
749,5,18,1,0.800000011920929,2
749,5,19,1,0.12871287763118744,3
749,5,20,1,0.3589743673801422,4
749,5,21,0,0.032786883413791656,5
749,5,22,0,0.032786883413791656,6
749,5,23,0,0.2164948433637619,7
749,5,24,1,0.9117646813392639,8
749,5,25,0,0.03888889029622078,9
749,5,26,0,0.03888889029622078,10
749,5,27,0,0.0,11
749,5,28,1,0.9947534203529358,12
749,5,29,0,0.0,13
749,5,30,0,0.01534526888281107,14
749,5,31,0,0.0,15
749,5,32,0,0.03888889029622078,16
749,5,33,1,0.8135592937469482,17
749,5,34,0,0.0,18
749,5,35,0,0.01534526888281107,19
749,5,36,1,0.9947534203529358,20
749,5,37,0,0.03888889029622078,21
749,5,38,0,0.0,22
749,5,39,1,1.0,23
749,5,40,0,0.0,24
750,5,5,0,0.800000011920929,1
750,5,6,0,0.5,2
750,5,7,0,0.8135592937469482,3
750,5,8,1,0.3589743673801422,4
750,5,9,0,0.03888889029622078,5
750,5,10,1,0.30000001192092896,6
750,5,11,1,0.25,7
750,5,12,0,0.007751937955617905,8
750,5,13,1,0.5263158082962036,9
750,5,14,0,0.0,10
750,5,15,0,0.0,11
750,5,16,0,0.007751937955617905,12
750,5,17,0,0.12871287763118744,13
750,5,18,1,0.9947534203529358,14
750,5,19,1,0.25,15
750,5,20,1,0.5263158082962036,16
750,5,21,0,0.0,17
750,5,22,1,0.01534526888281107,18
750,5,23,0,0.025974025949835777,19
750,5,24,1,0.3589743673801422,20
750,5,25,0,0.0,21
750,5,26,0,0.0,22
750,5,27,0,0.0,23
750,5,28,1,0.9947534203529358,24
750,5,29,0,0.0,25
750,5,30,0,0.0,26
750,5,31,0,0.0,27
750,5,32,0,0.025974025949835777,28
750,5,33,1,0.7142857313156128,29
750,5,34,0,0.0,30
750,5,35,0,0.01534526888281107,31
750,5,36,1,0.9166666865348816,32
750,5,37,0,0.054794520139694214,33
750,5,38,0,0.007751937955617905,34
750,5,39,1,0.9947534203529358,35
750,5,40,0,0.0,36
753,5,17,0,0.30000001192092896,1
753,5,18,1,0.800000011920929,2
753,5,19,1,0.12871287763118744,3
753,5,20,1,0.3589743673801422,4
753,5,21,0,0.032786883413791656,5
753,5,22,0,0.032786883413791656,6
753,5,23,0,0.2164948433637619,7
753,5,24,1,0.9117646813392639,8
753,5,25,0,0.03888889029622078,9
753,5,26,0,0.03888889029622078,10
753,5,27,0,0.0,11
753,5,28,1,0.9947534203529358,12
753,5,29,0,0.0,13
753,5,30,0,0.01534526888281107,14
753,5,31,0,0.0,15
753,5,32,0,0.03888889029622078,16
753,5,33,1,0.8135592937469482,17
753,5,34,0,0.0,18
753,5,35,0,0.01534526888281107,19
753,5,36,1,0.9947534203529358,20
753,5,37,0,0.03888889029622078,21
753,5,38,0,0.0,22
753,5,39,1,1.0,23
753,5,40,0,0.0,24
755,5,17,0,0.30000001192092896,1
755,5,18,1,0.800000011920929,2
755,5,19,0,0.12871287763118744,3
755,5,20,1,0.5,4
755,5,21,0,0.0,5
755,5,22,0,0.0,6
755,5,23,0,0.0,7
755,5,24,1,0.9947534203529358,8
755,5,25,0,0.0,9
755,5,26,0,0.0,10
755,5,27,0,0.0,11
755,5,28,1,1.0,12
755,5,29,0,0.0,13
755,5,30,0,0.025974025949835777,14
755,5,31,0,0.01534526888281107,15
755,5,32,0,0.054794520139694214,16
755,5,33,1,0.8135592937469482,17
755,5,34,0,0.01534526888281107,18
755,5,35,0,0.007751937955617905,19
755,5,36,1,0.9947534203529358,20
755,5,37,0,0.03888889029622078,21
755,5,38,0,0.0,22
755,5,39,1,0.9947534203529358,23
755,5,40,0,0.008064515888690948,24
756,4,33,1,0.25,1
756,4,34,0,0.054794520139694214,2
756,4,35,0,0.008064515888690948,3
756,4,36,1,0.01534526888281107,4
756,4,37,1,0.027027027681469917,5
756,4,38,1,0.03888889029622078,6
756,4,39,0,0.03888889029622078,7
756,4,40,0,0.03888889029622078,8
756,5,1,1,0.03888889029622078,9
756,5,2,0,0.03888889029622078,10
756,5,3,0,0.025974025949835777,11
756,5,4,0,0.30000001192092896,12
756,5,5,1,0.2164948433637619,13
756,5,6,0,0.01534526888281107,14
756,5,7,1,0.2164948433637619,15
756,5,8,0,0.03888889029622078,16
756,5,9,1,0.5,17
756,5,10,1,0.03888889029622078,18
756,5,11,1,0.5263158082962036,19
756,5,12,1,0.25,20
756,5,13,1,0.5263158082962036,21
756,5,14,1,0.25,22
756,5,15,1,0.2164948433637619,23
756,5,16,1,0.25,24
756,5,17,1,0.3589743673801422,25
756,5,18,1,0.7142857313156128,26
756,5,19,1,0.3589743673801422,27
756,5,20,1,0.7142857313156128,28
756,5,21,1,0.30000001192092896,29
756,5,22,1,0.5,30
756,5,23,1,0.5231031775474548,31
756,5,24,1,0.7142857313156128,32
756,5,25,1,0.5263158082962036,33
756,5,26,1,0.3589743673801422,34
756,5,27,1,0.25,35
756,5,28,1,0.5,36
756,5,29,1,0.2164948433637619,37
756,5,30,1,0.054794520139694214,38
756,5,31,1,0.10526315867900848,39
756,5,32,1,0.03888889029622078,40
756,5,33,1,0.12871287763118744,41
756,5,34,1,0.12871287763118744,42
756,5,35,1,0.03888889029622078,43
756,5,36,1,0.25,44
756,5,37,1,0.10526315867900848,45
756,5,38,0,0.03888889029622078,46
756,5,39,0,0.8135592937469482,47
756,5,40,0,0.5,48
757,5,17,0,0.30000001192092896,1
757,5,18,1,0.800000011920929,2
757,5,19,1,0.12871287763118744,3
757,5,20,1,0.3589743673801422,4
757,5,21,0,0.032786883413791656,5
757,5,22,0,0.032786883413791656,6
757,5,23,0,0.2164948433637619,7
757,5,24,1,0.9117646813392639,8
757,5,25,0,0.03888889029622078,9
757,5,26,0,0.03888889029622078,10
757,5,27,0,0.0,11
757,5,28,1,0.9947534203529358,12
757,5,29,0,0.0,13
757,5,30,0,0.01534526888281107,14
757,5,31,0,0.0,15
757,5,32,0,0.03888889029622078,16
757,5,33,1,0.8135592937469482,17
757,5,34,0,0.0,18
757,5,35,0,0.01534526888281107,19
757,5,36,1,0.9947534203529358,20
757,5,37,0,0.03888889029622078,21
757,5,38,0,0.0,22
757,5,39,1,1.0,23
757,5,40,0,0.0,24
759,5,5,1,0.800000011920929,1
759,5,6,0,0.03888889029622078,2
759,5,7,0,0.16129031777381897,3
759,5,8,1,0.3589743673801422,4
759,5,9,0,0.054794520139694214,5
759,5,10,1,0.9947534203529358,6
759,5,11,1,0.3589743673801422,7
759,5,12,0,0.25,8
759,5,13,1,0.8974359035491943,9
759,5,14,0,0.0,10
759,5,15,0,0.007751937955617905,11
759,5,16,0,0.2164948433637619,12
759,5,17,0,0.01534526888281107,13
759,5,18,1,0.800000011920929,14
759,5,19,1,0.25,15
759,5,20,1,0.3589743673801422,16
759,5,21,0,0.0,17
759,5,22,0,0.01534526888281107,18
759,5,23,0,0.0,19
759,5,24,1,0.9947534203529358,20
759,5,25,0,0.0,21
759,5,26,0,0.0,22
759,5,27,0,0.0,23
759,5,28,1,1.0,24
759,5,29,0,0.0,25
759,5,30,0,0.0,26
759,5,31,0,0.0,27
759,5,32,0,0.025974025949835777,28
759,5,33,1,0.8974359035491943,29
759,5,34,0,0.03888889029622078,30
759,5,35,0,0.01534526888281107,31
759,5,36,1,0.8974359035491943,32
759,5,37,0,0.01534526888281107,33
759,5,38,0,0.0,34
759,5,39,1,0.970588207244873,35
759,5,40,0,0.0,36
762,5,17,0,0.30000001192092896,1
762,5,18,1,0.800000011920929,2
762,5,19,1,0.12871287763118744,3
762,5,20,1,0.3589743673801422,4
762,5,21,0,0.032786883413791656,5
762,5,22,0,0.032786883413791656,6
762,5,23,0,0.2164948433637619,7
762,5,24,1,0.9117646813392639,8
762,5,25,0,0.03888889029622078,9
762,5,26,0,0.03888889029622078,10
762,5,27,0,0.0,11
762,5,28,1,0.9947534203529358,12
762,5,29,0,0.0,13
762,5,30,0,0.01534526888281107,14
762,5,31,0,0.0,15
762,5,32,0,0.03888889029622078,16
762,5,33,1,0.8135592937469482,17
762,5,34,0,0.0,18
762,5,35,0,0.01534526888281107,19
762,5,36,1,0.9947534203529358,20
762,5,37,0,0.03888889029622078,21
762,5,38,0,0.0,22
762,5,39,1,1.0,23
762,5,40,0,0.0,24
764,5,5,0,0.800000011920929,1
764,5,6,0,0.5,2
764,5,7,0,0.8135592937469482,3
764,5,8,0,0.3589743673801422,4
764,5,9,0,0.3589743673801422,5
764,5,10,0,0.7142857313156128,6
764,5,11,0,0.30000001192092896,7
764,5,12,0,0.12871287763118744,8
764,5,13,0,0.25,9
764,5,14,0,0.12871287763118744,10
764,5,15,0,0.16129031777381897,11
764,5,16,0,0.16129031777381897,12
764,5,17,0,0.2164948433637619,13
764,5,18,0,0.7142857313156128,14
764,5,19,0,0.2164948433637619,15
764,5,20,0,0.25,16
764,5,21,0,0.03888889029622078,17
764,5,22,0,0.12871287763118744,18
764,5,23,0,0.25,19
764,5,24,0,0.16129031777381897,20
764,5,25,0,0.2164948433637619,21
764,5,26,0,0.25,22
764,5,27,0,0.25,23
764,5,28,0,0.2164948433637619,24
764,5,29,0,0.12871287763118744,25
764,5,30,0,0.054794520139694214,26
764,5,31,0,0.054794520139694214,27
764,5,32,0,0.12871287763118744,28
764,5,33,0,0.25,29
764,5,34,0,0.2164948433637619,30
764,5,35,0,0.025974025949835777,31
764,5,36,0,0.03888889029622078,32
764,5,37,0,0.03888889029622078,33
764,5,38,0,0.03888889029622078,34
764,5,39,0,0.0,35
764,5,40,0,0.0,36
766,5,17,0,0.30000001192092896,1
766,5,18,1,0.800000011920929,2
766,5,19,1,0.12871287763118744,3
766,5,20,1,0.3589743673801422,4
766,5,21,0,0.032786883413791656,5
766,5,22,0,0.032786883413791656,6
766,5,23,0,0.2164948433637619,7
766,5,24,1,0.9117646813392639,8
766,5,25,0,0.03888889029622078,9
766,5,26,0,0.03888889029622078,10
766,5,27,0,0.0,11
766,5,28,1,0.9947534203529358,12
766,5,29,0,0.0,13
766,5,30,0,0.01534526888281107,14
766,5,31,0,0.0,15
766,5,32,0,0.03888889029622078,16
766,5,33,1,0.8135592937469482,17
766,5,34,0,0.0,18
766,5,35,0,0.01534526888281107,19
766,5,36,1,0.9947534203529358,20
766,5,37,0,0.03888889029622078,21
766,5,38,0,0.0,22
766,5,39,1,1.0,23
766,5,40,0,0.0,24
767,5,17,0,0.30000001192092896,1
767,5,18,1,0.800000011920929,2
767,5,19,0,0.12871287763118744,3
767,5,20,1,0.5,4
767,5,21,0,0.0,5
767,5,22,1,0.0,6
767,5,23,0,0.025974025949835777,7
767,5,24,1,0.025974025949835777,8
767,5,25,0,0.0,9
767,5,26,0,0.03888889029622078,10
767,5,27,0,0.0,11
767,5,28,1,0.9947534203529358,12
767,5,29,0,0.0,13
767,5,30,0,0.01534526888281107,14
767,5,31,0,0.0,15
767,5,32,0,0.03888889029622078,16
767,5,33,1,0.8135592937469482,17
767,5,34,0,0.0,18
767,5,35,0,0.01534526888281107,19
767,5,36,1,0.9947534203529358,20
767,5,37,0,0.03888889029622078,21
767,5,38,0,0.0,22
767,5,39,1,1.0,23
767,5,40,0,0.0,24
769,5,17,0,0.30000001192092896,1
769,5,18,0,0.800000011920929,2
769,5,19,0,0.9947534203529358,3
769,5,20,1,0.9947534203529358,4
769,5,21,1,0.025974025949835777,5
769,5,22,0,0.032786883413791656,6
769,5,23,1,0.2164948433637619,7
769,5,24,1,0.2164948433637619,8
769,5,25,1,0.25,9
769,5,26,1,0.25,10
769,5,27,0,0.09090909361839294,11
769,5,28,0,0.30000001192092896,12
769,5,29,0,0.06666667014360428,13
769,5,30,0,0.03888889029622078,14
769,5,31,0,0.25,15
769,5,32,1,0.054794520139694214,16
769,5,33,0,0.054794520139694214,17
769,5,34,1,0.3589743673801422,18
769,5,35,0,0.03888889029622078,19
769,5,36,1,0.16129031777381897,20
769,5,37,0,0.16129031777381897,21
769,5,38,0,0.01534526888281107,22
769,5,39,1,0.7142857313156128,23
769,5,40,0,0.25,24
770,5,5,1,0.800000011920929,1
770,5,6,0,0.03888889029622078,2
770,5,7,0,0.16129031777381897,3
770,5,8,1,0.3589743673801422,4
770,5,9,0,0.054794520139694214,5
770,5,10,1,0.9947534203529358,6
770,5,11,1,0.3589743673801422,7
770,5,12,0,0.25,8
770,5,13,1,0.8974359035491943,9
770,5,14,0,0.0,10
770,5,15,0,0.007751937955617905,11
770,5,16,0,0.2164948433637619,12
770,5,17,0,0.01534526888281107,13
770,5,18,1,0.800000011920929,14
770,5,19,0,0.25,15
770,5,20,1,0.7142857313156128,16
770,5,21,0,0.008064515888690948,17
770,5,22,0,0.008064515888690948,18
770,5,23,0,0.007751937955617905,19
770,5,24,1,0.9947534203529358,20
770,5,25,0,0.0,21
770,5,26,0,0.0,22
770,5,27,0,0.0,23
770,5,28,1,1.0,24
770,5,29,0,0.0,25
770,5,30,0,0.0,26
770,5,31,0,0.007751937955617905,27
770,5,32,0,0.054794520139694214,28
770,5,33,1,0.7142857313156128,29
770,5,34,0,0.054794520139694214,30
770,5,35,0,0.01534526888281107,31
770,5,36,1,0.8974359035491943,32
770,5,37,0,0.01534526888281107,33
770,5,38,0,0.0,34
770,5,39,1,0.9117646813392639,35
770,5,40,0,0.0,36
771,4,17,0,0.3589743673801422,1
771,4,18,0,0.7142857313156128,2
771,4,19,0,0.5243661999702454,3
771,4,20,1,0.5263158082962036,4
771,4,21,0,0.12871287763118744,5
771,4,22,1,0.16129031777381897,6
771,4,23,1,0.16129031777381897,7
771,4,24,0,0.25,8
771,4,25,0,0.2164948433637619,9
771,4,26,0,0.30000001192092896,10
771,4,27,0,0.01534526888281107,11
771,4,28,1,0.6410256624221802,12
771,4,29,1,0.3589743673801422,13
771,4,30,0,0.054794520139694214,14
771,4,31,1,0.9947534203529358,15
771,4,32,0,0.0,16
771,4,33,0,0.0,17
771,4,34,0,0.0,18
771,4,35,0,0.0,19
771,4,36,0,0.7142857313156128,20
771,4,37,0,0.16129031777381897,21
771,4,38,0,0.0,22
771,4,39,0,0.03888889029622078,23
771,4,40,0,0.0,24
774,4,17,0,0.3589743673801422,1
774,4,18,1,0.7142857313156128,2
774,4,19,0,0.054794520139694214,3
774,4,20,1,0.7142857313156128,4
774,4,21,0,0.03888889029622078,5
774,4,22,0,0.12871287763118744,6
774,4,23,1,0.25,7
774,4,24,0,0.2164948433637619,8
774,4,25,0,0.25,9
774,4,26,0,0.2164948433637619,10
774,4,27,0,0.2164948433637619,11
774,4,28,1,0.25,12
774,4,29,1,0.3589743673801422,13
774,4,30,0,0.16129031777381897,14
774,4,31,1,0.9947534203529358,15
774,4,32,0,0.0,16
774,4,33,0,0.0,17
774,4,34,0,0.0,18
774,4,35,0,0.0,19
774,4,36,0,0.7142857313156128,20
774,4,37,0,0.16129031777381897,21
774,4,38,0,0.0,22
774,4,39,0,0.03888889029622078,23
774,4,40,0,0.0,24
778,4,33,0,0.25,1
778,4,34,0,0.16129031777381897,2
778,4,35,0,0.01534526888281107,3
778,4,36,0,0.03888889029622078,4
778,4,37,0,0.032786883413791656,5
778,4,38,0,0.03888889029622078,6
778,4,39,0,0.0,7
778,4,40,0,0.0,8
778,6,1,0,0.01534526888281107,9
778,6,2,0,0.03888889029622078,10
778,6,3,0,0.03888889029622078,11
778,6,4,0,0.06666667014360428,12
778,6,5,0,0.054794520139694214,13
778,6,6,0,0.06666667014360428,14
778,6,7,0,0.2164948433637619,15
778,6,8,0,0.2164948433637619,16
778,6,9,0,0.2164948433637619,17
778,6,10,0,0.16129031777381897,18
778,6,11,0,0.03888889029622078,19
778,6,12,0,0.03888889029622078,20
778,6,13,1,0.03888889029622078,21
778,6,14,0,0.7142857313156128,22
778,6,15,0,0.25,23
778,6,16,0,0.3589743673801422,24
778,6,17,1,0.25,25
778,6,18,1,0.9947534203529358,26
778,6,19,1,0.9947534203529358,27
778,6,20,1,0.9947534203529358,28
778,6,21,0,0.5,29
778,6,22,0,0.5,30
778,6,23,0,0.9117646813392639,31
778,6,24,1,0.9947534203529358,32
778,6,25,1,0.9947534203529358,33
778,6,26,1,0.9947534203529358,34
778,6,27,1,0.3589743673801422,35
778,6,28,0,0.30000001192092896,36
778,6,29,1,0.8974359035491943,37
778,6,30,1,0.008064515888690948,38
778,6,31,0,0.5,39
778,6,32,0,0.7142857313156128,40
778,6,33,1,0.054794520139694214,41
778,6,34,1,0.01534526888281107,42
778,6,35,0,0.0,43
778,6,36,0,0.054794520139694214,44
778,6,37,0,0.30000001192092896,45
778,6,38,0,0.01534526888281107,46
778,6,39,1,0.25,47
778,6,40,1,0.0,48
779,5,5,1,0.7142857313156128,1
779,5,6,0,0.03888889029622078,2
779,5,7,0,0.16129031777381897,3
779,5,8,1,0.30000001192092896,4
779,5,9,0,0.03888889029622078,5
779,5,10,1,0.9947534203529358,6
779,5,11,1,0.30000001192092896,7
779,5,12,0,0.25,8
779,5,13,1,0.8974359035491943,9
779,5,14,0,0.0,10
779,5,15,0,0.007751937955617905,11
779,5,16,0,0.2164948433637619,12
779,5,17,0,0.01534526888281107,13
779,5,18,1,0.800000011920929,14
779,5,19,0,0.25,15
779,5,20,1,0.7142857313156128,16
779,5,21,0,0.008064515888690948,17
779,5,22,1,0.008064515888690948,18
779,5,23,0,0.01534526888281107,19
779,5,24,1,0.027027027681469917,20
779,5,25,0,0.0,21
779,5,26,0,0.0,22
779,5,27,0,0.0,23
779,5,28,1,0.9947534203529358,24
779,5,29,0,0.0,25
779,5,30,0,0.0,26
779,5,31,0,0.0,27
779,5,32,0,0.027027027681469917,28
779,5,33,1,0.8974359035491943,29
779,5,34,0,0.03888889029622078,30
779,5,35,0,0.0,31
779,5,36,1,0.7142857313156128,32
779,5,37,0,0.01534526888281107,33
779,5,38,0,0.0,34
779,5,39,1,0.9947534203529358,35
779,5,40,0,0.0,36
780,4,17,0,0.3589743673801422,1
780,4,18,1,0.7142857313156128,2
780,4,19,0,0.054794520139694214,3
780,4,20,1,0.7142857313156128,4
780,4,21,0,0.03888889029622078,5
780,4,22,0,0.12871287763118744,6
780,4,23,1,0.25,7
780,4,24,0,0.2164948433637619,8
780,4,25,0,0.25,9
780,4,26,0,0.2164948433637619,10
780,4,27,0,0.2164948433637619,11
780,4,28,1,0.25,12
780,4,29,1,0.3589743673801422,13
780,4,30,0,0.16129031777381897,14
780,4,31,1,0.9947534203529358,15
780,4,32,0,0.0,16
780,4,33,0,0.0,17
780,4,34,0,0.0,18
780,4,35,0,0.0,19
780,4,36,0,0.7142857313156128,20
780,4,37,0,0.16129031777381897,21
780,4,38,0,0.0,22
780,4,39,0,0.03888889029622078,23
780,4,40,0,0.0,24
781,4,5,1,0.800000011920929,1
781,4,6,0,0.03888889029622078,2
781,4,7,1,0.16129031777381897,3
781,4,8,0,0.10526315867900848,4
781,4,9,1,0.3589743673801422,5
781,4,10,1,0.30000001192092896,6
781,4,11,1,0.9947534203529358,7
781,4,12,0,0.3589743673801422,8
781,4,13,1,0.9947534203529358,9
781,4,14,0,0.01534526888281107,10
781,4,15,0,0.054794520139694214,11
781,4,16,1,0.9117646813392639,12
781,4,17,0,0.0,13
781,4,18,0,0.3589743673801422,14
781,4,19,0,0.25,15
781,4,20,1,0.8135592937469482,16
781,4,21,0,0.0,17
781,4,22,0,0.03888889029622078,18
781,4,23,1,0.6410256624221802,19
781,4,24,0,0.01534526888281107,20
781,4,25,0,0.025974025949835777,21
781,4,26,0,0.01534526888281107,22
781,4,27,0,0.0,23
781,4,28,1,0.9947534203529358,24
781,4,29,0,0.5,25
781,4,30,0,0.3589743673801422,26
781,4,31,1,0.8974359035491943,27
781,4,32,0,0.25,28
781,4,33,0,0.25,29
781,4,34,0,0.25,30
781,4,35,0,0.01534526888281107,31
781,4,36,0,0.032786883413791656,32
781,4,37,0,0.03888889029622078,33
781,4,38,0,0.0,34
781,4,39,0,0.0,35
781,4,40,0,0.0,36
782,5,5,1,0.800000011920929,1
782,5,6,0,0.03888889029622078,2
782,5,7,0,0.16129031777381897,3
782,5,8,1,0.3589743673801422,4
782,5,9,0,0.03888889029622078,5
782,5,10,1,0.9947534203529358,6
782,5,11,1,0.2164948433637619,7
782,5,12,0,0.2164948433637619,8
782,5,13,1,0.7142857313156128,9
782,5,14,0,0.01534526888281107,10
782,5,15,0,0.0,11
782,5,16,0,0.25,12
782,5,17,0,0.025974025949835777,13
782,5,18,1,0.8119108080863953,14
782,5,19,1,0.25,15
782,5,20,1,0.30000001192092896,16
782,5,21,0,0.0,17
782,5,22,0,0.0,18
782,5,23,0,0.0,19
782,5,24,1,0.9117646813392639,20
782,5,25,0,0.0,21
782,5,26,0,0.0,22
782,5,27,0,0.0,23
782,5,28,1,1.0,24
782,5,29,0,0.0,25
782,5,30,0,0.0,26
782,5,31,0,0.0,27
782,5,32,0,0.01534526888281107,28
782,5,33,1,0.8135592937469482,29
782,5,34,0,0.03888889029622078,30
782,5,35,0,0.01534526888281107,31
782,5,36,1,0.8974359035491943,32
782,5,37,0,0.01534526888281107,33
782,5,38,0,0.0,34
782,5,39,1,0.970588207244873,35
782,5,40,0,0.0,36
783,5,17,0,0.30000001192092896,1
783,5,18,1,0.800000011920929,2
783,5,19,1,0.12871287763118744,3
783,5,20,1,0.3589743673801422,4
783,5,21,0,0.032786883413791656,5
783,5,22,0,0.032786883413791656,6
783,5,23,0,0.2164948433637619,7
783,5,24,1,0.9117646813392639,8
783,5,25,0,0.01534526888281107,9
783,5,26,0,0.03888889029622078,10
783,5,27,0,0.0,11
783,5,28,1,1.0,12
783,5,29,0,0.0,13
783,5,30,0,0.0,14
783,5,31,0,0.0,15
783,5,32,0,0.032786883413791656,16
783,5,33,1,0.8999999761581421,17
783,5,34,0,0.0,18
783,5,35,0,0.01534526888281107,19
783,5,36,1,0.9947534203529358,20
783,5,37,0,0.03888889029622078,21
783,5,38,0,0.0,22
783,5,39,1,1.0,23
783,5,40,0,0.0,24
784,5,17,0,0.30000001192092896,1
784,5,18,1,0.800000011920929,2
784,5,19,1,0.12871287763118744,3
784,5,20,1,0.3589743673801422,4
784,5,21,0,0.032786883413791656,5
784,5,22,0,0.032786883413791656,6
784,5,23,0,0.2164948433637619,7
784,5,24,1,0.9117646813392639,8
784,5,25,0,0.01534526888281107,9
784,5,26,0,0.03888889029622078,10
784,5,27,0,0.0,11
784,5,28,1,1.0,12
784,5,29,0,0.0,13
784,5,30,0,0.0,14
784,5,31,0,0.0,15
784,5,32,0,0.032786883413791656,16
784,5,33,1,0.8999999761581421,17
784,5,34,0,0.0,18
784,5,35,0,0.01534526888281107,19
784,5,36,1,0.9947534203529358,20
784,5,37,0,0.03888889029622078,21
784,5,38,0,0.0,22
784,5,39,1,1.0,23
784,5,40,0,0.0,24
786,5,5,0,0.800000011920929,1
786,5,6,0,0.5,2
786,5,7,0,0.8135592937469482,3
786,5,8,1,0.7142857313156128,4
786,5,9,0,0.10526315867900848,5
786,5,10,1,0.3589743673801422,6
786,5,11,1,0.2164948433637619,7
786,5,12,0,0.007751937955617905,8
786,5,13,1,0.3589743673801422,9
786,5,14,0,0.0,10
786,5,15,0,0.0,11
786,5,16,0,0.007751937955617905,12
786,5,17,0,0.16129031777381897,13
786,5,18,1,0.9947534203529358,14
786,5,19,1,0.25,15
786,5,20,1,0.3589743673801422,16
786,5,21,0,0.0,17
786,5,22,0,0.007751937955617905,18
786,5,23,0,0.0,19
786,5,24,1,0.970588207244873,20
786,5,25,0,0.0,21
786,5,26,0,0.0,22
786,5,27,0,0.0,23
786,5,28,1,1.0,24
786,5,29,0,0.0,25
786,5,30,0,0.0,26
786,5,31,0,0.0,27
786,5,32,0,0.01534526888281107,28
786,5,33,1,0.8135592937469482,29
786,5,34,0,0.03888889029622078,30
786,5,35,0,0.03888889029622078,31
786,5,36,1,0.9947534203529358,32
786,5,37,0,0.03888889029622078,33
786,5,38,0,0.007751937955617905,34
786,5,39,1,0.9947534203529358,35
786,5,40,0,0.0,36
790,5,5,1,0.800000011920929,1
790,5,6,0,0.03888889029622078,2
790,5,7,0,0.16129031777381897,3
790,5,8,1,0.3589743673801422,4
790,5,9,0,0.03888889029622078,5
790,5,10,1,0.9947534203529358,6
790,5,11,1,0.2164948433637619,7
790,5,12,0,0.2164948433637619,8
790,5,13,1,0.7142857313156128,9
790,5,14,0,0.01534526888281107,10
790,5,15,0,0.0,11
790,5,16,0,0.25,12
790,5,17,0,0.025974025949835777,13
790,5,18,1,0.8119108080863953,14
790,5,19,0,0.25,15
790,5,20,1,0.800000011920929,16
790,5,21,0,0.0,17
790,5,22,1,0.0,18
790,5,23,0,0.01534526888281107,19
790,5,24,1,0.01534526888281107,20
790,5,25,0,0.0,21
790,5,26,0,0.0,22
790,5,27,0,0.0,23
790,5,28,1,0.9947534203529358,24
790,5,29,0,0.0,25
790,5,30,0,0.0,26
790,5,31,0,0.0,27
790,5,32,0,0.01534526888281107,28
790,5,33,1,0.8135592937469482,29
790,5,34,0,0.03888889029622078,30
790,5,35,0,0.0,31
790,5,36,1,0.7142857313156128,32
790,5,37,0,0.01534526888281107,33
790,5,38,0,0.0,34
790,5,39,1,0.970588207244873,35
790,5,40,0,0.0,36
797,4,5,1,0.800000011920929,1
797,4,6,0,0.12871287763118744,2
797,4,7,1,0.03888889029622078,3
797,4,8,0,0.25,4
797,4,9,1,0.3589743673801422,5
797,4,10,1,0.30000001192092896,6
797,4,11,1,0.9947534203529358,7
797,4,12,0,0.054794520139694214,8
797,4,13,1,0.9947534203529358,9
797,4,14,0,0.0,10
797,4,15,0,0.027027027681469917,11
797,4,16,1,0.9117646813392639,12
797,4,17,0,0.0,13
797,4,18,1,0.25,14
797,4,19,0,0.01534526888281107,15
797,4,20,1,0.5,16
797,4,21,0,0.0,17
797,4,22,1,0.16129031777381897,18
797,4,23,1,0.8135592937469482,19
797,4,24,0,0.03888889029622078,20
797,4,25,0,0.06666667014360428,21
797,4,26,0,0.0,22
797,4,27,0,0.0,23
797,4,28,1,0.9947534203529358,24
797,4,29,0,0.5,25
797,4,30,0,0.25,26
797,4,31,1,0.9947534203529358,27
797,4,32,0,0.03888889029622078,28
797,4,33,0,0.025974025949835777,29
797,4,34,0,0.03261837363243103,30
797,4,35,0,0.0,31
797,4,36,0,0.007751937955617905,32
797,4,37,0,0.007751937955617905,33
797,4,38,0,0.0,34
797,4,39,0,0.0,35
797,4,40,0,0.0,36
798,4,17,0,0.3589743673801422,1
798,4,18,1,0.7142857313156128,2
798,4,19,0,0.054794520139694214,3
798,4,20,1,0.3589743673801422,4
798,4,21,0,0.054794520139694214,5
798,4,22,0,0.2164948433637619,6
798,4,23,1,0.25,7
798,4,24,0,0.5263158082962036,8
798,4,25,0,0.25,9
798,4,26,0,0.2164948433637619,10
798,4,27,0,0.008064515888690948,11
798,4,28,1,0.7142857313156128,12
798,4,29,0,0.30000001192092896,13
798,4,30,0,0.12871287763118744,14
798,4,31,1,0.9947534203529358,15
798,4,32,0,0.032786883413791656,16
798,4,33,0,0.054794520139694214,17
798,4,34,0,0.054794520139694214,18
798,4,35,0,0.025974025949835777,19
798,4,36,0,0.7142857313156128,20
798,4,37,0,0.25,21
798,4,38,0,0.01534526888281107,22
798,4,39,0,0.032786883413791656,23
798,4,40,0,0.008064515888690948,24
799,4,17,0,0.3589743673801422,1
799,4,18,1,0.7142857313156128,2
799,4,19,0,0.054794520139694214,3
799,4,20,1,0.3589743673801422,4
799,4,21,0,0.054794520139694214,5
799,4,22,1,0.2164948433637619,6
799,4,23,1,0.5,7
799,4,24,0,0.16129031777381897,8
799,4,25,0,0.16129031777381897,9
799,4,26,0,0.054794520139694214,10
799,4,27,0,0.007751937955617905,11
799,4,28,1,0.8974359035491943,12
799,4,29,1,0.5263158082962036,13
799,4,30,0,0.10526315867900848,14
799,4,31,1,0.9947534203529358,15
799,4,32,0,0.0,16
799,4,33,0,0.0,17
799,4,34,0,0.0,18
799,4,35,0,0.0,19
799,4,36,0,0.054794520139694214,20
799,4,37,0,0.007751937955617905,21
799,4,38,0,0.0,22
799,4,39,0,0.12871287763118744,23
799,4,40,0,0.0,24
801,5,5,1,0.800000011920929,1
801,5,6,0,0.03888889029622078,2
801,5,7,0,0.01534526888281107,3
801,5,8,1,0.3589743673801422,4
801,5,9,0,0.032786883413791656,5
801,5,10,1,0.9947534203529358,6
801,5,11,1,0.25,7
801,5,12,0,0.054794520139694214,8
801,5,13,1,0.7142857313156128,9
801,5,14,0,0.01534526888281107,10
801,5,15,0,0.0,11
801,5,16,0,0.12871287763118744,12
801,5,17,0,0.0,13
801,5,18,1,0.7142857313156128,14
801,5,19,1,0.16129031777381897,15
801,5,20,1,0.3589743673801422,16
801,5,21,0,0.0,17
801,5,22,0,0.007751937955617905,18
801,5,23,0,0.01534526888281107,19
801,5,24,1,0.3589743673801422,20
801,5,25,0,0.0,21
801,5,26,0,0.0,22
801,5,27,0,0.0,23
801,5,28,1,0.970588207244873,24
801,5,29,0,0.0,25
801,5,30,0,0.008064515888690948,26
801,5,31,0,0.01534526888281107,27
801,5,32,0,0.01534526888281107,28
801,5,33,1,0.5263158082962036,29
801,5,34,0,0.027027027681469917,30
801,5,35,0,0.008064515888690948,31
801,5,36,1,0.9117646813392639,32
801,5,37,0,0.01534526888281107,33
801,5,38,0,0.0,34
801,5,39,1,0.9947534203529358,35
801,5,40,0,0.0,36
804,4,17,0,0.3589743673801422,1
804,4,18,1,0.7142857313156128,2
804,4,19,0,0.054794520139694214,3
804,4,20,1,0.3589743673801422,4
804,4,21,0,0.054794520139694214,5
804,4,22,0,0.2164948433637619,6
804,4,23,1,0.25,7
804,4,24,0,0.5263158082962036,8
804,4,25,0,0.25,9
804,4,26,0,0.2164948433637619,10
804,4,27,0,0.008064515888690948,11
804,4,28,1,0.7142857313156128,12
804,4,29,1,0.30000001192092896,13
804,4,30,0,0.054794520139694214,14
804,4,31,1,0.9947534203529358,15
804,4,32,0,0.0,16
804,4,33,0,0.0,17
804,4,34,0,0.0,18
804,4,35,0,0.0,19
804,4,36,0,0.7142857313156128,20
804,4,37,0,0.12871287763118744,21
804,4,38,0,0.0,22
804,4,39,0,0.03888889029622078,23
804,4,40,0,0.0,24
805,5,5,1,0.800000011920929,1
805,5,6,0,0.03888889029622078,2
805,5,7,0,0.16129031777381897,3
805,5,8,1,0.3589743673801422,4
805,5,9,0,0.03888889029622078,5
805,5,10,1,0.9947534203529358,6
805,5,11,1,0.2164948433637619,7
805,5,12,0,0.2164948433637619,8
805,5,13,1,0.7142857313156128,9
805,5,14,0,0.01534526888281107,10
805,5,15,0,0.0,11
805,5,16,0,0.25,12
805,5,17,0,0.025974025949835777,13
805,5,18,1,0.8119108080863953,14
805,5,19,1,0.25,15
805,5,20,1,0.30000001192092896,16
805,5,21,0,0.0,17
805,5,22,0,0.0,18
805,5,23,0,0.0,19
805,5,24,1,0.9117646813392639,20
805,5,25,0,0.0,21
805,5,26,0,0.0,22
805,5,27,0,0.0,23
805,5,28,1,1.0,24
805,5,29,0,0.0,25
805,5,30,0,0.0,26
805,5,31,0,0.0,27
805,5,32,0,0.01534526888281107,28
805,5,33,1,0.8135592937469482,29
805,5,34,0,0.03888889029622078,30
805,5,35,0,0.01534526888281107,31
805,5,36,1,0.8974359035491943,32
805,5,37,0,0.01534526888281107,33
805,5,38,0,0.0,34
805,5,39,1,0.970588207244873,35
805,5,40,0,0.0,36
808,5,5,1,0.800000011920929,1
808,5,6,0,0.03888889029622078,2
808,5,7,0,0.16129031777381897,3
808,5,8,1,0.3589743673801422,4
808,5,9,0,0.03888889029622078,5
808,5,10,1,0.9947534203529358,6
808,5,11,1,0.2164948433637619,7
808,5,12,0,0.2164948433637619,8
808,5,13,1,0.7142857313156128,9
808,5,14,0,0.01534526888281107,10
808,5,15,0,0.0,11
808,5,16,0,0.25,12
808,5,17,0,0.025974025949835777,13
808,5,18,1,0.8119108080863953,14
808,5,19,1,0.25,15
808,5,20,1,0.30000001192092896,16
808,5,21,0,0.0,17
808,5,22,1,0.0,18
808,5,23,0,0.01534526888281107,19
808,5,24,1,0.3589743673801422,20
808,5,25,0,0.0,21
808,5,26,0,0.0,22
808,5,27,0,0.0,23
808,5,28,1,0.9947534203529358,24
808,5,29,0,0.0,25
808,5,30,0,0.0,26
808,5,31,0,0.0,27
808,5,32,0,0.025974025949835777,28
808,5,33,1,0.5263158082962036,29
808,5,34,0,0.03888889029622078,30
808,5,35,0,0.0,31
808,5,36,1,0.7142857313156128,32
808,5,37,0,0.01534526888281107,33
808,5,38,0,0.0,34
808,5,39,1,0.970588207244873,35
808,5,40,0,0.0,36
