id,block,trial,y_true,proba,test_rank
1,5,17,0,0.931034505367279,1
1,5,18,1,0.22077922523021698,2
1,5,19,1,0.04210526496171951,3
1,5,20,1,0.22077922523021698,4
1,5,21,0,0.0008583691087551415,5
1,5,22,1,0.024390242993831635,6
1,5,23,0,0.04210526496171951,7
1,5,24,1,0.22077922523021698,8
1,5,25,0,0.010893246158957481,9
1,5,26,0,0.024390242993831635,10
1,5,27,0,0.04210526496171951,11
1,5,28,1,0.8055555820465088,12
1,5,29,0,0.01149425283074379,13
1,5,30,0,0.14705882966518402,14
1,5,31,0,0.22077922523021698,15
1,5,32,0,0.22077922523021698,16
1,5,33,1,0.9931662678718567,17
1,5,34,0,0.010893246158957481,18
1,5,35,0,0.04210526496171951,19
1,5,36,1,0.931034505367279,20
1,5,37,0,0.010893246158957481,21
1,5,38,0,0.14705882966518402,22
1,5,39,1,0.9682539701461792,23
1,5,40,0,0.010893246158957481,24
4,3,17,0,0.9682539701461792,1
4,3,18,0,0.01149425283074379,2
4,3,19,1,0.04210526496171951,3
4,3,20,1,0.024390242993831635,4
4,3,21,0,0.010893246158957481,5
4,3,22,0,0.7027027010917664,6
4,3,23,0,0.22077922523021698,7
4,3,24,0,0.22077922523021698,8
4,3,25,0,0.22077922523021698,9
4,3,26,1,0.8055555820465088,10
4,3,27,0,0.024390242993831635,11
4,3,28,1,0.931034505367279,12
4,3,29,1,0.22077922523021698,13
4,3,30,0,0.0008583691087551415,14
4,3,31,0,0.04210526496171951,15
4,3,32,1,0.8055555820465088,16
4,3,33,0,0.0008583691087551415,17
4,3,34,0,0.22077922523021698,18
4,3,35,0,0.024390242993831635,19
4,3,36,1,0.931034505367279,20
4,3,37,1,0.7027027010917664,21
4,3,38,0,0.0008583691087551415,22
4,3,39,0,0.04210526496171951,23
4,3,40,0,0.024390242993831635,24
5,6,5,0,0.22077922523021698,1
5,6,6,0,0.6666666865348816,2
5,6,7,0,0.04210526496171951,3
5,6,8,0,0.04210526496171951,4
5,6,9,0,0.14705882966518402,5
5,6,10,0,0.4000000059604645,6
5,6,11,0,0.6451523303985596,7
5,6,12,0,0.22077922523021698,8
5,6,13,0,0.14705882966518402,9
5,6,14,0,0.6190240979194641,10
5,6,15,0,0.7027027010917664,11
5,6,16,0,0.32400399446487427,12
5,6,17,1,0.9682539701461792,13
5,6,18,1,0.9682539701461792,14
5,6,19,1,0.931034505367279,15
5,6,20,1,0.010893246158957481,16
5,6,21,0,0.0,17
5,6,22,0,0.010893246158957481,18
5,6,23,0,0.010893246158957481,19
5,6,24,1,0.0008583691087551415,20
5,6,25,1,0.024390242993831635,21
5,6,26,1,0.22077922523021698,22
5,6,27,1,0.0008583691087551415,23
5,6,28,0,0.010893246158957481,24
5,6,29,1,0.04210526496171951,25
5,6,30,1,0.010893246158957481,26
5,6,31,0,0.0008583691087551415,27
5,6,32,0,0.22077922523021698,28
5,6,33,1,0.22077922523021698,29
5,6,34,1,0.0008583691087551415,30
5,6,35,0,0.0,31
5,6,36,0,0.0008583691087551415,32
5,6,37,0,0.010893246158957481,33
5,6,38,0,0.04210526496171951,34
5,6,39,1,0.04210526496171951,35
5,6,40,1,0.0008583691087551415,36
6,5,17,0,0.931034505367279,1
6,5,18,1,0.22077922523021698,2
6,5,19,1,0.01149425283074379,3
6,5,20,1,0.04210526496171951,4
6,5,21,0,0.0,5
6,5,22,0,0.010893246158957481,6
6,5,23,0,0.01149425283074379,7
6,5,24,1,0.22077922523021698,8
6,5,25,0,0.0008583691087551415,9
6,5,26,0,0.024390242993831635,10
6,5,27,0,0.010893246158957481,11
6,5,28,1,0.22077922523021698,12
6,5,29,0,0.01149425283074379,13
6,5,30,0,0.14705882966518402,14
6,5,31,0,0.14705882966518402,15
6,5,32,0,0.04210526496171951,16
6,5,33,1,1.0,17
6,5,34,0,0.010893246158957481,18
6,5,35,0,0.22077922523021698,19
6,5,36,1,0.931034505367279,20
6,5,37,0,0.010893246158957481,21
6,5,38,0,0.22077922523021698,22
6,5,39,1,0.8055555820465088,23
6,5,40,0,0.0008583691087551415,24
8,5,33,1,0.22077922523021698,1
8,5,34,0,0.024390242993831635,2
8,5,35,0,0.01149425283074379,3
8,5,36,1,0.010893246158957481,4
8,5,37,0,0.010893246158957481,5
8,5,38,0,0.14705882966518402,6
8,5,39,1,0.5753371119499207,7
8,5,40,0,0.04210526496171951,8
8,6,1,0,0.010893246158957481,9
8,6,2,0,0.0008583691087551415,10
8,6,3,0,0.024390242993831635,11
8,6,4,0,0.22077922523021698,12
8,6,5,0,0.04210526496171951,13
8,6,6,0,0.22077922523021698,14
8,6,7,0,0.04210526496171951,15
8,6,8,0,0.14705882966518402,16
8,6,9,0,0.22077922523021698,17
8,6,10,1,0.22077922523021698,18
8,6,11,0,0.22077922523021698,19
8,6,12,0,0.22077922523021698,20
8,6,13,0,0.22077922523021698,21
8,6,14,0,0.8055555820465088,22
8,6,15,0,0.931034505367279,23
8,6,16,0,0.931034505367279,24
8,6,17,0,0.9931662678718567,25
8,6,18,1,0.8055555820465088,26
8,6,19,1,0.22077922523021698,27
8,6,20,1,0.5555555820465088,28
8,6,21,0,0.024390242993831635,29
8,6,22,0,0.8055555820465088,30
8,6,23,0,0.7027027010917664,31
8,6,24,1,0.8055555820465088,32
8,6,25,1,0.14705882966518402,33
8,6,26,1,0.010893246158957481,34
8,6,27,1,0.0008583691087551415,35
8,6,28,0,0.0008583691087551415,36
8,6,29,1,0.01149425283074379,37
8,6,30,0,0.0008583691087551415,38
8,6,31,1,0.0008583691087551415,39
8,6,32,0,0.0008583691087551415,40
8,6,33,1,0.010893246158957481,41
8,6,34,1,0.0,42
8,6,35,0,0.0,43
8,6,36,0,0.0008583691087551415,44
8,6,37,0,0.024390242993831635,45
8,6,38,0,0.01093632448464632,46
8,6,39,1,0.01149425283074379,47
8,6,40,1,0.0,48
9,6,5,0,0.22077922523021698,1
9,6,6,0,0.5953891277313232,2
9,6,7,0,0.024390242993831635,3
9,6,8,0,0.04210526496171951,4
9,6,9,0,0.04210526496171951,5
9,6,10,0,0.22077922523021698,6
9,6,11,0,0.4000000059604645,7
9,6,12,0,0.22077922523021698,8
9,6,13,0,0.14705882966518402,9
9,6,14,0,0.4000000059604645,10
9,6,15,0,0.6666666865348816,11
9,6,16,0,0.22077922523021698,12
9,6,17,1,0.931034505367279,13
9,6,18,1,0.931034505367279,14
9,6,19,1,0.9682539701461792,15
9,6,20,1,0.01149425283074379,16
9,6,21,0,0.0,17
9,6,22,0,0.024390242993831635,18
9,6,23,0,0.010893246158957481,19
9,6,24,1,0.01149425283074379,20
9,6,25,1,0.01149425283074379,21
9,6,26,1,0.22077922523021698,22
9,6,27,1,0.0008583691087551415,23
9,6,28,0,0.01149425283074379,24
9,6,29,1,0.024390242993831635,25
9,6,30,1,0.0008583691087551415,26
9,6,31,0,0.010893246158957481,27
9,6,32,0,0.22077922523021698,28
9,6,33,1,0.22077922523021698,29
9,6,34,1,0.0008583691087551415,30
9,6,35,0,0.0,31
9,6,36,0,0.024390242993831635,32
9,6,37,0,0.024390242993831635,33
9,6,38,0,0.14705882966518402,34
9,6,39,1,0.04210526496171951,35
9,6,40,1,0.0008583691087551415,36
10,2,29,1,0.7027027010917664,1
10,2,30,1,0.010893246158957481,2
10,2,31,0,0.0,3
10,2,32,0,0.0008583691087551415,4
10,2,33,1,0.010893246158957481,5
10,2,34,0,0.0008583691087551415,6
10,2,35,0,0.024390242993831635,7
10,2,36,1,0.04210526496171951,8
10,2,37,1,0.024390242993831635,9
10,2,38,0,0.0008583691087551415,10
10,2,39,1,0.22077922523021698,11
10,2,40,0,0.0,12
11,5,5,1,0.9931662678718567,1
11,5,6,0,0.04210526496171951,2
11,5,7,0,0.0008583691087551415,3
11,5,8,1,0.01149425283074379,4
11,5,9,0,0.01149425283074379,5
11,5,10,1,0.22077922523021698,6
11,5,11,1,0.020193256437778473,7
11,5,12,0,0.0,8
11,5,13,1,0.7027027010917664,9
11,5,14,0,0.0008583691087551415,10
11,5,15,0,0.0,11
11,5,16,0,0.04210526496171951,12
11,5,17,0,0.04210526496171951,13
11,5,18,1,0.9931662678718567,14
11,5,19,0,0.14705882966518402,15
11,5,20,1,0.6826117634773254,16
11,5,21,0,0.010893246158957481,17
11,5,22,1,0.6571235656738281,18
11,5,23,0,0.010893246158957481,19
11,5,24,1,0.8055555820465088,20
11,5,25,0,0.0,21
11,5,26,0,0.010893246158957481,22
11,5,27,0,0.010893246158957481,23
11,5,28,1,0.9931662678718567,24
11,5,29,0,0.0008583691087551415,25
11,5,30,0,0.0008583691087551415,26
11,5,31,0,0.010893246158957481,27
11,5,32,0,0.0008583691087551415,28
11,5,33,1,0.9931662678718567,29
11,5,34,0,0.0008583691087551415,30
11,5,35,0,0.14705882966518402,31
11,5,36,1,0.931034505367279,32
11,5,37,0,0.0008583691087551415,33
11,5,38,0,0.04210526496171951,34
11,5,39,1,0.9682539701461792,35
11,5,40,0,0.0,36
14,6,5,0,0.5555555820465088,1
14,6,6,0,0.22077922523021698,2
14,6,7,0,0.14705882966518402,3
14,6,8,0,0.04210526496171951,4
14,6,9,0,0.04210526496171951,5
14,6,10,0,0.5898094177246094,6
14,6,11,0,0.5677025318145752,7
14,6,12,0,0.22077922523021698,8
14,6,13,0,0.14705882966518402,9
14,6,14,0,0.6666666865348816,10
14,6,15,0,0.6666666865348816,11
14,6,16,0,0.931034505367279,12
14,6,17,1,0.931034505367279,13
14,6,18,1,0.9931662678718567,14
14,6,19,1,0.9682539701461792,15
14,6,20,1,0.024390242993831635,16
14,6,21,0,0.010893246158957481,17
14,6,22,0,0.14705882966518402,18
14,6,23,0,0.04210526496171951,19
14,6,24,1,0.04210526496171951,20
14,6,25,1,0.010893246158957481,21
14,6,26,1,0.04210526496171951,22
14,6,27,0,0.0008583691087551415,23
14,6,28,0,0.04210526496171951,24
14,6,29,1,0.01149425283074379,25
14,6,30,1,0.0008583691087551415,26
14,6,31,0,0.010893246158957481,27
14,6,32,0,0.6899874210357666,28
14,6,33,1,0.22077922523021698,29
14,6,34,1,0.010893246158957481,30
14,6,35,0,0.0008583691087551415,31
14,6,36,0,0.14705882966518402,32
14,6,37,0,0.04210526496171951,33
14,6,38,0,0.14705882966518402,34
14,6,39,1,0.4000000059604645,35
14,6,40,1,0.0008583691087551415,36
15,3,17,0,0.9682539701461792,1
15,3,18,0,0.14705882966518402,2
15,3,19,1,0.22077922523021698,3
15,3,20,1,0.024390242993831635,4
15,3,21,0,0.010893246158957481,5
15,3,22,1,0.5555555820465088,6
15,3,23,0,0.024390242993831635,7
15,3,24,0,0.22077922523021698,8
15,3,25,0,0.22077922523021698,9
15,3,26,1,0.931034505367279,10
15,3,27,0,0.0008583691087551415,11
15,3,28,1,0.9931662678718567,12
15,3,29,1,0.22077922523021698,13
15,3,30,0,0.0008583691087551415,14
15,3,31,0,0.01149425283074379,15
15,3,32,1,0.22077922523021698,16
15,3,33,0,0.010893246158957481,17
15,3,34,1,0.6666666865348816,18
15,3,35,0,0.0008583691087551415,19
15,3,36,1,0.6666666865348816,20
15,3,37,1,0.04210526496171951,21
15,3,38,0,0.0,22
15,3,39,0,0.010893246158957481,23
15,3,40,0,0.010893246158957481,24
17,6,17,1,0.22077922523021698,1
17,6,18,1,0.0008583691087551415,2
17,6,19,1,0.0,3
17,6,20,1,0.0,4
17,6,21,0,0.0,5
17,6,22,0,0.0008583691087551415,6
17,6,23,0,0.0008583691087551415,7
17,6,24,1,0.0,8
17,6,25,1,0.0008583691087551415,9
17,6,26,1,0.0008583691087551415,10
17,6,27,1,0.0008583691087551415,11
17,6,28,0,0.010893246158957481,12
17,6,29,1,0.010893246158957481,13
17,6,30,1,0.0,14
17,6,31,0,0.0,15
17,6,32,0,0.010893246158957481,16
17,6,33,1,0.010893246158957481,17
17,6,34,1,0.0008583691087551415,18
17,6,35,0,0.0008583691087551415,19
17,6,36,0,0.14705882966518402,20
17,6,37,0,0.04210526496171951,21
17,6,38,0,0.024390242993831635,22
17,6,39,1,0.04210526496171951,23
17,6,40,1,0.0,24
18,6,5,0,0.5555555820465088,1
18,6,6,0,0.22077922523021698,2
18,6,7,0,0.14705882966518402,3
18,6,8,0,0.04210526496171951,4
18,6,9,0,0.04210526496171951,5
18,6,10,0,0.5898094177246094,6
18,6,11,0,0.5677025318145752,7
18,6,12,0,0.22077922523021698,8
18,6,13,0,0.14705882966518402,9
18,6,14,0,0.6666666865348816,10
18,6,15,0,0.6666666865348816,11
18,6,16,0,0.931034505367279,12
18,6,17,1,0.931034505367279,13
18,6,18,1,0.9931662678718567,14
18,6,19,1,0.9682539701461792,15
18,6,20,1,0.024390242993831635,16
18,6,21,0,0.010893246158957481,17
18,6,22,0,0.14705882966518402,18
18,6,23,0,0.04210526496171951,19
18,6,24,1,0.04210526496171951,20
18,6,25,1,0.010893246158957481,21
18,6,26,1,0.04210526496171951,22
18,6,27,0,0.0008583691087551415,23
18,6,28,0,0.04210526496171951,24
18,6,29,1,0.01149425283074379,25
18,6,30,1,0.0008583691087551415,26
18,6,31,0,0.010893246158957481,27
18,6,32,0,0.6899874210357666,28
18,6,33,1,0.22077922523021698,29
18,6,34,1,0.010893246158957481,30
18,6,35,0,0.0008583691087551415,31
18,6,36,0,0.14705882966518402,32
18,6,37,0,0.04210526496171951,33
18,6,38,0,0.14705882966518402,34
18,6,39,1,0.4000000059604645,35
18,6,40,1,0.0008583691087551415,36
19,2,29,1,0.7027027010917664,1
19,2,30,1,0.024390242993831635,2
19,2,31,0,0.0,3
19,2,32,0,0.010893246158957481,4
19,2,33,1,0.010893246158957481,5
19,2,34,0,0.0008583691087551415,6
19,2,35,0,0.04210526496171951,7
19,2,36,1,0.14705882966518402,8
19,2,37,1,0.14705882966518402,9
19,2,38,0,0.0008583691087551415,10
19,2,39,1,0.22077922523021698,11
19,2,40,0,0.0,12
21,5,17,0,0.9682539701461792,1
21,5,18,1,0.4000000059604645,2
21,5,19,1,0.0008583691087551415,3
21,5,20,1,0.04210526496171951,4
21,5,21,0,0.0,5
21,5,22,0,0.0008583691087551415,6
21,5,23,0,0.010893246158957481,7
21,5,24,1,0.22077922523021698,8
21,5,25,0,0.0008583691087551415,9
21,5,26,0,0.010893246158957481,10
21,5,27,0,0.04210526496171951,11
21,5,28,1,0.931034505367279,12
21,5,29,0,0.024390242993831635,13
21,5,30,0,0.22077922523021698,14
21,5,31,0,0.18483367562294006,15
21,5,32,0,0.22077922523021698,16
21,5,33,1,0.9931662678718567,17
21,5,34,0,0.011418340727686882,18
21,5,35,0,0.14705882966518402,19
21,5,36,1,0.931034505367279,20
21,5,37,0,0.010893246158957481,21
21,5,38,0,0.14705882966518402,22
21,5,39,1,0.9931662678718567,23
21,5,40,0,0.0008583691087551415,24
22,5,17,0,0.9682539701461792,1
22,5,18,1,0.4000000059604645,2
22,5,19,1,0.0008583691087551415,3
22,5,20,1,0.04210526496171951,4
22,5,21,0,0.0,5
22,5,22,0,0.0008583691087551415,6
22,5,23,0,0.010893246158957481,7
22,5,24,1,0.22077922523021698,8
22,5,25,0,0.0008583691087551415,9
22,5,26,0,0.010893246158957481,10
22,5,27,0,0.04210526496171951,11
22,5,28,1,0.931034505367279,12
22,5,29,0,0.024390242993831635,13
22,5,30,0,0.22077922523021698,14
22,5,31,0,0.18483367562294006,15
22,5,32,0,0.22077922523021698,16
22,5,33,1,0.9931662678718567,17
22,5,34,0,0.011418340727686882,18
22,5,35,0,0.14705882966518402,19
22,5,36,1,0.931034505367279,20
22,5,37,0,0.010893246158957481,21
22,5,38,0,0.14705882966518402,22
22,5,39,1,0.9931662678718567,23
22,5,40,0,0.0008583691087551415,24
23,5,5,1,0.9931662678718567,1
23,5,6,0,0.010893246158957481,2
23,5,7,0,0.010893246158957481,3
23,5,8,1,0.04210526496171951,4
23,5,9,0,0.024390242993831635,5
23,5,10,1,0.22077922523021698,6
23,5,11,1,0.024390242993831635,7
23,5,12,0,0.0,8
23,5,13,1,0.22077922523021698,9
23,5,14,0,0.0008583691087551415,10
23,5,15,0,0.0,11
23,5,16,0,0.14705882966518402,12
23,5,17,0,0.22077922523021698,13
23,5,18,1,0.7027027010917664,14
23,5,19,0,0.04210526496171951,15
23,5,20,1,0.6666666865348816,16
23,5,21,0,0.010893246158957481,17
23,5,22,0,0.04210526496171951,18
23,5,23,0,0.01149425283074379,19
23,5,24,1,0.6000000238418579,20
23,5,25,0,0.0008583691087551415,21
23,5,26,0,0.024390242993831635,22
23,5,27,0,0.024390242993831635,23
23,5,28,1,1.0,24
23,5,29,0,0.010893246158957481,25
23,5,30,0,0.010893246158957481,26
23,5,31,0,0.024390242993831635,27
23,5,32,0,0.010893246158957481,28
23,5,33,1,0.931034505367279,29
23,5,34,0,0.010893246158957481,30
23,5,35,0,0.04210526496171951,31
23,5,36,1,0.8007620573043823,32
23,5,37,0,0.024390242993831635,33
23,5,38,0,0.024390242993831635,34
23,5,39,1,0.9682539701461792,35
23,5,40,0,0.0008583691087551415,36
25,5,33,1,0.5555555820465088,1
25,5,34,0,0.024390242993831635,2
25,5,35,0,0.0008583691087551415,3
25,5,36,1,0.010893246158957481,4
25,5,37,0,0.010893246158957481,5
25,5,38,0,0.22077922523021698,6
25,5,39,1,0.2933881878852844,7
25,5,40,0,0.04210526496171951,8
25,6,1,0,0.0008583691087551415,9
25,6,2,0,0.0008583691087551415,10
25,6,3,0,0.0008583691087551415,11
25,6,4,0,0.14705882966518402,12
25,6,5,0,0.14705882966518402,13
25,6,6,0,0.22077922523021698,14
25,6,7,0,0.14705882966518402,15
25,6,8,0,0.14705882966518402,16
25,6,9,0,0.3853251338005066,17
25,6,10,0,0.5555555820465088,18
25,6,11,0,0.6666666865348816,19
25,6,12,0,0.6666666865348816,20
25,6,13,0,0.6666666865348816,21
25,6,14,0,0.8055555820465088,22
25,6,15,0,0.7027027010917664,23
25,6,16,0,0.7027027010917664,24
25,6,17,1,0.8055555820465088,25
25,6,18,1,0.9682539701461792,26
25,6,19,1,0.6666666865348816,27
25,6,20,1,0.14705882966518402,28
25,6,21,0,0.0008583691087551415,29
25,6,22,0,0.22077922523021698,30
25,6,23,0,0.14705882966518402,31
25,6,24,1,0.14705882966518402,32
25,6,25,1,0.010893246158957481,33
25,6,26,1,0.024390242993831635,34
25,6,27,1,0.0008583691087551415,35
25,6,28,0,0.04210526496171951,36
25,6,29,1,0.024390242993831635,37
25,6,30,1,0.0008583691087551415,38
25,6,31,0,0.0008583691087551415,39
25,6,32,0,0.22077922523021698,40
25,6,33,1,0.22077922523021698,41
25,6,34,1,0.010893246158957481,42
25,6,35,0,0.0008583691087551415,43
25,6,36,0,0.22077922523021698,44
25,6,37,0,0.22077922523021698,45
25,6,38,0,0.22077922523021698,46
25,6,39,1,0.22077922523021698,47
25,6,40,1,0.0008583691087551415,48
27,6,5,0,0.5555555820465088,1
27,6,6,0,0.22077922523021698,2
27,6,7,0,0.14705882966518402,3
27,6,8,0,0.04210526496171951,4
27,6,9,0,0.04210526496171951,5
27,6,10,0,0.5898094177246094,6
27,6,11,0,0.5677025318145752,7
27,6,12,0,0.22077922523021698,8
27,6,13,0,0.14705882966518402,9
27,6,14,0,0.6666666865348816,10
27,6,15,0,0.6666666865348816,11
27,6,16,0,0.931034505367279,12
27,6,17,1,0.931034505367279,13
27,6,18,1,0.9931662678718567,14
27,6,19,1,0.9682539701461792,15
27,6,20,1,0.024390242993831635,16
27,6,21,0,0.010893246158957481,17
27,6,22,0,0.14705882966518402,18
27,6,23,0,0.04210526496171951,19
27,6,24,1,0.04210526496171951,20
27,6,25,1,0.010893246158957481,21
27,6,26,1,0.04210526496171951,22
27,6,27,0,0.0008583691087551415,23
27,6,28,0,0.04210526496171951,24
27,6,29,1,0.01149425283074379,25
27,6,30,1,0.0008583691087551415,26
27,6,31,0,0.010893246158957481,27
27,6,32,0,0.6899874210357666,28
27,6,33,1,0.22077922523021698,29
27,6,34,1,0.010893246158957481,30
27,6,35,0,0.0008583691087551415,31
27,6,36,0,0.14705882966518402,32
27,6,37,0,0.04210526496171951,33
27,6,38,0,0.14705882966518402,34
27,6,39,1,0.4000000059604645,35
27,6,40,1,0.0008583691087551415,36
29,6,17,1,0.22077922523021698,1
29,6,18,1,0.0008583691087551415,2
29,6,19,1,0.0,3
29,6,20,1,0.0,4
29,6,21,0,0.0,5
29,6,22,0,0.0008583691087551415,6
29,6,23,0,0.0008583691087551415,7
29,6,24,1,0.0,8
29,6,25,1,0.0008583691087551415,9
29,6,26,1,0.0008583691087551415,10
29,6,27,1,0.0008583691087551415,11
29,6,28,0,0.010893246158957481,12
29,6,29,1,0.010893246158957481,13
29,6,30,1,0.0,14
29,6,31,0,0.0,15
29,6,32,0,0.010893246158957481,16
29,6,33,1,0.010893246158957481,17
29,6,34,1,0.0008583691087551415,18
29,6,35,0,0.0008583691087551415,19
29,6,36,0,0.14705882966518402,20
29,6,37,0,0.04210526496171951,21
29,6,38,0,0.024390242993831635,22
29,6,39,1,0.04210526496171951,23
29,6,40,1,0.0,24
32,6,17,1,0.22077922523021698,1
32,6,18,1,0.0008583691087551415,2
32,6,19,1,0.0,3
32,6,20,1,0.0,4
32,6,21,0,0.0,5
32,6,22,0,0.0008583691087551415,6
32,6,23,0,0.0008583691087551415,7
32,6,24,1,0.0,8
32,6,25,1,0.0008583691087551415,9
32,6,26,1,0.0008583691087551415,10
32,6,27,1,0.0008583691087551415,11
32,6,28,0,0.010893246158957481,12
32,6,29,1,0.010893246158957481,13
32,6,30,1,0.0,14
32,6,31,0,0.0,15
32,6,32,0,0.010893246158957481,16
32,6,33,1,0.010893246158957481,17
32,6,34,1,0.0008583691087551415,18
32,6,35,0,0.0008583691087551415,19
32,6,36,0,0.14705882966518402,20
32,6,37,0,0.04210526496171951,21
32,6,38,0,0.024390242993831635,22
32,6,39,1,0.04210526496171951,23
32,6,40,1,0.0,24
34,6,5,0,0.5555555820465088,1
34,6,6,0,0.22077922523021698,2
34,6,7,0,0.14705882966518402,3
34,6,8,0,0.04210526496171951,4
34,6,9,0,0.04210526496171951,5
34,6,10,0,0.5898094177246094,6
34,6,11,0,0.5677025318145752,7
34,6,12,0,0.22077922523021698,8
34,6,13,0,0.14705882966518402,9
34,6,14,0,0.6666666865348816,10
34,6,15,0,0.6666666865348816,11
34,6,16,0,0.931034505367279,12
34,6,17,1,0.931034505367279,13
34,6,18,1,0.9931662678718567,14
34,6,19,1,0.9682539701461792,15
34,6,20,1,0.024390242993831635,16
34,6,21,0,0.010893246158957481,17
34,6,22,0,0.14705882966518402,18
34,6,23,0,0.04210526496171951,19
34,6,24,1,0.04210526496171951,20
34,6,25,1,0.010893246158957481,21
34,6,26,1,0.04210526496171951,22
34,6,27,1,0.0008583691087551415,23
34,6,28,0,0.024390242993831635,24
34,6,29,1,0.024390242993831635,25
34,6,30,1,0.0008583691087551415,26
34,6,31,0,0.0008583691087551415,27
34,6,32,0,0.22077922523021698,28
34,6,33,1,0.22077922523021698,29
34,6,34,1,0.0008583691087551415,30
34,6,35,0,0.010893246158957481,31
34,6,36,0,0.5793569087982178,32
34,6,37,0,0.14705882966518402,33
34,6,38,0,0.14705882966518402,34
34,6,39,1,0.22077922523021698,35
34,6,40,1,0.0008583691087551415,36
36,6,17,1,0.22077922523021698,1
36,6,18,1,0.0008583691087551415,2
36,6,19,1,0.0,3
36,6,20,1,0.0,4
36,6,21,0,0.0,5
36,6,22,0,0.0008583691087551415,6
36,6,23,0,0.0008583691087551415,7
36,6,24,1,0.0,8
36,6,25,1,0.0008583691087551415,9
36,6,26,1,0.0008583691087551415,10
36,6,27,0,0.0008583691087551415,11
36,6,28,0,0.04210526496171951,12
36,6,29,1,0.0008583691087551415,13
36,6,30,1,0.0,14
36,6,31,0,0.0,15
36,6,32,0,0.010893246158957481,16
36,6,33,1,0.010893246158957481,17
36,6,34,1,0.0008583691087551415,18
36,6,35,0,0.0,19
36,6,36,0,0.024390242993831635,20
36,6,37,0,0.024390242993831635,21
36,6,38,0,0.024390242993831635,22
36,6,39,1,0.14705882966518402,23
36,6,40,1,0.0,24
39,2,29,1,0.7027027010917664,1
39,2,30,1,0.024390242993831635,2
39,2,31,0,0.0,3
39,2,32,0,0.010893246158957481,4
39,2,33,1,0.010893246158957481,5
39,2,34,0,0.0008583691087551415,6
39,2,35,0,0.04210526496171951,7
39,2,36,1,0.14705882966518402,8
39,2,37,1,0.14705882966518402,9
39,2,38,0,0.0008583691087551415,10
39,2,39,1,0.22077922523021698,11
39,2,40,0,0.0,12
42,3,17,0,0.9682539701461792,1
42,3,18,0,0.14705882966518402,2
42,3,19,1,0.22077922523021698,3
42,3,20,1,0.024390242993831635,4
42,3,21,0,0.010893246158957481,5
42,3,22,0,0.5555555820465088,6
42,3,23,0,0.14705882966518402,7
42,3,24,0,0.22077922523021698,8
42,3,25,0,0.14705882966518402,9
42,3,26,1,0.931034505367279,10
42,3,27,0,0.01149425283074379,11
42,3,28,1,0.9682539701461792,12
42,3,29,1,0.5721505284309387,13
42,3,30,0,0.0008583691087551415,14
42,3,31,0,0.01149425283074379,15
42,3,32,1,0.6000000238418579,16
42,3,33,0,0.010893246158957481,17
42,3,34,1,0.5555555820465088,18
42,3,35,0,0.0008583691087551415,19
42,3,36,1,0.7027027010917664,20
42,3,37,1,0.14705882966518402,21
42,3,38,0,0.0,22
42,3,39,0,0.010893246158957481,23
42,3,40,0,0.01149425283074379,24
43,5,17,0,0.9682539701461792,1
43,5,18,1,0.4000000059604645,2
43,5,19,0,0.0008583691087551415,3
43,5,20,1,0.22077922523021698,4
43,5,21,0,0.0008583691087551415,5
43,5,22,0,0.0008583691087551415,6
43,5,23,0,0.0008583691087551415,7
43,5,24,1,0.14705882966518402,8
43,5,25,0,0.0008583691087551415,9
43,5,26,0,0.024390242993831635,10
43,5,27,0,0.024390242993831635,11
43,5,28,1,0.7027027010917664,12
43,5,29,0,0.024390242993831635,13
43,5,30,0,0.22077922523021698,14
43,5,31,0,0.14705882966518402,15
43,5,32,0,0.14705882966518402,16
43,5,33,1,0.9682539701461792,17
43,5,34,0,0.010893246158957481,18
43,5,35,0,0.024390242993831635,19
43,5,36,1,0.4000000059604645,20
43,5,37,0,0.010893246158957481,21
43,5,38,0,0.14705882966518402,22
43,5,39,1,0.9931662678718567,23
43,5,40,0,0.010893246158957481,24
44,5,17,0,0.9682539701461792,1
44,5,18,1,0.4000000059604645,2
44,5,19,0,0.0008583691087551415,3
44,5,20,1,0.22077922523021698,4
44,5,21,0,0.0008583691087551415,5
44,5,22,0,0.0008583691087551415,6
44,5,23,0,0.0008583691087551415,7
44,5,24,1,0.14705882966518402,8
44,5,25,0,0.0008583691087551415,9
44,5,26,0,0.024390242993831635,10
44,5,27,0,0.024390242993831635,11
44,5,28,1,0.7027027010917664,12
44,5,29,0,0.024390242993831635,13
44,5,30,0,0.22077922523021698,14
44,5,31,0,0.14705882966518402,15
44,5,32,0,0.14705882966518402,16
44,5,33,1,0.9682539701461792,17
44,5,34,0,0.010893246158957481,18
44,5,35,0,0.024390242993831635,19
44,5,36,1,0.4000000059604645,20
44,5,37,0,0.010893246158957481,21
44,5,38,0,0.14705882966518402,22
44,5,39,1,0.9931662678718567,23
44,5,40,0,0.010893246158957481,24
45,2,29,0,0.7027027010917664,1
45,2,30,1,0.22077922523021698,2
45,2,31,0,0.0008583691087551415,3
45,2,32,0,0.14705882966518402,4
45,2,33,1,0.14705882966518402,5
45,2,34,0,0.0008583691087551415,6
45,2,35,0,0.14705882966518402,7
45,2,36,1,0.14705882966518402,8
45,2,37,1,0.04210526496171951,9
45,2,38,0,0.0008583691087551415,10
45,2,39,1,0.22077922523021698,11
45,2,40,0,0.0,12
46,5,5,1,0.9931662678718567,1
46,5,6,0,0.010893246158957481,2
46,5,7,0,0.010893246158957481,3
46,5,8,1,0.04210526496171951,4
46,5,9,0,0.024390242993831635,5
46,5,10,1,0.22077922523021698,6
46,5,11,1,0.024390242993831635,7
46,5,12,0,0.0,8
46,5,13,1,0.22077922523021698,9
46,5,14,0,0.0008583691087551415,10
46,5,15,0,0.0,11
46,5,16,0,0.14705882966518402,12
46,5,17,0,0.22077922523021698,13
46,5,18,1,0.7027027010917664,14
46,5,19,1,0.04210526496171951,15
46,5,20,1,0.6060389876365662,16
46,5,21,0,0.0008583691087551415,17
46,5,22,0,0.04210526496171951,18
46,5,23,0,0.010893246158957481,19
46,5,24,1,0.931034505367279,20
46,5,25,0,0.0,21
46,5,26,0,0.01149425283074379,22
46,5,27,0,0.04210526496171951,23
46,5,28,1,0.9940828680992126,24
46,5,29,0,0.01149425283074379,25
46,5,30,0,0.010893246158957481,26
46,5,31,0,0.01149425283074379,27
46,5,32,0,0.01149425283074379,28
46,5,33,1,0.9931662678718567,29
46,5,34,0,0.01149425283074379,30
46,5,35,0,0.14705882966518402,31
46,5,36,1,0.931034505367279,32
46,5,37,0,0.024390242993831635,33
46,5,38,0,0.04210526496171951,34
46,5,39,1,0.9682539701461792,35
46,5,40,0,0.0008583691087551415,36
48,5,5,1,0.9682539701461792,1
48,5,6,0,0.024390242993831635,2
48,5,7,0,0.010893246158957481,3
48,5,8,1,0.04210526496171951,4
48,5,9,0,0.024390242993831635,5
48,5,10,1,0.22077922523021698,6
48,5,11,1,0.04210526496171951,7
48,5,12,0,0.0008583691087551415,8
48,5,13,1,0.22077922523021698,9
48,5,14,0,0.0,10
48,5,15,0,0.0,11
48,5,16,0,0.14705882966518402,12
48,5,17,0,0.14705882966518402,13
48,5,18,1,0.8055555820465088,14
48,5,19,1,0.14705882966518402,15
48,5,20,1,0.6666666865348816,16
48,5,21,0,0.0008583691087551415,17
48,5,22,0,0.024390242993831635,18
48,5,23,0,0.010893246158957481,19
48,5,24,1,0.8055555820465088,20
48,5,25,0,0.0008583691087551415,21
48,5,26,0,0.010893246158957481,22
48,5,27,0,0.01149425283074379,23
48,5,28,1,1.0,24
48,5,29,0,0.011386888101696968,25
48,5,30,0,0.010893246158957481,26
48,5,31,0,0.01149425283074379,27
48,5,32,0,0.010893246158957481,28
48,5,33,1,0.9931662678718567,29
48,5,34,0,0.01149425283074379,30
48,5,35,0,0.04210526496171951,31
48,5,36,1,0.931034505367279,32
48,5,37,0,0.024390242993831635,33
48,5,38,0,0.04210526496171951,34
48,5,39,1,0.9682539701461792,35
48,5,40,0,0.0008583691087551415,36
50,3,17,0,0.931034505367279,1
50,3,18,0,0.14705882966518402,2
50,3,19,1,0.5555555820465088,3
50,3,20,1,0.024390242993831635,4
50,3,21,0,0.010893246158957481,5
50,3,22,1,0.6132956743240356,6
50,3,23,0,0.04210526496171951,7
50,3,24,0,0.14705882966518402,8
50,3,25,0,0.149135559797287,9
50,3,26,1,0.624695897102356,10
50,3,27,0,0.0008583691087551415,11
50,3,28,1,0.9682539701461792,12
50,3,29,1,0.04210526496171951,13
50,3,30,0,0.0,14
50,3,31,0,0.010893246158957481,15
50,3,32,1,0.22077922523021698,16
50,3,33,0,0.010893246158957481,17
50,3,34,1,0.22077922523021698,18
50,3,35,0,0.0008583691087551415,19
50,3,36,1,0.6000000238418579,20
50,3,37,1,0.024390242993831635,21
50,3,38,0,0.0,22
50,3,39,0,0.010893246158957481,23
50,3,40,0,0.010893246158957481,24
51,5,33,1,0.6000000238418579,1
51,5,34,0,0.024390242993831635,2
51,5,35,0,0.0008583691087551415,3
51,5,36,1,0.010893246158957481,4
51,5,37,0,0.01149425283074379,5
51,5,38,0,0.22077922523021698,6
51,5,39,1,0.5555555820465088,7
51,5,40,0,0.14705882966518402,8
51,6,1,0,0.010893246158957481,9
51,6,2,0,0.010893246158957481,10
51,6,3,0,0.024390242993831635,11
51,6,4,0,0.14705882966518402,12
51,6,5,0,0.22077922523021698,13
51,6,6,0,0.14705882966518402,14
51,6,7,0,0.04210526496171951,15
51,6,8,0,0.04210526496171951,16
51,6,9,0,0.22077922523021698,17
51,6,10,0,0.14705882966518402,18
51,6,11,0,0.14705882966518402,19
51,6,12,0,0.22077922523021698,20
51,6,13,0,0.22077922523021698,21
51,6,14,0,0.4000000059604645,22
51,6,15,0,0.5555555820465088,23
51,6,16,0,0.22077922523021698,24
51,6,17,1,0.6666666865348816,25
51,6,18,1,0.7027027010917664,26
51,6,19,1,0.22077922523021698,27
51,6,20,1,0.14705882966518402,28
51,6,21,0,0.0008583691087551415,29
51,6,22,0,0.04210526496171951,30
51,6,23,0,0.01149425283074379,31
51,6,24,1,0.024390242993831635,32
51,6,25,1,0.01149425283074379,33
51,6,26,1,0.36527425050735474,34
51,6,27,1,0.04210526496171951,35
51,6,28,0,0.22077922523021698,36
51,6,29,1,0.22077922523021698,37
51,6,30,1,0.010893246158957481,38
51,6,31,0,0.0008583691087551415,39
51,6,32,0,0.22077922523021698,40
51,6,33,1,0.22077922523021698,41
51,6,34,1,0.0008583691087551415,42
51,6,35,0,0.0,43
51,6,36,0,0.024390242993831635,44
51,6,37,0,0.04210526496171951,45
51,6,38,0,0.04210526496171951,46
51,6,39,1,0.04210526496171951,47
51,6,40,1,0.0008583691087551415,48
52,5,5,1,0.9682539701461792,1
52,5,6,0,0.024390242993831635,2
52,5,7,0,0.010893246158957481,3
52,5,8,1,0.04210526496171951,4
52,5,9,0,0.024390242993831635,5
52,5,10,1,0.22077922523021698,6
52,5,11,1,0.04210526496171951,7
52,5,12,0,0.0008583691087551415,8
52,5,13,1,0.22077922523021698,9
52,5,14,0,0.0,10
52,5,15,0,0.0,11
52,5,16,0,0.14705882966518402,12
52,5,17,0,0.14705882966518402,13
52,5,18,1,0.8055555820465088,14
52,5,19,1,0.14705882966518402,15
52,5,20,1,0.6666666865348816,16
52,5,21,0,0.0008583691087551415,17
52,5,22,0,0.024390242993831635,18
52,5,23,0,0.010893246158957481,19
52,5,24,1,0.8055555820465088,20
52,5,25,0,0.0008583691087551415,21
52,5,26,0,0.010893246158957481,22
52,5,27,0,0.01149425283074379,23
52,5,28,1,1.0,24
52,5,29,0,0.011386888101696968,25
52,5,30,0,0.010893246158957481,26
52,5,31,0,0.01149425283074379,27
52,5,32,0,0.010893246158957481,28
52,5,33,1,0.9931662678718567,29
52,5,34,0,0.01149425283074379,30
52,5,35,0,0.04210526496171951,31
52,5,36,1,0.931034505367279,32
52,5,37,0,0.024390242993831635,33
52,5,38,0,0.04210526496171951,34
52,5,39,1,0.9682539701461792,35
52,5,40,0,0.0008583691087551415,36
53,6,5,0,0.22077922523021698,1
53,6,6,0,0.22077922523021698,2
53,6,7,0,0.14705882966518402,3
53,6,8,0,0.14705882966518402,4
53,6,9,0,0.14705882966518402,5
53,6,10,0,0.6666666865348816,6
53,6,11,0,0.6666666865348816,7
53,6,12,0,0.4526732861995697,8
53,6,13,0,0.22077922523021698,9
53,6,14,0,0.6666666865348816,10
53,6,15,0,0.3009437024593353,11
53,6,16,0,0.6666666865348816,12
53,6,17,1,0.7027027010917664,13
53,6,18,1,0.9682539701461792,14
53,6,19,1,0.7027027010917664,15
53,6,20,1,0.010893246158957481,16
53,6,21,0,0.0008583691087551415,17
53,6,22,0,0.010893246158957481,18
53,6,23,0,0.0008583691087551415,19
53,6,24,1,0.0008583691087551415,20
53,6,25,1,0.024390242993831635,21
53,6,26,1,0.22077922523021698,22
53,6,27,1,0.01149425283074379,23
53,6,28,0,0.04210526496171951,24
53,6,29,1,0.14705882966518402,25
53,6,30,1,0.010893246158957481,26
53,6,31,0,0.0008583691087551415,27
53,6,32,0,0.22077922523021698,28
53,6,33,1,0.22077922523021698,29
53,6,34,1,0.0008583691087551415,30
53,6,35,0,0.0,31
53,6,36,0,0.04210526496171951,32
53,6,37,0,0.01149425283074379,33
53,6,38,0,0.01149425283074379,34
53,6,39,1,0.04210526496171951,35
53,6,40,1,0.0,36
54,5,17,0,0.931034505367279,1
54,5,18,1,0.7027027010917664,2
54,5,19,1,0.0008583691087551415,3
54,5,20,1,0.04210526496171951,4
54,5,21,0,0.0,5
54,5,22,0,0.0008583691087551415,6
54,5,23,0,0.024390242993831635,7
54,5,24,1,0.521223247051239,8
54,5,25,0,0.0008583691087551415,9
54,5,26,0,0.01149425283074379,10
54,5,27,0,0.024390242993831635,11
54,5,28,1,0.8055555820465088,12
54,5,29,0,0.024390242993831635,13
54,5,30,0,0.22077922523021698,14
54,5,31,0,0.22077922523021698,15
54,5,32,0,0.22077922523021698,16
54,5,33,1,0.9931662678718567,17
54,5,34,0,0.01149425283074379,18
54,5,35,0,0.04210526496171951,19
54,5,36,1,0.931034505367279,20
54,5,37,0,0.024390242993831635,21
54,5,38,0,0.22077922523021698,22
54,5,39,1,0.9931662678718567,23
54,5,40,0,0.010893246158957481,24
55,6,17,1,0.22077922523021698,1
55,6,18,1,0.0008583691087551415,2
55,6,19,1,0.0,3
55,6,20,1,0.0,4
55,6,21,0,0.0,5
55,6,22,0,0.0008583691087551415,6
55,6,23,0,0.0008583691087551415,7
55,6,24,1,0.0,8
55,6,25,1,0.0008583691087551415,9
55,6,26,1,0.010893246158957481,10
55,6,27,1,0.0008583691087551415,11
55,6,28,0,0.010893246158957481,12
55,6,29,1,0.0008583691087551415,13
55,6,30,1,0.0,14
55,6,31,0,0.0,15
55,6,32,0,0.0008583691087551415,16
55,6,33,1,0.010893246158957481,17
55,6,34,1,0.0,18
55,6,35,0,0.0,19
55,6,36,0,0.024390242993831635,20
55,6,37,0,0.010893246158957481,21
55,6,38,0,0.0008583691087551415,22
55,6,39,1,0.010893246158957481,23
55,6,40,1,0.0,24
56,2,29,0,0.7027027010917664,1
56,2,30,1,0.010893246158957481,2
56,2,31,0,0.0008583691087551415,3
56,2,32,0,0.04210526496171951,4
56,2,33,1,0.14705882966518402,5
56,2,34,0,0.0008583691087551415,6
56,2,35,0,0.04210526496171951,7
56,2,36,1,0.14705882966518402,8
56,2,37,1,0.14705882966518402,9
56,2,38,0,0.010893246158957481,10
56,2,39,1,0.14705882966518402,11
56,2,40,0,0.0008583691087551415,12
57,5,5,1,0.9682539701461792,1
57,5,6,0,0.024390242993831635,2
57,5,7,0,0.010893246158957481,3
57,5,8,1,0.04210526496171951,4
57,5,9,0,0.024390242993831635,5
57,5,10,1,0.22077922523021698,6
57,5,11,1,0.04210526496171951,7
57,5,12,0,0.0008583691087551415,8
57,5,13,1,0.22077922523021698,9
57,5,14,0,0.0,10
57,5,15,0,0.0,11
57,5,16,0,0.14705882966518402,12
57,5,17,0,0.14705882966518402,13
57,5,18,1,0.8055555820465088,14
57,5,19,1,0.14705882966518402,15
57,5,20,1,0.6666666865348816,16
57,5,21,0,0.0008583691087551415,17
57,5,22,0,0.024390242993831635,18
57,5,23,0,0.010893246158957481,19
57,5,24,1,0.8055555820465088,20
57,5,25,0,0.0008583691087551415,21
57,5,26,0,0.010893246158957481,22
57,5,27,0,0.01149425283074379,23
57,5,28,1,1.0,24
57,5,29,0,0.011386888101696968,25
57,5,30,0,0.010893246158957481,26
57,5,31,0,0.01149425283074379,27
57,5,32,0,0.010893246158957481,28
57,5,33,1,0.9931662678718567,29
57,5,34,0,0.01149425283074379,30
57,5,35,0,0.04210526496171951,31
57,5,36,1,0.931034505367279,32
57,5,37,0,0.024390242993831635,33
57,5,38,0,0.04210526496171951,34
57,5,39,1,0.9682539701461792,35
57,5,40,0,0.0008583691087551415,36
58,3,17,0,0.931034505367279,1
58,3,18,0,0.14705882966518402,2
58,3,19,1,0.5555555820465088,3
58,3,20,1,0.024390242993831635,4
58,3,21,0,0.010893246158957481,5
58,3,22,1,0.6132956743240356,6
58,3,23,0,0.04210526496171951,7
58,3,24,0,0.14705882966518402,8
58,3,25,0,0.149135559797287,9
58,3,26,1,0.624695897102356,10
58,3,27,0,0.0008583691087551415,11
58,3,28,1,0.9682539701461792,12
58,3,29,1,0.04210526496171951,13
58,3,30,0,0.0,14
58,3,31,0,0.010893246158957481,15
58,3,32,1,0.22077922523021698,16
58,3,33,0,0.010893246158957481,17
58,3,34,1,0.22077922523021698,18
58,3,35,0,0.0008583691087551415,19
58,3,36,1,0.6000000238418579,20
58,3,37,1,0.024390242993831635,21
58,3,38,0,0.0,22
58,3,39,0,0.010893246158957481,23
58,3,40,0,0.010893246158957481,24
60,6,17,1,0.22077922523021698,1
60,6,18,1,0.0008583691087551415,2
60,6,19,1,0.0,3
60,6,20,1,0.0,4
60,6,21,0,0.0,5
60,6,22,0,0.0008583691087551415,6
60,6,23,0,0.0008583691087551415,7
60,6,24,1,0.0,8
60,6,25,1,0.0008583691087551415,9
60,6,26,1,0.010893246158957481,10
60,6,27,1,0.0008583691087551415,11
60,6,28,0,0.010893246158957481,12
60,6,29,1,0.0008583691087551415,13
60,6,30,1,0.0,14
60,6,31,0,0.0,15
60,6,32,0,0.0008583691087551415,16
60,6,33,1,0.010893246158957481,17
60,6,34,1,0.0,18
60,6,35,0,0.0,19
60,6,36,0,0.024390242993831635,20
60,6,37,0,0.010893246158957481,21
60,6,38,0,0.0008583691087551415,22
60,6,39,1,0.010893246158957481,23
60,6,40,1,0.0,24
61,6,5,0,0.4000000059604645,1
61,6,6,0,0.8055555820465088,2
61,6,7,0,0.04210526496171951,3
61,6,8,0,0.024390242993831635,4
61,6,9,0,0.04210526496171951,5
61,6,10,1,0.22077922523021698,6
61,6,11,0,0.6666666865348816,7
61,6,12,0,0.6666666865348816,8
61,6,13,1,0.22077922523021698,9
61,6,14,0,0.024390242993831635,10
61,6,15,0,0.04210526496171951,11
61,6,16,0,0.22077922523021698,12
61,6,17,1,0.22077922523021698,13
61,6,18,0,0.931034505367279,14
61,6,19,1,0.931034505367279,15
61,6,20,1,0.22077922523021698,16
61,6,21,0,0.010893246158957481,17
61,6,22,0,0.6666666865348816,18
61,6,23,0,0.22077922523021698,19
61,6,24,1,0.22077922523021698,20
61,6,25,1,0.14705882966518402,21
61,6,26,1,0.04210526496171951,22
61,6,27,1,0.0008583691087551415,23
61,6,28,0,0.010893246158957481,24
61,6,29,1,0.010893246158957481,25
61,6,30,1,0.0008583691087551415,26
61,6,31,1,0.0008583691087551415,27
61,6,32,0,0.010893246158957481,28
61,6,33,1,0.04210526496171951,29
61,6,34,1,0.0,30
61,6,35,0,0.0,31
61,6,36,0,0.0008583691087551415,32
61,6,37,0,0.010893246158957481,33
61,6,38,0,0.010893246158957481,34
61,6,39,1,0.010893246158957481,35
61,6,40,1,0.0,36
62,6,17,0,0.22077922523021698,1
62,6,18,1,0.9931662678718567,2
62,6,19,1,0.04210526496171951,3
62,6,20,1,0.0008583691087551415,4
62,6,21,0,0.0,5
62,6,22,0,0.0008583691087551415,6
62,6,23,0,0.0008583691087551415,7
62,6,24,1,0.010893246158957481,8
62,6,25,1,0.0008583691087551415,9
62,6,26,1,0.0008583691087551415,10
62,6,27,1,0.0008583691087551415,11
62,6,28,0,0.0008583691087551415,12
62,6,29,1,0.0,13
62,6,30,1,0.0,14
62,6,31,1,0.0,15
62,6,32,0,0.0008583691087551415,16
62,6,33,1,0.0008583691087551415,17
62,6,34,1,0.0,18
62,6,35,0,0.0,19
62,6,36,0,0.0008583691087551415,20
62,6,37,0,0.010893246158957481,21
62,6,38,0,0.010893246158957481,22
62,6,39,1,0.010893246158957481,23
62,6,40,1,0.0,24
63,6,5,0,0.4000000059604645,1
63,6,6,0,0.8055555820465088,2
63,6,7,0,0.04210526496171951,3
63,6,8,0,0.024390242993831635,4
63,6,9,0,0.04210526496171951,5
63,6,10,1,0.22077922523021698,6
63,6,11,0,0.6666666865348816,7
63,6,12,0,0.6666666865348816,8
63,6,13,1,0.22077922523021698,9
63,6,14,0,0.024390242993831635,10
63,6,15,0,0.04210526496171951,11
63,6,16,0,0.22077922523021698,12
63,6,17,0,0.22077922523021698,13
63,6,18,1,0.6666666865348816,14
63,6,19,1,0.14705882966518402,15
63,6,20,1,0.22077922523021698,16
63,6,21,0,0.0008583691087551415,17
63,6,22,0,0.22077922523021698,18
63,6,23,0,0.14705882966518402,19
63,6,24,1,0.22077922523021698,20
63,6,25,1,0.14705882966518402,21
63,6,26,1,0.01149425283074379,22
63,6,27,1,0.0008583691087551415,23
63,6,28,0,0.010893246158957481,24
63,6,29,1,0.024390242993831635,25
63,6,30,1,0.010893246158957481,26
63,6,31,1,0.010893246158957481,27
63,6,32,0,0.024390242993831635,28
63,6,33,1,0.14705882966518402,29
63,6,34,1,0.0008583691087551415,30
63,6,35,0,0.0,31
63,6,36,0,0.0008583691087551415,32
63,6,37,0,0.01149425283074379,33
63,6,38,0,0.010893246158957481,34
63,6,39,1,0.01149425283074379,35
63,6,40,1,0.0,36
64,5,17,0,0.9682539701461792,1
64,5,18,1,0.22077922523021698,2
64,5,19,1,0.14705882966518402,3
64,5,20,1,0.22077922523021698,4
64,5,21,0,0.0008583691087551415,5
64,5,22,1,0.04210526496171951,6
64,5,23,0,0.010893246158957481,7
64,5,24,0,0.04210526496171951,8
64,5,25,0,0.0008583691087551415,9
64,5,26,0,0.04210526496171951,10
64,5,27,0,0.010893246158957481,11
64,5,28,1,0.22077922523021698,12
64,5,29,0,0.0008583691087551415,13
64,5,30,0,0.010893246158957481,14
64,5,31,0,0.01149425283074379,15
64,5,32,0,0.010893246158957481,16
64,5,33,1,0.9682539701461792,17
64,5,34,0,0.0008583691087551415,18
64,5,35,0,0.14705882966518402,19
64,5,36,1,0.7027027010917664,20
64,5,37,0,0.0008583691087551415,21
64,5,38,0,0.04210526496171951,22
64,5,39,1,0.8055555820465088,23
64,5,40,0,0.010893246158957481,24
65,5,5,1,0.9682539701461792,1
65,5,6,1,0.14705882966518402,2
65,5,7,0,0.024390242993831635,3
65,5,8,1,0.04210526496171951,4
65,5,9,0,0.010893246158957481,5
65,5,10,1,0.6000000238418579,6
65,5,11,1,0.0008583691087551415,7
65,5,12,0,0.0,8
65,5,13,1,0.36216408014297485,9
65,5,14,0,0.0,10
65,5,15,0,0.0008583691087551415,11
65,5,16,0,0.14705882966518402,12
65,5,17,0,0.04210526496171951,13
65,5,18,1,0.9682539701461792,14
65,5,19,1,0.22077922523021698,15
65,5,20,1,0.7027027010917664,16
65,5,21,0,0.0008583691087551415,17
65,5,22,1,0.8410963416099548,18
65,5,23,0,0.0008583691087551415,19
65,5,24,1,0.5555555820465088,20
65,5,25,0,0.0,21
65,5,26,0,0.010893246158957481,22
65,5,27,0,0.010893246158957481,23
65,5,28,1,0.9931662678718567,24
65,5,29,0,0.0008583691087551415,25
65,5,30,0,0.0008583691087551415,26
65,5,31,0,0.010893246158957481,27
65,5,32,0,0.0008583691087551415,28
65,5,33,1,0.931034505367279,29
65,5,34,0,0.0008583691087551415,30
65,5,35,0,0.04210526496171951,31
65,5,36,1,0.931034505367279,32
65,5,37,0,0.0008583691087551415,33
65,5,38,0,0.024390242993831635,34
65,5,39,1,0.8055555820465088,35
65,5,40,0,0.0008583691087551415,36
67,6,5,0,0.4000000059604645,1
67,6,6,0,0.8055555820465088,2
67,6,7,0,0.04210526496171951,3
67,6,8,0,0.024390242993831635,4
67,6,9,0,0.04210526496171951,5
67,6,10,0,0.22077922523021698,6
67,6,11,0,0.22077922523021698,7
67,6,12,0,0.29895466566085815,8
67,6,13,1,0.04210526496171951,9
67,6,14,0,0.04210526496171951,10
67,6,15,0,0.04210526496171951,11
67,6,16,0,0.024390242993831635,12
67,6,17,1,0.14705882966518402,13
67,6,18,1,0.931034505367279,14
67,6,19,1,0.5555555820465088,15
67,6,20,1,0.04210526496171951,16
67,6,21,0,0.0008583691087551415,17
67,6,22,0,0.4000000059604645,18
67,6,23,0,0.04210526496171951,19
67,6,24,1,0.14705882966518402,20
67,6,25,1,0.04210526496171951,21
67,6,26,1,0.04210526496171951,22
67,6,27,1,0.0008583691087551415,23
67,6,28,0,0.010893246158957481,24
67,6,29,1,0.010893246158957481,25
67,6,30,0,0.0008583691087551415,26
67,6,31,1,0.0008583691087551415,27
67,6,32,0,0.010893246158957481,28
67,6,33,1,0.04210526496171951,29
67,6,34,1,0.0,30
67,6,35,0,0.0,31
67,6,36,0,0.0008583691087551415,32
67,6,37,0,0.010893246158957481,33
67,6,38,0,0.01149425283074379,34
67,6,39,1,0.024390242993831635,35
67,6,40,1,0.0,36
68,5,5,0,0.9682539701461792,1
68,5,6,1,0.6666666865348816,2
68,5,7,0,0.024390242993831635,3
68,5,8,1,0.14705882966518402,4
68,5,9,0,0.0008583691087551415,5
68,5,10,1,0.22077922523021698,6
68,5,11,1,0.0008583691087551415,7
68,5,12,0,0.0,8
68,5,13,1,0.22077922523021698,9
68,5,14,0,0.0,10
68,5,15,0,0.0,11
68,5,16,0,0.04210526496171951,12
68,5,17,0,0.04210526496171951,13
68,5,18,1,0.9682539701461792,14
68,5,19,1,0.34554871916770935,15
68,5,20,1,0.6010351777076721,16
68,5,21,0,0.0008583691087551415,17
68,5,22,1,0.6000000238418579,18
68,5,23,0,0.0008583691087551415,19
68,5,24,0,0.22077922523021698,20
68,5,25,0,0.0,21
68,5,26,0,0.010893246158957481,22
68,5,27,0,0.010893246158957481,23
68,5,28,1,0.9931662678718567,24
68,5,29,0,0.0008583691087551415,25
68,5,30,0,0.0008583691087551415,26
68,5,31,0,0.010893246158957481,27
68,5,32,0,0.0008583691087551415,28
68,5,33,1,0.9682539701461792,29
68,5,34,0,0.0008583691087551415,30
68,5,35,0,0.04210526496171951,31
68,5,36,1,0.931034505367279,32
68,5,37,0,0.0008583691087551415,33
68,5,38,0,0.04210526496171951,34
68,5,39,0,0.931034505367279,35
68,5,40,0,0.0008583691087551415,36
72,5,5,0,0.9682539701461792,1
72,5,6,1,0.6666666865348816,2
72,5,7,0,0.024390242993831635,3
72,5,8,1,0.14705882966518402,4
72,5,9,0,0.0008583691087551415,5
72,5,10,1,0.22077922523021698,6
72,5,11,1,0.0008583691087551415,7
72,5,12,0,0.0,8
72,5,13,1,0.22077922523021698,9
72,5,14,0,0.0,10
72,5,15,0,0.0,11
72,5,16,0,0.04210526496171951,12
72,5,17,0,0.04210526496171951,13
72,5,18,1,0.9682539701461792,14
72,5,19,1,0.34554871916770935,15
72,5,20,1,0.6010351777076721,16
72,5,21,0,0.0008583691087551415,17
72,5,22,1,0.6000000238418579,18
72,5,23,0,0.0008583691087551415,19
72,5,24,0,0.22077922523021698,20
72,5,25,0,0.0,21
72,5,26,0,0.010893246158957481,22
72,5,27,0,0.010893246158957481,23
72,5,28,1,0.9931662678718567,24
72,5,29,0,0.0008583691087551415,25
72,5,30,0,0.0008583691087551415,26
72,5,31,0,0.010893246158957481,27
72,5,32,0,0.0008583691087551415,28
72,5,33,1,0.9682539701461792,29
72,5,34,0,0.0008583691087551415,30
72,5,35,0,0.04210526496171951,31
72,5,36,1,0.931034505367279,32
72,5,37,0,0.0008583691087551415,33
72,5,38,0,0.04210526496171951,34
72,5,39,1,0.931034505367279,35
72,5,40,0,0.0008583691087551415,36
74,6,5,0,0.4000000059604645,1
74,6,6,0,0.8055555820465088,2
74,6,7,0,0.04210526496171951,3
74,6,8,0,0.024390242993831635,4
74,6,9,0,0.04210526496171951,5
74,6,10,1,0.22077922523021698,6
74,6,11,0,0.6666666865348816,7
74,6,12,0,0.6666666865348816,8
74,6,13,0,0.22077922523021698,9
74,6,14,0,0.7027027010917664,10
74,6,15,0,0.6666666865348816,11
74,6,16,0,0.8055555820465088,12
74,6,17,0,0.931034505367279,13
74,6,18,1,0.931034505367279,14
74,6,19,1,0.22077922523021698,15
74,6,20,1,0.5555555820465088,16
74,6,21,0,0.0008583691087551415,17
74,6,22,0,0.31682056188583374,18
74,6,23,0,0.14705882966518402,19
74,6,24,1,0.14705882966518402,20
74,6,25,1,0.14705882966518402,21
74,6,26,1,0.04210526496171951,22
74,6,27,1,0.0008583691087551415,23
74,6,28,0,0.010893246158957481,24
74,6,29,1,0.010893246158957481,25
74,6,30,0,0.0008583691087551415,26
74,6,31,1,0.0008583691087551415,27
74,6,32,0,0.010893246158957481,28
74,6,33,1,0.024390242993831635,29
74,6,34,1,0.0,30
74,6,35,0,0.0,31
74,6,36,0,0.0008583691087551415,32
74,6,37,0,0.010893246158957481,33
74,6,38,0,0.010893246158957481,34
74,6,39,1,0.01149425283074379,35
74,6,40,1,0.0,36
75,6,5,0,0.4000000059604645,1
75,6,6,0,0.8055555820465088,2
75,6,7,0,0.04210526496171951,3
75,6,8,0,0.024390242993831635,4
75,6,9,0,0.04210526496171951,5
75,6,10,1,0.22077922523021698,6
75,6,11,0,0.6666666865348816,7
75,6,12,0,0.6666666865348816,8
75,6,13,0,0.22077922523021698,9
75,6,14,0,0.7027027010917664,10
75,6,15,0,0.6666666865348816,11
75,6,16,0,0.8055555820465088,12
75,6,17,1,0.931034505367279,13
75,6,18,1,0.9940828680992126,14
75,6,19,1,0.7027027010917664,15
75,6,20,1,0.22077922523021698,16
75,6,21,0,0.0008583691087551415,17
75,6,22,0,0.6666666865348816,18
75,6,23,0,0.22077922523021698,19
75,6,24,1,0.22077922523021698,20
75,6,25,1,0.14705882966518402,21
75,6,26,1,0.04210526496171951,22
75,6,27,1,0.0008583691087551415,23
75,6,28,0,0.010893246158957481,24
75,6,29,1,0.010893246158957481,25
75,6,30,0,0.0008583691087551415,26
75,6,31,1,0.0008583691087551415,27
75,6,32,0,0.0008583691087551415,28
75,6,33,1,0.010893246158957481,29
75,6,34,1,0.0,30
75,6,35,0,0.0,31
75,6,36,0,0.0008583691087551415,32
75,6,37,0,0.010893246158957481,33
75,6,38,0,0.010893246158957481,34
75,6,39,1,0.01149425283074379,35
75,6,40,1,0.0,36
76,5,17,0,0.9682539701461792,1
76,5,18,1,0.22077922523021698,2
76,5,19,1,0.14705882966518402,3
76,5,20,1,0.22077922523021698,4
76,5,21,0,0.0008583691087551415,5
76,5,22,0,0.04210526496171951,6
76,5,23,0,0.024390242993831635,7
76,5,24,0,0.4000000059604645,8
76,5,25,0,0.010893246158957481,9
76,5,26,0,0.04210526496171951,10
76,5,27,0,0.0008583691087551415,11
76,5,28,1,0.22077922523021698,12
76,5,29,0,0.0008583691087551415,13
76,5,30,0,0.024390242993831635,14
76,5,31,0,0.04210526496171951,15
76,5,32,0,0.024390242993831635,16
76,5,33,1,0.931034505367279,17
76,5,34,0,0.0008583691087551415,18
76,5,35,0,0.14705882966518402,19
76,5,36,1,0.6000000238418579,20
76,5,37,0,0.0008583691087551415,21
76,5,38,0,0.04210526496171951,22
76,5,39,1,0.8739138245582581,23
76,5,40,0,0.010893246158957481,24
78,5,33,1,0.4000000059604645,1
78,5,34,0,0.01149425283074379,2
78,5,35,0,0.01149425283074379,3
78,5,36,1,0.010893246158957481,4
78,5,37,0,0.0008583691087551415,5
78,5,38,0,0.04210526496171951,6
78,5,39,1,0.22077922523021698,7
78,5,40,0,0.04210526496171951,8
78,6,1,0,0.010893246158957481,9
78,6,2,0,0.0008583691087551415,10
78,6,3,0,0.010893246158957481,11
78,6,4,0,0.14705882966518402,12
78,6,5,0,0.037510499358177185,13
78,6,6,0,0.22077922523021698,14
78,6,7,0,0.14705882966518402,15
78,6,8,0,0.14705882966518402,16
78,6,9,0,0.3361821174621582,17
78,6,10,1,0.22077922523021698,18
78,6,11,0,0.04210526496171951,19
78,6,12,0,0.14705882966518402,20
78,6,13,1,0.14705882966518402,21
78,6,14,0,0.14705882966518402,22
78,6,15,0,0.931034505367279,23
78,6,16,0,0.931034505367279,24
78,6,17,0,0.931034505367279,25
78,6,18,1,0.8717236518859863,26
78,6,19,1,0.22077922523021698,27
78,6,20,1,0.22077922523021698,28
78,6,21,0,0.010893246158957481,29
78,6,22,0,0.5555555820465088,30
78,6,23,0,0.22077922523021698,31
78,6,24,1,0.22077922523021698,32
78,6,25,1,0.04210526496171951,33
78,6,26,1,0.010893246158957481,34
78,6,27,1,0.0008583691087551415,35
78,6,28,0,0.024390242993831635,36
78,6,29,1,0.04210526496171951,37
78,6,30,1,0.010893246158957481,38
78,6,31,1,0.010893246158957481,39
78,6,32,0,0.010893246158957481,40
78,6,33,1,0.14705882966518402,41
78,6,34,1,0.0008583691087551415,42
78,6,35,0,0.0,43
78,6,36,0,0.010893246158957481,44
78,6,37,0,0.04210526496171951,45
78,6,38,0,0.023754876106977463,46
78,6,39,1,0.01149425283074379,47
78,6,40,1,0.0,48
79,6,5,0,0.4000000059604645,1
79,6,6,0,0.8055555820465088,2
79,6,7,0,0.04210526496171951,3
79,6,8,0,0.024390242993831635,4
79,6,9,0,0.04210526496171951,5
79,6,10,0,0.22077922523021698,6
79,6,11,0,0.22077922523021698,7
79,6,12,0,0.29895466566085815,8
79,6,13,1,0.04210526496171951,9
79,6,14,0,0.04210526496171951,10
79,6,15,0,0.04210526496171951,11
79,6,16,0,0.024390242993831635,12
79,6,17,0,0.14705882966518402,13
79,6,18,1,0.4000000059604645,14
79,6,19,1,0.31602853536605835,15
79,6,20,1,0.14705882966518402,16
79,6,21,0,0.010893246158957481,17
79,6,22,0,0.35079413652420044,18
79,6,23,0,0.14705882966518402,19
79,6,24,1,0.14705882966518402,20
79,6,25,1,0.14705882966518402,21
79,6,26,1,0.024390242993831635,22
79,6,27,1,0.0008583691087551415,23
79,6,28,0,0.010893246158957481,24
79,6,29,1,0.01149425283074379,25
79,6,30,1,0.010893246158957481,26
79,6,31,1,0.010893246158957481,27
79,6,32,0,0.024390242993831635,28
79,6,33,1,0.22077922523021698,29
79,6,34,1,0.0008583691087551415,30
79,6,35,0,0.0,31
79,6,36,0,0.0008583691087551415,32
79,6,37,0,0.024390242993831635,33
79,6,38,0,0.024390242993831635,34
79,6,39,1,0.024390242993831635,35
79,6,40,1,0.0,36
81,4,33,0,0.4000000059604645,1
81,4,34,1,0.22077922523021698,2
81,4,35,1,0.010893246158957481,3
81,4,36,0,0.010893246158957481,4
81,4,37,0,0.0008583691087551415,5
81,4,38,0,0.0008583691087551415,6
81,4,39,0,0.0,7
81,4,40,0,0.0008583691087551415,8
81,5,1,1,0.04210526496171951,9
81,5,2,0,0.010893246158957481,10
81,5,3,0,0.01149425283074379,11
81,5,4,1,0.22077922523021698,12
81,5,5,1,0.01149425283074379,13
81,5,6,1,0.024390242993831635,14
81,5,7,0,0.01149425283074379,15
81,5,8,1,0.8055555820465088,16
81,5,9,0,0.9682539701461792,17
81,5,10,1,0.9931662678718567,18
81,5,11,1,0.9931662678718567,19
81,5,12,0,0.010893246158957481,20
81,5,13,1,1.0,21
81,5,14,0,0.010893246158957481,22
81,5,15,0,0.04210526496171951,23
81,5,16,0,0.04210526496171951,24
81,5,17,0,0.04210526496171951,25
81,5,18,1,0.9931662678718567,26
81,5,19,1,0.22077922523021698,27
81,5,20,1,0.931034505367279,28
81,5,21,0,0.0008583691087551415,29
81,5,22,1,0.9682539701461792,30
81,5,23,0,0.024390242993831635,31
81,5,24,1,0.22077922523021698,32
81,5,25,0,0.0008583691087551415,33
81,5,26,0,0.01149425283074379,34
81,5,27,0,0.024390242993831635,35
81,5,28,1,0.9940828680992126,36
81,5,29,0,0.010893246158957481,37
81,5,30,0,0.04210526496171951,38
81,5,31,0,0.14705882966518402,39
81,5,32,0,0.1702548861503601,40
81,5,33,1,1.0,41
81,5,34,0,0.0008583691087551415,42
81,5,35,0,0.14705882966518402,43
81,5,36,1,0.9682539701461792,44
81,5,37,0,0.024390242993831635,45
81,5,38,0,0.04210526496171951,46
81,5,39,1,0.8055555820465088,47
81,5,40,0,0.0008583691087551415,48
82,5,33,1,0.4000000059604645,1
82,5,34,0,0.01149425283074379,2
82,5,35,0,0.01149425283074379,3
82,5,36,1,0.010893246158957481,4
82,5,37,0,0.0008583691087551415,5
82,5,38,0,0.04210526496171951,6
82,5,39,1,0.22077922523021698,7
82,5,40,0,0.04210526496171951,8
82,6,1,0,0.010893246158957481,9
82,6,2,0,0.0008583691087551415,10
82,6,3,0,0.010893246158957481,11
82,6,4,0,0.14705882966518402,12
82,6,5,0,0.037510499358177185,13
82,6,6,0,0.22077922523021698,14
82,6,7,0,0.14705882966518402,15
82,6,8,0,0.14705882966518402,16
82,6,9,0,0.3361821174621582,17
82,6,10,1,0.22077922523021698,18
82,6,11,0,0.04210526496171951,19
82,6,12,0,0.14705882966518402,20
82,6,13,1,0.14705882966518402,21
82,6,14,0,0.14705882966518402,22
82,6,15,0,0.931034505367279,23
82,6,16,0,0.931034505367279,24
82,6,17,1,0.931034505367279,25
82,6,18,1,0.9931662678718567,26
82,6,19,1,0.7027027010917664,27
82,6,20,1,0.14705882966518402,28
82,6,21,0,0.0008583691087551415,29
82,6,22,0,0.22077922523021698,30
82,6,23,0,0.14705882966518402,31
82,6,24,1,0.22077922523021698,32
82,6,25,1,0.04210526496171951,33
82,6,26,1,0.04210526496171951,34
82,6,27,1,0.0008583691087551415,35
82,6,28,0,0.01149425283074379,36
82,6,29,1,0.024390242993831635,37
82,6,30,0,0.0008583691087551415,38
82,6,31,1,0.0008583691087551415,39
82,6,32,0,0.0008583691087551415,40
82,6,33,1,0.024390242993831635,41
82,6,34,1,0.0008583691087551415,42
82,6,35,0,0.0,43
82,6,36,0,0.0008583691087551415,44
82,6,37,0,0.04210526496171951,45
82,6,38,0,0.010893246158957481,46
82,6,39,1,0.01149425283074379,47
82,6,40,1,0.0,48
83,5,17,0,0.9682539701461792,1
83,5,18,1,0.22077922523021698,2
83,5,19,1,0.14705882966518402,3
83,5,20,1,0.22077922523021698,4
83,5,21,0,0.0008583691087551415,5
83,5,22,1,0.04210526496171951,6
83,5,23,0,0.010893246158957481,7
83,5,24,1,0.04210526496171951,8
83,5,25,0,0.0008583691087551415,9
83,5,26,0,0.01149425283074379,10
83,5,27,0,0.010893246158957481,11
83,5,28,1,0.6666666865348816,12
83,5,29,0,0.0008583691087551415,13
83,5,30,0,0.04210526496171951,14
83,5,31,0,0.024390242993831635,15
83,5,32,0,0.01149425283074379,16
83,5,33,1,0.9931662678718567,17
83,5,34,0,0.0008583691087551415,18
83,5,35,0,0.14705882966518402,19
83,5,36,1,0.9483917951583862,20
83,5,37,0,0.0008583691087551415,21
83,5,38,0,0.14705882966518402,22
83,5,39,0,0.931034505367279,23
83,5,40,0,0.0008583691087551415,24
85,5,33,1,0.5555555820465088,1
85,5,34,0,0.024390242993831635,2
85,5,35,0,0.04210526496171951,3
85,5,36,1,0.010893246158957481,4
85,5,37,0,0.0008583691087551415,5
85,5,38,0,0.04210526496171951,6
85,5,39,0,0.22077922523021698,7
85,5,40,0,0.024390242993831635,8
85,6,1,0,0.01149425283074379,9
85,6,2,0,0.0008583691087551415,10
85,6,3,0,0.024390242993831635,11
85,6,4,0,0.22077922523021698,12
85,6,5,0,0.024390242993831635,13
85,6,6,0,0.22077922523021698,14
85,6,7,0,0.22077922523021698,15
85,6,8,0,0.22077922523021698,16
85,6,9,0,0.22077922523021698,17
85,6,10,1,0.22077922523021698,18
85,6,11,0,0.7027027010917664,19
85,6,12,0,0.22077922523021698,20
85,6,13,0,0.22077922523021698,21
85,6,14,0,0.931034505367279,22
85,6,15,0,0.9931662678718567,23
85,6,16,0,0.8055555820465088,24
85,6,17,1,0.9931662678718567,25
85,6,18,0,0.931034505367279,26
85,6,19,1,0.7027027010917664,27
85,6,20,1,0.22077922523021698,28
85,6,21,0,0.01149425283074379,29
85,6,22,0,0.22077922523021698,30
85,6,23,0,0.22077922523021698,31
85,6,24,1,0.22077922523021698,32
85,6,25,1,0.024390242993831635,33
85,6,26,1,0.14705882966518402,34
85,6,27,0,0.010893246158957481,35
85,6,28,0,0.010893246158957481,36
85,6,29,1,0.04210526496171951,37
85,6,30,1,0.010893246158957481,38
85,6,31,1,0.010893246158957481,39
85,6,32,0,0.04210526496171951,40
85,6,33,1,0.22077922523021698,41
85,6,34,1,0.0008583691087551415,42
85,6,35,0,0.0008583691087551415,43
85,6,36,0,0.22077922523021698,44
85,6,37,0,0.22077922523021698,45
85,6,38,0,0.22077922523021698,46
85,6,39,1,0.22077922523021698,47
85,6,40,1,0.0008583691087551415,48
86,5,33,1,0.5555555820465088,1
86,5,34,0,0.024390242993831635,2
86,5,35,0,0.04210526496171951,3
86,5,36,1,0.010893246158957481,4
86,5,37,0,0.0008583691087551415,5
86,5,38,0,0.04210526496171951,6
86,5,39,0,0.22077922523021698,7
86,5,40,0,0.024390242993831635,8
86,6,1,0,0.01149425283074379,9
86,6,2,0,0.0008583691087551415,10
86,6,3,0,0.024390242993831635,11
86,6,4,0,0.22077922523021698,12
86,6,5,0,0.024390242993831635,13
86,6,6,0,0.22077922523021698,14
86,6,7,0,0.22077922523021698,15
86,6,8,0,0.22077922523021698,16
86,6,9,0,0.22077922523021698,17
86,6,10,1,0.22077922523021698,18
86,6,11,0,0.7027027010917664,19
86,6,12,0,0.22077922523021698,20
86,6,13,0,0.22077922523021698,21
86,6,14,0,0.931034505367279,22
86,6,15,0,0.9931662678718567,23
86,6,16,0,0.8055555820465088,24
86,6,17,1,0.9931662678718567,25
86,6,18,0,0.931034505367279,26
86,6,19,1,0.7027027010917664,27
86,6,20,1,0.22077922523021698,28
86,6,21,0,0.01149425283074379,29
86,6,22,0,0.22077922523021698,30
86,6,23,0,0.22077922523021698,31
86,6,24,1,0.22077922523021698,32
86,6,25,1,0.024390242993831635,33
86,6,26,1,0.14705882966518402,34
86,6,27,0,0.010893246158957481,35
86,6,28,0,0.010893246158957481,36
86,6,29,1,0.04210526496171951,37
86,6,30,1,0.010893246158957481,38
86,6,31,1,0.010893246158957481,39
86,6,32,0,0.04210526496171951,40
86,6,33,1,0.22077922523021698,41
86,6,34,1,0.0008583691087551415,42
86,6,35,0,0.0008583691087551415,43
86,6,36,0,0.22077922523021698,44
86,6,37,0,0.22077922523021698,45
86,6,38,0,0.22077922523021698,46
86,6,39,1,0.22077922523021698,47
86,6,40,1,0.0008583691087551415,48
87,6,5,0,0.22077922523021698,1
87,6,6,1,0.6000000238418579,2
87,6,7,0,0.010893246158957481,3
87,6,8,1,0.0008583691087551415,4
87,6,9,1,0.010893246158957481,5
87,6,10,0,0.024390242993831635,6
87,6,11,1,0.04210526496171951,7
87,6,12,0,0.0008583691087551415,8
87,6,13,1,0.0008583691087551415,9
87,6,14,0,0.04210526496171951,10
87,6,15,0,0.14705882966518402,11
87,6,16,0,0.024390242993831635,12
87,6,17,1,0.22077922523021698,13
87,6,18,1,0.6666666865348816,14
87,6,19,0,0.6666666865348816,15
87,6,20,0,0.19994747638702393,16
87,6,21,0,0.14705882966518402,17
87,6,22,0,0.14705882966518402,18
87,6,23,0,0.14901989698410034,19
87,6,24,1,0.04210526496171951,20
87,6,25,1,0.010893246158957481,21
87,6,26,0,0.04210526496171951,22
87,6,27,0,0.010893246158957481,23
87,6,28,0,0.010893246158957481,24
87,6,29,0,0.01149425283074379,25
87,6,30,0,0.024390242993831635,26
87,6,31,0,0.010893246158957481,27
87,6,32,0,0.14705882966518402,28
87,6,33,0,0.22077922523021698,29
87,6,34,1,0.14705882966518402,30
87,6,35,0,0.024390242993831635,31
87,6,36,1,0.024390242993831635,32
87,6,37,0,0.04210526496171951,33
87,6,38,0,0.024390242993831635,34
87,6,39,0,0.14705882966518402,35
87,6,40,1,0.010893246158957481,36
89,5,5,0,0.9682539701461792,1
89,5,6,0,0.14705882966518402,2
89,5,7,0,0.01149425283074379,3
89,5,8,1,0.04210526496171951,4
89,5,9,0,0.14705882966518402,5
89,5,10,1,0.22077922523021698,6
89,5,11,1,0.04210526496171951,7
89,5,12,0,0.0008583691087551415,8
89,5,13,1,0.22077922523021698,9
89,5,14,0,0.0008583691087551415,10
89,5,15,0,0.0,11
89,5,16,0,0.01149425283074379,12
89,5,17,0,0.010893246158957481,13
89,5,18,1,0.931034505367279,14
89,5,19,1,0.22077922523021698,15
89,5,20,1,0.4000000059604645,16
89,5,21,0,0.0,17
89,5,22,0,0.024390242993831635,18
89,5,23,0,0.010893246158957481,19
89,5,24,1,0.931034505367279,20
89,5,25,0,0.0,21
89,5,26,0,0.0008583691087551415,22
89,5,27,0,0.0008583691087551415,23
89,5,28,1,1.0,24
89,5,29,0,0.0008583691087551415,25
89,5,30,0,0.0008583691087551415,26
89,5,31,0,0.0008583691087551415,27
89,5,32,0,0.0008583691087551415,28
89,5,33,1,0.8055555820465088,29
89,5,34,0,0.0008583691087551415,30
89,5,35,0,0.010893246158957481,31
89,5,36,1,0.7027027010917664,32
89,5,37,0,0.0008583691087551415,33
89,5,38,0,0.024390242993831635,34
89,5,39,1,0.931034505367279,35
89,5,40,0,0.0008583691087551415,36
90,6,5,0,0.22077922523021698,1
90,6,6,0,0.6000000238418579,2
90,6,7,0,0.04210526496171951,3
90,6,8,0,0.04210526496171951,4
90,6,9,0,0.04210526496171951,5
90,6,10,0,0.14705882966518402,6
90,6,11,0,0.5749377012252808,7
90,6,12,0,0.04210526496171951,8
90,6,13,0,0.04210526496171951,9
90,6,14,0,0.22077922523021698,10
90,6,15,0,0.7027027010917664,11
90,6,16,0,0.22077922523021698,12
90,6,17,1,0.9682539701461792,13
90,6,18,1,0.931034505367279,14
90,6,19,1,0.9682539701461792,15
90,6,20,1,0.010893246158957481,16
90,6,21,0,0.0,17
90,6,22,0,0.010893246158957481,18
90,6,23,0,0.010893246158957481,19
90,6,24,1,0.0008583691087551415,20
90,6,25,1,0.024390242993831635,21
90,6,26,1,0.22077922523021698,22
90,6,27,1,0.0008583691087551415,23
90,6,28,0,0.0008583691087551415,24
90,6,29,1,0.024390242993831635,25
90,6,30,0,0.010893246158957481,26
90,6,31,0,0.0008583691087551415,27
90,6,32,0,0.22077922523021698,28
90,6,33,1,0.14705882966518402,29
90,6,34,1,0.0008583691087551415,30
90,6,35,0,0.0,31
90,6,36,0,0.0008583691087551415,32
90,6,37,0,0.0008583691087551415,33
90,6,38,0,0.0008583691087551415,34
90,6,39,1,0.14705882966518402,35
90,6,40,1,0.0,36
92,5,5,0,0.9682539701461792,1
92,5,6,0,0.14705882966518402,2
92,5,7,0,0.01149425283074379,3
92,5,8,1,0.04210526496171951,4
92,5,9,0,0.14705882966518402,5
92,5,10,1,0.22077922523021698,6
92,5,11,1,0.04210526496171951,7
92,5,12,0,0.0008583691087551415,8
92,5,13,1,0.22077922523021698,9
92,5,14,0,0.0008583691087551415,10
92,5,15,0,0.0,11
92,5,16,0,0.01149425283074379,12
92,5,17,0,0.010893246158957481,13
92,5,18,1,0.931034505367279,14
92,5,19,1,0.22077922523021698,15
92,5,20,1,0.4000000059604645,16
92,5,21,0,0.0,17
92,5,22,0,0.024390242993831635,18
92,5,23,0,0.010893246158957481,19
92,5,24,1,0.931034505367279,20
92,5,25,0,0.0,21
92,5,26,0,0.0008583691087551415,22
92,5,27,0,0.0008583691087551415,23
92,5,28,1,1.0,24
92,5,29,0,0.0008583691087551415,25
92,5,30,0,0.0008583691087551415,26
92,5,31,0,0.0008583691087551415,27
92,5,32,0,0.0008583691087551415,28
92,5,33,1,0.8055555820465088,29
92,5,34,0,0.0008583691087551415,30
92,5,35,0,0.010893246158957481,31
92,5,36,1,0.7027027010917664,32
92,5,37,0,0.0008583691087551415,33
92,5,38,0,0.024390242993831635,34
92,5,39,1,0.931034505367279,35
92,5,40,0,0.0008583691087551415,36
93,5,33,1,0.6000000238418579,1
93,5,34,0,0.024390242993831635,2
93,5,35,0,0.04210526496171951,3
93,5,36,1,0.024390242993831635,4
93,5,37,0,0.010893246158957481,5
93,5,38,0,0.14705882966518402,6
93,5,39,1,0.22077922523021698,7
93,5,40,0,0.14705882966518402,8
93,6,1,0,0.0008583691087551415,9
93,6,2,0,0.0008583691087551415,10
93,6,3,0,0.024390242993831635,11
93,6,4,0,0.04210526496171951,12
93,6,5,0,0.14705882966518402,13
93,6,6,0,0.04210526496171951,14
93,6,7,0,0.024390242993831635,15
93,6,8,0,0.04210526496171951,16
93,6,9,0,0.22077922523021698,17
93,6,10,0,0.22077922523021698,18
93,6,11,0,0.22077922523021698,19
93,6,12,0,0.14705882966518402,20
93,6,13,0,0.22077922523021698,21
93,6,14,0,0.22077922523021698,22
93,6,15,0,0.7027027010917664,23
93,6,16,0,0.22077922523021698,24
93,6,17,1,0.8055555820465088,25
93,6,18,1,0.8055555820465088,26
93,6,19,1,0.22077922523021698,27
93,6,20,1,0.04210526496171951,28
93,6,21,0,0.0008583691087551415,29
93,6,22,0,0.14705882966518402,30
93,6,23,0,0.04210526496171951,31
93,6,24,1,0.024390242993831635,32
93,6,25,1,0.024390242993831635,33
93,6,26,1,0.14705882966518402,34
93,6,27,1,0.010893246158957481,35
93,6,28,0,0.0008583691087551415,36
93,6,29,1,0.14705882966518402,37
93,6,30,0,0.010893246158957481,38
93,6,31,0,0.0008583691087551415,39
93,6,32,0,0.04210526496171951,40
93,6,33,1,0.22077922523021698,41
93,6,34,1,0.0008583691087551415,42
93,6,35,0,0.0,43
93,6,36,0,0.0008583691087551415,44
93,6,37,0,0.024390242993831635,45
93,6,38,0,0.010893246158957481,46
93,6,39,1,0.22077922523021698,47
93,6,40,1,0.0008583691087551415,48
94,6,5,0,0.22077922523021698,1
94,6,6,0,0.6000000238418579,2
94,6,7,0,0.04210526496171951,3
94,6,8,0,0.04210526496171951,4
94,6,9,0,0.04210526496171951,5
94,6,10,0,0.14705882966518402,6
94,6,11,0,0.5749377012252808,7
94,6,12,0,0.04210526496171951,8
94,6,13,0,0.04210526496171951,9
94,6,14,0,0.22077922523021698,10
94,6,15,0,0.7027027010917664,11
94,6,16,0,0.22077922523021698,12
94,6,17,1,0.9682539701461792,13
94,6,18,1,0.931034505367279,14
94,6,19,1,0.9682539701461792,15
94,6,20,1,0.010893246158957481,16
94,6,21,0,0.0,17
94,6,22,0,0.010893246158957481,18
94,6,23,0,0.010893246158957481,19
94,6,24,1,0.0008583691087551415,20
94,6,25,1,0.024390242993831635,21
94,6,26,1,0.22077922523021698,22
94,6,27,1,0.0008583691087551415,23
94,6,28,0,0.0008583691087551415,24
94,6,29,1,0.024390242993831635,25
94,6,30,0,0.010893246158957481,26
94,6,31,0,0.0008583691087551415,27
94,6,32,0,0.22077922523021698,28
94,6,33,1,0.14705882966518402,29
94,6,34,1,0.0008583691087551415,30
94,6,35,0,0.0,31
94,6,36,0,0.0008583691087551415,32
94,6,37,0,0.0008583691087551415,33
94,6,38,0,0.0008583691087551415,34
94,6,39,1,0.14705882966518402,35
94,6,40,1,0.0,36
95,5,17,0,0.931034505367279,1
95,5,18,1,0.22077922523021698,2
95,5,19,1,0.01149425283074379,3
95,5,20,1,0.04210526496171951,4
95,5,21,0,0.0,5
95,5,22,0,0.010893246158957481,6
95,5,23,0,0.0008583691087551415,7
95,5,24,1,0.6666666865348816,8
95,5,25,0,0.0008583691087551415,9
95,5,26,0,0.010893246158957481,10
95,5,27,0,0.0008583691087551415,11
95,5,28,1,0.6666666865348816,12
95,5,29,0,0.010893246158957481,13
95,5,30,0,0.024390242993831635,14
95,5,31,0,0.010893246158957481,15
95,5,32,0,0.010893246158957481,16
95,5,33,1,0.9682539701461792,17
95,5,34,0,0.0008583691087551415,18
95,5,35,0,0.22077922523021698,19
95,5,36,1,0.9682539701461792,20
95,5,37,0,0.010893246158957481,21
95,5,38,0,0.22077922523021698,22
95,5,39,0,0.14705882966518402,23
95,5,40,0,0.0008583691087551415,24
97,4,17,0,0.931034505367279,1
97,4,18,0,0.22077922523021698,2
97,4,19,0,0.22077922523021698,3
97,4,20,1,0.010893246158957481,4
97,4,21,0,0.14705882966518402,5
97,4,22,1,0.14705882966518402,6
97,4,23,1,0.01149425283074379,7
97,4,24,0,0.04210526496171951,8
97,4,25,0,0.04210526496171951,9
97,4,26,0,0.04210526496171951,10
97,4,27,0,0.04210526496171951,11
97,4,28,1,0.22077922523021698,12
97,4,29,1,0.6666666865348816,13
97,4,30,0,0.14705882966518402,14
97,4,31,1,0.931034505367279,15
97,4,32,0,0.0008583691087551415,16
97,4,33,0,0.14705882966518402,17
97,4,34,0,0.024390242993831635,18
97,4,35,0,0.22077922523021698,19
97,4,36,0,0.931034505367279,20
97,4,37,0,0.6666666865348816,21
97,4,38,0,0.04210526496171951,22
97,4,39,0,0.024390242993831635,23
97,4,40,0,0.22077922523021698,24
98,4,33,0,0.22077922523021698,1
98,4,34,0,0.22077922523021698,2
98,4,35,0,0.22077922523021698,3
98,4,36,0,0.4000000059604645,4
98,4,37,0,0.22077922523021698,5
98,4,38,0,0.22077922523021698,6
98,4,39,0,0.14705882966518402,7
98,4,40,0,0.14705882966518402,8
98,6,1,0,0.22077922523021698,9
98,6,2,0,0.14705882966518402,10
98,6,3,0,0.22077922523021698,11
98,6,4,0,0.6666666865348816,12
98,6,5,0,0.22077922523021698,13
98,6,6,0,0.6000000238418579,14
98,6,7,0,0.14705882966518402,15
98,6,8,0,0.14705882966518402,16
98,6,9,0,0.14705882966518402,17
98,6,10,1,0.22077922523021698,18
98,6,11,0,0.4000000059604645,19
98,6,12,0,0.6666666865348816,20
98,6,13,0,0.6666666865348816,21
98,6,14,0,0.4853377342224121,22
98,6,15,0,0.6666666865348816,23
98,6,16,0,0.7027027010917664,24
98,6,17,1,0.7027027010917664,25
98,6,18,1,1.0,26
98,6,19,1,0.9940828680992126,27
98,6,20,1,0.931034505367279,28
98,6,21,0,0.22077922523021698,29
98,6,22,0,0.22077922523021698,30
98,6,23,0,0.22077922523021698,31
98,6,24,1,0.22077922523021698,32
98,6,25,1,0.22077922523021698,33
98,6,26,1,0.22077922523021698,34
98,6,27,1,0.010893246158957481,35
98,6,28,0,0.024390242993831635,36
98,6,29,0,0.04210526496171951,37
98,6,30,1,0.024390242993831635,38
98,6,31,0,0.010893246158957481,39
98,6,32,0,0.5093299150466919,40
98,6,33,1,0.04210526496171951,41
98,6,34,1,0.0008583691087551415,42
98,6,35,0,0.0008583691087551415,43
98,6,36,0,0.024390242993831635,44
98,6,37,0,0.22077922523021698,45
98,6,38,0,0.04210526496171951,46
98,6,39,1,0.22077922523021698,47
98,6,40,1,0.0008583691087551415,48
100,6,5,0,0.2456773817539215,1
100,6,6,0,0.3628266751766205,2
100,6,7,0,0.22077922523021698,3
100,6,8,0,0.22077922523021698,4
100,6,9,0,0.04210526496171951,5
100,6,10,1,0.22077922523021698,6
100,6,11,0,0.6196366548538208,7
100,6,12,0,0.931034505367279,8
100,6,13,0,0.7027027010917664,9
100,6,14,0,0.7027027010917664,10
100,6,15,0,0.6666666865348816,11
100,6,16,0,0.9682539701461792,12
100,6,17,1,0.931034505367279,13
100,6,18,1,1.0,14
100,6,19,1,0.9682539701461792,15
100,6,20,1,0.22077922523021698,16
100,6,21,0,0.01149425283074379,17
100,6,22,0,0.22077922523021698,18
100,6,23,0,0.22077922523021698,19
100,6,24,1,0.22077922523021698,20
100,6,25,1,0.04210526496171951,21
100,6,26,1,0.22077922523021698,22
100,6,27,1,0.010893246158957481,23
100,6,28,0,0.01149425283074379,24
100,6,29,1,0.01149425283074379,25
100,6,30,0,0.0008583691087551415,26
100,6,31,1,0.0,27
100,6,32,0,0.0008583691087551415,28
100,6,33,1,0.0008583691087551415,29
100,6,34,1,0.0,30
100,6,35,0,0.0,31
100,6,36,0,0.0008583691087551415,32
100,6,37,0,0.010893246158957481,33
100,6,38,0,0.010893246158957481,34
100,6,39,1,0.024390242993831635,35
100,6,40,1,0.0,36
101,4,33,0,0.22077922523021698,1
101,4,34,0,0.22077922523021698,2
101,4,35,0,0.22077922523021698,3
101,4,36,0,0.4000000059604645,4
101,4,37,0,0.22077922523021698,5
101,4,38,0,0.22077922523021698,6
101,4,39,0,0.14705882966518402,7
101,4,40,0,0.14705882966518402,8
101,6,1,0,0.22077922523021698,9
101,6,2,0,0.14705882966518402,10
101,6,3,0,0.22077922523021698,11
101,6,4,0,0.6666666865348816,12
101,6,5,0,0.22077922523021698,13
101,6,6,0,0.6000000238418579,14
101,6,7,0,0.14705882966518402,15
101,6,8,0,0.14705882966518402,16
101,6,9,0,0.14705882966518402,17
101,6,10,0,0.22077922523021698,18
101,6,11,0,0.22077922523021698,19
101,6,12,0,0.22077922523021698,20
101,6,13,0,0.04210526496171951,21
101,6,14,0,0.22077922523021698,22
101,6,15,0,0.22077922523021698,23
101,6,16,0,0.22077922523021698,24
101,6,17,0,0.22077922523021698,25
101,6,18,1,0.22077922523021698,26
101,6,19,1,0.7027027010917664,27
101,6,20,1,0.931034505367279,28
101,6,21,0,0.22077922523021698,29
101,6,22,0,0.6182941794395447,30
101,6,23,0,0.7027027010917664,31
101,6,24,1,0.7027027010917664,32
101,6,25,1,0.7027027010917664,33
101,6,26,1,0.22077922523021698,34
101,6,27,1,0.01149425283074379,35
101,6,28,0,0.024390242993831635,36
101,6,29,1,0.04210526496171951,37
101,6,30,1,0.010893246158957481,38
101,6,31,1,0.0008583691087551415,39
101,6,32,0,0.04210526496171951,40
101,6,33,1,0.024390242993831635,41
101,6,34,1,0.0008583691087551415,42
101,6,35,0,0.0008583691087551415,43
101,6,36,0,0.04210526496171951,44
101,6,37,0,0.22077922523021698,45
101,6,38,0,0.14705882966518402,46
101,6,39,1,0.04210526496171951,47
101,6,40,1,0.0,48
102,6,5,0,0.2456773817539215,1
102,6,6,0,0.3628266751766205,2
102,6,7,0,0.22077922523021698,3
102,6,8,0,0.22077922523021698,4
102,6,9,0,0.04210526496171951,5
102,6,10,0,0.22077922523021698,6
102,6,11,0,0.22077922523021698,7
102,6,12,0,0.22077922523021698,8
102,6,13,0,0.1987888216972351,9
102,6,14,0,0.6725977659225464,10
102,6,15,0,0.5818718075752258,11
102,6,16,0,0.5974198579788208,12
102,6,17,1,0.6666666865348816,13
102,6,18,1,1.0,14
102,6,19,1,0.9940828680992126,15
102,6,20,1,0.22077922523021698,16
102,6,21,0,0.01149425283074379,17
102,6,22,0,0.22077922523021698,18
102,6,23,0,0.14705882966518402,19
102,6,24,1,0.14705882966518402,20
102,6,25,1,0.04210526496171951,21
102,6,26,1,0.14705882966518402,22
102,6,27,1,0.010893246158957481,23
102,6,28,0,0.010893246158957481,24
102,6,29,1,0.01149425283074379,25
102,6,30,1,0.0008583691087551415,26
102,6,31,1,0.0008583691087551415,27
102,6,32,0,0.024390242993831635,28
102,6,33,1,0.024390242993831635,29
102,6,34,1,0.0,30
102,6,35,0,0.0,31
102,6,36,0,0.010893246158957481,32
102,6,37,0,0.024390242993831635,33
102,6,38,0,0.010893246158957481,34
102,6,39,1,0.024390242993831635,35
102,6,40,1,0.0,36
103,4,17,0,0.931034505367279,1
103,4,18,1,0.22077922523021698,2
103,4,19,0,0.4000000059604645,3
103,4,20,1,0.6666666865348816,4
103,4,21,0,0.024390242993831635,5
103,4,22,0,0.9682539701461792,6
103,4,23,1,0.8055555820465088,7
103,4,24,0,0.5555555820465088,8
103,4,25,0,0.22077922523021698,9
103,4,26,0,0.22077922523021698,10
103,4,27,0,0.22077922523021698,11
103,4,28,1,0.22077922523021698,12
103,4,29,1,0.14705882966518402,13
103,4,30,0,0.14705882966518402,14
103,4,31,1,0.931034505367279,15
103,4,32,0,0.0008583691087551415,16
103,4,33,0,0.04210526496171951,17
103,4,34,0,0.01149425283074379,18
103,4,35,0,0.14705882966518402,19
103,4,36,0,0.931034505367279,20
103,4,37,0,0.6666666865348816,21
103,4,38,0,0.14705882966518402,22
103,4,39,0,0.14705882966518402,23
103,4,40,0,0.14705882966518402,24
104,6,17,1,0.22077922523021698,1
104,6,18,1,0.010893246158957481,2
104,6,19,1,0.0,3
104,6,20,1,0.0,4
104,6,21,0,0.0,5
104,6,22,0,0.0008583691087551415,6
104,6,23,0,0.0008583691087551415,7
104,6,24,1,0.0,8
104,6,25,1,0.0008583691087551415,9
104,6,26,1,0.010893246158957481,10
104,6,27,1,0.0008583691087551415,11
104,6,28,0,0.010893246158957481,12
104,6,29,1,0.010893246158957481,13
104,6,30,1,0.0,14
104,6,31,1,0.0,15
104,6,32,0,0.0,16
104,6,33,1,0.0008583691087551415,17
104,6,34,1,0.00028326406027190387,18
104,6,35,0,0.0,19
104,6,36,0,0.04210526496171951,20
104,6,37,0,0.024390242993831635,21
104,6,38,0,0.0008583691087551415,22
104,6,39,1,0.010893246158957481,23
104,6,40,1,0.0,24
105,2,29,0,0.7027027010917664,1
105,2,30,1,0.22077922523021698,2
105,2,31,0,0.0008583691087551415,3
105,2,32,0,0.14705882966518402,4
105,2,33,1,0.14705882966518402,5
105,2,34,0,0.0008583691087551415,6
105,2,35,0,0.14705882966518402,7
105,2,36,1,0.14705882966518402,8
105,2,37,1,0.04210526496171951,9
105,2,38,0,0.0008583691087551415,10
105,2,39,1,0.22077922523021698,11
105,2,40,0,0.0,12
106,2,29,0,0.7027027010917664,1
106,2,30,1,0.22077922523021698,2
106,2,31,0,0.0008583691087551415,3
106,2,32,0,0.14705882966518402,4
106,2,33,1,0.14705882966518402,5
106,2,34,0,0.0008583691087551415,6
106,2,35,0,0.14705882966518402,7
106,2,36,1,0.14705882966518402,8
106,2,37,1,0.04210526496171951,9
106,2,38,0,0.0008583691087551415,10
106,2,39,1,0.22077922523021698,11
106,2,40,0,0.0,12
110,4,17,0,0.9682539701461792,1
110,4,18,0,0.22077922523021698,2
110,4,19,0,0.22077922523021698,3
110,4,20,1,0.010893246158957481,4
110,4,21,0,0.024390242993831635,5
110,4,22,0,0.04210526496171951,6
110,4,23,1,0.22077922523021698,7
110,4,24,0,0.22077922523021698,8
110,4,25,0,0.01149425283074379,9
110,4,26,0,0.04210526496171951,10
110,4,27,0,0.14705882966518402,11
110,4,28,1,0.14705882966518402,12
110,4,29,1,0.14705882966518402,13
110,4,30,0,0.14705882966518402,14
110,4,31,1,0.931034505367279,15
110,4,32,0,0.010893246158957481,16
110,4,33,0,0.22077922523021698,17
110,4,34,0,0.14705882966518402,18
110,4,35,0,0.14705882966518402,19
110,4,36,0,0.8055555820465088,20
110,4,37,0,0.5555555820465088,21
110,4,38,0,0.14705882966518402,22
110,4,39,0,0.024390242993831635,23
110,4,40,0,0.14705882966518402,24
112,6,5,0,0.5555555820465088,1
112,6,6,0,0.22077922523021698,2
112,6,7,0,0.14705882966518402,3
112,6,8,0,0.04210526496171951,4
112,6,9,0,0.04210526496171951,5
112,6,10,0,0.5898094177246094,6
112,6,11,0,0.5677025318145752,7
112,6,12,0,0.22077922523021698,8
112,6,13,0,0.14705882966518402,9
112,6,14,0,0.6666666865348816,10
112,6,15,0,0.6666666865348816,11
112,6,16,0,0.931034505367279,12
112,6,17,1,0.931034505367279,13
112,6,18,1,0.9931662678718567,14
112,6,19,1,0.9682539701461792,15
112,6,20,1,0.024390242993831635,16
112,6,21,0,0.010893246158957481,17
112,6,22,0,0.14705882966518402,18
112,6,23,0,0.04210526496171951,19
112,6,24,1,0.04210526496171951,20
112,6,25,1,0.010893246158957481,21
112,6,26,1,0.04210526496171951,22
112,6,27,1,0.0008583691087551415,23
112,6,28,0,0.024390242993831635,24
112,6,29,1,0.024390242993831635,25
112,6,30,1,0.0008583691087551415,26
112,6,31,0,0.0008583691087551415,27
112,6,32,0,0.22077922523021698,28
112,6,33,1,0.22077922523021698,29
112,6,34,1,0.0008583691087551415,30
112,6,35,0,0.010893246158957481,31
112,6,36,0,0.5793569087982178,32
112,6,37,0,0.14705882966518402,33
112,6,38,0,0.14705882966518402,34
112,6,39,1,0.22077922523021698,35
112,6,40,1,0.0008583691087551415,36
114,6,5,0,0.5555555820465088,1
114,6,6,0,0.22077922523021698,2
114,6,7,0,0.14705882966518402,3
114,6,8,0,0.04210526496171951,4
114,6,9,0,0.04210526496171951,5
114,6,10,0,0.5898094177246094,6
114,6,11,0,0.5677025318145752,7
114,6,12,0,0.22077922523021698,8
114,6,13,0,0.14705882966518402,9
114,6,14,0,0.6666666865348816,10
114,6,15,0,0.6666666865348816,11
114,6,16,0,0.931034505367279,12
114,6,17,1,0.931034505367279,13
114,6,18,1,0.9931662678718567,14
114,6,19,1,0.9682539701461792,15
114,6,20,1,0.024390242993831635,16
114,6,21,0,0.010893246158957481,17
114,6,22,0,0.14705882966518402,18
114,6,23,0,0.04210526496171951,19
114,6,24,1,0.04210526496171951,20
114,6,25,1,0.010893246158957481,21
114,6,26,1,0.04210526496171951,22
114,6,27,1,0.0008583691087551415,23
114,6,28,0,0.024390242993831635,24
114,6,29,1,0.024390242993831635,25
114,6,30,1,0.0008583691087551415,26
114,6,31,0,0.0008583691087551415,27
114,6,32,0,0.22077922523021698,28
114,6,33,1,0.22077922523021698,29
114,6,34,1,0.0008583691087551415,30
114,6,35,0,0.010893246158957481,31
114,6,36,0,0.5793569087982178,32
114,6,37,0,0.14705882966518402,33
114,6,38,0,0.14705882966518402,34
114,6,39,1,0.22077922523021698,35
114,6,40,1,0.0008583691087551415,36
121,6,17,1,0.22077922523021698,1
121,6,18,1,0.0008583691087551415,2
121,6,19,1,0.0,3
121,6,20,1,0.0,4
121,6,21,0,0.0,5
121,6,22,0,0.0008583691087551415,6
121,6,23,0,0.0008583691087551415,7
121,6,24,1,0.0,8
121,6,25,1,0.0008583691087551415,9
121,6,26,1,0.0008583691087551415,10
121,6,27,1,0.0008583691087551415,11
121,6,28,0,0.010893246158957481,12
121,6,29,1,0.010893246158957481,13
121,6,30,1,0.0,14
121,6,31,0,0.0,15
121,6,32,0,0.010893246158957481,16
121,6,33,1,0.010893246158957481,17
121,6,34,1,0.0008583691087551415,18
121,6,35,0,0.0008583691087551415,19
121,6,36,0,0.14705882966518402,20
121,6,37,0,0.04210526496171951,21
121,6,38,0,0.024390242993831635,22
121,6,39,1,0.04210526496171951,23
121,6,40,1,0.0,24
122,3,17,0,0.9682539701461792,1
122,3,18,0,0.14705882966518402,2
122,3,19,1,0.22077922523021698,3
122,3,20,1,0.024390242993831635,4
122,3,21,0,0.010893246158957481,5
122,3,22,1,0.5555555820465088,6
122,3,23,0,0.024390242993831635,7
122,3,24,0,0.22077922523021698,8
122,3,25,0,0.22077922523021698,9
122,3,26,1,0.931034505367279,10
122,3,27,0,0.0008583691087551415,11
122,3,28,1,0.9931662678718567,12
122,3,29,1,0.22077922523021698,13
122,3,30,0,0.0008583691087551415,14
122,3,31,0,0.01149425283074379,15
122,3,32,1,0.22077922523021698,16
122,3,33,0,0.010893246158957481,17
122,3,34,1,0.6666666865348816,18
122,3,35,0,0.0008583691087551415,19
122,3,36,1,0.6666666865348816,20
122,3,37,1,0.04210526496171951,21
122,3,38,0,0.0,22
122,3,39,0,0.010893246158957481,23
122,3,40,0,0.010893246158957481,24
124,6,5,0,0.22077922523021698,1
124,6,6,0,0.22077922523021698,2
124,6,7,0,0.14705882966518402,3
124,6,8,0,0.14705882966518402,4
124,6,9,0,0.14705882966518402,5
124,6,10,0,0.6666666865348816,6
124,6,11,0,0.6666666865348816,7
124,6,12,0,0.4526732861995697,8
124,6,13,0,0.22077922523021698,9
124,6,14,0,0.6666666865348816,10
124,6,15,0,0.3009437024593353,11
124,6,16,0,0.6666666865348816,12
124,6,17,0,0.7027027010917664,13
124,6,18,1,0.6000000238418579,14
124,6,19,1,0.7027027010917664,15
124,6,20,1,0.7027027010917664,16
124,6,21,0,0.0008583691087551415,17
124,6,22,0,0.01149425283074379,18
124,6,23,0,0.010893246158957481,19
124,6,24,1,0.04210526496171951,20
124,6,25,1,0.024390242993831635,21
124,6,26,1,0.22077922523021698,22
124,6,27,1,0.024390242993831635,23
124,6,28,0,0.14705882966518402,24
124,6,29,1,0.22077922523021698,25
124,6,30,1,0.010893246158957481,26
124,6,31,0,0.0008583691087551415,27
124,6,32,0,0.22077922523021698,28
124,6,33,1,0.22077922523021698,29
124,6,34,1,0.0008583691087551415,30
124,6,35,0,0.0,31
124,6,36,0,0.01149425283074379,32
124,6,37,0,0.01149425283074379,33
124,6,38,0,0.024390242993831635,34
124,6,39,1,0.04210526496171951,35
124,6,40,1,0.0,36
125,6,17,1,0.22077922523021698,1
125,6,18,1,0.0008583691087551415,2
125,6,19,1,0.0,3
125,6,20,1,0.0,4
125,6,21,0,0.0,5
125,6,22,0,0.0008583691087551415,6
125,6,23,0,0.0008583691087551415,7
125,6,24,1,0.0,8
125,6,25,1,0.0008583691087551415,9
125,6,26,1,0.010893246158957481,10
125,6,27,1,0.0008583691087551415,11
125,6,28,0,0.010893246158957481,12
125,6,29,1,0.0008583691087551415,13
125,6,30,1,0.0,14
125,6,31,0,0.0,15
125,6,32,0,0.0008583691087551415,16
125,6,33,1,0.010893246158957481,17
125,6,34,1,0.0,18
125,6,35,0,0.0,19
125,6,36,0,0.024390242993831635,20
125,6,37,0,0.010893246158957481,21
125,6,38,0,0.0008583691087551415,22
125,6,39,1,0.010893246158957481,23
125,6,40,1,0.0,24
126,2,29,1,0.7027027010917664,1
126,2,30,1,0.010893246158957481,2
126,2,31,0,0.0,3
126,2,32,0,0.0008583691087551415,4
126,2,33,1,0.010893246158957481,5
126,2,34,0,0.0008583691087551415,6
126,2,35,0,0.024390242993831635,7
126,2,36,1,0.024390242993831635,8
126,2,37,1,0.024390242993831635,9
126,2,38,0,0.010893246158957481,10
126,2,39,1,0.22077922523021698,11
126,2,40,0,0.0008583691087551415,12
129,2,29,0,0.7027027010917664,1
129,2,30,1,0.010893246158957481,2
129,2,31,0,0.0008583691087551415,3
129,2,32,0,0.04210526496171951,4
129,2,33,1,0.14705882966518402,5
129,2,34,0,0.0008583691087551415,6
129,2,35,0,0.04210526496171951,7
129,2,36,1,0.14705882966518402,8
129,2,37,1,0.14705882966518402,9
129,2,38,0,0.010893246158957481,10
129,2,39,1,0.14705882966518402,11
129,2,40,0,0.0008583691087551415,12
130,2,29,1,0.7027027010917664,1
130,2,30,1,0.010893246158957481,2
130,2,31,0,0.0,3
130,2,32,0,0.0008583691087551415,4
130,2,33,1,0.010893246158957481,5
130,2,34,0,0.0008583691087551415,6
130,2,35,0,0.024390242993831635,7
130,2,36,1,0.024390242993831635,8
130,2,37,1,0.024390242993831635,9
130,2,38,0,0.010893246158957481,10
130,2,39,1,0.22077922523021698,11
130,2,40,0,0.0008583691087551415,12
131,6,5,0,0.22077922523021698,1
131,6,6,0,0.22077922523021698,2
131,6,7,0,0.14705882966518402,3
131,6,8,0,0.14705882966518402,4
131,6,9,0,0.14705882966518402,5
131,6,10,0,0.6666666865348816,6
131,6,11,0,0.6666666865348816,7
131,6,12,0,0.4526732861995697,8
131,6,13,1,0.22077922523021698,9
131,6,14,0,0.14705882966518402,10
131,6,15,0,0.22077922523021698,11
131,6,16,0,0.22077922523021698,12
131,6,17,1,0.22077922523021698,13
131,6,18,1,0.4626869857311249,14
131,6,19,1,0.22077922523021698,15
131,6,20,1,0.0008583691087551415,16
131,6,21,0,0.0008583691087551415,17
131,6,22,0,0.010893246158957481,18
131,6,23,0,0.0008583691087551415,19
131,6,24,1,0.0008583691087551415,20
131,6,25,1,0.04210526496171951,21
131,6,26,1,0.5555555820465088,22
131,6,27,0,0.024390242993831635,23
131,6,28,0,0.14705882966518402,24
131,6,29,1,0.14705882966518402,25
131,6,30,1,0.010893246158957481,26
131,6,31,0,0.0008583691087551415,27
131,6,32,0,0.22077922523021698,28
131,6,33,1,0.14705882966518402,29
131,6,34,1,0.0008583691087551415,30
131,6,35,0,0.0,31
131,6,36,0,0.024390242993831635,32
131,6,37,0,0.010893246158957481,33
131,6,38,0,0.01149425283074379,34
131,6,39,1,0.14705882966518402,35
131,6,40,1,0.0,36
133,6,17,0,0.22077922523021698,1
133,6,18,0,0.931034505367279,2
133,6,19,0,0.010893246158957481,3
133,6,20,1,0.0008583691087551415,4
133,6,21,1,0.0008583691087551415,5
133,6,22,1,0.04210526496171951,6
133,6,23,0,0.010893246158957481,7
133,6,24,0,0.0008583691087551415,8
133,6,25,1,0.0008583691087551415,9
133,6,26,1,0.010893246158957481,10
133,6,27,0,0.010893246158957481,11
133,6,28,1,0.010893246158957481,12
133,6,29,0,0.0008583691087551415,13
133,6,30,0,0.0008583691087551415,14
133,6,31,1,0.0008583691087551415,15
133,6,32,1,0.010893246158957481,16
133,6,33,0,0.0008583691087551415,17
133,6,34,0,0.0008583691087551415,18
133,6,35,0,0.01149425283074379,19
133,6,36,1,0.024390242993831635,20
133,6,37,1,0.010893246158957481,21
133,6,38,0,0.0008583691087551415,22
133,6,39,0,0.0008583691087551415,23
133,6,40,0,0.0008583691087551415,24
134,3,17,0,0.931034505367279,1
134,3,18,0,0.14705882966518402,2
134,3,19,1,0.22077922523021698,3
134,3,20,1,0.024390242993831635,4
134,3,21,0,0.010893246158957481,5
134,3,22,1,0.4000000059604645,6
134,3,23,0,0.024390242993831635,7
134,3,24,0,0.14705882966518402,8
134,3,25,0,0.22077922523021698,9
134,3,26,1,0.8055555820465088,10
134,3,27,0,0.010893246158957481,11
134,3,28,1,0.9682539701461792,12
134,3,29,1,0.22077922523021698,13
134,3,30,0,0.0008583691087551415,14
134,3,31,0,0.010893246158957481,15
134,3,32,1,0.22077922523021698,16
134,3,33,0,0.0008583691087551415,17
134,3,34,1,0.4000000059604645,18
134,3,35,0,0.0008583691087551415,19
134,3,36,1,0.6666666865348816,20
134,3,37,1,0.010893246158957481,21
134,3,38,0,0.0,22
134,3,39,0,0.010893246158957481,23
134,3,40,0,0.010893246158957481,24
136,2,29,1,0.7027027010917664,1
136,2,30,1,0.010893246158957481,2
136,2,31,0,0.0,3
136,2,32,0,0.0008583691087551415,4
136,2,33,1,0.010893246158957481,5
136,2,34,0,0.0008583691087551415,6
136,2,35,0,0.024390242993831635,7
136,2,36,1,0.04210526496171951,8
136,2,37,1,0.024390242993831635,9
136,2,38,0,0.0008583691087551415,10
136,2,39,1,0.22077922523021698,11
136,2,40,0,0.0,12
137,3,17,0,0.931034505367279,1
137,3,18,1,0.14705882966518402,2
137,3,19,0,0.010893246158957481,3
137,3,20,0,0.01149425283074379,4
137,3,21,1,0.01149425283074379,5
137,3,22,0,0.024390242993831635,6
137,3,23,1,0.04210526496171951,7
137,3,24,0,0.024390242993831635,8
137,3,25,0,0.010893246158957481,9
137,3,26,0,0.024390242993831635,10
137,3,27,0,0.04210526496171951,11
137,3,28,1,0.14705882966518402,12
137,3,29,0,0.024390242993831635,13
137,3,30,1,0.04210526496171951,14
137,3,31,0,0.024390242993831635,15
137,3,32,0,0.04210526496171951,16
137,3,33,0,0.024390242993831635,17
137,3,34,0,0.04210526496171951,18
137,3,35,1,0.22077922523021698,19
137,3,36,0,0.04210526496171951,20
137,3,37,0,0.04210526496171951,21
137,3,38,1,0.04210526496171951,22
137,3,39,0,0.04210526496171951,23
137,3,40,0,0.010893246158957481,24
138,4,17,0,0.931034505367279,1
138,4,18,1,0.22077922523021698,2
138,4,19,0,0.22077922523021698,3
138,4,20,1,0.4813658595085144,4
138,4,21,0,0.010893246158957481,5
138,4,22,0,0.7027027010917664,6
138,4,23,1,0.6666666865348816,7
138,4,24,0,0.22077922523021698,8
138,4,25,0,0.024390242993831635,9
138,4,26,0,0.22077922523021698,10
138,4,27,0,0.22077922523021698,11
138,4,28,1,0.22077922523021698,12
138,4,29,1,0.01149425283074379,13
138,4,30,0,0.22077922523021698,14
138,4,31,1,0.931034505367279,15
138,4,32,0,0.010893246158957481,16
138,4,33,0,0.22077922523021698,17
138,4,34,0,0.22077922523021698,18
138,4,35,0,0.22077922523021698,19
138,4,36,0,0.931034505367279,20
138,4,37,0,0.7027027010917664,21
138,4,38,0,0.14705882966518402,22
138,4,39,0,0.14705882966518402,23
138,4,40,0,0.04210526496171951,24
139,3,17,0,0.931034505367279,1
139,3,18,0,0.14705882966518402,2
139,3,19,1,0.22077922523021698,3
139,3,20,1,0.024390242993831635,4
139,3,21,0,0.010893246158957481,5
139,3,22,0,0.4000000059604645,6
139,3,23,0,0.14705882966518402,7
139,3,24,0,0.14705882966518402,8
139,3,25,0,0.22077922523021698,9
139,3,26,1,0.8055555820465088,10
139,3,27,0,0.04210526496171951,11
139,3,28,1,0.931034505367279,12
139,3,29,1,0.22077922523021698,13
139,3,30,0,0.0008583691087551415,14
139,3,31,0,0.01149425283074379,15
139,3,32,1,0.22077922523021698,16
139,3,33,0,0.0008583691087551415,17
139,3,34,1,0.14705882966518402,18
139,3,35,0,0.010893246158957481,19
139,3,36,1,0.7027027010917664,20
139,3,37,1,0.01149425283074379,21
139,3,38,0,0.0,22
139,3,39,0,0.010893246158957481,23
139,3,40,0,0.010893246158957481,24
140,2,29,1,0.7027027010917664,1
140,2,30,1,0.010893246158957481,2
140,2,31,0,0.0,3
140,2,32,0,0.0008583691087551415,4
140,2,33,1,0.010893246158957481,5
140,2,34,0,0.0008583691087551415,6
140,2,35,0,0.024390242993831635,7
140,2,36,1,0.04210526496171951,8
140,2,37,1,0.024390242993831635,9
140,2,38,0,0.0008583691087551415,10
140,2,39,1,0.22077922523021698,11
140,2,40,0,0.0,12
142,2,29,1,0.7027027010917664,1
142,2,30,1,0.010893246158957481,2
142,2,31,0,0.0,3
142,2,32,0,0.0008583691087551415,4
142,2,33,1,0.010893246158957481,5
142,2,34,0,0.0008583691087551415,6
142,2,35,0,0.024390242993831635,7
142,2,36,1,0.04210526496171951,8
142,2,37,1,0.024390242993831635,9
142,2,38,0,0.0008583691087551415,10
142,2,39,1,0.22077922523021698,11
142,2,40,0,0.0,12
143,4,33,0,0.22077922523021698,1
143,4,34,0,0.22077922523021698,2
143,4,35,0,0.6000000238418579,3
143,4,36,0,0.22077922523021698,4
143,4,37,0,0.04210526496171951,5
143,4,38,0,0.22077922523021698,6
143,4,39,0,0.024390242993831635,7
143,4,40,0,0.04210526496171951,8
143,6,1,0,0.22077922523021698,9
143,6,2,0,0.04210526496171951,10
143,6,3,0,0.14705882966518402,11
143,6,4,0,0.22077922523021698,12
143,6,5,0,0.22077922523021698,13
143,6,6,0,0.4000000059604645,14
143,6,7,0,0.14705882966518402,15
143,6,8,0,0.14705882966518402,16
143,6,9,0,0.14705882966518402,17
143,6,10,1,0.6666666865348816,18
143,6,11,0,0.8869593143463135,19
143,6,12,0,0.6666666865348816,20
143,6,13,0,0.22077922523021698,21
143,6,14,0,0.22077922523021698,22
143,6,15,0,0.4000000059604645,23
143,6,16,0,0.4000000059604645,24
143,6,17,0,0.8055555820465088,25
143,6,18,1,0.8055555820465088,26
143,6,19,1,0.48668351769447327,27
143,6,20,1,0.6572205424308777,28
143,6,21,0,0.22077922523021698,29
143,6,22,0,0.8055555820465088,30
143,6,23,0,0.8055555820465088,31
143,6,24,1,0.7027027010917664,32
143,6,25,1,0.04210526496171951,33
143,6,26,1,0.04210526496171951,34
143,6,27,1,0.010893246158957481,35
143,6,28,0,0.01149425283074379,36
143,6,29,1,0.04210526496171951,37
143,6,30,0,0.010893246158957481,38
143,6,31,1,0.0008583691087551415,39
143,6,32,0,0.010893246158957481,40
143,6,33,1,0.01149425283074379,41
143,6,34,1,0.0,42
143,6,35,0,0.0008583691087551415,43
143,6,36,0,0.0008583691087551415,44
143,6,37,0,0.22077922523021698,45
143,6,38,0,0.14705882966518402,46
143,6,39,1,0.22077922523021698,47
143,6,40,1,0.0,48
144,6,5,0,0.2456773817539215,1
144,6,6,0,0.8055555820465088,2
144,6,7,0,0.04210526496171951,3
144,6,8,0,0.024390242993831635,4
144,6,9,0,0.024390242993831635,5
144,6,10,1,0.22077922523021698,6
144,6,11,0,0.4000000059604645,7
144,6,12,0,0.7027027010917664,8
144,6,13,0,0.22077922523021698,9
144,6,14,0,0.22077922523021698,10
144,6,15,0,0.4190753996372223,11
144,6,16,0,0.8055555820465088,12
144,6,17,0,0.931034505367279,13
144,6,18,1,0.931034505367279,14
144,6,19,1,0.4000000059604645,15
144,6,20,1,0.14705882966518402,16
144,6,21,0,0.010893246158957481,17
144,6,22,0,0.7027027010917664,18
144,6,23,0,0.4000000059604645,19
144,6,24,1,0.6666666865348816,20
144,6,25,1,0.22077922523021698,21
144,6,26,1,0.024390242993831635,22
144,6,27,1,0.0,23
144,6,28,0,0.010893246158957481,24
144,6,29,1,0.010893246158957481,25
144,6,30,0,0.0008583691087551415,26
144,6,31,1,0.0008583691087551415,27
144,6,32,0,0.010893246158957481,28
144,6,33,1,0.010893246158957481,29
144,6,34,1,0.0,30
144,6,35,0,0.0,31
144,6,36,0,0.0,32
144,6,37,0,0.0008583691087551415,33
144,6,38,0,0.010893246158957481,34
144,6,39,1,0.010893246158957481,35
144,6,40,1,0.0,36
145,4,33,0,0.22077922523021698,1
145,4,34,0,0.22077922523021698,2
145,4,35,0,0.6000000238418579,3
145,4,36,0,0.22077922523021698,4
145,4,37,0,0.04210526496171951,5
145,4,38,0,0.22077922523021698,6
145,4,39,0,0.024390242993831635,7
145,4,40,0,0.04210526496171951,8
145,6,1,0,0.22077922523021698,9
145,6,2,0,0.04210526496171951,10
145,6,3,0,0.14705882966518402,11
145,6,4,0,0.22077922523021698,12
145,6,5,0,0.22077922523021698,13
145,6,6,0,0.4000000059604645,14
145,6,7,0,0.14705882966518402,15
145,6,8,0,0.14705882966518402,16
145,6,9,0,0.14705882966518402,17
145,6,10,0,0.6666666865348816,18
145,6,11,0,0.8055555820465088,19
145,6,12,0,0.22077922523021698,20
145,6,13,0,0.024390242993831635,21
145,6,14,0,0.22077922523021698,22
145,6,15,0,0.22077922523021698,23
145,6,16,0,0.14705882966518402,24
145,6,17,0,0.4000000059604645,25
145,6,18,1,0.6048619747161865,26
145,6,19,1,0.22077922523021698,27
145,6,20,1,0.6471332907676697,28
145,6,21,0,0.22077922523021698,29
145,6,22,0,0.7027027010917664,30
145,6,23,0,0.7027027010917664,31
145,6,24,1,0.645254373550415,32
145,6,25,1,0.22077922523021698,33
145,6,26,1,0.04210526496171951,34
145,6,27,1,0.0008583691087551415,35
145,6,28,0,0.010893246158957481,36
145,6,29,1,0.024390242993831635,37
145,6,30,0,0.010893246158957481,38
145,6,31,1,0.0008583691087551415,39
145,6,32,0,0.010893246158957481,40
145,6,33,1,0.024390242993831635,41
145,6,34,1,0.0,42
145,6,35,0,0.0008583691087551415,43
145,6,36,0,0.0008583691087551415,44
145,6,37,0,0.14705882966518402,45
145,6,38,0,0.14705882966518402,46
145,6,39,1,0.22077922523021698,47
145,6,40,1,0.0,48
147,4,5,1,0.9682539701461792,1
147,4,6,1,0.04210526496171951,2
147,4,7,1,0.0008583691087551415,3
147,4,8,0,0.024390242993831635,4
147,4,9,1,0.14705882966518402,5
147,4,10,1,0.22077922523021698,6
147,4,11,1,0.04210526496171951,7
147,4,12,0,0.0,8
147,4,13,1,0.7027027010917664,9
147,4,14,0,0.0,10
147,4,15,0,0.04210526496171951,11
147,4,16,1,0.931034505367279,12
147,4,17,0,0.0,13
147,4,18,0,0.024390242993831635,14
147,4,19,0,0.0008583691087551415,15
147,4,20,0,0.14705882966518402,16
147,4,21,0,0.0008583691087551415,17
147,4,22,1,0.5555555820465088,18
147,4,23,1,0.931034505367279,19
147,4,24,0,0.010893246158957481,20
147,4,25,0,0.010893246158957481,21
147,4,26,0,0.010893246158957481,22
147,4,27,0,0.010893246158957481,23
147,4,28,1,0.9940828680992126,24
147,4,29,1,0.931034505367279,25
147,4,30,0,0.01149425283074379,26
147,4,31,1,0.9931662678718567,27
147,4,32,0,0.0008583691087551415,28
147,4,33,0,0.010893246158957481,29
147,4,34,0,0.010893246158957481,30
147,4,35,0,0.0008583691087551415,31
147,4,36,0,0.010893246158957481,32
147,4,37,0,0.010893246158957481,33
147,4,38,0,0.0008583691087551415,34
147,4,39,0,0.0008583691087551415,35
147,4,40,0,0.0008583691087551415,36
148,6,17,0,0.22077922523021698,1
148,6,18,1,0.9931662678718567,2
148,6,19,1,0.024390242993831635,3
148,6,20,1,0.0,4
148,6,21,0,0.0,5
148,6,22,0,0.010893246158957481,6
148,6,23,0,0.0008583691087551415,7
148,6,24,1,0.0008583691087551415,8
148,6,25,1,0.0,9
148,6,26,1,0.0008583691087551415,10
148,6,27,1,0.0,11
148,6,28,0,0.0008583691087551415,12
148,6,29,1,0.0,13
148,6,30,0,0.0,14
148,6,31,1,0.0,15
148,6,32,0,0.0008583691087551415,16
148,6,33,1,0.0008583691087551415,17
148,6,34,1,0.0,18
148,6,35,0,0.0,19
148,6,36,0,0.0,20
148,6,37,0,0.010893246158957481,21
148,6,38,0,0.024390242993831635,22
148,6,39,1,0.0008583691087551415,23
148,6,40,1,0.0,24
151,4,33,0,0.22077922523021698,1
151,4,34,0,0.22077922523021698,2
151,4,35,0,0.6000000238418579,3
151,4,36,0,0.22077922523021698,4
151,4,37,0,0.04210526496171951,5
151,4,38,0,0.22077922523021698,6
151,4,39,0,0.024390242993831635,7
151,4,40,0,0.04210526496171951,8
151,6,1,0,0.22077922523021698,9
151,6,2,0,0.04210526496171951,10
151,6,3,0,0.14705882966518402,11
151,6,4,0,0.22077922523021698,12
151,6,5,0,0.22077922523021698,13
151,6,6,0,0.4000000059604645,14
151,6,7,0,0.14705882966518402,15
151,6,8,0,0.14705882966518402,16
151,6,9,0,0.14705882966518402,17
151,6,10,1,0.6666666865348816,18
151,6,11,0,0.8869593143463135,19
151,6,12,0,0.6666666865348816,20
151,6,13,0,0.22077922523021698,21
151,6,14,0,0.22077922523021698,22
151,6,15,0,0.4000000059604645,23
151,6,16,0,0.4000000059604645,24
151,6,17,0,0.8055555820465088,25
151,6,18,1,0.8055555820465088,26
151,6,19,1,0.48668351769447327,27
151,6,20,1,0.6572205424308777,28
151,6,21,0,0.22077922523021698,29
151,6,22,0,0.8055555820465088,30
151,6,23,0,0.8055555820465088,31
151,6,24,1,0.7027027010917664,32
151,6,25,1,0.04210526496171951,33
151,6,26,1,0.04210526496171951,34
151,6,27,1,0.010893246158957481,35
151,6,28,0,0.01149425283074379,36
151,6,29,1,0.04210526496171951,37
151,6,30,0,0.010893246158957481,38
151,6,31,1,0.0008583691087551415,39
151,6,32,0,0.010893246158957481,40
151,6,33,1,0.01149425283074379,41
151,6,34,1,0.0,42
151,6,35,0,0.0008583691087551415,43
151,6,36,0,0.0008583691087551415,44
151,6,37,0,0.22077922523021698,45
151,6,38,0,0.14705882966518402,46
151,6,39,1,0.22077922523021698,47
151,6,40,1,0.0,48
153,4,5,1,0.9682539701461792,1
153,4,6,0,0.04210526496171951,2
153,4,7,1,0.0008583691087551415,3
153,4,8,0,0.01149425283074379,4
153,4,9,1,0.010893246158957481,5
153,4,10,1,0.04210526496171951,6
153,4,11,1,0.14705882966518402,7
153,4,12,0,0.0,8
153,4,13,1,0.7875716090202332,9
153,4,14,0,0.0,10
153,4,15,0,0.14705882966518402,11
153,4,16,1,0.931034505367279,12
153,4,17,0,0.0008583691087551415,13
153,4,18,0,0.024390242993831635,14
153,4,19,0,0.0008583691087551415,15
153,4,20,0,0.21218277513980865,16
153,4,21,0,0.0008583691087551415,17
153,4,22,1,0.7027027010917664,18
153,4,23,1,0.931034505367279,19
153,4,24,0,0.010893246158957481,20
153,4,25,0,0.01149425283074379,21
153,4,26,0,0.010893246158957481,22
153,4,27,0,0.024390242993831635,23
153,4,28,1,0.9940828680992126,24
153,4,29,1,0.931034505367279,25
153,4,30,0,0.024390242993831635,26
153,4,31,1,0.9931662678718567,27
153,4,32,0,0.010893246158957481,28
153,4,33,0,0.010893246158957481,29
153,4,34,0,0.010893246158957481,30
153,4,35,0,0.0008583691087551415,31
153,4,36,0,0.01149425283074379,32
153,4,37,0,0.01149425283074379,33
153,4,38,0,0.010893246158957481,34
153,4,39,0,0.0008583691087551415,35
153,4,40,0,0.0008583691087551415,36
155,3,17,0,0.931034505367279,1
155,3,18,0,0.04210526496171951,2
155,3,19,1,0.04210526496171951,3
155,3,20,1,0.010893246158957481,4
155,3,21,0,0.024390242993831635,5
155,3,22,1,0.5555555820465088,6
155,3,23,0,0.04210526496171951,7
155,3,24,0,0.14705882966518402,8
155,3,25,0,0.6291770935058594,9
155,3,26,1,0.931034505367279,10
155,3,27,0,0.0008583691087551415,11
155,3,28,1,0.931034505367279,12
155,3,29,1,0.6666666865348816,13
155,3,30,0,0.0008583691087551415,14
155,3,31,0,0.04210526496171951,15
155,3,32,1,0.6666666865348816,16
155,3,33,0,0.0008583691087551415,17
155,3,34,0,0.7027027010917664,18
155,3,35,0,0.024390242993831635,19
155,3,36,1,0.9682539701461792,20
155,3,37,1,0.9682539701461792,21
155,3,38,0,0.010893246158957481,22
155,3,39,0,0.04210526496171951,23
155,3,40,0,0.010893246158957481,24
158,4,5,1,0.9682539701461792,1
158,4,6,1,0.04210526496171951,2
158,4,7,1,0.0008583691087551415,3
158,4,8,0,0.024390242993831635,4
158,4,9,1,0.14705882966518402,5
158,4,10,1,0.22077922523021698,6
158,4,11,1,0.04210526496171951,7
158,4,12,0,0.0,8
158,4,13,1,0.7027027010917664,9
158,4,14,0,0.0,10
158,4,15,0,0.04210526496171951,11
158,4,16,1,0.931034505367279,12
158,4,17,0,0.0,13
158,4,18,0,0.024390242993831635,14
158,4,19,0,0.0008583691087551415,15
158,4,20,0,0.14705882966518402,16
158,4,21,0,0.0008583691087551415,17
158,4,22,1,0.5555555820465088,18
158,4,23,1,0.931034505367279,19
158,4,24,0,0.010893246158957481,20
158,4,25,0,0.010893246158957481,21
158,4,26,0,0.010893246158957481,22
158,4,27,0,0.010893246158957481,23
158,4,28,1,0.9940828680992126,24
158,4,29,1,0.931034505367279,25
158,4,30,0,0.01149425283074379,26
158,4,31,1,0.9931662678718567,27
158,4,32,0,0.0008583691087551415,28
158,4,33,0,0.010893246158957481,29
158,4,34,0,0.010893246158957481,30
158,4,35,0,0.0008583691087551415,31
158,4,36,0,0.010893246158957481,32
158,4,37,0,0.010893246158957481,33
158,4,38,0,0.0008583691087551415,34
158,4,39,0,0.0008583691087551415,35
158,4,40,0,0.0008583691087551415,36
159,4,33,0,0.4000000059604645,1
159,4,34,0,0.22077922523021698,2
159,4,35,0,0.14705882966518402,3
159,4,36,0,0.14705882966518402,4
159,4,37,0,0.010893246158957481,5
159,4,38,0,0.14705882966518402,6
159,4,39,0,0.01149425283074379,7
159,4,40,0,0.04210526496171951,8
159,6,1,0,0.22077922523021698,9
159,6,2,0,0.04210526496171951,10
159,6,3,0,0.14705882966518402,11
159,6,4,0,0.22077922523021698,12
159,6,5,0,0.14705882966518402,13
159,6,6,0,0.22077922523021698,14
159,6,7,0,0.04210526496171951,15
159,6,8,0,0.14705882966518402,16
159,6,9,0,0.14705882966518402,17
159,6,10,1,0.5555555820465088,18
159,6,11,0,0.7027027010917664,19
159,6,12,0,0.6452714800834656,20
159,6,13,1,0.22077922523021698,21
159,6,14,0,0.5555555820465088,22
159,6,15,0,0.7027027010917664,23
159,6,16,0,0.22077922523021698,24
159,6,17,1,0.7048705816268921,25
159,6,18,1,1.0,26
159,6,19,1,0.8055555820465088,27
159,6,20,1,0.22077922523021698,28
159,6,21,0,0.01149425283074379,29
159,6,22,0,0.22077922523021698,30
159,6,23,0,0.22077922523021698,31
159,6,24,1,0.14705882966518402,32
159,6,25,1,0.04210526496171951,33
159,6,26,1,0.04210526496171951,34
159,6,27,1,0.0008583691087551415,35
159,6,28,0,0.0008583691087551415,36
159,6,29,1,0.024390242993831635,37
159,6,30,0,0.0008583691087551415,38
159,6,31,1,0.0008583691087551415,39
159,6,32,0,0.010893246158957481,40
159,6,33,1,0.14705882966518402,41
159,6,34,1,0.0008583691087551415,42
159,6,35,0,0.0,43
159,6,36,0,0.010893246158957481,44
159,6,37,0,0.22077922523021698,45
159,6,38,0,0.14705882966518402,46
159,6,39,1,0.22077922523021698,47
159,6,40,1,0.0,48
162,4,17,0,0.9682539701461792,1
162,4,18,0,0.6666666865348816,2
162,4,19,0,0.4940318465232849,3
162,4,20,1,0.024390242993831635,4
162,4,21,0,0.22077922523021698,5
162,4,22,1,0.22077922523021698,6
162,4,23,1,0.01149425283074379,7
162,4,24,0,0.14705882966518402,8
162,4,25,0,0.010893246158957481,9
162,4,26,0,0.024390242993831635,10
162,4,27,0,0.14705882966518402,11
162,4,28,1,0.22077922523021698,12
162,4,29,1,0.22077922523021698,13
162,4,30,0,0.22077922523021698,14
162,4,31,1,0.931034505367279,15
162,4,32,0,0.010893246158957481,16
162,4,33,0,0.04210526496171951,17
162,4,34,0,0.024390242993831635,18
162,4,35,0,0.14705882966518402,19
162,4,36,0,0.9682539701461792,20
162,4,37,0,0.6666666865348816,21
162,4,38,0,0.024390242993831635,22
162,4,39,0,0.01149425283074379,23
162,4,40,0,0.22077922523021698,24
163,4,5,1,0.9931662678718567,1
163,4,6,0,0.14705882966518402,2
163,4,7,1,0.0008583691087551415,3
163,4,8,0,0.024390242993831635,4
163,4,9,1,0.010893246158957481,5
163,4,10,1,0.14705882966518402,6
163,4,11,1,0.14705882966518402,7
163,4,12,0,0.0,8
163,4,13,1,0.7027027010917664,9
163,4,14,0,0.0,10
163,4,15,0,0.14705882966518402,11
163,4,16,1,0.931034505367279,12
163,4,17,0,0.0,13
163,4,18,0,0.024390242993831635,14
163,4,19,0,0.0008583691087551415,15
163,4,20,0,0.14705882966518402,16
163,4,21,0,0.0008583691087551415,17
163,4,22,1,0.7027027010917664,18
163,4,23,1,0.931034505367279,19
163,4,24,0,0.010893246158957481,20
163,4,25,0,0.04210526496171951,21
163,4,26,0,0.024390242993831635,22
163,4,27,0,0.024390242993831635,23
163,4,28,1,0.9940828680992126,24
163,4,29,1,0.9682539701461792,25
163,4,30,1,0.22077922523021698,26
163,4,31,1,0.931034505367279,27
163,4,32,0,0.0008583691087551415,28
163,4,33,0,0.010893246158957481,29
163,4,34,0,0.010893246158957481,30
163,4,35,0,0.010893246158957481,31
163,4,36,0,0.04210526496171951,32
163,4,37,0,0.010893246158957481,33
163,4,38,0,0.010893246158957481,34
163,4,39,0,0.010893246158957481,35
163,4,40,0,0.0008583691087551415,36
166,4,33,0,0.4000000059604645,1
166,4,34,0,0.22077922523021698,2
166,4,35,0,0.14705882966518402,3
166,4,36,0,0.14705882966518402,4
166,4,37,0,0.010893246158957481,5
166,4,38,0,0.14705882966518402,6
166,4,39,0,0.01149425283074379,7
166,4,40,0,0.04210526496171951,8
166,6,1,0,0.22077922523021698,9
166,6,2,0,0.04210526496171951,10
166,6,3,0,0.14705882966518402,11
166,6,4,0,0.22077922523021698,12
166,6,5,0,0.14705882966518402,13
166,6,6,0,0.22077922523021698,14
166,6,7,0,0.04210526496171951,15
166,6,8,0,0.14705882966518402,16
166,6,9,0,0.14705882966518402,17
166,6,10,0,0.5555555820465088,18
166,6,11,0,0.4288681149482727,19
166,6,12,0,0.22077922523021698,20
166,6,13,1,0.04210526496171951,21
166,6,14,0,0.22077922523021698,22
166,6,15,0,0.22077922523021698,23
166,6,16,0,0.22077922523021698,24
166,6,17,0,0.8032044172286987,25
166,6,18,1,0.931034505367279,26
166,6,19,1,0.22077922523021698,27
166,6,20,1,0.7027027010917664,28
166,6,21,0,0.22077922523021698,29
166,6,22,0,0.7027027010917664,30
166,6,23,0,0.6000000238418579,31
166,6,24,1,0.22077922523021698,32
166,6,25,1,0.024390242993831635,33
166,6,26,1,0.04210526496171951,34
166,6,27,1,0.0008583691087551415,35
166,6,28,0,0.010893246158957481,36
166,6,29,1,0.01149425283074379,37
166,6,30,0,0.010893246158957481,38
166,6,31,1,0.0008583691087551415,39
166,6,32,0,0.010893246158957481,40
166,6,33,1,0.04210526496171951,41
166,6,34,1,0.0008583691087551415,42
166,6,35,0,0.0,43
166,6,36,0,0.0008583691087551415,44
166,6,37,0,0.22077922523021698,45
166,6,38,0,0.04210526496171951,46
166,6,39,1,0.21956971287727356,47
166,6,40,1,0.0,48
168,4,5,0,0.9931662678718567,1
168,4,6,1,0.40184760093688965,2
168,4,7,1,0.024390242993831635,3
168,4,8,0,0.010893246158957481,4
168,4,9,1,0.14705882966518402,5
168,4,10,1,0.22077922523021698,6
168,4,11,1,0.04210526496171951,7
168,4,12,0,0.0,8
168,4,13,1,0.7027027010917664,9
168,4,14,0,0.0,10
168,4,15,0,0.024390242993831635,11
168,4,16,1,0.7027027010917664,12
168,4,17,0,0.0,13
168,4,18,0,0.04210526496171951,14
168,4,19,0,0.0008583691087551415,15
168,4,20,1,0.04210526496171951,16
168,4,21,0,0.0008583691087551415,17
168,4,22,1,0.5555555820465088,18
168,4,23,1,0.931034505367279,19
168,4,24,0,0.0008583691087551415,20
168,4,25,0,0.01149425283074379,21
168,4,26,0,0.010893246158957481,22
168,4,27,0,0.010893246158957481,23
168,4,28,1,0.9931662678718567,24
168,4,29,1,0.9682539701461792,25
168,4,30,1,0.22077922523021698,26
168,4,31,1,0.931034505367279,27
168,4,32,0,0.0008583691087551415,28
168,4,33,0,0.024390242993831635,29
168,4,34,0,0.010893246158957481,30
168,4,35,0,0.010893246158957481,31
168,4,36,0,0.024390242993831635,32
168,4,37,0,0.010893246158957481,33
168,4,38,0,0.0008583691087551415,34
168,4,39,0,0.010893246158957481,35
168,4,40,0,0.0008583691087551415,36
169,4,5,1,0.9931662678718567,1
169,4,6,0,0.14705882966518402,2
169,4,7,1,0.0008583691087551415,3
169,4,8,0,0.024390242993831635,4
169,4,9,1,0.010893246158957481,5
169,4,10,1,0.14705882966518402,6
169,4,11,1,0.14705882966518402,7
169,4,12,0,0.0,8
169,4,13,1,0.7027027010917664,9
169,4,14,0,0.0,10
169,4,15,0,0.14705882966518402,11
169,4,16,1,0.931034505367279,12
169,4,17,0,0.0,13
169,4,18,0,0.024390242993831635,14
169,4,19,0,0.0008583691087551415,15
169,4,20,0,0.14705882966518402,16
169,4,21,0,0.0008583691087551415,17
169,4,22,0,0.7027027010917664,18
169,4,23,1,0.9682539701461792,19
169,4,24,0,0.010893246158957481,20
169,4,25,0,0.024390242993831635,21
169,4,26,0,0.024390242993831635,22
169,4,27,0,0.04210526496171951,23
169,4,28,1,0.9940828680992126,24
169,4,29,1,0.9682539701461792,25
169,4,30,1,0.7027027010917664,26
169,4,31,1,0.9931662678718567,27
169,4,32,0,0.0008583691087551415,28
169,4,33,0,0.024390242993831635,29
169,4,34,0,0.010893246158957481,30
169,4,35,0,0.0008583691087551415,31
169,4,36,0,0.024390242993831635,32
169,4,37,0,0.010893246158957481,33
169,4,38,0,0.010893246158957481,34
169,4,39,0,0.010893246158957481,35
169,4,40,0,0.0008583691087551415,36
170,4,33,0,0.4000000059604645,1
170,4,34,0,0.22077922523021698,2
170,4,35,0,0.14705882966518402,3
170,4,36,0,0.14705882966518402,4
170,4,37,0,0.010893246158957481,5
170,4,38,0,0.14705882966518402,6
170,4,39,0,0.01149425283074379,7
170,4,40,0,0.04210526496171951,8
170,6,1,0,0.22077922523021698,9
170,6,2,0,0.14705882966518402,10
170,6,3,0,0.22077922523021698,11
170,6,4,0,0.22077922523021698,12
170,6,5,0,0.22077922523021698,13
170,6,6,0,0.5555555820465088,14
170,6,7,0,0.14705882966518402,15
170,6,8,0,0.14705882966518402,16
170,6,9,0,0.14705882966518402,17
170,6,10,1,0.6666666865348816,18
170,6,11,0,0.6558940410614014,19
170,6,12,0,0.22077922523021698,20
170,6,13,1,0.22077922523021698,21
170,6,14,0,0.22077922523021698,22
170,6,15,0,0.6666666865348816,23
170,6,16,0,0.6666666865348816,24
170,6,17,1,0.931034505367279,25
170,6,18,1,1.0,26
170,6,19,1,0.9682539701461792,27
170,6,20,1,0.14705882966518402,28
170,6,21,0,0.024390242993831635,29
170,6,22,0,0.22077922523021698,30
170,6,23,0,0.22077922523021698,31
170,6,24,1,0.22077922523021698,32
170,6,25,1,0.22077922523021698,33
170,6,26,1,0.04210526496171951,34
170,6,27,1,0.0008583691087551415,35
170,6,28,0,0.024390242993831635,36
170,6,29,1,0.14705882966518402,37
170,6,30,0,0.0008583691087551415,38
170,6,31,1,0.0008583691087551415,39
170,6,32,0,0.010893246158957481,40
170,6,33,1,0.024390242993831635,41
170,6,34,1,0.0008583691087551415,42
170,6,35,0,0.0008583691087551415,43
170,6,36,0,0.010893246158957481,44
170,6,37,0,0.22077922523021698,45
170,6,38,0,0.14705882966518402,46
170,6,39,1,0.22077922523021698,47
170,6,40,1,0.0,48
173,6,5,0,0.4000000059604645,1
173,6,6,0,0.8055555820465088,2
173,6,7,0,0.04210526496171951,3
173,6,8,0,0.024390242993831635,4
173,6,9,0,0.04210526496171951,5
173,6,10,1,0.22077922523021698,6
173,6,11,0,0.6666666865348816,7
173,6,12,0,0.6666666865348816,8
173,6,13,0,0.22077922523021698,9
173,6,14,0,0.7027027010917664,10
173,6,15,0,0.6666666865348816,11
173,6,16,0,0.8055555820465088,12
173,6,17,0,0.931034505367279,13
173,6,18,0,0.931034505367279,14
173,6,19,1,0.6000000238418579,15
173,6,20,1,0.4101417362689972,16
173,6,21,0,0.010893246158957481,17
173,6,22,0,0.22077922523021698,18
173,6,23,0,0.22077922523021698,19
173,6,24,1,0.22077922523021698,20
173,6,25,1,0.04210526496171951,21
173,6,26,1,0.14705882966518402,22
173,6,27,1,0.0,23
173,6,28,0,0.0008583691087551415,24
173,6,29,1,0.010893246158957481,25
173,6,30,0,0.0008583691087551415,26
173,6,31,1,0.0008583691087551415,27
173,6,32,0,0.0008583691087551415,28
173,6,33,1,0.0008583691087551415,29
173,6,34,1,0.0,30
173,6,35,0,0.0,31
173,6,36,0,0.0,32
173,6,37,0,0.0008583691087551415,33
173,6,38,0,0.010893246158957481,34
173,6,39,1,0.04210526496171951,35
173,6,40,1,0.0,36
174,3,17,1,0.9682539701461792,1
174,3,18,0,0.14705882966518402,2
174,3,19,1,0.22077922523021698,3
174,3,20,1,0.04210526496171951,4
174,3,21,0,0.010893246158957481,5
174,3,22,1,0.5676063895225525,6
174,3,23,0,0.024390242993831635,7
174,3,24,0,0.22077922523021698,8
174,3,25,1,0.6666666865348816,9
174,3,26,1,0.931034505367279,10
174,3,27,0,0.010893246158957481,11
174,3,28,1,0.8055555820465088,12
174,3,29,1,0.14705882966518402,13
174,3,30,0,0.0008583691087551415,14
174,3,31,0,0.01149425283074379,15
174,3,32,1,0.5808228850364685,16
174,3,33,0,0.0008583691087551415,17
174,3,34,0,0.6666666865348816,18
174,3,35,0,0.010893246158957481,19
174,3,36,1,0.7309200763702393,20
174,3,37,1,0.3629510998725891,21
174,3,38,0,0.0008583691087551415,22
174,3,39,0,0.01149425283074379,23
174,3,40,0,0.0008583691087551415,24
176,3,17,1,0.9682539701461792,1
176,3,18,0,0.14705882966518402,2
176,3,19,1,0.22077922523021698,3
176,3,20,1,0.04210526496171951,4
176,3,21,0,0.010893246158957481,5
176,3,22,1,0.5676063895225525,6
176,3,23,0,0.024390242993831635,7
176,3,24,0,0.22077922523021698,8
176,3,25,1,0.6000000238418579,9
176,3,26,1,0.9682539701461792,10
176,3,27,0,0.0008583691087551415,11
176,3,28,1,0.7027027010917664,12
176,3,29,1,0.04210526496171951,13
176,3,30,0,0.0,14
176,3,31,0,0.016574639827013016,15
176,3,32,1,0.4446021616458893,16
176,3,33,0,0.0008583691087551415,17
176,3,34,0,0.22077922523021698,18
176,3,35,0,0.0008583691087551415,19
176,3,36,1,0.6666666865348816,20
176,3,37,1,0.22077922523021698,21
176,3,38,0,0.0008583691087551415,22
176,3,39,0,0.024390242993831635,23
176,3,40,0,0.010893246158957481,24
178,6,5,0,0.4000000059604645,1
178,6,6,0,0.8055555820465088,2
178,6,7,0,0.04210526496171951,3
178,6,8,0,0.024390242993831635,4
178,6,9,0,0.04210526496171951,5
178,6,10,1,0.22077922523021698,6
178,6,11,0,0.6666666865348816,7
178,6,12,0,0.6666666865348816,8
178,6,13,1,0.22077922523021698,9
178,6,14,0,0.024390242993831635,10
178,6,15,0,0.04210526496171951,11
178,6,16,0,0.22077922523021698,12
178,6,17,1,0.22077922523021698,13
178,6,18,0,0.931034505367279,14
178,6,19,1,0.931034505367279,15
178,6,20,1,0.22077922523021698,16
178,6,21,0,0.010893246158957481,17
178,6,22,0,0.6666666865348816,18
178,6,23,0,0.22077922523021698,19
178,6,24,1,0.22077922523021698,20
178,6,25,1,0.14705882966518402,21
178,6,26,1,0.04210526496171951,22
178,6,27,1,0.0008583691087551415,23
178,6,28,0,0.010893246158957481,24
178,6,29,1,0.010893246158957481,25
178,6,30,0,0.0008583691087551415,26
178,6,31,1,0.0008583691087551415,27
178,6,32,0,0.0008583691087551415,28
178,6,33,1,0.010893246158957481,29
178,6,34,1,0.0,30
178,6,35,0,0.0,31
178,6,36,0,0.0008583691087551415,32
178,6,37,0,0.010893246158957481,33
178,6,38,0,0.010893246158957481,34
178,6,39,1,0.024390242993831635,35
178,6,40,1,0.0,36
179,4,33,0,0.4000000059604645,1
179,4,34,0,0.22077922523021698,2
179,4,35,0,0.14705882966518402,3
179,4,36,0,0.14705882966518402,4
179,4,37,0,0.010893246158957481,5
179,4,38,0,0.14705882966518402,6
179,4,39,0,0.01149425283074379,7
179,4,40,0,0.04210526496171951,8
179,6,1,0,0.22077922523021698,9
179,6,2,0,0.04210526496171951,10
179,6,3,0,0.14705882966518402,11
179,6,4,0,0.22077922523021698,12
179,6,5,0,0.14705882966518402,13
179,6,6,0,0.22077922523021698,14
179,6,7,0,0.04210526496171951,15
179,6,8,0,0.14705882966518402,16
179,6,9,0,0.14705882966518402,17
179,6,10,1,0.5555555820465088,18
179,6,11,0,0.7027027010917664,19
179,6,12,0,0.6452714800834656,20
179,6,13,1,0.22077922523021698,21
179,6,14,0,0.5555555820465088,22
179,6,15,0,0.7027027010917664,23
179,6,16,0,0.22077922523021698,24
179,6,17,0,0.7048705816268921,25
179,6,18,1,0.8055555820465088,26
179,6,19,1,0.22077922523021698,27
179,6,20,1,0.8055555820465088,28
179,6,21,0,0.04210526496171951,29
179,6,22,0,0.22077922523021698,30
179,6,23,0,0.22077922523021698,31
179,6,24,1,0.14705882966518402,32
179,6,25,1,0.024390242993831635,33
179,6,26,1,0.04210526496171951,34
179,6,27,1,0.0008583691087551415,35
179,6,28,0,0.010893246158957481,36
179,6,29,1,0.024390242993831635,37
179,6,30,0,0.010893246158957481,38
179,6,31,1,0.0008583691087551415,39
179,6,32,0,0.0008583691087551415,40
179,6,33,1,0.04210526496171951,41
179,6,34,1,0.0008583691087551415,42
179,6,35,0,0.0,43
179,6,36,0,0.010893246158957481,44
179,6,37,0,0.22077922523021698,45
179,6,38,0,0.04210526496171951,46
179,6,39,1,0.22077922523021698,47
179,6,40,1,0.0,48
180,6,5,0,0.4000000059604645,1
180,6,6,0,0.8055555820465088,2
180,6,7,0,0.04210526496171951,3
180,6,8,0,0.024390242993831635,4
180,6,9,0,0.04210526496171951,5
180,6,10,1,0.22077922523021698,6
180,6,11,0,0.6666666865348816,7
180,6,12,0,0.6666666865348816,8
180,6,13,1,0.22077922523021698,9
180,6,14,0,0.024390242993831635,10
180,6,15,0,0.04210526496171951,11
180,6,16,0,0.22077922523021698,12
180,6,17,0,0.22077922523021698,13
180,6,18,1,0.6666666865348816,14
180,6,19,1,0.14705882966518402,15
180,6,20,1,0.01149425283074379,16
180,6,21,0,0.0008583691087551415,17
180,6,22,0,0.22077922523021698,18
180,6,23,0,0.14705882966518402,19
180,6,24,1,0.22077922523021698,20
180,6,25,1,0.22077922523021698,21
180,6,26,1,0.04210526496171951,22
180,6,27,1,0.0008583691087551415,23
180,6,28,0,0.010893246158957481,24
180,6,29,1,0.024390242993831635,25
180,6,30,1,0.010893246158957481,26
180,6,31,1,0.0008583691087551415,27
180,6,32,0,0.010893246158957481,28
180,6,33,1,0.04210526496171951,29
180,6,34,1,0.0,30
180,6,35,0,0.0,31
180,6,36,0,0.0008583691087551415,32
180,6,37,0,0.010893246158957481,33
180,6,38,0,0.010893246158957481,34
180,6,39,1,0.04210526496171951,35
180,6,40,1,0.0,36
181,6,5,0,0.4000000059604645,1
181,6,6,0,0.8055555820465088,2
181,6,7,0,0.04210526496171951,3
181,6,8,0,0.024390242993831635,4
181,6,9,0,0.04210526496171951,5
181,6,10,0,0.22077922523021698,6
181,6,11,0,0.22077922523021698,7
181,6,12,0,0.29895466566085815,8
181,6,13,1,0.04210526496171951,9
181,6,14,0,0.04210526496171951,10
181,6,15,0,0.04210526496171951,11
181,6,16,0,0.024390242993831635,12
181,6,17,0,0.14705882966518402,13
181,6,18,1,0.4000000059604645,14
181,6,19,1,0.31602853536605835,15
181,6,20,1,0.14705882966518402,16
181,6,21,0,0.010893246158957481,17
181,6,22,0,0.35079413652420044,18
181,6,23,0,0.14705882966518402,19
181,6,24,1,0.14705882966518402,20
181,6,25,1,0.14705882966518402,21
181,6,26,1,0.024390242993831635,22
181,6,27,1,0.0008583691087551415,23
181,6,28,0,0.010893246158957481,24
181,6,29,1,0.01149425283074379,25
181,6,30,0,0.010893246158957481,26
181,6,31,1,0.0008583691087551415,27
181,6,32,0,0.010893246158957481,28
181,6,33,1,0.01149425283074379,29
181,6,34,1,0.0008583691087551415,30
181,6,35,0,0.0,31
181,6,36,0,0.0008583691087551415,32
181,6,37,0,0.010893246158957481,33
181,6,38,0,0.010893246158957481,34
181,6,39,1,0.024390242993831635,35
181,6,40,1,0.0,36
182,4,33,0,0.4000000059604645,1
182,4,34,0,0.22077922523021698,2
182,4,35,0,0.14705882966518402,3
182,4,36,0,0.14705882966518402,4
182,4,37,0,0.010893246158957481,5
182,4,38,0,0.14705882966518402,6
182,4,39,0,0.01149425283074379,7
182,4,40,0,0.04210526496171951,8
182,6,1,0,0.22077922523021698,9
182,6,2,0,0.04210526496171951,10
182,6,3,0,0.14705882966518402,11
182,6,4,0,0.22077922523021698,12
182,6,5,0,0.14705882966518402,13
182,6,6,0,0.22077922523021698,14
182,6,7,0,0.04210526496171951,15
182,6,8,0,0.14705882966518402,16
182,6,9,0,0.14705882966518402,17
182,6,10,0,0.5555555820465088,18
182,6,11,0,0.4288681149482727,19
182,6,12,0,0.22077922523021698,20
182,6,13,1,0.04210526496171951,21
182,6,14,0,0.22077922523021698,22
182,6,15,0,0.22077922523021698,23
182,6,16,0,0.22077922523021698,24
182,6,17,1,0.8032044172286987,25
182,6,18,1,0.9931662678718567,26
182,6,19,1,0.8055555820465088,27
182,6,20,1,0.7027027010917664,28
182,6,21,0,0.024390242993831635,29
182,6,22,0,0.22077922523021698,30
182,6,23,0,0.14705882966518402,31
182,6,24,1,0.14705882966518402,32
182,6,25,1,0.024390242993831635,33
182,6,26,1,0.024390242993831635,34
182,6,27,1,0.0008583691087551415,35
182,6,28,0,0.0008583691087551415,36
182,6,29,1,0.010893246158957481,37
182,6,30,0,0.0008583691087551415,38
182,6,31,1,0.0008583691087551415,39
182,6,32,0,0.010893246158957481,40
182,6,33,1,0.14705882966518402,41
182,6,34,1,0.0008583691087551415,42
182,6,35,0,0.0,43
182,6,36,0,0.010893246158957481,44
182,6,37,0,0.22077922523021698,45
182,6,38,0,0.14705882966518402,46
182,6,39,1,0.14705882966518402,47
182,6,40,1,0.0,48
183,4,5,1,0.9931662678718567,1
183,4,6,1,0.14705882966518402,2
183,4,7,1,0.024390242993831635,3
183,4,8,0,0.04210526496171951,4
183,4,9,1,0.14705882966518402,5
183,4,10,1,0.7027027010917664,6
183,4,11,1,0.04210526496171951,7
183,4,12,0,0.0,8
183,4,13,1,0.6666666865348816,9
183,4,14,0,0.0,10
183,4,15,0,0.04210526496171951,11
183,4,16,1,0.931034505367279,12
183,4,17,0,0.0,13
183,4,18,1,0.04210526496171951,14
183,4,19,0,0.010893246158957481,15
183,4,20,0,0.22077922523021698,16
183,4,21,0,0.0008583691087551415,17
183,4,22,1,0.6000000238418579,18
183,4,23,1,0.931034505367279,19
183,4,24,0,0.010893246158957481,20
183,4,25,0,0.024390242993831635,21
183,4,26,0,0.010893246158957481,22
183,4,27,0,0.010893246158957481,23
183,4,28,1,0.9940828680992126,24
183,4,29,1,0.9682539701461792,25
183,4,30,1,0.22077922523021698,26
183,4,31,1,0.931034505367279,27
183,4,32,0,0.0008583691087551415,28
183,4,33,0,0.024390242993831635,29
183,4,34,0,0.01149425283074379,30
183,4,35,0,0.0008583691087551415,31
183,4,36,0,0.024390242993831635,32
183,4,37,0,0.010893246158957481,33
183,4,38,0,0.0008583691087551415,34
183,4,39,0,0.010893246158957481,35
183,4,40,0,0.0008583691087551415,36
184,6,5,0,0.4000000059604645,1
184,6,6,0,0.8055555820465088,2
184,6,7,0,0.04210526496171951,3
184,6,8,0,0.024390242993831635,4
184,6,9,0,0.04210526496171951,5
184,6,10,0,0.22077922523021698,6
184,6,11,0,0.22077922523021698,7
184,6,12,0,0.29895466566085815,8
184,6,13,1,0.04210526496171951,9
184,6,14,0,0.04210526496171951,10
184,6,15,0,0.04210526496171951,11
184,6,16,0,0.024390242993831635,12
184,6,17,0,0.14705882966518402,13
184,6,18,1,0.4000000059604645,14
184,6,19,1,0.31602853536605835,15
184,6,20,1,0.14705882966518402,16
184,6,21,0,0.010893246158957481,17
184,6,22,0,0.35079413652420044,18
184,6,23,0,0.14705882966518402,19
184,6,24,1,0.14705882966518402,20
184,6,25,1,0.14705882966518402,21
184,6,26,1,0.024390242993831635,22
184,6,27,1,0.0008583691087551415,23
184,6,28,0,0.010893246158957481,24
184,6,29,1,0.01149425283074379,25
184,6,30,1,0.010893246158957481,26
184,6,31,1,0.010893246158957481,27
184,6,32,0,0.024390242993831635,28
184,6,33,1,0.22077922523021698,29
184,6,34,1,0.0008583691087551415,30
184,6,35,0,0.0,31
184,6,36,0,0.0008583691087551415,32
184,6,37,0,0.024390242993831635,33
184,6,38,0,0.024390242993831635,34
184,6,39,1,0.024390242993831635,35
184,6,40,1,0.0,36
187,4,33,0,0.4000000059604645,1
187,4,34,1,0.22077922523021698,2
187,4,35,0,0.010893246158957481,3
187,4,36,0,0.0008583691087551415,4
187,4,37,0,0.0008583691087551415,5
187,4,38,0,0.0008583691087551415,6
187,4,39,0,0.0008583691087551415,7
187,4,40,1,0.010893246158957481,8
187,6,1,0,0.010893246158957481,9
187,6,2,0,0.024390242993831635,10
187,6,3,0,0.01149425283074379,11
187,6,4,0,0.04210526496171951,12
187,6,5,0,0.04210526496171951,13
187,6,6,0,0.04210526496171951,14
187,6,7,0,0.011014082469046116,15
187,6,8,0,0.01149425283074379,16
187,6,9,0,0.14705882966518402,17
187,6,10,1,0.22077922523021698,18
187,6,11,0,0.7027027010917664,19
187,6,12,0,0.6000000238418579,20
187,6,13,1,0.22077922523021698,21
187,6,14,0,0.04210526496171951,22
187,6,15,0,0.7027027010917664,23
187,6,16,0,0.22077922523021698,24
187,6,17,0,0.7027027010917664,25
187,6,18,1,0.8055555820465088,26
187,6,19,1,0.22077922523021698,27
187,6,20,1,0.22077922523021698,28
187,6,21,0,0.024390242993831635,29
187,6,22,0,0.22077922523021698,30
187,6,23,0,0.14705882966518402,31
187,6,24,1,0.22077922523021698,32
187,6,25,1,0.04210526496171951,33
187,6,26,1,0.024390242993831635,34
187,6,27,1,0.0008583691087551415,35
187,6,28,0,0.010893246158957481,36
187,6,29,1,0.04210526496171951,37
187,6,30,0,0.01149425283074379,38
187,6,31,1,0.0008583691087551415,39
187,6,32,0,0.010893246158957481,40
187,6,33,1,0.04210526496171951,41
187,6,34,1,0.0008583691087551415,42
187,6,35,0,0.0,43
187,6,36,0,0.0008583691087551415,44
187,6,37,0,0.22077922523021698,45
187,6,38,0,0.04210526496171951,46
187,6,39,1,0.22077922523021698,47
187,6,40,1,0.0,48
190,4,33,0,0.4000000059604645,1
190,4,34,0,0.22077922523021698,2
190,4,35,0,0.14705882966518402,3
190,4,36,0,0.14705882966518402,4
190,4,37,0,0.010893246158957481,5
190,4,38,0,0.14705882966518402,6
190,4,39,0,0.01149425283074379,7
190,4,40,0,0.04210526496171951,8
190,6,1,0,0.22077922523021698,9
190,6,2,0,0.04210526496171951,10
190,6,3,0,0.14705882966518402,11
190,6,4,0,0.22077922523021698,12
190,6,5,0,0.14705882966518402,13
190,6,6,0,0.22077922523021698,14
190,6,7,0,0.04210526496171951,15
190,6,8,0,0.14705882966518402,16
190,6,9,0,0.14705882966518402,17
190,6,10,1,0.5555555820465088,18
190,6,11,0,0.7027027010917664,19
190,6,12,0,0.6452714800834656,20
190,6,13,1,0.22077922523021698,21
190,6,14,0,0.5555555820465088,22
190,6,15,0,0.7027027010917664,23
190,6,16,0,0.22077922523021698,24
190,6,17,0,0.7048705816268921,25
190,6,18,1,0.8055555820465088,26
190,6,19,1,0.22077922523021698,27
190,6,20,1,0.8055555820465088,28
190,6,21,0,0.04210526496171951,29
190,6,22,0,0.22077922523021698,30
190,6,23,0,0.22077922523021698,31
190,6,24,1,0.14705882966518402,32
190,6,25,1,0.024390242993831635,33
190,6,26,1,0.04210526496171951,34
190,6,27,1,0.0008583691087551415,35
190,6,28,0,0.010893246158957481,36
190,6,29,1,0.024390242993831635,37
190,6,30,0,0.010893246158957481,38
190,6,31,1,0.0008583691087551415,39
190,6,32,0,0.0008583691087551415,40
190,6,33,1,0.04210526496171951,41
190,6,34,1,0.0008583691087551415,42
190,6,35,0,0.0,43
190,6,36,0,0.010893246158957481,44
190,6,37,0,0.22077922523021698,45
190,6,38,0,0.04210526496171951,46
190,6,39,1,0.22077922523021698,47
190,6,40,1,0.0,48
191,4,5,1,0.9931662678718567,1
191,4,6,0,0.14705882966518402,2
191,4,7,1,0.0008583691087551415,3
191,4,8,0,0.024390242993831635,4
191,4,9,1,0.010893246158957481,5
191,4,10,1,0.14705882966518402,6
191,4,11,1,0.14705882966518402,7
191,4,12,0,0.0,8
191,4,13,1,0.7027027010917664,9
191,4,14,0,0.0,10
191,4,15,0,0.14705882966518402,11
191,4,16,1,0.931034505367279,12
191,4,17,0,0.0,13
191,4,18,0,0.024390242993831635,14
191,4,19,0,0.0008583691087551415,15
191,4,20,1,0.14705882966518402,16
191,4,21,0,0.0008583691087551415,17
191,4,22,1,0.22077922523021698,18
191,4,23,1,0.9682539701461792,19
191,4,24,0,0.010893246158957481,20
191,4,25,0,0.01149425283074379,21
191,4,26,0,0.010893246158957481,22
191,4,27,0,0.010893246158957481,23
191,4,28,1,0.9940828680992126,24
191,4,29,1,0.9682539701461792,25
191,4,30,1,0.3334191143512726,26
191,4,31,1,0.931034505367279,27
191,4,32,0,0.0008583691087551415,28
191,4,33,0,0.010893246158957481,29
191,4,34,0,0.010893246158957481,30
191,4,35,0,0.0008583691087551415,31
191,4,36,0,0.010893246158957481,32
191,4,37,0,0.010893246158957481,33
191,4,38,0,0.010893246158957481,34
191,4,39,0,0.010893246158957481,35
191,4,40,0,0.0008583691087551415,36
192,6,5,0,0.4000000059604645,1
192,6,6,0,0.8055555820465088,2
192,6,7,0,0.04210526496171951,3
192,6,8,0,0.024390242993831635,4
192,6,9,0,0.04210526496171951,5
192,6,10,0,0.22077922523021698,6
192,6,11,0,0.22077922523021698,7
192,6,12,0,0.29895466566085815,8
192,6,13,0,0.04210526496171951,9
192,6,14,0,0.22077922523021698,10
192,6,15,0,0.22077922523021698,11
192,6,16,0,0.14705882966518402,12
192,6,17,1,0.6666666865348816,13
192,6,18,1,1.0,14
192,6,19,1,0.9682539701461792,15
192,6,20,1,0.22077922523021698,16
192,6,21,0,0.0008583691087551415,17
192,6,22,0,0.22077922523021698,18
192,6,23,0,0.04210526496171951,19
192,6,24,1,0.04210526496171951,20
192,6,25,1,0.04210526496171951,21
192,6,26,1,0.04210526496171951,22
192,6,27,1,0.0008583691087551415,23
192,6,28,0,0.010893246158957481,24
192,6,29,1,0.010893246158957481,25
192,6,30,0,0.0008583691087551415,26
192,6,31,1,0.0008583691087551415,27
192,6,32,0,0.0008583691087551415,28
192,6,33,1,0.010893246158957481,29
192,6,34,1,0.0,30
192,6,35,0,0.0,31
192,6,36,0,0.0008583691087551415,32
192,6,37,0,0.010893246158957481,33
192,6,38,0,0.01149425283074379,34
192,6,39,1,0.024390242993831635,35
192,6,40,1,0.0,36
193,4,17,0,0.9682539701461792,1
193,4,18,0,0.6666666865348816,2
193,4,19,0,0.4940318465232849,3
193,4,20,0,0.024390242993831635,4
193,4,21,0,0.14705882966518402,5
193,4,22,1,0.14705882966518402,6
193,4,23,1,0.024390242993831635,7
193,4,24,0,0.14705882966518402,8
193,4,25,0,0.024390242993831635,9
193,4,26,0,0.22077922523021698,10
193,4,27,0,0.4000000059604645,11
193,4,28,1,0.6666666865348816,12
193,4,29,1,0.22077922523021698,13
193,4,30,1,0.14705882966518402,14
193,4,31,1,0.5555555820465088,15
193,4,32,0,0.0008583691087551415,16
193,4,33,0,0.22077922523021698,17
193,4,34,0,0.14705882966518402,18
193,4,35,0,0.14705882966518402,19
193,4,36,0,0.9682539701461792,20
193,4,37,0,0.8371685743331909,21
193,4,38,0,0.04210526496171951,22
193,4,39,0,0.04210526496171951,23
193,4,40,0,0.6666666865348816,24
195,4,33,0,0.4000000059604645,1
195,4,34,0,0.22077922523021698,2
195,4,35,0,0.14705882966518402,3
195,4,36,0,0.14705882966518402,4
195,4,37,0,0.010893246158957481,5
195,4,38,0,0.14705882966518402,6
195,4,39,0,0.01149425283074379,7
195,4,40,0,0.04210526496171951,8
195,6,1,0,0.22077922523021698,9
195,6,2,0,0.04210526496171951,10
195,6,3,0,0.14705882966518402,11
195,6,4,0,0.22077922523021698,12
195,6,5,0,0.14705882966518402,13
195,6,6,0,0.22077922523021698,14
195,6,7,0,0.04210526496171951,15
195,6,8,0,0.14705882966518402,16
195,6,9,0,0.14705882966518402,17
195,6,10,0,0.5555555820465088,18
195,6,11,0,0.4288681149482727,19
195,6,12,0,0.22077922523021698,20
195,6,13,1,0.04210526496171951,21
195,6,14,0,0.22077922523021698,22
195,6,15,0,0.22077922523021698,23
195,6,16,0,0.22077922523021698,24
195,6,17,0,0.8032044172286987,25
195,6,18,0,0.931034505367279,26
195,6,19,1,0.22077922523021698,27
195,6,20,1,0.9682539701461792,28
195,6,21,0,0.7027027010917664,29
195,6,22,0,0.7027027010917664,30
195,6,23,0,0.6666666865348816,31
195,6,24,1,0.4000000059604645,32
195,6,25,1,0.04210526496171951,33
195,6,26,1,0.04210526496171951,34
195,6,27,1,0.0008583691087551415,35
195,6,28,0,0.0008583691087551415,36
195,6,29,1,0.010893246158957481,37
195,6,30,0,0.0008583691087551415,38
195,6,31,1,0.0008583691087551415,39
195,6,32,0,0.010893246158957481,40
195,6,33,1,0.04210526496171951,41
195,6,34,1,0.0,42
195,6,35,0,0.0,43
195,6,36,0,0.0008583691087551415,44
195,6,37,0,0.22077922523021698,45
195,6,38,0,0.14705882966518402,46
195,6,39,1,0.22077922523021698,47
195,6,40,1,0.0,48
196,4,17,0,0.9682539701461792,1
196,4,18,0,0.6666666865348816,2
196,4,19,0,0.4940318465232849,3
196,4,20,0,0.024390242993831635,4
196,4,21,0,0.14705882966518402,5
196,4,22,1,0.14705882966518402,6
196,4,23,1,0.024390242993831635,7
196,4,24,0,0.14705882966518402,8
196,4,25,0,0.024390242993831635,9
196,4,26,0,0.22077922523021698,10
196,4,27,0,0.4000000059604645,11
196,4,28,1,0.6666666865348816,12
196,4,29,1,0.22077922523021698,13
196,4,30,1,0.14705882966518402,14
196,4,31,1,0.5555555820465088,15
196,4,32,0,0.0008583691087551415,16
196,4,33,0,0.22077922523021698,17
196,4,34,0,0.14705882966518402,18
196,4,35,0,0.14705882966518402,19
196,4,36,0,0.9682539701461792,20
196,4,37,0,0.8371685743331909,21
196,4,38,0,0.04210526496171951,22
196,4,39,0,0.04210526496171951,23
196,4,40,0,0.6666666865348816,24
201,6,5,0,0.4000000059604645,1
201,6,6,0,0.8055555820465088,2
201,6,7,0,0.04210526496171951,3
201,6,8,0,0.024390242993831635,4
201,6,9,0,0.04210526496171951,5
201,6,10,1,0.22077922523021698,6
201,6,11,0,0.6666666865348816,7
201,6,12,0,0.6666666865348816,8
201,6,13,0,0.22077922523021698,9
201,6,14,0,0.7027027010917664,10
201,6,15,0,0.6666666865348816,11
201,6,16,0,0.8055555820465088,12
201,6,17,1,0.931034505367279,13
201,6,18,1,0.9940828680992126,14
201,6,19,1,0.7027027010917664,15
201,6,20,1,0.22077922523021698,16
201,6,21,0,0.0008583691087551415,17
201,6,22,0,0.6666666865348816,18
201,6,23,0,0.22077922523021698,19
201,6,24,1,0.22077922523021698,20
201,6,25,1,0.14705882966518402,21
201,6,26,1,0.04210526496171951,22
201,6,27,1,0.0008583691087551415,23
201,6,28,0,0.010893246158957481,24
201,6,29,1,0.010893246158957481,25
201,6,30,0,0.0008583691087551415,26
201,6,31,1,0.0008583691087551415,27
201,6,32,0,0.0008583691087551415,28
201,6,33,1,0.010893246158957481,29
201,6,34,1,0.0,30
201,6,35,0,0.0,31
201,6,36,0,0.0008583691087551415,32
201,6,37,0,0.010893246158957481,33
201,6,38,0,0.010893246158957481,34
201,6,39,1,0.01149425283074379,35
201,6,40,1,0.0,36
202,4,33,0,0.4000000059604645,1
202,4,34,0,0.22077922523021698,2
202,4,35,0,0.14705882966518402,3
202,4,36,0,0.14705882966518402,4
202,4,37,0,0.010893246158957481,5
202,4,38,0,0.14705882966518402,6
202,4,39,0,0.01149425283074379,7
202,4,40,0,0.04210526496171951,8
202,6,1,0,0.22077922523021698,9
202,6,2,0,0.04210526496171951,10
202,6,3,0,0.14705882966518402,11
202,6,4,0,0.22077922523021698,12
202,6,5,0,0.14705882966518402,13
202,6,6,0,0.22077922523021698,14
202,6,7,0,0.04210526496171951,15
202,6,8,0,0.14705882966518402,16
202,6,9,0,0.14705882966518402,17
202,6,10,1,0.5555555820465088,18
202,6,11,0,0.7027027010917664,19
202,6,12,0,0.6452714800834656,20
202,6,13,1,0.22077922523021698,21
202,6,14,0,0.5555555820465088,22
202,6,15,0,0.7027027010917664,23
202,6,16,0,0.22077922523021698,24
202,6,17,1,0.7048705816268921,25
202,6,18,1,1.0,26
202,6,19,1,0.8055555820465088,27
202,6,20,1,0.22077922523021698,28
202,6,21,0,0.01149425283074379,29
202,6,22,0,0.22077922523021698,30
202,6,23,0,0.22077922523021698,31
202,6,24,1,0.14705882966518402,32
202,6,25,1,0.04210526496171951,33
202,6,26,1,0.04210526496171951,34
202,6,27,1,0.0008583691087551415,35
202,6,28,0,0.0008583691087551415,36
202,6,29,1,0.024390242993831635,37
202,6,30,0,0.0008583691087551415,38
202,6,31,1,0.0008583691087551415,39
202,6,32,0,0.010893246158957481,40
202,6,33,1,0.14705882966518402,41
202,6,34,1,0.0008583691087551415,42
202,6,35,0,0.0,43
202,6,36,0,0.010893246158957481,44
202,6,37,0,0.22077922523021698,45
202,6,38,0,0.14705882966518402,46
202,6,39,1,0.22077922523021698,47
202,6,40,1,0.0,48
206,6,5,0,0.4000000059604645,1
206,6,6,0,0.8055555820465088,2
206,6,7,0,0.04210526496171951,3
206,6,8,0,0.024390242993831635,4
206,6,9,0,0.04210526496171951,5
206,6,10,0,0.22077922523021698,6
206,6,11,0,0.22077922523021698,7
206,6,12,0,0.29895466566085815,8
206,6,13,1,0.04210526496171951,9
206,6,14,0,0.04210526496171951,10
206,6,15,0,0.04210526496171951,11
206,6,16,0,0.024390242993831635,12
206,6,17,1,0.14705882966518402,13
206,6,18,1,0.931034505367279,14
206,6,19,1,0.5555555820465088,15
206,6,20,1,0.04210526496171951,16
206,6,21,0,0.0008583691087551415,17
206,6,22,0,0.4000000059604645,18
206,6,23,0,0.04210526496171951,19
206,6,24,1,0.14705882966518402,20
206,6,25,1,0.04210526496171951,21
206,6,26,1,0.04210526496171951,22
206,6,27,1,0.0008583691087551415,23
206,6,28,0,0.010893246158957481,24
206,6,29,1,0.010893246158957481,25
206,6,30,0,0.0008583691087551415,26
206,6,31,1,0.0008583691087551415,27
206,6,32,0,0.010893246158957481,28
206,6,33,1,0.04210526496171951,29
206,6,34,1,0.0,30
206,6,35,0,0.0,31
206,6,36,0,0.0008583691087551415,32
206,6,37,0,0.010893246158957481,33
206,6,38,0,0.01149425283074379,34
206,6,39,1,0.024390242993831635,35
206,6,40,1,0.0,36
208,4,5,1,0.9931662678718567,1
208,4,6,1,0.14705882966518402,2
208,4,7,1,0.024390242993831635,3
208,4,8,0,0.04210526496171951,4
208,4,9,1,0.14705882966518402,5
208,4,10,1,0.7027027010917664,6
208,4,11,1,0.04210526496171951,7
208,4,12,0,0.0,8
208,4,13,1,0.6666666865348816,9
208,4,14,0,0.0,10
208,4,15,0,0.04210526496171951,11
208,4,16,1,0.931034505367279,12
208,4,17,0,0.0,13
208,4,18,1,0.04210526496171951,14
208,4,19,0,0.010893246158957481,15
208,4,20,0,0.22077922523021698,16
208,4,21,0,0.0008583691087551415,17
208,4,22,1,0.6000000238418579,18
208,4,23,1,0.931034505367279,19
208,4,24,0,0.010893246158957481,20
208,4,25,0,0.024390242993831635,21
208,4,26,0,0.010893246158957481,22
208,4,27,0,0.010893246158957481,23
208,4,28,1,0.9940828680992126,24
208,4,29,1,0.9682539701461792,25
208,4,30,1,0.22077922523021698,26
208,4,31,1,0.931034505367279,27
208,4,32,0,0.0008583691087551415,28
208,4,33,0,0.024390242993831635,29
208,4,34,0,0.01149425283074379,30
208,4,35,0,0.0008583691087551415,31
208,4,36,0,0.024390242993831635,32
208,4,37,0,0.010893246158957481,33
208,4,38,0,0.0008583691087551415,34
208,4,39,0,0.010893246158957481,35
208,4,40,0,0.0008583691087551415,36
209,4,5,1,0.9931662678718567,1
209,4,6,1,0.14705882966518402,2
209,4,7,1,0.024390242993831635,3
209,4,8,0,0.04210526496171951,4
209,4,9,1,0.14705882966518402,5
209,4,10,1,0.7027027010917664,6
209,4,11,1,0.04210526496171951,7
209,4,12,0,0.0,8
209,4,13,1,0.6666666865348816,9
209,4,14,0,0.0,10
209,4,15,0,0.04210526496171951,11
209,4,16,1,0.931034505367279,12
209,4,17,0,0.0,13
209,4,18,0,0.04210526496171951,14
209,4,19,0,0.0008583691087551415,15
209,4,20,0,0.14705882966518402,16
209,4,21,0,0.0008583691087551415,17
209,4,22,1,0.22077922523021698,18
209,4,23,1,0.931034505367279,19
209,4,24,0,0.010893246158957481,20
209,4,25,0,0.01149425283074379,21
209,4,26,0,0.010893246158957481,22
209,4,27,0,0.010893246158957481,23
209,4,28,1,0.9931662678718567,24
209,4,29,1,0.9682539701461792,25
209,4,30,1,0.22077922523021698,26
209,4,31,1,0.9682539701461792,27
209,4,32,0,0.0008583691087551415,28
209,4,33,0,0.010893246158957481,29
209,4,34,0,0.010893246158957481,30
209,4,35,0,0.010893246158957481,31
209,4,36,0,0.024390242993831635,32
209,4,37,0,0.010893246158957481,33
209,4,38,0,0.010893246158957481,34
209,4,39,0,0.010893246158957481,35
209,4,40,0,0.0008583691087551415,36
210,6,5,0,0.4000000059604645,1
210,6,6,0,0.8055555820465088,2
210,6,7,0,0.04210526496171951,3
210,6,8,0,0.024390242993831635,4
210,6,9,0,0.04210526496171951,5
210,6,10,0,0.22077922523021698,6
210,6,11,0,0.22077922523021698,7
210,6,12,0,0.29895466566085815,8
210,6,13,1,0.04210526496171951,9
210,6,14,0,0.04210526496171951,10
210,6,15,0,0.04210526496171951,11
210,6,16,0,0.024390242993831635,12
210,6,17,0,0.14705882966518402,13
210,6,18,0,0.4000000059604645,14
210,6,19,1,0.7027027010917664,15
210,6,20,1,0.22077922523021698,16
210,6,21,0,0.024390242993831635,17
210,6,22,0,0.7027027010917664,18
210,6,23,0,0.14705882966518402,19
210,6,24,1,0.14705882966518402,20
210,6,25,1,0.14705882966518402,21
210,6,26,1,0.04210526496171951,22
210,6,27,1,0.0008583691087551415,23
210,6,28,0,0.010893246158957481,24
210,6,29,1,0.010893246158957481,25
210,6,30,1,0.0008583691087551415,26
210,6,31,1,0.010893246158957481,27
210,6,32,0,0.010893246158957481,28
210,6,33,1,0.01149425283074379,29
210,6,34,1,0.0,30
210,6,35,0,0.0,31
210,6,36,0,0.0008583691087551415,32
210,6,37,0,0.010893246158957481,33
210,6,38,0,0.010893246158957481,34
210,6,39,1,0.04210526496171951,35
210,6,40,1,0.0,36
211,6,5,0,0.4000000059604645,1
211,6,6,0,0.8055555820465088,2
211,6,7,0,0.04210526496171951,3
211,6,8,0,0.024390242993831635,4
211,6,9,0,0.04210526496171951,5
211,6,10,1,0.22077922523021698,6
211,6,11,0,0.6666666865348816,7
211,6,12,0,0.6666666865348816,8
211,6,13,1,0.22077922523021698,9
211,6,14,0,0.024390242993831635,10
211,6,15,0,0.04210526496171951,11
211,6,16,0,0.22077922523021698,12
211,6,17,1,0.22077922523021698,13
211,6,18,1,0.931034505367279,14
211,6,19,1,0.5649207830429077,15
211,6,20,1,0.04210526496171951,16
211,6,21,0,0.0008583691087551415,17
211,6,22,0,0.6666666865348816,18
211,6,23,0,0.14705882966518402,19
211,6,24,1,0.22077922523021698,20
211,6,25,1,0.04210526496171951,21
211,6,26,1,0.14705882966518402,22
211,6,27,1,0.0008583691087551415,23
211,6,28,0,0.0008583691087551415,24
211,6,29,1,0.011154319159686565,25
211,6,30,0,0.0008583691087551415,26
211,6,31,1,0.0008583691087551415,27
211,6,32,0,0.010893246158957481,28
211,6,33,1,0.01149425283074379,29
211,6,34,1,0.0,30
211,6,35,0,0.0,31
211,6,36,0,0.0008583691087551415,32
211,6,37,0,0.010893246158957481,33
211,6,38,0,0.010893246158957481,34
211,6,39,1,0.01149425283074379,35
211,6,40,1,0.0,36
213,6,5,0,0.5555555820465088,1
213,6,6,0,0.6666666865348816,2
213,6,7,0,0.024390242993831635,3
213,6,8,0,0.024390242993831635,4
213,6,9,0,0.024390242993831635,5
213,6,10,0,0.22077922523021698,6
213,6,11,0,0.4000000059604645,7
213,6,12,0,0.22077922523021698,8
213,6,13,0,0.04210526496171951,9
213,6,14,0,0.22077922523021698,10
213,6,15,0,0.6000000238418579,11
213,6,16,0,0.22077922523021698,12
213,6,17,1,0.931034505367279,13
213,6,18,1,0.9931662678718567,14
213,6,19,1,0.9682539701461792,15
213,6,20,1,0.04210526496171951,16
213,6,21,0,0.0008583691087551415,17
213,6,22,0,0.22077922523021698,18
213,6,23,0,0.14705882966518402,19
213,6,24,1,0.22077922523021698,20
213,6,25,1,0.024390242993831635,21
213,6,26,1,0.024390242993831635,22
213,6,27,0,0.0008583691087551415,23
213,6,28,0,0.01149425283074379,24
213,6,29,1,0.024390242993831635,25
213,6,30,1,0.0008583691087551415,26
213,6,31,1,0.04210526496171951,27
213,6,32,0,0.6666666865348816,28
213,6,33,1,0.5555555820465088,29
213,6,34,1,0.01149425283074379,30
213,6,35,0,0.0008583691087551415,31
213,6,36,0,0.14705882966518402,32
213,6,37,0,0.22077922523021698,33
213,6,38,0,0.7027027010917664,34
213,6,39,1,0.7027027010917664,35
213,6,40,1,0.0008583691087551415,36
214,4,17,0,0.9682539701461792,1
214,4,18,1,0.492811381816864,2
214,4,19,0,0.010893246158957481,3
214,4,20,1,0.22077922523021698,4
214,4,21,0,0.0008583691087551415,5
214,4,22,1,0.931034505367279,6
214,4,23,1,0.024390242993831635,7
214,4,24,0,0.04210526496171951,8
214,4,25,0,0.14705882966518402,9
214,4,26,0,0.22077922523021698,10
214,4,27,0,0.22077922523021698,11
214,4,28,1,0.931034505367279,12
214,4,29,0,0.04210526496171951,13
214,4,30,0,0.024390242993831635,14
214,4,31,1,0.8055555820465088,15
214,4,32,0,0.010893246158957481,16
214,4,33,0,0.14705882966518402,17
214,4,34,0,0.22077922523021698,18
214,4,35,0,0.22077922523021698,19
214,4,36,0,0.9682539701461792,20
214,4,37,0,0.6000000238418579,21
214,4,38,0,0.024390242993831635,22
214,4,39,0,0.024390242993831635,23
214,4,40,0,0.4137653112411499,24
215,4,5,1,0.9931662678718567,1
215,4,6,0,0.04210526496171951,2
215,4,7,1,0.0008583691087551415,3
215,4,8,0,0.04210526496171951,4
215,4,9,1,0.01149425283074379,5
215,4,10,1,0.14705882966518402,6
215,4,11,1,0.22077922523021698,7
215,4,12,0,0.0,8
215,4,13,1,0.7027027010917664,9
215,4,14,0,0.0,10
215,4,15,0,0.22077922523021698,11
215,4,16,1,0.9931662678718567,12
215,4,17,0,0.0,13
215,4,18,1,0.6593300700187683,14
215,4,19,0,0.0008583691087551415,15
215,4,20,1,0.7027027010917664,16
215,4,21,0,0.0008583691087551415,17
215,4,22,1,0.5555555820465088,18
215,4,23,1,0.9931662678718567,19
215,4,24,0,0.010893246158957481,20
215,4,25,0,0.024390242993831635,21
215,4,26,0,0.0008583691087551415,22
215,4,27,0,0.0008583691087551415,23
215,4,28,1,0.9931662678718567,24
215,4,29,0,0.024390242993831635,25
215,4,30,0,0.0008583691087551415,26
215,4,31,1,0.931034505367279,27
215,4,32,0,0.0008583691087551415,28
215,4,33,0,0.010893246158957481,29
215,4,34,0,0.01149425283074379,30
215,4,35,0,0.010893246158957481,31
215,4,36,0,0.01149425283074379,32
215,4,37,0,0.01149425283074379,33
215,4,38,0,0.0008583691087551415,34
215,4,39,0,0.010893246158957481,35
215,4,40,0,0.0008583691087551415,36
216,6,5,0,0.5555555820465088,1
216,6,6,0,0.6666666865348816,2
216,6,7,0,0.024390242993831635,3
216,6,8,0,0.024390242993831635,4
216,6,9,0,0.024390242993831635,5
216,6,10,0,0.22077922523021698,6
216,6,11,0,0.4000000059604645,7
216,6,12,0,0.22077922523021698,8
216,6,13,0,0.04210526496171951,9
216,6,14,0,0.22077922523021698,10
216,6,15,0,0.6000000238418579,11
216,6,16,0,0.22077922523021698,12
216,6,17,1,0.931034505367279,13
216,6,18,1,0.9931662678718567,14
216,6,19,1,0.9682539701461792,15
216,6,20,1,0.04210526496171951,16
216,6,21,0,0.0008583691087551415,17
216,6,22,0,0.22077922523021698,18
216,6,23,0,0.14705882966518402,19
216,6,24,1,0.22077922523021698,20
216,6,25,1,0.024390242993831635,21
216,6,26,1,0.024390242993831635,22
216,6,27,0,0.0008583691087551415,23
216,6,28,0,0.01149425283074379,24
216,6,29,1,0.024390242993831635,25
216,6,30,1,0.0008583691087551415,26
216,6,31,1,0.04210526496171951,27
216,6,32,0,0.6666666865348816,28
216,6,33,1,0.5555555820465088,29
216,6,34,1,0.01149425283074379,30
216,6,35,0,0.0008583691087551415,31
216,6,36,0,0.14705882966518402,32
216,6,37,0,0.22077922523021698,33
216,6,38,0,0.7027027010917664,34
216,6,39,1,0.7027027010917664,35
216,6,40,1,0.0008583691087551415,36
217,6,5,0,0.5555555820465088,1
217,6,6,0,0.6666666865348816,2
217,6,7,0,0.024390242993831635,3
217,6,8,0,0.024390242993831635,4
217,6,9,0,0.024390242993831635,5
217,6,10,0,0.22077922523021698,6
217,6,11,0,0.4000000059604645,7
217,6,12,0,0.22077922523021698,8
217,6,13,0,0.04210526496171951,9
217,6,14,0,0.22077922523021698,10
217,6,15,0,0.6000000238418579,11
217,6,16,0,0.22077922523021698,12
217,6,17,1,0.931034505367279,13
217,6,18,1,0.9931662678718567,14
217,6,19,1,0.9682539701461792,15
217,6,20,1,0.04210526496171951,16
217,6,21,0,0.0008583691087551415,17
217,6,22,0,0.22077922523021698,18
217,6,23,0,0.14705882966518402,19
217,6,24,1,0.22077922523021698,20
217,6,25,1,0.024390242993831635,21
217,6,26,1,0.024390242993831635,22
217,6,27,0,0.0008583691087551415,23
217,6,28,0,0.01149425283074379,24
217,6,29,1,0.024390242993831635,25
217,6,30,1,0.0008583691087551415,26
217,6,31,1,0.04210526496171951,27
217,6,32,0,0.6666666865348816,28
217,6,33,1,0.5555555820465088,29
217,6,34,1,0.01149425283074379,30
217,6,35,0,0.0008583691087551415,31
217,6,36,0,0.14705882966518402,32
217,6,37,0,0.22077922523021698,33
217,6,38,0,0.7027027010917664,34
217,6,39,1,0.7027027010917664,35
217,6,40,1,0.0008583691087551415,36
218,4,5,1,0.9931662678718567,1
218,4,6,0,0.04210526496171951,2
218,4,7,1,0.0008583691087551415,3
218,4,8,0,0.04210526496171951,4
218,4,9,1,0.01149425283074379,5
218,4,10,1,0.14705882966518402,6
218,4,11,1,0.22077922523021698,7
218,4,12,0,0.0,8
218,4,13,1,0.7027027010917664,9
218,4,14,0,0.0,10
218,4,15,0,0.22077922523021698,11
218,4,16,1,0.9931662678718567,12
218,4,17,0,0.0,13
218,4,18,1,0.6593300700187683,14
218,4,19,0,0.0008583691087551415,15
218,4,20,1,0.7027027010917664,16
218,4,21,0,0.0008583691087551415,17
218,4,22,1,0.5555555820465088,18
218,4,23,1,0.9931662678718567,19
218,4,24,0,0.010893246158957481,20
218,4,25,0,0.024390242993831635,21
218,4,26,0,0.0008583691087551415,22
218,4,27,0,0.0008583691087551415,23
218,4,28,1,0.9931662678718567,24
218,4,29,0,0.024390242993831635,25
218,4,30,0,0.0008583691087551415,26
218,4,31,1,0.931034505367279,27
218,4,32,0,0.0008583691087551415,28
218,4,33,0,0.010893246158957481,29
218,4,34,0,0.01149425283074379,30
218,4,35,0,0.010893246158957481,31
218,4,36,0,0.01149425283074379,32
218,4,37,0,0.01149425283074379,33
218,4,38,0,0.0008583691087551415,34
218,4,39,0,0.010893246158957481,35
218,4,40,0,0.0008583691087551415,36
219,4,33,0,0.5555555820465088,1
219,4,34,0,0.22077922523021698,2
219,4,35,0,0.6666666865348816,3
219,4,36,0,0.22077922523021698,4
219,4,37,0,0.14705882966518402,5
219,4,38,0,0.22077922523021698,6
219,4,39,0,0.04210526496171951,7
219,4,40,0,0.22077922523021698,8
219,6,1,0,0.22077922523021698,9
219,6,2,0,0.04210526496171951,10
219,6,3,0,0.22077922523021698,11
219,6,4,0,0.22077922523021698,12
219,6,5,0,0.22077922523021698,13
219,6,6,0,0.22077922523021698,14
219,6,7,0,0.04210526496171951,15
219,6,8,0,0.04210526496171951,16
219,6,9,0,0.04210526496171951,17
219,6,10,0,0.22077922523021698,18
219,6,11,0,0.6666666865348816,19
219,6,12,0,0.22077922523021698,20
219,6,13,0,0.04210526496171951,21
219,6,14,0,0.22077922523021698,22
219,6,15,0,0.6000000238418579,23
219,6,16,0,0.22077922523021698,24
219,6,17,1,0.931034505367279,25
219,6,18,1,0.9940828680992126,26
219,6,19,1,0.9682539701461792,27
219,6,20,1,0.5555555820465088,28
219,6,21,0,0.04210526496171951,29
219,6,22,0,0.6666666865348816,30
219,6,23,0,0.5555555820465088,31
219,6,24,1,0.7027027010917664,32
219,6,25,1,0.22077922523021698,33
219,6,26,1,0.024390242993831635,34
219,6,27,0,0.010893246158957481,35
219,6,28,0,0.024390242993831635,36
219,6,29,1,0.04210526496171951,37
219,6,30,1,0.010893246158957481,38
219,6,31,1,0.04210526496171951,39
219,6,32,0,0.6000000238418579,40
219,6,33,1,0.931034505367279,41
219,6,34,1,0.024390242993831635,42
219,6,35,0,0.010893246158957481,43
219,6,36,0,0.5555555820465088,44
219,6,37,0,0.9931662678718567,45
219,6,38,0,0.931034505367279,46
219,6,39,1,0.931034505367279,47
219,6,40,1,0.0008583691087551415,48
221,6,5,0,0.5555555820465088,1
221,6,6,0,0.6666666865348816,2
221,6,7,0,0.024390242993831635,3
221,6,8,0,0.024390242993831635,4
221,6,9,0,0.024390242993831635,5
221,6,10,0,0.22077922523021698,6
221,6,11,0,0.4000000059604645,7
221,6,12,0,0.22077922523021698,8
221,6,13,0,0.04210526496171951,9
221,6,14,0,0.22077922523021698,10
221,6,15,0,0.6000000238418579,11
221,6,16,0,0.22077922523021698,12
221,6,17,1,0.931034505367279,13
221,6,18,1,0.9931662678718567,14
221,6,19,1,0.9682539701461792,15
221,6,20,1,0.04210526496171951,16
221,6,21,0,0.0008583691087551415,17
221,6,22,0,0.22077922523021698,18
221,6,23,0,0.14705882966518402,19
221,6,24,1,0.22077922523021698,20
221,6,25,1,0.024390242993831635,21
221,6,26,1,0.024390242993831635,22
221,6,27,0,0.0008583691087551415,23
221,6,28,0,0.01149425283074379,24
221,6,29,1,0.024390242993831635,25
221,6,30,1,0.0008583691087551415,26
221,6,31,0,0.04210526496171951,27
221,6,32,0,0.8055555820465088,28
221,6,33,1,0.6666666865348816,29
221,6,34,1,0.01149425283074379,30
221,6,35,0,0.0008583691087551415,31
221,6,36,0,0.04210526496171951,32
221,6,37,0,0.14705882966518402,33
221,6,38,0,0.22077922523021698,34
221,6,39,1,0.7027027010917664,35
221,6,40,1,0.0008583691087551415,36
222,6,5,0,0.5555555820465088,1
222,6,6,0,0.6666666865348816,2
222,6,7,0,0.024390242993831635,3
222,6,8,0,0.024390242993831635,4
222,6,9,0,0.024390242993831635,5
222,6,10,0,0.22077922523021698,6
222,6,11,0,0.4000000059604645,7
222,6,12,0,0.22077922523021698,8
222,6,13,0,0.04210526496171951,9
222,6,14,0,0.22077922523021698,10
222,6,15,0,0.6000000238418579,11
222,6,16,0,0.22077922523021698,12
222,6,17,1,0.931034505367279,13
222,6,18,1,0.9931662678718567,14
222,6,19,1,0.9682539701461792,15
222,6,20,1,0.04210526496171951,16
222,6,21,0,0.0008583691087551415,17
222,6,22,0,0.22077922523021698,18
222,6,23,0,0.14705882966518402,19
222,6,24,1,0.22077922523021698,20
222,6,25,1,0.024390242993831635,21
222,6,26,1,0.024390242993831635,22
222,6,27,0,0.0008583691087551415,23
222,6,28,0,0.01149425283074379,24
222,6,29,1,0.024390242993831635,25
222,6,30,1,0.0008583691087551415,26
222,6,31,1,0.04210526496171951,27
222,6,32,0,0.6666666865348816,28
222,6,33,1,0.5555555820465088,29
222,6,34,1,0.01149425283074379,30
222,6,35,0,0.0008583691087551415,31
222,6,36,0,0.14705882966518402,32
222,6,37,0,0.22077922523021698,33
222,6,38,0,0.7027027010917664,34
222,6,39,1,0.7027027010917664,35
222,6,40,1,0.0008583691087551415,36
223,4,5,1,0.9931662678718567,1
223,4,6,0,0.04210526496171951,2
223,4,7,1,0.0008583691087551415,3
223,4,8,0,0.04210526496171951,4
223,4,9,1,0.01149425283074379,5
223,4,10,1,0.14705882966518402,6
223,4,11,1,0.22077922523021698,7
223,4,12,0,0.0,8
223,4,13,1,0.7027027010917664,9
223,4,14,0,0.0,10
223,4,15,0,0.22077922523021698,11
223,4,16,1,0.9931662678718567,12
223,4,17,0,0.0,13
223,4,18,1,0.6593300700187683,14
223,4,19,0,0.0008583691087551415,15
223,4,20,1,0.7027027010917664,16
223,4,21,0,0.0008583691087551415,17
223,4,22,0,0.5555555820465088,18
223,4,23,1,0.9940828680992126,19
223,4,24,0,0.0008583691087551415,20
223,4,25,0,0.010893246158957481,21
223,4,26,0,0.0008583691087551415,22
223,4,27,0,0.010893246158957481,23
223,4,28,1,0.9940828680992126,24
223,4,29,0,0.04210526496171951,25
223,4,30,0,0.010893246158957481,26
223,4,31,1,0.931034505367279,27
223,4,32,0,0.010893246158957481,28
223,4,33,0,0.01149425283074379,29
223,4,34,0,0.024390242993831635,30
223,4,35,0,0.024390242993831635,31
223,4,36,0,0.024390242993831635,32
223,4,37,0,0.01149425283074379,33
223,4,38,0,0.0008583691087551415,34
223,4,39,0,0.010893246158957481,35
223,4,40,0,0.0008583691087551415,36
224,6,5,0,0.5555555820465088,1
224,6,6,0,0.6666666865348816,2
224,6,7,0,0.024390242993831635,3
224,6,8,0,0.024390242993831635,4
224,6,9,0,0.024390242993831635,5
224,6,10,0,0.22077922523021698,6
224,6,11,0,0.4000000059604645,7
224,6,12,0,0.22077922523021698,8
224,6,13,0,0.04210526496171951,9
224,6,14,0,0.22077922523021698,10
224,6,15,0,0.6000000238418579,11
224,6,16,0,0.22077922523021698,12
224,6,17,1,0.931034505367279,13
224,6,18,1,0.9931662678718567,14
224,6,19,1,0.9682539701461792,15
224,6,20,1,0.04210526496171951,16
224,6,21,0,0.0008583691087551415,17
224,6,22,0,0.22077922523021698,18
224,6,23,0,0.14705882966518402,19
224,6,24,1,0.22077922523021698,20
224,6,25,1,0.024390242993831635,21
224,6,26,1,0.024390242993831635,22
224,6,27,1,0.0008583691087551415,23
224,6,28,0,0.010893246158957481,24
224,6,29,1,0.031275928020477295,25
224,6,30,1,0.0008583691087551415,26
224,6,31,1,0.010893246158957481,27
224,6,32,0,0.14705882966518402,28
224,6,33,1,0.36269664764404297,29
224,6,34,1,0.0008583691087551415,30
224,6,35,0,0.0008583691087551415,31
224,6,36,0,0.04210526496171951,32
224,6,37,0,0.22077922523021698,33
224,6,38,0,0.5555555820465088,34
224,6,39,1,0.4000000059604645,35
224,6,40,1,0.0008583691087551415,36
225,4,33,0,0.5555555820465088,1
225,4,34,0,0.22077922523021698,2
225,4,35,0,0.6666666865348816,3
225,4,36,0,0.22077922523021698,4
225,4,37,0,0.14705882966518402,5
225,4,38,0,0.22077922523021698,6
225,4,39,0,0.04210526496171951,7
225,4,40,0,0.22077922523021698,8
225,6,1,0,0.22077922523021698,9
225,6,2,0,0.04210526496171951,10
225,6,3,0,0.22077922523021698,11
225,6,4,0,0.22077922523021698,12
225,6,5,0,0.22077922523021698,13
225,6,6,0,0.22077922523021698,14
225,6,7,0,0.04210526496171951,15
225,6,8,0,0.04210526496171951,16
225,6,9,0,0.04210526496171951,17
225,6,10,0,0.22077922523021698,18
225,6,11,0,0.6666666865348816,19
225,6,12,0,0.22077922523021698,20
225,6,13,0,0.04210526496171951,21
225,6,14,0,0.22077922523021698,22
225,6,15,0,0.6000000238418579,23
225,6,16,0,0.22077922523021698,24
225,6,17,1,0.931034505367279,25
225,6,18,1,0.9940828680992126,26
225,6,19,1,0.9682539701461792,27
225,6,20,1,0.5555555820465088,28
225,6,21,0,0.04210526496171951,29
225,6,22,0,0.6666666865348816,30
225,6,23,0,0.5555555820465088,31
225,6,24,1,0.7027027010917664,32
225,6,25,1,0.22077922523021698,33
225,6,26,1,0.024390242993831635,34
225,6,27,0,0.010893246158957481,35
225,6,28,0,0.024390242993831635,36
225,6,29,1,0.04210526496171951,37
225,6,30,1,0.010893246158957481,38
225,6,31,0,0.04210526496171951,39
225,6,32,0,0.7027027010917664,40
225,6,33,1,0.4000000059604645,41
225,6,34,1,0.01149425283074379,42
225,6,35,0,0.0008583691087551415,43
225,6,36,0,0.22077922523021698,44
225,6,37,0,0.8055555820465088,45
225,6,38,0,0.7027027010917664,46
225,6,39,1,0.9682539701461792,47
225,6,40,1,0.010893246158957481,48
227,6,5,0,0.5555555820465088,1
227,6,6,0,0.6666666865348816,2
227,6,7,0,0.024390242993831635,3
227,6,8,0,0.024390242993831635,4
227,6,9,0,0.024390242993831635,5
227,6,10,0,0.22077922523021698,6
227,6,11,0,0.4000000059604645,7
227,6,12,0,0.22077922523021698,8
227,6,13,0,0.04210526496171951,9
227,6,14,0,0.22077922523021698,10
227,6,15,0,0.6000000238418579,11
227,6,16,0,0.22077922523021698,12
227,6,17,1,0.931034505367279,13
227,6,18,1,0.9931662678718567,14
227,6,19,1,0.9682539701461792,15
227,6,20,1,0.04210526496171951,16
227,6,21,0,0.0008583691087551415,17
227,6,22,0,0.22077922523021698,18
227,6,23,0,0.14705882966518402,19
227,6,24,1,0.22077922523021698,20
227,6,25,1,0.024390242993831635,21
227,6,26,1,0.024390242993831635,22
227,6,27,0,0.0008583691087551415,23
227,6,28,0,0.01149425283074379,24
227,6,29,1,0.024390242993831635,25
227,6,30,1,0.0008583691087551415,26
227,6,31,1,0.04210526496171951,27
227,6,32,0,0.6666666865348816,28
227,6,33,1,0.5555555820465088,29
227,6,34,1,0.01149425283074379,30
227,6,35,0,0.0008583691087551415,31
227,6,36,0,0.14705882966518402,32
227,6,37,0,0.22077922523021698,33
227,6,38,0,0.7027027010917664,34
227,6,39,1,0.7027027010917664,35
227,6,40,1,0.0008583691087551415,36
228,6,5,0,0.5555555820465088,1
228,6,6,0,0.6666666865348816,2
228,6,7,0,0.024390242993831635,3
228,6,8,0,0.024390242993831635,4
228,6,9,0,0.024390242993831635,5
228,6,10,0,0.22077922523021698,6
228,6,11,0,0.4000000059604645,7
228,6,12,0,0.22077922523021698,8
228,6,13,0,0.04210526496171951,9
228,6,14,0,0.22077922523021698,10
228,6,15,0,0.6000000238418579,11
228,6,16,0,0.22077922523021698,12
228,6,17,1,0.931034505367279,13
228,6,18,1,0.9931662678718567,14
228,6,19,1,0.9682539701461792,15
228,6,20,1,0.04210526496171951,16
228,6,21,0,0.0008583691087551415,17
228,6,22,0,0.22077922523021698,18
228,6,23,0,0.14705882966518402,19
228,6,24,1,0.22077922523021698,20
228,6,25,1,0.024390242993831635,21
228,6,26,1,0.024390242993831635,22
228,6,27,0,0.0008583691087551415,23
228,6,28,0,0.01149425283074379,24
228,6,29,1,0.024390242993831635,25
228,6,30,1,0.0008583691087551415,26
228,6,31,1,0.04210526496171951,27
228,6,32,0,0.6666666865348816,28
228,6,33,1,0.5555555820465088,29
228,6,34,1,0.01149425283074379,30
228,6,35,0,0.0008583691087551415,31
228,6,36,0,0.14705882966518402,32
228,6,37,0,0.22077922523021698,33
228,6,38,0,0.7027027010917664,34
228,6,39,1,0.7027027010917664,35
228,6,40,1,0.0008583691087551415,36
229,4,33,0,0.5555555820465088,1
229,4,34,0,0.22077922523021698,2
229,4,35,0,0.6666666865348816,3
229,4,36,0,0.22077922523021698,4
229,4,37,0,0.14705882966518402,5
229,4,38,0,0.22077922523021698,6
229,4,39,0,0.04210526496171951,7
229,4,40,0,0.22077922523021698,8
229,6,1,0,0.22077922523021698,9
229,6,2,0,0.04210526496171951,10
229,6,3,0,0.22077922523021698,11
229,6,4,0,0.22077922523021698,12
229,6,5,0,0.22077922523021698,13
229,6,6,0,0.22077922523021698,14
229,6,7,0,0.04210526496171951,15
229,6,8,0,0.04210526496171951,16
229,6,9,0,0.04210526496171951,17
229,6,10,0,0.22077922523021698,18
229,6,11,0,0.6666666865348816,19
229,6,12,0,0.22077922523021698,20
229,6,13,0,0.04210526496171951,21
229,6,14,0,0.22077922523021698,22
229,6,15,0,0.6000000238418579,23
229,6,16,0,0.22077922523021698,24
229,6,17,1,0.931034505367279,25
229,6,18,1,0.9940828680992126,26
229,6,19,1,0.9682539701461792,27
229,6,20,1,0.5555555820465088,28
229,6,21,0,0.04210526496171951,29
229,6,22,0,0.6666666865348816,30
229,6,23,0,0.5555555820465088,31
229,6,24,1,0.7027027010917664,32
229,6,25,1,0.22077922523021698,33
229,6,26,1,0.024390242993831635,34
229,6,27,0,0.010893246158957481,35
229,6,28,0,0.024390242993831635,36
229,6,29,1,0.04210526496171951,37
229,6,30,1,0.010893246158957481,38
229,6,31,1,0.04210526496171951,39
229,6,32,0,0.6000000238418579,40
229,6,33,1,0.931034505367279,41
229,6,34,1,0.024390242993831635,42
229,6,35,0,0.010893246158957481,43
229,6,36,0,0.5555555820465088,44
229,6,37,0,0.9931662678718567,45
229,6,38,0,0.931034505367279,46
229,6,39,1,0.931034505367279,47
229,6,40,1,0.0008583691087551415,48
230,6,5,0,0.5555555820465088,1
230,6,6,0,0.6666666865348816,2
230,6,7,0,0.024390242993831635,3
230,6,8,0,0.024390242993831635,4
230,6,9,0,0.024390242993831635,5
230,6,10,0,0.22077922523021698,6
230,6,11,0,0.4000000059604645,7
230,6,12,0,0.22077922523021698,8
230,6,13,0,0.04210526496171951,9
230,6,14,0,0.22077922523021698,10
230,6,15,0,0.6000000238418579,11
230,6,16,0,0.22077922523021698,12
230,6,17,1,0.931034505367279,13
230,6,18,1,0.9931662678718567,14
230,6,19,1,0.9682539701461792,15
230,6,20,1,0.04210526496171951,16
230,6,21,0,0.0008583691087551415,17
230,6,22,0,0.22077922523021698,18
230,6,23,0,0.14705882966518402,19
230,6,24,1,0.22077922523021698,20
230,6,25,1,0.024390242993831635,21
230,6,26,1,0.024390242993831635,22
230,6,27,0,0.0008583691087551415,23
230,6,28,0,0.01149425283074379,24
230,6,29,1,0.024390242993831635,25
230,6,30,1,0.0008583691087551415,26
230,6,31,1,0.04210526496171951,27
230,6,32,0,0.6666666865348816,28
230,6,33,1,0.5555555820465088,29
230,6,34,1,0.01149425283074379,30
230,6,35,0,0.0008583691087551415,31
230,6,36,0,0.14705882966518402,32
230,6,37,0,0.22077922523021698,33
230,6,38,0,0.7027027010917664,34
230,6,39,1,0.7027027010917664,35
230,6,40,1,0.0008583691087551415,36
231,4,5,1,0.9682539701461792,1
231,4,6,0,0.04210526496171951,2
231,4,7,1,0.0008583691087551415,3
231,4,8,0,0.04210526496171951,4
231,4,9,1,0.024390242993831635,5
231,4,10,1,0.14705882966518402,6
231,4,11,1,0.22077922523021698,7
231,4,12,0,0.0,8
231,4,13,1,0.6666666865348816,9
231,4,14,0,0.0,10
231,4,15,0,0.22077922523021698,11
231,4,16,1,0.9931662678718567,12
231,4,17,0,0.0008583691087551415,13
231,4,18,1,0.22077922523021698,14
231,4,19,0,0.0008583691087551415,15
231,4,20,1,0.22077922523021698,16
231,4,21,0,0.010893246158957481,17
231,4,22,0,0.14705882966518402,18
231,4,23,1,0.9931662678718567,19
231,4,24,0,0.0008583691087551415,20
231,4,25,0,0.010893246158957481,21
231,4,26,0,0.0008583691087551415,22
231,4,27,0,0.010893246158957481,23
231,4,28,1,1.0,24
231,4,29,1,0.7027027010917664,25
231,4,30,0,0.01149425283074379,26
231,4,31,1,0.9931662678718567,27
231,4,32,0,0.010893246158957481,28
231,4,33,0,0.0008583691087551415,29
231,4,34,0,0.010893246158957481,30
231,4,35,0,0.0008583691087551415,31
231,4,36,0,0.010893246158957481,32
231,4,37,0,0.024390242993831635,33
231,4,38,0,0.0008583691087551415,34
231,4,39,0,0.010893246158957481,35
231,4,40,0,0.0008583691087551415,36
232,4,33,0,0.6000000238418579,1
232,4,34,0,0.22077922523021698,2
232,4,35,0,0.7027027010917664,3
232,4,36,0,0.6000000238418579,4
232,4,37,0,0.22077922523021698,5
232,4,38,0,0.4000000059604645,6
232,4,39,0,0.22077922523021698,7
232,4,40,0,0.22077922523021698,8
232,6,1,0,0.22077922523021698,9
232,6,2,0,0.22077922523021698,10
232,6,3,0,0.22077922523021698,11
232,6,4,0,0.3667680621147156,12
232,6,5,0,0.22077922523021698,13
232,6,6,0,0.4000000059604645,14
232,6,7,0,0.14705882966518402,15
232,6,8,0,0.14705882966518402,16
232,6,9,0,0.14705882966518402,17
232,6,10,0,0.6000000238418579,18
232,6,11,0,0.7027027010917664,19
232,6,12,0,0.22077922523021698,20
232,6,13,0,0.14705882966518402,21
232,6,14,0,0.6190240979194641,22
232,6,15,0,0.7027027010917664,23
232,6,16,0,0.32400399446487427,24
232,6,17,0,0.9682539701461792,25
232,6,18,1,0.9682539701461792,26
232,6,19,0,0.722535252571106,27
232,6,20,1,0.8807056546211243,28
232,6,21,0,0.22077922523021698,29
232,6,22,0,0.22077922523021698,30
232,6,23,0,0.22077922523021698,31
232,6,24,1,0.14705882966518402,32
232,6,25,0,0.22077922523021698,33
232,6,26,0,0.14705882966518402,34
232,6,27,0,0.04210526496171951,35
232,6,28,1,0.04210526496171951,36
232,6,29,0,0.22077922523021698,37
232,6,30,0,0.22077922523021698,38
232,6,31,0,0.024390242993831635,39
232,6,32,1,0.14705882966518402,40
232,6,33,0,0.22077922523021698,41
232,6,34,1,0.1635233610868454,42
232,6,35,1,0.04210526496171951,43
232,6,36,0,0.14705882966518402,44
232,6,37,0,0.04210526496171951,45
232,6,38,0,0.024390242993831635,46
232,6,39,1,0.01149425283074379,47
232,6,40,1,0.0008583691087551415,48
233,4,33,0,0.6000000238418579,1
233,4,34,0,0.22077922523021698,2
233,4,35,0,0.7027027010917664,3
233,4,36,0,0.6000000238418579,4
233,4,37,0,0.22077922523021698,5
233,4,38,0,0.4000000059604645,6
233,4,39,0,0.22077922523021698,7
233,4,40,0,0.22077922523021698,8
233,6,1,0,0.22077922523021698,9
233,6,2,0,0.22077922523021698,10
233,6,3,0,0.22077922523021698,11
233,6,4,0,0.3667680621147156,12
233,6,5,0,0.22077922523021698,13
233,6,6,0,0.4000000059604645,14
233,6,7,0,0.14705882966518402,15
233,6,8,0,0.14705882966518402,16
233,6,9,0,0.14705882966518402,17
233,6,10,0,0.6000000238418579,18
233,6,11,0,0.7027027010917664,19
233,6,12,0,0.22077922523021698,20
233,6,13,0,0.14705882966518402,21
233,6,14,0,0.6190240979194641,22
233,6,15,0,0.7027027010917664,23
233,6,16,0,0.32400399446487427,24
233,6,17,1,0.9682539701461792,25
233,6,18,1,0.9940828680992126,26
233,6,19,1,0.9682539701461792,27
233,6,20,1,0.3233202397823334,28
233,6,21,0,0.010893246158957481,29
233,6,22,0,0.04210526496171951,30
233,6,23,0,0.04210526496171951,31
233,6,24,1,0.14705882966518402,32
233,6,25,1,0.14705882966518402,33
233,6,26,1,0.17425556480884552,34
233,6,27,1,0.010893246158957481,35
233,6,28,0,0.010893246158957481,36
233,6,29,1,0.024390242993831635,37
233,6,30,1,0.04210526496171951,38
233,6,31,0,0.010893246158957481,39
233,6,32,0,0.22077922523021698,40
233,6,33,1,0.22077922523021698,41
233,6,34,1,0.010893246158957481,42
233,6,35,0,0.0008583691087551415,43
233,6,36,0,0.04210526496171951,44
233,6,37,0,0.7027027010917664,45
233,6,38,0,0.5555555820465088,46
233,6,39,1,0.22077922523021698,47
233,6,40,1,0.0008583691087551415,48
234,6,5,0,0.22077922523021698,1
234,6,6,0,0.6666666865348816,2
234,6,7,0,0.04210526496171951,3
234,6,8,0,0.04210526496171951,4
234,6,9,0,0.14705882966518402,5
234,6,10,0,0.4000000059604645,6
234,6,11,0,0.6451523303985596,7
234,6,12,0,0.22077922523021698,8
234,6,13,0,0.14705882966518402,9
234,6,14,0,0.6190240979194641,10
234,6,15,0,0.7027027010917664,11
234,6,16,0,0.32400399446487427,12
234,6,17,1,0.9682539701461792,13
234,6,18,1,0.9682539701461792,14
234,6,19,1,0.931034505367279,15
234,6,20,1,0.010893246158957481,16
234,6,21,0,0.0,17
234,6,22,0,0.010893246158957481,18
234,6,23,0,0.010893246158957481,19
234,6,24,1,0.0008583691087551415,20
234,6,25,1,0.024390242993831635,21
234,6,26,1,0.22077922523021698,22
234,6,27,1,0.0008583691087551415,23
234,6,28,0,0.010893246158957481,24
234,6,29,1,0.04210526496171951,25
234,6,30,1,0.010893246158957481,26
234,6,31,0,0.0008583691087551415,27
234,6,32,0,0.22077922523021698,28
234,6,33,1,0.22077922523021698,29
234,6,34,1,0.0008583691087551415,30
234,6,35,0,0.0,31
234,6,36,0,0.0008583691087551415,32
234,6,37,0,0.010893246158957481,33
234,6,38,0,0.04210526496171951,34
234,6,39,1,0.04210526496171951,35
234,6,40,1,0.0008583691087551415,36
237,4,33,0,0.22077922523021698,1
237,4,34,0,0.024390242993831635,2
237,4,35,0,0.04210526496171951,3
237,4,36,0,0.01149425283074379,4
237,4,37,0,0.010893246158957481,5
237,4,38,0,0.024390242993831635,6
237,4,39,0,0.0008583691087551415,7
237,4,40,0,0.0008583691087551415,8
237,6,1,0,0.010893246158957481,9
237,6,2,0,0.010893246158957481,10
237,6,3,0,0.010893246158957481,11
237,6,4,0,0.04210526496171951,12
237,6,5,0,0.04210526496171951,13
237,6,6,0,0.14705882966518402,14
237,6,7,0,0.010893246158957481,15
237,6,8,0,0.010893246158957481,16
237,6,9,0,0.010893246158957481,17
237,6,10,1,0.04210526496171951,18
237,6,11,0,0.22077922523021698,19
237,6,12,0,0.024390242993831635,20
237,6,13,0,0.024390242993831635,21
237,6,14,0,0.14705882966518402,22
237,6,15,0,0.6000000238418579,23
237,6,16,0,0.04210526496171951,24
237,6,17,1,0.22077922523021698,25
237,6,18,1,0.8055555820465088,26
237,6,19,1,0.9682539701461792,27
237,6,20,1,0.5583626627922058,28
237,6,21,0,0.024390242993831635,29
237,6,22,0,0.22077922523021698,30
237,6,23,0,0.22077922523021698,31
237,6,24,1,0.6000000238418579,32
237,6,25,1,0.22077922523021698,33
237,6,26,1,0.14705882966518402,34
237,6,27,1,0.0008583691087551415,35
237,6,28,0,0.0,36
237,6,29,1,0.04210526496171951,37
237,6,30,0,0.0009009718196466565,38
237,6,31,1,0.0008583691087551415,39
237,6,32,0,0.0008583691087551415,40
237,6,33,1,0.024390242993831635,41
237,6,34,1,0.0008583691087551415,42
237,6,35,0,0.0008583691087551415,43
237,6,36,0,0.04210526496171951,44
237,6,37,0,0.22077922523021698,45
237,6,38,0,0.14705882966518402,46
237,6,39,0,0.22077922523021698,47
237,6,40,1,0.0,48
238,4,5,1,0.9682539701461792,1
238,4,6,1,0.14705882966518402,2
238,4,7,0,0.01149425283074379,3
238,4,8,0,0.01149425283074379,4
238,4,9,0,0.22077922523021698,5
238,4,10,0,0.024390242993831635,6
238,4,11,1,0.024390242993831635,7
238,4,12,0,0.0,8
238,4,13,1,0.7027027010917664,9
238,4,14,1,0.0008583691087551415,10
238,4,15,0,0.14705882966518402,11
238,4,16,0,0.7027027010917664,12
238,4,17,1,0.0008583691087551415,13
238,4,18,1,0.22077922523021698,14
238,4,19,0,0.0008583691087551415,15
238,4,20,0,0.04210526496171951,16
238,4,21,0,0.0008583691087551415,17
238,4,22,0,0.6666666865348816,18
238,4,23,1,0.7027027010917664,19
238,4,24,0,0.024390242993831635,20
238,4,25,0,0.04210526496171951,21
238,4,26,0,0.01149425283074379,22
238,4,27,0,0.010893246158957481,23
238,4,28,0,0.9682539701461792,24
238,4,29,1,0.931034505367279,25
238,4,30,0,0.22077922523021698,26
238,4,31,1,0.8055555820465088,27
238,4,32,0,0.024390242993831635,28
238,4,33,0,0.04210526496171951,29
238,4,34,0,0.04210526496171951,30
238,4,35,0,0.0008583691087551415,31
238,4,36,0,0.0008583691087551415,32
238,4,37,0,0.010893246158957481,33
238,4,38,0,0.010893246158957481,34
238,4,39,0,0.0008583691087551415,35
238,4,40,0,0.010893246158957481,36
239,4,33,0,0.4000000059604645,1
239,4,34,0,0.14705882966518402,2
239,4,35,0,0.010893246158957481,3
239,4,36,0,0.010893246158957481,4
239,4,37,0,0.0008583691087551415,5
239,4,38,0,0.011491890996694565,6
239,4,39,0,0.0008583691087551415,7
239,4,40,0,0.0008583691087551415,8
239,6,1,0,0.024390242993831635,9
239,6,2,0,0.024390242993831635,10
239,6,3,0,0.024390242993831635,11
239,6,4,0,0.14705882966518402,12
239,6,5,0,0.14705882966518402,13
239,6,6,0,0.22077922523021698,14
239,6,7,0,0.024390242993831635,15
239,6,8,0,0.024390242993831635,16
239,6,9,0,0.010893246158957481,17
239,6,10,1,0.04210526496171951,18
239,6,11,0,0.14705882966518402,19
239,6,12,0,0.04210526496171951,20
239,6,13,1,0.024390242993831635,21
239,6,14,0,0.030036913231015205,22
239,6,15,0,0.22077922523021698,23
239,6,16,0,0.22077922523021698,24
239,6,17,0,0.6666666865348816,25
239,6,18,0,0.6666666865348816,26
239,6,19,1,0.6666666865348816,27
239,6,20,1,0.8055555820465088,28
239,6,21,0,0.7027027010917664,29
239,6,22,0,0.931034505367279,30
239,6,23,0,0.7027027010917664,31
239,6,24,1,0.6666666865348816,32
239,6,25,1,0.14705882966518402,33
239,6,26,1,0.22077922523021698,34
239,6,27,1,0.010893246158957481,35
239,6,28,0,0.0,36
239,6,29,1,0.024390242993831635,37
239,6,30,0,0.010893246158957481,38
239,6,31,1,0.010893246158957481,39
239,6,32,0,0.0008583691087551415,40
239,6,33,1,0.04210526496171951,41
239,6,34,1,0.0,42
239,6,35,0,0.0008583691087551415,43
239,6,36,0,0.010893246158957481,44
239,6,37,0,0.22077922523021698,45
239,6,38,0,0.14705882966518402,46
239,6,39,1,0.4000000059604645,47
239,6,40,1,0.0,48
240,6,5,0,0.4000000059604645,1
240,6,6,0,0.22077922523021698,2
240,6,7,0,0.010893246158957481,3
240,6,8,0,0.010893246158957481,4
240,6,9,0,0.010893246158957481,5
240,6,10,1,0.024390242993831635,6
240,6,11,0,0.14705882966518402,7
240,6,12,0,0.14705882966518402,8
240,6,13,1,0.04210526496171951,9
240,6,14,0,0.01149425283074379,10
240,6,15,0,0.04210526496171951,11
240,6,16,0,0.14705882966518402,12
240,6,17,0,0.22077922523021698,13
240,6,18,0,0.6000000238418579,14
240,6,19,1,0.7027027010917664,15
240,6,20,1,0.22077922523021698,16
240,6,21,0,0.0008583691087551415,17
240,6,22,0,0.22077922523021698,18
240,6,23,0,0.14705882966518402,19
240,6,24,1,0.22077922523021698,20
240,6,25,1,0.22077922523021698,21
240,6,26,1,0.04210526496171951,22
240,6,27,1,0.010893246158957481,23
240,6,28,0,0.0008583691087551415,24
240,6,29,1,0.010893246158957481,25
240,6,30,0,0.010893246158957481,26
240,6,31,1,0.0008583691087551415,27
240,6,32,0,0.0008583691087551415,28
240,6,33,1,0.01149425283074379,29
240,6,34,1,0.0,30
240,6,35,0,0.0,31
240,6,36,0,0.0,32
240,6,37,0,0.0008583691087551415,33
240,6,38,0,0.0008583691087551415,34
240,6,39,1,0.04210526496171951,35
240,6,40,1,0.0,36
241,3,17,1,0.931034505367279,1
241,3,18,0,0.024390242993831635,2
241,3,19,1,0.010893246158957481,3
241,3,20,1,0.14705882966518402,4
241,3,21,0,0.0008583691087551415,5
241,3,22,1,0.6666666865348816,6
241,3,23,0,0.0008583691087551415,7
241,3,24,0,0.22077922523021698,8
241,3,25,1,0.22077922523021698,9
241,3,26,1,0.931034505367279,10
241,3,27,0,0.0008583691087551415,11
241,3,28,1,0.6666666865348816,12
241,3,29,1,0.04210526496171951,13
241,3,30,0,0.0,14
241,3,31,0,0.010893246158957481,15
241,3,32,1,0.22077922523021698,16
241,3,33,0,0.0008583691087551415,17
241,3,34,0,0.22077922523021698,18
241,3,35,0,0.010893246158957481,19
241,3,36,1,0.22077922523021698,20
241,3,37,1,0.22077922523021698,21
241,3,38,0,0.0008583691087551415,22
241,3,39,0,0.010893246158957481,23
241,3,40,0,0.0008583691087551415,24
242,4,33,0,0.4000000059604645,1
242,4,34,0,0.14705882966518402,2
242,4,35,0,0.010893246158957481,3
242,4,36,0,0.010893246158957481,4
242,4,37,0,0.0008583691087551415,5
242,4,38,0,0.011491890996694565,6
242,4,39,0,0.0008583691087551415,7
242,4,40,0,0.0008583691087551415,8
242,6,1,0,0.024390242993831635,9
242,6,2,0,0.024390242993831635,10
242,6,3,0,0.024390242993831635,11
242,6,4,0,0.14705882966518402,12
242,6,5,0,0.14705882966518402,13
242,6,6,0,0.22077922523021698,14
242,6,7,0,0.024390242993831635,15
242,6,8,0,0.024390242993831635,16
242,6,9,0,0.010893246158957481,17
242,6,10,1,0.04210526496171951,18
242,6,11,0,0.14705882966518402,19
242,6,12,0,0.04210526496171951,20
242,6,13,1,0.024390242993831635,21
242,6,14,0,0.030036913231015205,22
242,6,15,0,0.22077922523021698,23
242,6,16,0,0.22077922523021698,24
242,6,17,0,0.6666666865348816,25
242,6,18,0,0.6666666865348816,26
242,6,19,1,0.6666666865348816,27
242,6,20,1,0.8055555820465088,28
242,6,21,0,0.7027027010917664,29
242,6,22,0,0.931034505367279,30
242,6,23,0,0.7027027010917664,31
242,6,24,1,0.6666666865348816,32
242,6,25,1,0.14705882966518402,33
242,6,26,1,0.22077922523021698,34
242,6,27,1,0.010893246158957481,35
242,6,28,0,0.0,36
242,6,29,1,0.024390242993831635,37
242,6,30,0,0.010893246158957481,38
242,6,31,1,0.010893246158957481,39
242,6,32,0,0.0008583691087551415,40
242,6,33,1,0.04210526496171951,41
242,6,34,1,0.0,42
242,6,35,0,0.0008583691087551415,43
242,6,36,0,0.010893246158957481,44
242,6,37,0,0.22077922523021698,45
242,6,38,0,0.14705882966518402,46
242,6,39,0,0.4000000059604645,47
242,6,40,1,0.0,48
245,4,33,0,0.4000000059604645,1
245,4,34,0,0.14705882966518402,2
245,4,35,0,0.010893246158957481,3
245,4,36,0,0.010893246158957481,4
245,4,37,0,0.0008583691087551415,5
245,4,38,0,0.011491890996694565,6
245,4,39,0,0.0008583691087551415,7
245,4,40,0,0.0008583691087551415,8
245,6,1,0,0.024390242993831635,9
245,6,2,0,0.024390242993831635,10
245,6,3,0,0.024390242993831635,11
245,6,4,0,0.14705882966518402,12
245,6,5,0,0.14705882966518402,13
245,6,6,0,0.22077922523021698,14
245,6,7,0,0.024390242993831635,15
245,6,8,0,0.024390242993831635,16
245,6,9,0,0.010893246158957481,17
245,6,10,1,0.04210526496171951,18
245,6,11,0,0.14705882966518402,19
245,6,12,0,0.04210526496171951,20
245,6,13,1,0.024390242993831635,21
245,6,14,0,0.030036913231015205,22
245,6,15,0,0.22077922523021698,23
245,6,16,0,0.22077922523021698,24
245,6,17,0,0.6666666865348816,25
245,6,18,0,0.6666666865348816,26
245,6,19,1,0.6666666865348816,27
245,6,20,1,0.8055555820465088,28
245,6,21,0,0.7027027010917664,29
245,6,22,0,0.931034505367279,30
245,6,23,0,0.7027027010917664,31
245,6,24,1,0.6666666865348816,32
245,6,25,1,0.14705882966518402,33
245,6,26,1,0.22077922523021698,34
245,6,27,1,0.010893246158957481,35
245,6,28,0,0.0,36
245,6,29,1,0.024390242993831635,37
245,6,30,0,0.010893246158957481,38
245,6,31,1,0.010893246158957481,39
245,6,32,0,0.0008583691087551415,40
245,6,33,1,0.04210526496171951,41
245,6,34,1,0.0,42
245,6,35,0,0.0008583691087551415,43
245,6,36,0,0.010893246158957481,44
245,6,37,0,0.22077922523021698,45
245,6,38,0,0.14705882966518402,46
245,6,39,1,0.4000000059604645,47
245,6,40,1,0.0,48
246,4,33,0,0.4000000059604645,1
246,4,34,0,0.14705882966518402,2
246,4,35,0,0.010893246158957481,3
246,4,36,0,0.010893246158957481,4
246,4,37,0,0.0008583691087551415,5
246,4,38,0,0.011491890996694565,6
246,4,39,0,0.0008583691087551415,7
246,4,40,0,0.0008583691087551415,8
246,6,1,0,0.024390242993831635,9
246,6,2,0,0.024390242993831635,10
246,6,3,0,0.024390242993831635,11
246,6,4,0,0.14705882966518402,12
246,6,5,0,0.14705882966518402,13
246,6,6,0,0.22077922523021698,14
246,6,7,0,0.024390242993831635,15
246,6,8,0,0.024390242993831635,16
246,6,9,0,0.010893246158957481,17
246,6,10,1,0.04210526496171951,18
246,6,11,0,0.14705882966518402,19
246,6,12,0,0.04210526496171951,20
246,6,13,1,0.024390242993831635,21
246,6,14,0,0.030036913231015205,22
246,6,15,0,0.22077922523021698,23
246,6,16,0,0.22077922523021698,24
246,6,17,0,0.6666666865348816,25
246,6,18,0,0.6666666865348816,26
246,6,19,1,0.6666666865348816,27
246,6,20,1,0.8055555820465088,28
246,6,21,0,0.7027027010917664,29
246,6,22,0,0.931034505367279,30
246,6,23,0,0.7027027010917664,31
246,6,24,1,0.6666666865348816,32
246,6,25,1,0.14705882966518402,33
246,6,26,1,0.22077922523021698,34
246,6,27,1,0.010893246158957481,35
246,6,28,0,0.0,36
246,6,29,1,0.024390242993831635,37
246,6,30,0,0.010893246158957481,38
246,6,31,1,0.010893246158957481,39
246,6,32,0,0.0008583691087551415,40
246,6,33,1,0.04210526496171951,41
246,6,34,1,0.0,42
246,6,35,0,0.0008583691087551415,43
246,6,36,0,0.010893246158957481,44
246,6,37,0,0.22077922523021698,45
246,6,38,0,0.14705882966518402,46
246,6,39,0,0.4000000059604645,47
246,6,40,1,0.0,48
249,4,17,0,0.9682539701461792,1
249,4,18,1,0.22077922523021698,2
249,4,19,0,0.010893246158957481,3
249,4,20,1,0.22077922523021698,4
249,4,21,0,0.0008583691087551415,5
249,4,22,1,0.8055555820465088,6
249,4,23,0,0.04210526496171951,7
249,4,24,0,0.010893246158957481,8
249,4,25,0,0.22077922523021698,9
249,4,26,0,0.6666666865348816,10
249,4,27,0,0.22077922523021698,11
249,4,28,1,0.8055555820465088,12
249,4,29,0,0.22077922523021698,13
249,4,30,0,0.010893246158957481,14
249,4,31,0,0.22077922523021698,15
249,4,32,0,0.024390242993831635,16
249,4,33,0,0.14705882966518402,17
249,4,34,0,0.14705882966518402,18
249,4,35,0,0.04210526496171951,19
249,4,36,0,0.22077922523021698,20
249,4,37,0,0.14705882966518402,21
249,4,38,0,0.04210526496171951,22
249,4,39,0,0.024390242993831635,23
249,4,40,0,0.22077922523021698,24
250,6,5,0,0.5555555820465088,1
250,6,6,0,0.5,2
250,6,7,0,0.01149425283074379,3
250,6,8,0,0.024390242993831635,4
250,6,9,0,0.01149425283074379,5
250,6,10,1,0.04210526496171951,6
250,6,11,0,0.22077922523021698,7
250,6,12,0,0.14705882966518402,8
250,6,13,0,0.04210526496171951,9
250,6,14,0,0.22077922523021698,10
250,6,15,0,0.7027027010917664,11
250,6,16,0,0.6666666865348816,12
250,6,17,1,0.9682539701461792,13
250,6,18,0,0.9682539701461792,14
250,6,19,0,0.9682539701461792,15
250,6,20,1,0.7027027010917664,16
250,6,21,0,0.0008583691087551415,17
250,6,22,0,0.22077922523021698,18
250,6,23,0,0.14705882966518402,19
250,6,24,1,0.22077922523021698,20
250,6,25,1,0.01149425283074379,21
250,6,26,1,0.5747179388999939,22
250,6,27,0,0.010893246158957481,23
250,6,28,0,0.01149425283074379,24
250,6,29,1,0.024390242993831635,25
250,6,30,1,0.01149425283074379,26
250,6,31,1,0.024390242993831635,27
250,6,32,0,0.14705882966518402,28
250,6,33,1,0.22077922523021698,29
250,6,34,1,0.0008583691087551415,30
250,6,35,0,0.0,31
250,6,36,0,0.04210526496171951,32
250,6,37,0,0.14705882966518402,33
250,6,38,0,0.14705882966518402,34
250,6,39,1,0.22077922523021698,35
250,6,40,1,0.0,36
251,4,5,0,0.9931662678718567,1
251,4,6,1,0.22077922523021698,2
251,4,7,1,0.024390242993831635,3
251,4,8,0,0.010893246158957481,4
251,4,9,1,0.22077922523021698,5
251,4,10,1,0.14705882966518402,6
251,4,11,1,0.04210526496171951,7
251,4,12,0,0.0,8
251,4,13,1,0.7027027010917664,9
251,4,14,0,0.0,10
251,4,15,0,0.22077922523021698,11
251,4,16,1,0.9682539701461792,12
251,4,17,0,0.0,13
251,4,18,1,0.22077922523021698,14
251,4,19,0,0.0008583691087551415,15
251,4,20,1,0.22077922523021698,16
251,4,21,0,0.0,17
251,4,22,1,0.22077922523021698,18
251,4,23,1,0.6036012172698975,19
251,4,24,0,0.0008583691087551415,20
251,4,25,0,0.010893246158957481,21
251,4,26,0,0.0008583691087551415,22
251,4,27,0,0.0,23
251,4,28,1,0.9931662678718567,24
251,4,29,0,0.04210526496171951,25
251,4,30,0,0.0008583691087551415,26
251,4,31,1,0.22077922523021698,27
251,4,32,0,0.0008583691087551415,28
251,4,33,0,0.024390242993831635,29
251,4,34,0,0.024390242993831635,30
251,4,35,0,0.0008583691087551415,31
251,4,36,0,0.010893246158957481,32
251,4,37,0,0.010893246158957481,33
251,4,38,0,0.010893246158957481,34
251,4,39,0,0.010893246158957481,35
251,4,40,0,0.0008583691087551415,36
252,4,33,0,0.5555555820465088,1
252,4,34,0,0.22077922523021698,2
252,4,35,0,0.22077922523021698,3
252,4,36,0,0.14705882966518402,4
252,4,37,0,0.04210526496171951,5
252,4,38,0,0.22077922523021698,6
252,4,39,0,0.024390242993831635,7
252,4,40,0,0.04210526496171951,8
252,6,1,0,0.04210526496171951,9
252,6,2,0,0.04210526496171951,10
252,6,3,0,0.04210526496171951,11
252,6,4,0,0.22077922523021698,12
252,6,5,0,0.22077922523021698,13
252,6,6,0,0.22077922523021698,14
252,6,7,0,0.024390242993831635,15
252,6,8,0,0.024390242993831635,16
252,6,9,0,0.024390242993831635,17
252,6,10,0,0.14705882966518402,18
252,6,11,0,0.7027027010917664,19
252,6,12,0,0.024390242993831635,20
252,6,13,0,0.01149425283074379,21
252,6,14,0,0.22077922523021698,22
252,6,15,0,0.7027027010917664,23
252,6,16,0,0.14705882966518402,24
252,6,17,1,0.931034505367279,25
252,6,18,0,0.9931662678718567,26
252,6,19,0,0.9931662678718567,27
252,6,20,1,0.931034505367279,28
252,6,21,0,0.22077922523021698,29
252,6,22,0,0.5,30
252,6,23,0,0.6666666865348816,31
252,6,24,1,0.22077922523021698,32
252,6,25,1,0.22077922523021698,33
252,6,26,1,0.4000000059604645,34
252,6,27,0,0.010893246158957481,35
252,6,28,0,0.010893246158957481,36
252,6,29,1,0.14705882966518402,37
252,6,30,1,0.14705882966518402,38
252,6,31,1,0.024390242993831635,39
252,6,32,0,0.04210526496171951,40
252,6,33,1,0.6666666865348816,41
252,6,34,1,0.010893246158957481,42
252,6,35,0,0.0008583691087551415,43
252,6,36,0,0.04210526496171951,44
252,6,37,0,0.7027027010917664,45
252,6,38,0,0.4000000059604645,46
252,6,39,0,0.4000000059604645,47
252,6,40,1,0.024390242993831635,48
253,6,5,0,0.5555555820465088,1
253,6,6,0,0.5,2
253,6,7,0,0.01149425283074379,3
253,6,8,0,0.024390242993831635,4
253,6,9,0,0.01149425283074379,5
253,6,10,1,0.04210526496171951,6
253,6,11,0,0.22077922523021698,7
253,6,12,0,0.14705882966518402,8
253,6,13,0,0.04210526496171951,9
253,6,14,0,0.22077922523021698,10
253,6,15,0,0.7027027010917664,11
253,6,16,0,0.6666666865348816,12
253,6,17,1,0.9682539701461792,13
253,6,18,0,0.9682539701461792,14
253,6,19,1,0.9682539701461792,15
253,6,20,1,0.14705882966518402,16
253,6,21,0,0.010893246158957481,17
253,6,22,0,0.4000000059604645,18
253,6,23,0,0.22077922523021698,19
253,6,24,1,0.22077922523021698,20
253,6,25,1,0.010893246158957481,21
253,6,26,1,0.22077922523021698,22
253,6,27,0,0.010893246158957481,23
253,6,28,0,0.01149425283074379,24
253,6,29,1,0.024390242993831635,25
253,6,30,1,0.007764270529150963,26
253,6,31,1,0.01149425283074379,27
253,6,32,0,0.22077922523021698,28
253,6,33,1,0.6000000238418579,29
253,6,34,1,0.0008583691087551415,30
253,6,35,0,0.0,31
253,6,36,0,0.024390242993831635,32
253,6,37,0,0.04210526496171951,33
253,6,38,0,0.14705882966518402,34
253,6,39,1,0.22077922523021698,35
253,6,40,1,0.0,36
254,6,5,0,0.5555555820465088,1
254,6,6,0,0.5,2
254,6,7,0,0.01149425283074379,3
254,6,8,0,0.024390242993831635,4
254,6,9,0,0.01149425283074379,5
254,6,10,0,0.04210526496171951,6
254,6,11,0,0.6666666865348816,7
254,6,12,0,0.01149425283074379,8
254,6,13,0,0.01149425283074379,9
254,6,14,0,0.22077922523021698,10
254,6,15,0,0.7027027010917664,11
254,6,16,0,0.14705882966518402,12
254,6,17,1,0.931034505367279,13
254,6,18,0,0.931034505367279,14
254,6,19,0,0.9682539701461792,15
254,6,20,1,0.6000000238418579,16
254,6,21,0,0.010893246158957481,17
254,6,22,0,0.22077922523021698,18
254,6,23,0,0.1972365826368332,19
254,6,24,1,0.22077922523021698,20
254,6,25,1,0.011092569679021835,21
254,6,26,1,0.22077922523021698,22
254,6,27,0,0.010893246158957481,23
254,6,28,0,0.01149425283074379,24
254,6,29,1,0.024390242993831635,25
254,6,30,1,0.010893246158957481,26
254,6,31,1,0.04210526496171951,27
254,6,32,0,0.22077922523021698,28
254,6,33,1,0.22077922523021698,29
254,6,34,1,0.010893246158957481,30
254,6,35,0,0.0,31
254,6,36,0,0.14705882966518402,32
254,6,37,0,0.14705882966518402,33
254,6,38,0,0.14705882966518402,34
254,6,39,1,0.22077922523021698,35
254,6,40,1,0.0,36
255,4,17,0,0.9682539701461792,1
255,4,18,1,0.22077922523021698,2
255,4,19,0,0.010893246158957481,3
255,4,20,1,0.22077922523021698,4
255,4,21,0,0.0008583691087551415,5
255,4,22,1,0.8055555820465088,6
255,4,23,1,0.04210526496171951,7
255,4,24,0,0.04210526496171951,8
255,4,25,0,0.04210526496171951,9
255,4,26,0,0.22077922523021698,10
255,4,27,0,0.14705882966518402,11
255,4,28,1,0.931034505367279,12
255,4,29,0,0.22077922523021698,13
255,4,30,0,0.010893246158957481,14
255,4,31,0,0.6666666865348816,15
255,4,32,0,0.024390242993831635,16
255,4,33,0,0.04210526496171951,17
255,4,34,0,0.04210526496171951,18
255,4,35,0,0.04210526496171951,19
255,4,36,0,0.22077922523021698,20
255,4,37,0,0.22077922523021698,21
255,4,38,0,0.04210526496171951,22
255,4,39,0,0.024390242993831635,23
255,4,40,0,0.22077922523021698,24
259,4,33,0,0.5555555820465088,1
259,4,34,0,0.22077922523021698,2
259,4,35,0,0.22077922523021698,3
259,4,36,0,0.14705882966518402,4
259,4,37,0,0.04210526496171951,5
259,4,38,0,0.22077922523021698,6
259,4,39,0,0.024390242993831635,7
259,4,40,0,0.04210526496171951,8
259,6,1,0,0.04210526496171951,9
259,6,2,0,0.04210526496171951,10
259,6,3,0,0.04210526496171951,11
259,6,4,0,0.22077922523021698,12
259,6,5,0,0.22077922523021698,13
259,6,6,0,0.22077922523021698,14
259,6,7,0,0.024390242993831635,15
259,6,8,0,0.024390242993831635,16
259,6,9,0,0.024390242993831635,17
259,6,10,1,0.14705882966518402,18
259,6,11,0,0.22077922523021698,19
259,6,12,0,0.14705882966518402,20
259,6,13,0,0.04210526496171951,21
259,6,14,0,0.22077922523021698,22
259,6,15,0,0.8055555820465088,23
259,6,16,0,0.3096035122871399,24
259,6,17,1,0.9682539701461792,25
259,6,18,0,0.9931662678718567,26
259,6,19,0,0.9682539701461792,27
259,6,20,1,0.931034505367279,28
259,6,21,0,0.22077922523021698,29
259,6,22,0,0.5698037147521973,30
259,6,23,0,0.7027027010917664,31
259,6,24,1,0.6666666865348816,32
259,6,25,1,0.22077922523021698,33
259,6,26,1,0.22077922523021698,34
259,6,27,0,0.010893246158957481,35
259,6,28,0,0.0008583691087551415,36
259,6,29,1,0.04210526496171951,37
259,6,30,1,0.04210526496171951,38
259,6,31,1,0.01149425283074379,39
259,6,32,0,0.024390242993831635,40
259,6,33,1,0.6666666865348816,41
259,6,34,1,0.010893246158957481,42
259,6,35,0,0.0008583691087551415,43
259,6,36,0,0.04210526496171951,44
259,6,37,0,0.6673363447189331,45
259,6,38,0,0.22077922523021698,46
259,6,39,0,0.22077922523021698,47
259,6,40,1,0.01149425283074379,48
262,6,5,0,0.5555555820465088,1
262,6,6,0,0.5,2
262,6,7,0,0.01149425283074379,3
262,6,8,0,0.024390242993831635,4
262,6,9,0,0.01149425283074379,5
262,6,10,1,0.04210526496171951,6
262,6,11,0,0.22077922523021698,7
262,6,12,0,0.14705882966518402,8
262,6,13,0,0.04210526496171951,9
262,6,14,0,0.22077922523021698,10
262,6,15,0,0.7027027010917664,11
262,6,16,0,0.6666666865348816,12
262,6,17,1,0.9682539701461792,13
262,6,18,0,0.9682539701461792,14
262,6,19,1,0.9682539701461792,15
262,6,20,1,0.14705882966518402,16
262,6,21,0,0.010893246158957481,17
262,6,22,0,0.4000000059604645,18
262,6,23,0,0.22077922523021698,19
262,6,24,1,0.22077922523021698,20
262,6,25,1,0.010893246158957481,21
262,6,26,1,0.22077922523021698,22
262,6,27,0,0.010893246158957481,23
262,6,28,0,0.01149425283074379,24
262,6,29,1,0.024390242993831635,25
262,6,30,1,0.007764270529150963,26
262,6,31,1,0.01149425283074379,27
262,6,32,0,0.22077922523021698,28
262,6,33,1,0.6000000238418579,29
262,6,34,1,0.0008583691087551415,30
262,6,35,0,0.0,31
262,6,36,0,0.024390242993831635,32
262,6,37,0,0.04210526496171951,33
262,6,38,0,0.14705882966518402,34
262,6,39,0,0.22077922523021698,35
262,6,40,1,0.0,36
265,6,5,0,0.5555555820465088,1
265,6,6,0,0.5,2
265,6,7,0,0.01149425283074379,3
265,6,8,0,0.024390242993831635,4
265,6,9,0,0.01149425283074379,5
265,6,10,1,0.04210526496171951,6
265,6,11,0,0.22077922523021698,7
265,6,12,0,0.14705882966518402,8
265,6,13,0,0.04210526496171951,9
265,6,14,0,0.22077922523021698,10
265,6,15,0,0.7027027010917664,11
265,6,16,0,0.6666666865348816,12
265,6,17,1,0.9682539701461792,13
265,6,18,0,0.9682539701461792,14
265,6,19,0,0.9682539701461792,15
265,6,20,1,0.7027027010917664,16
265,6,21,0,0.0008583691087551415,17
265,6,22,0,0.22077922523021698,18
265,6,23,0,0.14705882966518402,19
265,6,24,1,0.22077922523021698,20
265,6,25,1,0.01149425283074379,21
265,6,26,1,0.5747179388999939,22
265,6,27,0,0.010893246158957481,23
265,6,28,0,0.01149425283074379,24
265,6,29,1,0.024390242993831635,25
265,6,30,1,0.01149425283074379,26
265,6,31,1,0.024390242993831635,27
265,6,32,0,0.14705882966518402,28
265,6,33,1,0.22077922523021698,29
265,6,34,1,0.0008583691087551415,30
265,6,35,0,0.0,31
265,6,36,0,0.04210526496171951,32
265,6,37,0,0.14705882966518402,33
265,6,38,0,0.14705882966518402,34
265,6,39,1,0.22077922523021698,35
265,6,40,1,0.0,36
266,4,33,0,0.5555555820465088,1
266,4,34,0,0.22077922523021698,2
266,4,35,0,0.22077922523021698,3
266,4,36,0,0.14705882966518402,4
266,4,37,0,0.04210526496171951,5
266,4,38,0,0.22077922523021698,6
266,4,39,0,0.024390242993831635,7
266,4,40,0,0.04210526496171951,8
266,6,1,0,0.04210526496171951,9
266,6,2,0,0.04210526496171951,10
266,6,3,0,0.04210526496171951,11
266,6,4,0,0.22077922523021698,12
266,6,5,0,0.22077922523021698,13
266,6,6,0,0.22077922523021698,14
266,6,7,0,0.024390242993831635,15
266,6,8,0,0.024390242993831635,16
266,6,9,0,0.024390242993831635,17
266,6,10,0,0.14705882966518402,18
266,6,11,0,0.7027027010917664,19
266,6,12,0,0.024390242993831635,20
266,6,13,0,0.01149425283074379,21
266,6,14,0,0.22077922523021698,22
266,6,15,0,0.7027027010917664,23
266,6,16,0,0.14705882966518402,24
266,6,17,1,0.931034505367279,25
266,6,18,0,0.9931662678718567,26
266,6,19,0,0.9931662678718567,27
266,6,20,1,0.931034505367279,28
266,6,21,0,0.22077922523021698,29
266,6,22,0,0.5,30
266,6,23,0,0.6666666865348816,31
266,6,24,1,0.22077922523021698,32
266,6,25,1,0.22077922523021698,33
266,6,26,1,0.4000000059604645,34
266,6,27,0,0.010893246158957481,35
266,6,28,0,0.010893246158957481,36
266,6,29,1,0.14705882966518402,37
266,6,30,1,0.14705882966518402,38
266,6,31,1,0.024390242993831635,39
266,6,32,0,0.04210526496171951,40
266,6,33,1,0.6666666865348816,41
266,6,34,1,0.010893246158957481,42
266,6,35,0,0.0008583691087551415,43
266,6,36,0,0.04210526496171951,44
266,6,37,0,0.7027027010917664,45
266,6,38,0,0.4000000059604645,46
266,6,39,0,0.4000000059604645,47
266,6,40,1,0.024390242993831635,48
267,4,33,0,0.5555555820465088,1
267,4,34,0,0.22077922523021698,2
267,4,35,0,0.22077922523021698,3
267,4,36,0,0.14705882966518402,4
267,4,37,0,0.04210526496171951,5
267,4,38,0,0.22077922523021698,6
267,4,39,0,0.024390242993831635,7
267,4,40,0,0.04210526496171951,8
267,6,1,0,0.04210526496171951,9
267,6,2,0,0.04210526496171951,10
267,6,3,0,0.04210526496171951,11
267,6,4,0,0.22077922523021698,12
267,6,5,0,0.22077922523021698,13
267,6,6,0,0.22077922523021698,14
267,6,7,0,0.024390242993831635,15
267,6,8,0,0.024390242993831635,16
267,6,9,0,0.024390242993831635,17
267,6,10,1,0.14705882966518402,18
267,6,11,0,0.22077922523021698,19
267,6,12,0,0.14705882966518402,20
267,6,13,0,0.04210526496171951,21
267,6,14,0,0.22077922523021698,22
267,6,15,0,0.8055555820465088,23
267,6,16,0,0.3096035122871399,24
267,6,17,1,0.9682539701461792,25
267,6,18,0,0.9931662678718567,26
267,6,19,0,0.9682539701461792,27
267,6,20,1,0.931034505367279,28
267,6,21,0,0.22077922523021698,29
267,6,22,0,0.5698037147521973,30
267,6,23,0,0.7027027010917664,31
267,6,24,1,0.6666666865348816,32
267,6,25,1,0.22077922523021698,33
267,6,26,1,0.22077922523021698,34
267,6,27,0,0.010893246158957481,35
267,6,28,0,0.0008583691087551415,36
267,6,29,1,0.04210526496171951,37
267,6,30,1,0.04210526496171951,38
267,6,31,1,0.01149425283074379,39
267,6,32,0,0.024390242993831635,40
267,6,33,1,0.6666666865348816,41
267,6,34,1,0.010893246158957481,42
267,6,35,0,0.0008583691087551415,43
267,6,36,0,0.04210526496171951,44
267,6,37,0,0.6673363447189331,45
267,6,38,0,0.22077922523021698,46
267,6,39,0,0.22077922523021698,47
267,6,40,1,0.01149425283074379,48
271,6,17,1,0.22077922523021698,1
271,6,18,0,0.0,2
271,6,19,0,0.0,3
271,6,20,1,0.0008583691087551415,4
271,6,21,0,0.0008583691087551415,5
271,6,22,0,0.0008583691087551415,6
271,6,23,0,0.0008583691087551415,7
271,6,24,1,0.010893246158957481,8
271,6,25,1,0.0,9
271,6,26,1,0.010893246158957481,10
271,6,27,0,0.0008583691087551415,11
271,6,28,0,0.0008583691087551415,12
271,6,29,1,0.010893246158957481,13
271,6,30,1,0.0008583691087551415,14
271,6,31,1,0.0008583691087551415,15
271,6,32,0,0.04210526496171951,16
271,6,33,1,0.22077922523021698,17
271,6,34,1,0.0008583691087551415,18
271,6,35,0,0.0008583691087551415,19
271,6,36,0,0.04210526496171951,20
271,6,37,0,0.22077922523021698,21
271,6,38,0,0.04210526496171951,22
271,6,39,1,0.14705882966518402,23
271,6,40,1,0.0,24
272,3,17,0,0.931034505367279,1
272,3,18,0,0.22077922523021698,2
272,3,19,1,0.6363270282745361,3
272,3,20,1,0.024390242993831635,4
272,3,21,0,0.010893246158957481,5
272,3,22,1,0.7027027010917664,6
272,3,23,0,0.024390242993831635,7
272,3,24,0,0.14705882966518402,8
272,3,25,0,0.14705882966518402,9
272,3,26,1,0.6666666865348816,10
272,3,27,0,0.0008583691087551415,11
272,3,28,1,0.6666666865348816,12
272,3,29,1,0.22077922523021698,13
272,3,30,0,0.0008583691087551415,14
272,3,31,0,0.024390242993831635,15
272,3,32,1,0.22077922523021698,16
272,3,33,0,0.0,17
272,3,34,1,0.22077922523021698,18
272,3,35,0,0.0008583691087551415,19
272,3,36,1,0.22077922523021698,20
272,3,37,1,0.22077922523021698,21
272,3,38,0,0.0,22
272,3,39,0,0.0008583691087551415,23
272,3,40,0,0.0008583691087551415,24
274,6,17,1,0.22077922523021698,1
274,6,18,1,0.0,2
274,6,19,1,0.0,3
274,6,20,1,0.0,4
274,6,21,0,0.0,5
274,6,22,0,0.010893246158957481,6
274,6,23,0,0.010938132181763649,7
274,6,24,1,0.0008583691087551415,8
274,6,25,1,0.010893246158957481,9
274,6,26,1,0.01149425283074379,10
274,6,27,1,0.0008583691087551415,11
274,6,28,0,0.0008583691087551415,12
274,6,29,1,0.0008583691087551415,13
274,6,30,0,0.0,14
274,6,31,0,0.0,15
274,6,32,0,0.010893246158957481,16
274,6,33,1,0.0008583691087551415,17
274,6,34,1,0.0,18
274,6,35,0,0.0,19
274,6,36,0,0.0,20
274,6,37,0,0.0,21
274,6,38,0,0.0,22
274,6,39,1,0.01149425283074379,23
274,6,40,1,0.0,24
275,4,33,0,0.6000000238418579,1
275,4,34,0,0.22077922523021698,2
275,4,35,0,0.5555555820465088,3
275,4,36,0,0.22077922523021698,4
275,4,37,0,0.22077922523021698,5
275,4,38,0,0.22077922523021698,6
275,4,39,0,0.22077922523021698,7
275,4,40,0,0.22077922523021698,8
275,6,1,0,0.14705882966518402,9
275,6,2,0,0.14705882966518402,10
275,6,3,0,0.14705882966518402,11
275,6,4,0,0.22077922523021698,12
275,6,5,0,0.22077922523021698,13
275,6,6,0,0.22077922523021698,14
275,6,7,0,0.04210526496171951,15
275,6,8,0,0.04210526496171951,16
275,6,9,0,0.04210526496171951,17
275,6,10,0,0.14705882966518402,18
275,6,11,0,0.5555555820465088,19
275,6,12,0,0.04210526496171951,20
275,6,13,0,0.04210526496171951,21
275,6,14,0,0.22077922523021698,22
275,6,15,0,0.7027027010917664,23
275,6,16,0,0.22077922523021698,24
275,6,17,1,0.9682539701461792,25
275,6,18,1,0.9940828680992126,26
275,6,19,1,0.9931662678718567,27
275,6,20,1,0.6000000238418579,28
275,6,21,0,0.010893246158957481,29
275,6,22,0,0.14705882966518402,30
275,6,23,0,0.04210526496171951,31
275,6,24,1,0.04210526496171951,32
275,6,25,1,0.14705882966518402,33
275,6,26,1,0.22077922523021698,34
275,6,27,1,0.0008583691087551415,35
275,6,28,0,0.0008583691087551415,36
275,6,29,1,0.14705882966518402,37
275,6,30,0,0.024390242993831635,38
275,6,31,0,0.010893246158957481,39
275,6,32,0,0.22077922523021698,40
275,6,33,1,0.22077922523021698,41
275,6,34,1,0.010893246158957481,42
275,6,35,0,0.0008583691087551415,43
275,6,36,0,0.010893246158957481,44
275,6,37,0,0.22077922523021698,45
275,6,38,0,0.14705882966518402,46
275,6,39,1,0.7027027010917664,47
275,6,40,1,0.0008583691087551415,48
276,6,5,0,0.22077922523021698,1
276,6,6,0,0.6000000238418579,2
276,6,7,0,0.04210526496171951,3
276,6,8,0,0.04210526496171951,4
276,6,9,0,0.04210526496171951,5
276,6,10,0,0.14705882966518402,6
276,6,11,0,0.5749377012252808,7
276,6,12,0,0.04210526496171951,8
276,6,13,0,0.04210526496171951,9
276,6,14,0,0.22077922523021698,10
276,6,15,0,0.7027027010917664,11
276,6,16,0,0.22077922523021698,12
276,6,17,1,0.9682539701461792,13
276,6,18,1,0.931034505367279,14
276,6,19,1,0.9682539701461792,15
276,6,20,1,0.010893246158957481,16
276,6,21,0,0.0,17
276,6,22,0,0.010893246158957481,18
276,6,23,0,0.010893246158957481,19
276,6,24,1,0.0008583691087551415,20
276,6,25,1,0.024390242993831635,21
276,6,26,1,0.22077922523021698,22
276,6,27,1,0.0008583691087551415,23
276,6,28,0,0.0008583691087551415,24
276,6,29,1,0.024390242993831635,25
276,6,30,0,0.010893246158957481,26
276,6,31,0,0.0008583691087551415,27
276,6,32,0,0.22077922523021698,28
276,6,33,1,0.14705882966518402,29
276,6,34,1,0.0008583691087551415,30
276,6,35,0,0.0,31
276,6,36,0,0.0008583691087551415,32
276,6,37,0,0.0008583691087551415,33
276,6,38,0,0.0008583691087551415,34
276,6,39,1,0.14705882966518402,35
276,6,40,1,0.0,36
277,6,17,1,0.22077922523021698,1
277,6,18,1,0.0,2
277,6,19,1,0.0,3
277,6,20,1,0.0,4
277,6,21,0,0.0,5
277,6,22,0,0.010893246158957481,6
277,6,23,0,0.010938132181763649,7
277,6,24,1,0.0008583691087551415,8
277,6,25,1,0.010893246158957481,9
277,6,26,1,0.01149425283074379,10
277,6,27,1,0.0008583691087551415,11
277,6,28,0,0.0008583691087551415,12
277,6,29,1,0.0008583691087551415,13
277,6,30,0,0.0,14
277,6,31,0,0.0,15
277,6,32,0,0.010893246158957481,16
277,6,33,1,0.0008583691087551415,17
277,6,34,1,0.0,18
277,6,35,0,0.0,19
277,6,36,0,0.0,20
277,6,37,0,0.0,21
277,6,38,0,0.0,22
277,6,39,1,0.01149425283074379,23
277,6,40,1,0.0,24
278,4,33,0,0.6000000238418579,1
278,4,34,0,0.22077922523021698,2
278,4,35,0,0.5555555820465088,3
278,4,36,0,0.22077922523021698,4
278,4,37,0,0.22077922523021698,5
278,4,38,0,0.22077922523021698,6
278,4,39,0,0.22077922523021698,7
278,4,40,0,0.22077922523021698,8
278,6,1,0,0.14705882966518402,9
278,6,2,0,0.14705882966518402,10
278,6,3,0,0.14705882966518402,11
278,6,4,0,0.22077922523021698,12
278,6,5,0,0.22077922523021698,13
278,6,6,0,0.22077922523021698,14
278,6,7,0,0.04210526496171951,15
278,6,8,0,0.04210526496171951,16
278,6,9,0,0.04210526496171951,17
278,6,10,0,0.14705882966518402,18
278,6,11,0,0.5555555820465088,19
278,6,12,0,0.04210526496171951,20
278,6,13,0,0.04210526496171951,21
278,6,14,0,0.22077922523021698,22
278,6,15,0,0.7027027010917664,23
278,6,16,0,0.22077922523021698,24
278,6,17,1,0.9682539701461792,25
278,6,18,1,0.9940828680992126,26
278,6,19,1,0.9931662678718567,27
278,6,20,1,0.6000000238418579,28
278,6,21,0,0.010893246158957481,29
278,6,22,0,0.14705882966518402,30
278,6,23,0,0.04210526496171951,31
278,6,24,1,0.04210526496171951,32
278,6,25,1,0.14705882966518402,33
278,6,26,1,0.22077922523021698,34
278,6,27,1,0.0008583691087551415,35
278,6,28,0,0.0008583691087551415,36
278,6,29,1,0.14705882966518402,37
278,6,30,0,0.024390242993831635,38
278,6,31,0,0.010893246158957481,39
278,6,32,0,0.22077922523021698,40
278,6,33,1,0.22077922523021698,41
278,6,34,1,0.010893246158957481,42
278,6,35,0,0.0008583691087551415,43
278,6,36,0,0.010893246158957481,44
278,6,37,0,0.22077922523021698,45
278,6,38,0,0.14705882966518402,46
278,6,39,1,0.7027027010917664,47
278,6,40,1,0.0008583691087551415,48
281,6,5,0,0.22077922523021698,1
281,6,6,0,0.6000000238418579,2
281,6,7,0,0.04210526496171951,3
281,6,8,0,0.04210526496171951,4
281,6,9,0,0.04210526496171951,5
281,6,10,0,0.14705882966518402,6
281,6,11,0,0.5749377012252808,7
281,6,12,0,0.04210526496171951,8
281,6,13,0,0.04210526496171951,9
281,6,14,0,0.22077922523021698,10
281,6,15,0,0.7027027010917664,11
281,6,16,0,0.22077922523021698,12
281,6,17,1,0.9682539701461792,13
281,6,18,1,0.931034505367279,14
281,6,19,1,0.9682539701461792,15
281,6,20,1,0.010893246158957481,16
281,6,21,0,0.0,17
281,6,22,0,0.010893246158957481,18
281,6,23,0,0.010893246158957481,19
281,6,24,1,0.0008583691087551415,20
281,6,25,1,0.024390242993831635,21
281,6,26,1,0.22077922523021698,22
281,6,27,1,0.0008583691087551415,23
281,6,28,0,0.0008583691087551415,24
281,6,29,1,0.024390242993831635,25
281,6,30,0,0.010893246158957481,26
281,6,31,0,0.0008583691087551415,27
281,6,32,0,0.22077922523021698,28
281,6,33,1,0.14705882966518402,29
281,6,34,1,0.0008583691087551415,30
281,6,35,0,0.0,31
281,6,36,0,0.0008583691087551415,32
281,6,37,0,0.0008583691087551415,33
281,6,38,0,0.0008583691087551415,34
281,6,39,1,0.14705882966518402,35
281,6,40,1,0.0,36
284,6,5,0,0.22077922523021698,1
284,6,6,0,0.6000000238418579,2
284,6,7,0,0.04210526496171951,3
284,6,8,0,0.04210526496171951,4
284,6,9,0,0.04210526496171951,5
284,6,10,0,0.14705882966518402,6
284,6,11,0,0.5749377012252808,7
284,6,12,0,0.04210526496171951,8
284,6,13,0,0.04210526496171951,9
284,6,14,0,0.22077922523021698,10
284,6,15,0,0.7027027010917664,11
284,6,16,0,0.22077922523021698,12
284,6,17,1,0.9682539701461792,13
284,6,18,1,0.931034505367279,14
284,6,19,1,0.9682539701461792,15
284,6,20,1,0.010893246158957481,16
284,6,21,0,0.0,17
284,6,22,0,0.010893246158957481,18
284,6,23,0,0.010893246158957481,19
284,6,24,1,0.0008583691087551415,20
284,6,25,1,0.024390242993831635,21
284,6,26,1,0.22077922523021698,22
284,6,27,1,0.0008583691087551415,23
284,6,28,0,0.0008583691087551415,24
284,6,29,1,0.024390242993831635,25
284,6,30,0,0.010893246158957481,26
284,6,31,0,0.0008583691087551415,27
284,6,32,0,0.22077922523021698,28
284,6,33,1,0.14705882966518402,29
284,6,34,1,0.0008583691087551415,30
284,6,35,0,0.0,31
284,6,36,0,0.0008583691087551415,32
284,6,37,0,0.0008583691087551415,33
284,6,38,0,0.0008583691087551415,34
284,6,39,1,0.14705882966518402,35
284,6,40,1,0.0,36
285,6,5,0,0.22077922523021698,1
285,6,6,0,0.6000000238418579,2
285,6,7,0,0.04210526496171951,3
285,6,8,0,0.04210526496171951,4
285,6,9,0,0.04210526496171951,5
285,6,10,0,0.14705882966518402,6
285,6,11,0,0.5749377012252808,7
285,6,12,0,0.04210526496171951,8
285,6,13,0,0.04210526496171951,9
285,6,14,0,0.22077922523021698,10
285,6,15,0,0.7027027010917664,11
285,6,16,0,0.22077922523021698,12
285,6,17,1,0.9682539701461792,13
285,6,18,1,0.931034505367279,14
285,6,19,1,0.9682539701461792,15
285,6,20,1,0.010893246158957481,16
285,6,21,0,0.0,17
285,6,22,0,0.010893246158957481,18
285,6,23,0,0.010893246158957481,19
285,6,24,1,0.0008583691087551415,20
285,6,25,1,0.024390242993831635,21
285,6,26,1,0.22077922523021698,22
285,6,27,1,0.0008583691087551415,23
285,6,28,0,0.0008583691087551415,24
285,6,29,1,0.024390242993831635,25
285,6,30,0,0.010893246158957481,26
285,6,31,0,0.0008583691087551415,27
285,6,32,0,0.22077922523021698,28
285,6,33,1,0.14705882966518402,29
285,6,34,1,0.0008583691087551415,30
285,6,35,0,0.0,31
285,6,36,0,0.0008583691087551415,32
285,6,37,0,0.0008583691087551415,33
285,6,38,0,0.0008583691087551415,34
285,6,39,1,0.14705882966518402,35
285,6,40,1,0.0,36
287,4,5,1,0.9682539701461792,1
287,4,6,0,0.14705882966518402,2
287,4,7,1,0.010893246158957481,3
287,4,8,0,0.04210526496171951,4
287,4,9,1,0.04210526496171951,5
287,4,10,1,0.22077922523021698,6
287,4,11,1,0.22077922523021698,7
287,4,12,0,0.0,8
287,4,13,1,0.8055555820465088,9
287,4,14,0,0.0,10
287,4,15,0,0.6666666865348816,11
287,4,16,1,0.9931662678718567,12
287,4,17,0,0.0008583691087551415,13
287,4,18,1,0.6666666865348816,14
287,4,19,0,0.0008583691087551415,15
287,4,20,0,0.01149425283074379,16
287,4,21,0,0.0008583691087551415,17
287,4,22,0,0.01149425283074379,18
287,4,23,1,0.931034505367279,19
287,4,24,0,0.0008583691087551415,20
287,4,25,0,0.010893246158957481,21
287,4,26,0,0.0008583691087551415,22
287,4,27,0,0.0008583691087551415,23
287,4,28,1,0.9940828680992126,24
287,4,29,1,0.931034505367279,25
287,4,30,0,0.010893246158957481,26
287,4,31,1,0.9682539701461792,27
287,4,32,0,0.0008583691087551415,28
287,4,33,0,0.010893246158957481,29
287,4,34,0,0.010893246158957481,30
287,4,35,0,0.0008583691087551415,31
287,4,36,0,0.010893246158957481,32
287,4,37,0,0.010893246158957481,33
287,4,38,0,0.0008583691087551415,34
287,4,39,0,0.010893246158957481,35
287,4,40,0,0.0008583691087551415,36
288,4,33,0,0.6000000238418579,1
288,4,34,0,0.22077922523021698,2
288,4,35,0,0.5555555820465088,3
288,4,36,0,0.22077922523021698,4
288,4,37,0,0.22077922523021698,5
288,4,38,0,0.22077922523021698,6
288,4,39,0,0.22077922523021698,7
288,4,40,0,0.22077922523021698,8
288,6,1,0,0.14705882966518402,9
288,6,2,0,0.14705882966518402,10
288,6,3,0,0.14705882966518402,11
288,6,4,0,0.22077922523021698,12
288,6,5,0,0.22077922523021698,13
288,6,6,0,0.22077922523021698,14
288,6,7,0,0.04210526496171951,15
288,6,8,0,0.04210526496171951,16
288,6,9,0,0.04210526496171951,17
288,6,10,0,0.14705882966518402,18
288,6,11,0,0.5555555820465088,19
288,6,12,0,0.04210526496171951,20
288,6,13,0,0.04210526496171951,21
288,6,14,0,0.22077922523021698,22
288,6,15,0,0.7027027010917664,23
288,6,16,0,0.22077922523021698,24
288,6,17,1,0.9682539701461792,25
288,6,18,1,0.9940828680992126,26
288,6,19,1,0.9931662678718567,27
288,6,20,1,0.6000000238418579,28
288,6,21,0,0.010893246158957481,29
288,6,22,0,0.14705882966518402,30
288,6,23,0,0.04210526496171951,31
288,6,24,1,0.04210526496171951,32
288,6,25,1,0.14705882966518402,33
288,6,26,1,0.22077922523021698,34
288,6,27,1,0.0008583691087551415,35
288,6,28,0,0.0008583691087551415,36
288,6,29,1,0.14705882966518402,37
288,6,30,0,0.024390242993831635,38
288,6,31,0,0.010893246158957481,39
288,6,32,0,0.22077922523021698,40
288,6,33,1,0.22077922523021698,41
288,6,34,1,0.010893246158957481,42
288,6,35,0,0.0008583691087551415,43
288,6,36,0,0.010893246158957481,44
288,6,37,0,0.22077922523021698,45
288,6,38,0,0.14705882966518402,46
288,6,39,1,0.7027027010917664,47
288,6,40,1,0.0008583691087551415,48
289,6,17,1,0.22077922523021698,1
289,6,18,0,0.0,2
289,6,19,1,0.0,3
289,6,20,1,0.0,4
289,6,21,0,0.0,5
289,6,22,0,0.0,6
289,6,23,0,0.0008583691087551415,7
289,6,24,1,0.0008583691087551415,8
289,6,25,1,0.0,9
289,6,26,1,0.010893246158957481,10
289,6,27,1,0.0008583691087551415,11
289,6,28,0,0.0,12
289,6,29,1,0.0008583691087551415,13
289,6,30,0,0.0,14
289,6,31,0,0.0,15
289,6,32,0,0.0008583691087551415,16
289,6,33,1,0.010893246158957481,17
289,6,34,1,0.0,18
289,6,35,0,0.0,19
289,6,36,0,0.0008583691087551415,20
289,6,37,0,0.0008583691087551415,21
289,6,38,0,0.0008583691087551415,22
289,6,39,1,0.010893246158957481,23
289,6,40,1,0.0,24
292,4,17,0,0.931034505367279,1
292,4,18,1,0.5555555820465088,2
292,4,19,0,0.01149425283074379,3
292,4,20,1,0.22077922523021698,4
292,4,21,0,0.024390242993831635,5
292,4,22,0,0.8055555820465088,6
292,4,23,1,0.22077922523021698,7
292,4,24,0,0.14705882966518402,8
292,4,25,0,0.024390242993831635,9
292,4,26,0,0.04210526496171951,10
292,4,27,0,0.14705882966518402,11
292,4,28,1,0.24956773221492767,12
292,4,29,1,0.22077922523021698,13
292,4,30,0,0.010893246158957481,14
292,4,31,1,0.931034505367279,15
292,4,32,0,0.0008583691087551415,16
292,4,33,0,0.04210526496171951,17
292,4,34,0,0.024390242993831635,18
292,4,35,0,0.04210526496171951,19
292,4,36,0,0.6666666865348816,20
292,4,37,0,0.6666666865348816,21
292,4,38,0,0.04210526496171951,22
292,4,39,0,0.131776362657547,23
292,4,40,0,0.14705882966518402,24
293,4,33,0,0.5583168268203735,1
293,4,34,0,0.22077922523021698,2
293,4,35,0,0.22077922523021698,3
293,4,36,0,0.22077922523021698,4
293,4,37,0,0.14705882966518402,5
293,4,38,0,0.22077922523021698,6
293,4,39,0,0.04210526496171951,7
293,4,40,0,0.14705882966518402,8
293,6,1,0,0.14705882966518402,9
293,6,2,0,0.04210526496171951,10
293,6,3,0,0.14705882966518402,11
293,6,4,0,0.22077922523021698,12
293,6,5,0,0.22077922523021698,13
293,6,6,0,0.22077922523021698,14
293,6,7,0,0.024390242993831635,15
293,6,8,0,0.024390242993831635,16
293,6,9,0,0.024390242993831635,17
293,6,10,0,0.14705882966518402,18
293,6,11,0,0.22077922523021698,19
293,6,12,0,0.04210526496171951,20
293,6,13,0,0.024390242993831635,21
293,6,14,0,0.22077922523021698,22
293,6,15,0,0.7027027010917664,23
293,6,16,0,0.22077922523021698,24
293,6,17,1,0.931034505367279,25
293,6,18,1,0.9931662678718567,26
293,6,19,1,0.9931662678718567,27
293,6,20,1,0.22077922523021698,28
293,6,21,0,0.01149425283074379,29
293,6,22,0,0.14705882966518402,30
293,6,23,0,0.14705882966518402,31
293,6,24,1,0.04210526496171951,32
293,6,25,1,0.010893246158957481,33
293,6,26,1,0.22077922523021698,34
293,6,27,1,0.010893246158957481,35
293,6,28,0,0.0008583691087551415,36
293,6,29,1,0.14705882966518402,37
293,6,30,0,0.024390242993831635,38
293,6,31,0,0.010893246158957481,39
293,6,32,0,0.22077922523021698,40
293,6,33,1,0.5555555820465088,41
293,6,34,1,0.01149425283074379,42
293,6,35,0,0.0008583691087551415,43
293,6,36,0,0.04210526496171951,44
293,6,37,0,0.6000000238418579,45
293,6,38,0,0.22077922523021698,46
293,6,39,1,0.6763932704925537,47
293,6,40,1,0.0008583691087551415,48
296,3,17,0,0.931034505367279,1
296,3,18,0,0.22077922523021698,2
296,3,19,1,0.22077922523021698,3
296,3,20,1,0.024390242993831635,4
296,3,21,0,0.010893246158957481,5
296,3,22,1,0.22077922523021698,6
296,3,23,0,0.010893246158957481,7
296,3,24,0,0.14705882966518402,8
296,3,25,0,0.14705882966518402,9
296,3,26,1,0.7027027010917664,10
296,3,27,0,0.010893246158957481,11
296,3,28,1,0.4488796889781952,12
296,3,29,1,0.22077922523021698,13
296,3,30,0,0.0,14
296,3,31,0,0.0008583691087551415,15
296,3,32,1,0.04210526496171951,16
296,3,33,0,0.0008583691087551415,17
296,3,34,1,0.22077922523021698,18
296,3,35,0,0.0,19
296,3,36,1,0.14705882966518402,20
296,3,37,1,0.14705882966518402,21
296,3,38,0,0.0,22
296,3,39,0,0.0008583691087551415,23
296,3,40,0,0.0,24
297,6,5,0,0.22077922523021698,1
297,6,6,0,0.22077922523021698,2
297,6,7,0,0.024390242993831635,3
297,6,8,0,0.024390242993831635,4
297,6,9,0,0.024390242993831635,5
297,6,10,0,0.14705882966518402,6
297,6,11,0,0.22077922523021698,7
297,6,12,0,0.04210526496171951,8
297,6,13,0,0.024390242993831635,9
297,6,14,0,0.22077922523021698,10
297,6,15,0,0.7027027010917664,11
297,6,16,0,0.22077922523021698,12
297,6,17,1,0.931034505367279,13
297,6,18,0,0.931034505367279,14
297,6,19,1,0.9931662678718567,15
297,6,20,1,0.024390242993831635,16
297,6,21,0,0.0,17
297,6,22,0,0.024390242993831635,18
297,6,23,0,0.010893246158957481,19
297,6,24,1,0.0008583691087551415,20
297,6,25,1,0.010893246158957481,21
297,6,26,1,0.22077922523021698,22
297,6,27,1,0.0008583691087551415,23
297,6,28,0,0.0008583691087551415,24
297,6,29,1,0.010893246158957481,25
297,6,30,0,0.0008583691087551415,26
297,6,31,0,0.0008583691087551415,27
297,6,32,0,0.04210526496171951,28
297,6,33,1,0.22077922523021698,29
297,6,34,1,0.0008583691087551415,30
297,6,35,0,0.0,31
297,6,36,0,0.010893246158957481,32
297,6,37,0,0.010893246158957481,33
297,6,38,0,0.024390242993831635,34
297,6,39,1,0.14705882966518402,35
297,6,40,1,0.0,36
298,4,17,0,0.931034505367279,1
298,4,18,1,0.5555555820465088,2
298,4,19,0,0.01149425283074379,3
298,4,20,0,0.22077922523021698,4
298,4,21,0,0.024390242993831635,5
298,4,22,0,0.22077922523021698,6
298,4,23,1,0.22077922523021698,7
298,4,24,0,0.14705882966518402,8
298,4,25,0,0.22077922523021698,9
298,4,26,0,0.7027027010917664,10
298,4,27,0,0.22077922523021698,11
298,4,28,1,0.6666666865348816,12
298,4,29,1,0.22077922523021698,13
298,4,30,0,0.0008583691087551415,14
298,4,31,1,0.7027027010917664,15
298,4,32,0,0.0008583691087551415,16
298,4,33,0,0.04210526496171951,17
298,4,34,0,0.024390242993831635,18
298,4,35,0,0.04210526496171951,19
298,4,36,0,0.45629754662513733,20
298,4,37,0,0.22077922523021698,21
298,4,38,0,0.04210526496171951,22
298,4,39,0,0.04210526496171951,23
298,4,40,0,0.14705882966518402,24
299,6,5,0,0.22077922523021698,1
299,6,6,0,0.22077922523021698,2
299,6,7,0,0.024390242993831635,3
299,6,8,0,0.024390242993831635,4
299,6,9,0,0.024390242993831635,5
299,6,10,0,0.14705882966518402,6
299,6,11,0,0.22077922523021698,7
299,6,12,0,0.04210526496171951,8
299,6,13,0,0.024390242993831635,9
299,6,14,0,0.22077922523021698,10
299,6,15,0,0.7027027010917664,11
299,6,16,0,0.22077922523021698,12
299,6,17,1,0.931034505367279,13
299,6,18,0,0.931034505367279,14
299,6,19,1,0.9931662678718567,15
299,6,20,1,0.024390242993831635,16
299,6,21,0,0.0,17
299,6,22,0,0.024390242993831635,18
299,6,23,0,0.010893246158957481,19
299,6,24,1,0.0008583691087551415,20
299,6,25,1,0.010893246158957481,21
299,6,26,1,0.22077922523021698,22
299,6,27,1,0.0008583691087551415,23
299,6,28,0,0.0008583691087551415,24
299,6,29,1,0.010893246158957481,25
299,6,30,0,0.0008583691087551415,26
299,6,31,0,0.0008583691087551415,27
299,6,32,0,0.04210526496171951,28
299,6,33,1,0.22077922523021698,29
299,6,34,1,0.0008583691087551415,30
299,6,35,0,0.0,31
299,6,36,0,0.010893246158957481,32
299,6,37,0,0.010893246158957481,33
299,6,38,0,0.024390242993831635,34
299,6,39,1,0.14705882966518402,35
299,6,40,1,0.0,36
302,6,5,0,0.22077922523021698,1
302,6,6,0,0.22077922523021698,2
302,6,7,0,0.024390242993831635,3
302,6,8,0,0.024390242993831635,4
302,6,9,0,0.024390242993831635,5
302,6,10,0,0.14705882966518402,6
302,6,11,0,0.22077922523021698,7
302,6,12,0,0.04210526496171951,8
302,6,13,0,0.024390242993831635,9
302,6,14,0,0.22077922523021698,10
302,6,15,0,0.7027027010917664,11
302,6,16,0,0.22077922523021698,12
302,6,17,1,0.931034505367279,13
302,6,18,0,0.931034505367279,14
302,6,19,1,0.9931662678718567,15
302,6,20,1,0.024390242993831635,16
302,6,21,0,0.0,17
302,6,22,0,0.024390242993831635,18
302,6,23,0,0.010893246158957481,19
302,6,24,1,0.0008583691087551415,20
302,6,25,1,0.010893246158957481,21
302,6,26,1,0.22077922523021698,22
302,6,27,1,0.0008583691087551415,23
302,6,28,0,0.0008583691087551415,24
302,6,29,1,0.010893246158957481,25
302,6,30,0,0.0008583691087551415,26
302,6,31,0,0.0008583691087551415,27
302,6,32,0,0.04210526496171951,28
302,6,33,1,0.22077922523021698,29
302,6,34,1,0.0008583691087551415,30
302,6,35,0,0.0,31
302,6,36,0,0.010893246158957481,32
302,6,37,0,0.010893246158957481,33
302,6,38,0,0.024390242993831635,34
302,6,39,1,0.14705882966518402,35
302,6,40,1,0.0,36
304,4,5,0,0.9682539701461792,1
304,4,6,0,0.22077922523021698,2
304,4,7,1,0.01149425283074379,3
304,4,8,0,0.024390242993831635,4
304,4,9,1,0.14705882966518402,5
304,4,10,1,0.04210526496171951,6
304,4,11,1,0.22077922523021698,7
304,4,12,0,0.0,8
304,4,13,1,0.6872736215591431,9
304,4,14,0,0.0,10
304,4,15,0,0.22077922523021698,11
304,4,16,1,0.931034505367279,12
304,4,17,0,0.0,13
304,4,18,1,0.22077922523021698,14
304,4,19,0,0.0008583691087551415,15
304,4,20,0,0.024390242993831635,16
304,4,21,0,0.0008583691087551415,17
304,4,22,0,0.04210526496171951,18
304,4,23,1,0.7027027010917664,19
304,4,24,0,0.0008583691087551415,20
304,4,25,0,0.010893246158957481,21
304,4,26,0,0.0008583691087551415,22
304,4,27,0,0.0008583691087551415,23
304,4,28,1,0.9682539701461792,24
304,4,29,1,0.931034505367279,25
304,4,30,0,0.010893246158957481,26
304,4,31,1,0.9682539701461792,27
304,4,32,0,0.0008583691087551415,28
304,4,33,0,0.010893246158957481,29
304,4,34,0,0.01149425283074379,30
304,4,35,0,0.0008583691087551415,31
304,4,36,0,0.010893246158957481,32
304,4,37,0,0.010893246158957481,33
304,4,38,0,0.010893246158957481,34
304,4,39,0,0.010893246158957481,35
304,4,40,0,0.0008583691087551415,36
306,2,29,1,0.7027027010917664,1
306,2,30,1,0.010893246158957481,2
306,2,31,0,0.0,3
306,2,32,0,0.010893246158957481,4
306,2,33,1,0.0008583691087551415,5
306,2,34,0,0.0008583691087551415,6
306,2,35,0,0.024390242993831635,7
306,2,36,0,0.01149425283074379,8
306,2,37,1,0.22077922523021698,9
306,2,38,0,0.010893246158957481,10
306,2,39,1,0.14705882966518402,11
306,2,40,0,0.0,12
309,2,29,1,0.7027027010917664,1
309,2,30,1,0.010893246158957481,2
309,2,31,0,0.0,3
309,2,32,0,0.010893246158957481,4
309,2,33,1,0.0008583691087551415,5
309,2,34,0,0.0008583691087551415,6
309,2,35,0,0.024390242993831635,7
309,2,36,0,0.01149425283074379,8
309,2,37,1,0.22077922523021698,9
309,2,38,0,0.010893246158957481,10
309,2,39,1,0.14705882966518402,11
309,2,40,0,0.0,12
310,4,5,1,0.9682539701461792,1
310,4,6,0,0.04210526496171951,2
310,4,7,1,0.010893246158957481,3
310,4,8,0,0.04210526496171951,4
310,4,9,1,0.04210526496171951,5
310,4,10,1,0.14705882966518402,6
310,4,11,1,0.22077922523021698,7
310,4,12,0,0.0,8
310,4,13,1,0.7027027010917664,9
310,4,14,0,0.0,10
310,4,15,0,0.5898690223693848,11
310,4,16,1,0.9931662678718567,12
310,4,17,0,0.0008583691087551415,13
310,4,18,1,0.4779549837112427,14
310,4,19,0,0.0008583691087551415,15
310,4,20,0,0.04210526496171951,16
310,4,21,0,0.0008583691087551415,17
310,4,22,0,0.010893246158957481,18
310,4,23,1,0.931034505367279,19
310,4,24,0,0.0008583691087551415,20
310,4,25,0,0.0008583691087551415,21
310,4,26,0,0.0008583691087551415,22
310,4,27,0,0.0008583691087551415,23
310,4,28,1,0.9931662678718567,24
310,4,29,1,0.931034505367279,25
310,4,30,0,0.010893246158957481,26
310,4,31,1,0.9682539701461792,27
310,4,32,0,0.0008583691087551415,28
310,4,33,0,0.010893246158957481,29
310,4,34,0,0.010893246158957481,30
310,4,35,0,0.0008583691087551415,31
310,4,36,0,0.010893246158957481,32
310,4,37,0,0.010893246158957481,33
310,4,38,0,0.0008583691087551415,34
310,4,39,0,0.010893246158957481,35
310,4,40,0,0.0008583691087551415,36
311,6,5,0,0.22077922523021698,1
311,6,6,0,0.22077922523021698,2
311,6,7,0,0.024390242993831635,3
311,6,8,0,0.024390242993831635,4
311,6,9,0,0.024390242993831635,5
311,6,10,0,0.14705882966518402,6
311,6,11,0,0.22077922523021698,7
311,6,12,0,0.04210526496171951,8
311,6,13,0,0.024390242993831635,9
311,6,14,0,0.22077922523021698,10
311,6,15,0,0.7027027010917664,11
311,6,16,0,0.22077922523021698,12
311,6,17,1,0.931034505367279,13
311,6,18,0,0.931034505367279,14
311,6,19,1,0.9931662678718567,15
311,6,20,1,0.024390242993831635,16
311,6,21,0,0.0,17
311,6,22,0,0.024390242993831635,18
311,6,23,0,0.010893246158957481,19
311,6,24,1,0.0008583691087551415,20
311,6,25,1,0.010893246158957481,21
311,6,26,1,0.22077922523021698,22
311,6,27,1,0.0008583691087551415,23
311,6,28,0,0.0008583691087551415,24
311,6,29,1,0.010893246158957481,25
311,6,30,0,0.0008583691087551415,26
311,6,31,0,0.0008583691087551415,27
311,6,32,0,0.04210526496171951,28
311,6,33,1,0.22077922523021698,29
311,6,34,1,0.0008583691087551415,30
311,6,35,0,0.0,31
311,6,36,0,0.010893246158957481,32
311,6,37,0,0.010893246158957481,33
311,6,38,0,0.024390242993831635,34
311,6,39,1,0.14705882966518402,35
311,6,40,1,0.0,36
312,3,17,0,0.931034505367279,1
312,3,18,0,0.22077922523021698,2
312,3,19,1,0.22077922523021698,3
312,3,20,1,0.024390242993831635,4
312,3,21,0,0.010893246158957481,5
312,3,22,1,0.22077922523021698,6
312,3,23,0,0.010893246158957481,7
312,3,24,0,0.14705882966518402,8
312,3,25,0,0.14705882966518402,9
312,3,26,1,0.7027027010917664,10
312,3,27,0,0.010893246158957481,11
312,3,28,1,0.4488796889781952,12
312,3,29,1,0.22077922523021698,13
312,3,30,0,0.0,14
312,3,31,0,0.0008583691087551415,15
312,3,32,1,0.04210526496171951,16
312,3,33,0,0.0008583691087551415,17
312,3,34,1,0.22077922523021698,18
312,3,35,0,0.0,19
312,3,36,1,0.14705882966518402,20
312,3,37,1,0.14705882966518402,21
312,3,38,0,0.0,22
312,3,39,0,0.0008583691087551415,23
312,3,40,0,0.0,24
314,4,5,0,0.9682539701461792,1
314,4,6,0,0.22077922523021698,2
314,4,7,1,0.01149425283074379,3
314,4,8,0,0.024390242993831635,4
314,4,9,1,0.14705882966518402,5
314,4,10,1,0.04210526496171951,6
314,4,11,1,0.22077922523021698,7
314,4,12,0,0.0,8
314,4,13,1,0.6872736215591431,9
314,4,14,0,0.0,10
314,4,15,0,0.22077922523021698,11
314,4,16,1,0.931034505367279,12
314,4,17,0,0.0,13
314,4,18,1,0.22077922523021698,14
314,4,19,0,0.0008583691087551415,15
314,4,20,0,0.024390242993831635,16
314,4,21,0,0.0008583691087551415,17
314,4,22,0,0.04210526496171951,18
314,4,23,1,0.7027027010917664,19
314,4,24,0,0.0008583691087551415,20
314,4,25,0,0.010893246158957481,21
314,4,26,0,0.0008583691087551415,22
314,4,27,0,0.0008583691087551415,23
314,4,28,1,0.9682539701461792,24
314,4,29,1,0.931034505367279,25
314,4,30,0,0.010893246158957481,26
314,4,31,1,0.9682539701461792,27
314,4,32,0,0.0008583691087551415,28
314,4,33,0,0.010893246158957481,29
314,4,34,0,0.01149425283074379,30
314,4,35,0,0.0008583691087551415,31
314,4,36,0,0.010893246158957481,32
314,4,37,0,0.010893246158957481,33
314,4,38,0,0.010893246158957481,34
314,4,39,0,0.010893246158957481,35
314,4,40,0,0.0008583691087551415,36
317,4,5,1,0.9682539701461792,1
317,4,6,0,0.04210526496171951,2
317,4,7,1,0.010893246158957481,3
317,4,8,0,0.04210526496171951,4
317,4,9,1,0.04210526496171951,5
317,4,10,1,0.14705882966518402,6
317,4,11,1,0.22077922523021698,7
317,4,12,0,0.0,8
317,4,13,1,0.7027027010917664,9
317,4,14,0,0.0,10
317,4,15,0,0.5898690223693848,11
317,4,16,1,0.9931662678718567,12
317,4,17,0,0.0008583691087551415,13
317,4,18,1,0.4779549837112427,14
317,4,19,0,0.0008583691087551415,15
317,4,20,0,0.04210526496171951,16
317,4,21,0,0.0008583691087551415,17
317,4,22,0,0.010893246158957481,18
317,4,23,1,0.931034505367279,19
317,4,24,0,0.0008583691087551415,20
317,4,25,0,0.0008583691087551415,21
317,4,26,0,0.0008583691087551415,22
317,4,27,0,0.0008583691087551415,23
317,4,28,1,0.9931662678718567,24
317,4,29,1,0.931034505367279,25
317,4,30,0,0.010893246158957481,26
317,4,31,1,0.9682539701461792,27
317,4,32,0,0.0008583691087551415,28
317,4,33,0,0.010893246158957481,29
317,4,34,0,0.010893246158957481,30
317,4,35,0,0.0008583691087551415,31
317,4,36,0,0.010893246158957481,32
317,4,37,0,0.010893246158957481,33
317,4,38,0,0.0008583691087551415,34
317,4,39,0,0.010893246158957481,35
317,4,40,0,0.0008583691087551415,36
319,4,5,1,0.9682539701461792,1
319,4,6,0,0.04210526496171951,2
319,4,7,1,0.010893246158957481,3
319,4,8,0,0.04210526496171951,4
319,4,9,1,0.04210526496171951,5
319,4,10,1,0.14705882966518402,6
319,4,11,1,0.22077922523021698,7
319,4,12,0,0.0,8
319,4,13,1,0.7027027010917664,9
319,4,14,0,0.0,10
319,4,15,0,0.5898690223693848,11
319,4,16,1,0.9931662678718567,12
319,4,17,0,0.0008583691087551415,13
319,4,18,1,0.4779549837112427,14
319,4,19,0,0.0008583691087551415,15
319,4,20,0,0.04210526496171951,16
319,4,21,0,0.0008583691087551415,17
319,4,22,0,0.010893246158957481,18
319,4,23,1,0.931034505367279,19
319,4,24,0,0.0008583691087551415,20
319,4,25,0,0.0008583691087551415,21
319,4,26,0,0.0008583691087551415,22
319,4,27,0,0.0008583691087551415,23
319,4,28,1,0.9931662678718567,24
319,4,29,1,0.931034505367279,25
319,4,30,0,0.010893246158957481,26
319,4,31,1,0.9682539701461792,27
319,4,32,0,0.0008583691087551415,28
319,4,33,0,0.010893246158957481,29
319,4,34,0,0.010893246158957481,30
319,4,35,0,0.0008583691087551415,31
319,4,36,0,0.010893246158957481,32
319,4,37,0,0.010893246158957481,33
319,4,38,0,0.0008583691087551415,34
319,4,39,0,0.010893246158957481,35
319,4,40,0,0.0008583691087551415,36
321,6,5,0,0.4000000059604645,1
321,6,6,0,0.5,2
321,6,7,0,0.14705882966518402,3
321,6,8,0,0.14705882966518402,4
321,6,9,0,0.04210526496171951,5
321,6,10,0,0.4632459282875061,6
321,6,11,0,0.4763772487640381,7
321,6,12,0,0.4000000059604645,8
321,6,13,1,0.14705882966518402,9
321,6,14,0,0.04210526496171951,10
321,6,15,0,0.14705882966518402,11
321,6,16,0,0.14705882966518402,12
321,6,17,1,0.22077922523021698,13
321,6,18,1,0.931034505367279,14
321,6,19,1,0.7027027010917664,15
321,6,20,1,0.04210526496171951,16
321,6,21,0,0.01149425283074379,17
321,6,22,0,0.22077922523021698,18
321,6,23,0,0.04210526496171951,19
321,6,24,1,0.14705882966518402,20
321,6,25,1,0.01149425283074379,21
321,6,26,1,0.22077922523021698,22
321,6,27,0,0.010893246158957481,23
321,6,28,0,0.04210526496171951,24
321,6,29,1,0.14705882966518402,25
321,6,30,0,0.010893246158957481,26
321,6,31,1,0.0008583691087551415,27
321,6,32,0,0.024390242993831635,28
321,6,33,1,0.14705882966518402,29
321,6,34,1,0.0008583691087551415,30
321,6,35,0,0.0,31
321,6,36,0,0.010893246158957481,32
321,6,37,0,0.010893246158957481,33
321,6,38,0,0.010893246158957481,34
321,6,39,1,0.04210526496171951,35
321,6,40,1,0.0,36
322,3,17,0,0.9682539701461792,1
322,3,18,0,0.01149425283074379,2
322,3,19,1,0.04210526496171951,3
322,3,20,1,0.024390242993831635,4
322,3,21,0,0.010893246158957481,5
322,3,22,0,0.7027027010917664,6
322,3,23,0,0.22077922523021698,7
322,3,24,0,0.22077922523021698,8
322,3,25,1,0.22077922523021698,9
322,3,26,1,0.931034505367279,10
322,3,27,0,0.024390242993831635,11
322,3,28,1,0.9682539701461792,12
322,3,29,1,0.22077922523021698,13
322,3,30,0,0.0008583691087551415,14
322,3,31,0,0.04210526496171951,15
322,3,32,1,0.8055555820465088,16
322,3,33,0,0.0008583691087551415,17
322,3,34,1,0.22077922523021698,18
322,3,35,0,0.0008583691087551415,19
322,3,36,1,0.931034505367279,20
322,3,37,1,0.14705882966518402,21
322,3,38,0,0.0,22
322,3,39,0,0.010893246158957481,23
322,3,40,0,0.010893246158957481,24
324,6,5,0,0.4000000059604645,1
324,6,6,0,0.5,2
324,6,7,0,0.14705882966518402,3
324,6,8,0,0.14705882966518402,4
324,6,9,0,0.04210526496171951,5
324,6,10,0,0.4632459282875061,6
324,6,11,0,0.4763772487640381,7
324,6,12,0,0.4000000059604645,8
324,6,13,0,0.14705882966518402,9
324,6,14,0,0.4000000059604645,10
324,6,15,0,0.22077922523021698,11
324,6,16,0,0.22077922523021698,12
324,6,17,1,0.6666666865348816,13
324,6,18,1,1.0,14
324,6,19,1,0.9931662678718567,15
324,6,20,1,0.14705882966518402,16
324,6,21,0,0.010893246158957481,17
324,6,22,0,0.22077922523021698,18
324,6,23,0,0.04210526496171951,19
324,6,24,1,0.14705882966518402,20
324,6,25,1,0.011297415010631084,21
324,6,26,1,0.22077922523021698,22
324,6,27,0,0.010893246158957481,23
324,6,28,0,0.14705882966518402,24
324,6,29,1,0.04210526496171951,25
324,6,30,0,0.010893246158957481,26
324,6,31,1,0.0008583691087551415,27
324,6,32,0,0.04210526496171951,28
324,6,33,1,0.14705882966518402,29
324,6,34,1,0.0008583691087551415,30
324,6,35,0,0.0,31
324,6,36,0,0.010893246158957481,32
324,6,37,0,0.010893246158957481,33
324,6,38,0,0.010893246158957481,34
324,6,39,1,0.04210526496171951,35
324,6,40,1,0.0,36
325,6,5,0,0.4000000059604645,1
325,6,6,0,0.5,2
325,6,7,0,0.14705882966518402,3
325,6,8,0,0.14705882966518402,4
325,6,9,0,0.04210526496171951,5
325,6,10,0,0.4632459282875061,6
325,6,11,0,0.4763772487640381,7
325,6,12,0,0.4000000059604645,8
325,6,13,0,0.14705882966518402,9
325,6,14,0,0.4000000059604645,10
325,6,15,0,0.22077922523021698,11
325,6,16,0,0.22077922523021698,12
325,6,17,1,0.6666666865348816,13
325,6,18,1,1.0,14
325,6,19,1,0.9931662678718567,15
325,6,20,1,0.14705882966518402,16
325,6,21,0,0.010893246158957481,17
325,6,22,0,0.22077922523021698,18
325,6,23,0,0.04210526496171951,19
325,6,24,1,0.14705882966518402,20
325,6,25,1,0.011297415010631084,21
325,6,26,1,0.22077922523021698,22
325,6,27,0,0.010893246158957481,23
325,6,28,0,0.14705882966518402,24
325,6,29,1,0.04210526496171951,25
325,6,30,1,0.010893246158957481,26
325,6,31,0,0.0008583691087551415,27
325,6,32,0,0.14705882966518402,28
325,6,33,1,0.14705882966518402,29
325,6,34,1,0.0008583691087551415,30
325,6,35,0,0.0,31
325,6,36,0,0.024390242993831635,32
325,6,37,0,0.010893246158957481,33
325,6,38,0,0.010893246158957481,34
325,6,39,1,0.04210526496171951,35
325,6,40,1,0.0,36
326,6,5,0,0.4000000059604645,1
326,6,6,0,0.5,2
326,6,7,0,0.14705882966518402,3
326,6,8,0,0.14705882966518402,4
326,6,9,0,0.04210526496171951,5
326,6,10,0,0.4632459282875061,6
326,6,11,0,0.4763772487640381,7
326,6,12,0,0.4000000059604645,8
326,6,13,0,0.14705882966518402,9
326,6,14,0,0.4000000059604645,10
326,6,15,0,0.22077922523021698,11
326,6,16,0,0.22077922523021698,12
326,6,17,1,0.6666666865348816,13
326,6,18,1,1.0,14
326,6,19,1,0.9931662678718567,15
326,6,20,1,0.14705882966518402,16
326,6,21,0,0.010893246158957481,17
326,6,22,0,0.22077922523021698,18
326,6,23,0,0.04210526496171951,19
326,6,24,1,0.14705882966518402,20
326,6,25,1,0.011297415010631084,21
326,6,26,1,0.22077922523021698,22
326,6,27,0,0.010893246158957481,23
326,6,28,0,0.14705882966518402,24
326,6,29,1,0.04210526496171951,25
326,6,30,1,0.010893246158957481,26
326,6,31,1,0.0008583691087551415,27
326,6,32,0,0.024390242993831635,28
326,6,33,1,0.22077922523021698,29
326,6,34,1,0.0008583691087551415,30
326,6,35,0,0.0,31
326,6,36,0,0.024390242993831635,32
326,6,37,0,0.01149425283074379,33
326,6,38,0,0.010893246158957481,34
326,6,39,1,0.024390242993831635,35
326,6,40,1,0.0,36
327,5,5,1,0.9682539701461792,1
327,5,6,0,0.024390242993831635,2
327,5,7,0,0.010893246158957481,3
327,5,8,1,0.01149425283074379,4
327,5,9,0,0.024390242993831635,5
327,5,10,1,0.22077922523021698,6
327,5,11,1,0.024390242993831635,7
327,5,12,0,0.0008583691087551415,8
327,5,13,1,0.14705882966518402,9
327,5,14,0,0.0,10
327,5,15,0,0.0,11
327,5,16,0,0.14705882966518402,12
327,5,17,0,0.22077922523021698,13
327,5,18,1,0.931034505367279,14
327,5,19,1,0.14705882966518402,15
327,5,20,1,0.6666666865348816,16
327,5,21,0,0.0008583691087551415,17
327,5,22,0,0.14705882966518402,18
327,5,23,0,0.01149425283074379,19
327,5,24,1,0.931034505367279,20
327,5,25,0,0.0,21
327,5,26,0,0.010893246158957481,22
327,5,27,0,0.024390242993831635,23
327,5,28,1,0.9940828680992126,24
327,5,29,0,0.010893246158957481,25
327,5,30,0,0.010893246158957481,26
327,5,31,0,0.010893246158957481,27
327,5,32,0,0.010893246158957481,28
327,5,33,1,0.9931662678718567,29
327,5,34,0,0.010893246158957481,30
327,5,35,0,0.04210526496171951,31
327,5,36,1,0.931034505367279,32
327,5,37,0,0.024390242993831635,33
327,5,38,0,0.024390242993831635,34
327,5,39,1,0.9931662678718567,35
327,5,40,0,0.0008583691087551415,36
330,6,5,0,0.4000000059604645,1
330,6,6,0,0.5,2
330,6,7,0,0.14705882966518402,3
330,6,8,0,0.14705882966518402,4
330,6,9,0,0.04210526496171951,5
330,6,10,0,0.4632459282875061,6
330,6,11,0,0.4763772487640381,7
330,6,12,0,0.4000000059604645,8
330,6,13,1,0.14705882966518402,9
330,6,14,0,0.04210526496171951,10
330,6,15,0,0.14705882966518402,11
330,6,16,0,0.14705882966518402,12
330,6,17,1,0.22077922523021698,13
330,6,18,1,0.931034505367279,14
330,6,19,1,0.7027027010917664,15
330,6,20,1,0.04210526496171951,16
330,6,21,0,0.01149425283074379,17
330,6,22,0,0.22077922523021698,18
330,6,23,0,0.04210526496171951,19
330,6,24,1,0.14705882966518402,20
330,6,25,1,0.01149425283074379,21
330,6,26,1,0.22077922523021698,22
330,6,27,0,0.010893246158957481,23
330,6,28,0,0.04210526496171951,24
330,6,29,1,0.14705882966518402,25
330,6,30,1,0.010893246158957481,26
330,6,31,1,0.0008583691087551415,27
330,6,32,0,0.024390242993831635,28
330,6,33,1,0.14705882966518402,29
330,6,34,1,0.0008583691087551415,30
330,6,35,0,0.0,31
330,6,36,0,0.024390242993831635,32
330,6,37,0,0.010893246158957481,33
330,6,38,0,0.010893246158957481,34
330,6,39,1,0.024390242993831635,35
330,6,40,1,0.0,36
331,6,5,0,0.4000000059604645,1
331,6,6,0,0.5,2
331,6,7,0,0.14705882966518402,3
331,6,8,0,0.14705882966518402,4
331,6,9,0,0.04210526496171951,5
331,6,10,0,0.4632459282875061,6
331,6,11,0,0.4763772487640381,7
331,6,12,0,0.4000000059604645,8
331,6,13,1,0.14705882966518402,9
331,6,14,0,0.04210526496171951,10
331,6,15,0,0.14705882966518402,11
331,6,16,0,0.14705882966518402,12
331,6,17,0,0.22077922523021698,13
331,6,18,1,0.22077922523021698,14
331,6,19,1,0.6666666865348816,15
331,6,20,1,0.22077922523021698,16
331,6,21,0,0.010893246158957481,17
331,6,22,0,0.22077922523021698,18
331,6,23,0,0.14705882966518402,19
331,6,24,1,0.22077922523021698,20
331,6,25,1,0.024390242993831635,21
331,6,26,1,0.22077922523021698,22
331,6,27,0,0.0008583691087551415,23
331,6,28,0,0.024390242993831635,24
331,6,29,1,0.04210526496171951,25
331,6,30,1,0.010893246158957481,26
331,6,31,1,0.0008583691087551415,27
331,6,32,0,0.024390242993831635,28
331,6,33,1,0.14705882966518402,29
331,6,34,1,0.0008583691087551415,30
331,6,35,0,0.0,31
331,6,36,0,0.024390242993831635,32
331,6,37,0,0.01149425283074379,33
331,6,38,0,0.010893246158957481,34
331,6,39,1,0.024390242993831635,35
331,6,40,1,0.0,36
332,3,17,0,0.9682539701461792,1
332,3,18,0,0.01149425283074379,2
332,3,19,1,0.04210526496171951,3
332,3,20,1,0.024390242993831635,4
332,3,21,0,0.010893246158957481,5
332,3,22,0,0.7027027010917664,6
332,3,23,0,0.22077922523021698,7
332,3,24,0,0.22077922523021698,8
332,3,25,0,0.22077922523021698,9
332,3,26,1,0.8055555820465088,10
332,3,27,0,0.024390242993831635,11
332,3,28,1,0.931034505367279,12
332,3,29,1,0.22077922523021698,13
332,3,30,0,0.0008583691087551415,14
332,3,31,0,0.04210526496171951,15
332,3,32,1,0.8055555820465088,16
332,3,33,0,0.0008583691087551415,17
332,3,34,1,0.22077922523021698,18
332,3,35,0,0.0008583691087551415,19
332,3,36,1,0.931034505367279,20
332,3,37,1,0.22077922523021698,21
332,3,38,0,0.0,22
332,3,39,0,0.010893246158957481,23
332,3,40,0,0.01149425283074379,24
335,6,5,0,0.4000000059604645,1
335,6,6,0,0.5,2
335,6,7,0,0.14705882966518402,3
335,6,8,0,0.14705882966518402,4
335,6,9,0,0.04210526496171951,5
335,6,10,0,0.4632459282875061,6
335,6,11,0,0.4763772487640381,7
335,6,12,0,0.4000000059604645,8
335,6,13,0,0.14705882966518402,9
335,6,14,0,0.4000000059604645,10
335,6,15,0,0.22077922523021698,11
335,6,16,0,0.22077922523021698,12
335,6,17,1,0.6666666865348816,13
335,6,18,1,1.0,14
335,6,19,1,0.9931662678718567,15
335,6,20,1,0.14705882966518402,16
335,6,21,0,0.010893246158957481,17
335,6,22,0,0.22077922523021698,18
335,6,23,0,0.04210526496171951,19
335,6,24,1,0.14705882966518402,20
335,6,25,1,0.011297415010631084,21
335,6,26,1,0.22077922523021698,22
335,6,27,1,0.010893246158957481,23
335,6,28,0,0.024390242993831635,24
335,6,29,1,0.14705882966518402,25
335,6,30,1,0.0008583691087551415,26
335,6,31,1,0.0008583691087551415,27
335,6,32,0,0.010893246158957481,28
335,6,33,1,0.14705882966518402,29
335,6,34,1,0.0008583691087551415,30
335,6,35,0,0.0,31
335,6,36,0,0.01149425283074379,32
335,6,37,0,0.010893246158957481,33
335,6,38,0,0.01149425283074379,34
335,6,39,1,0.04210526496171951,35
335,6,40,1,0.0,36
337,6,5,0,0.4000000059604645,1
337,6,6,0,0.5,2
337,6,7,0,0.14705882966518402,3
337,6,8,0,0.14705882966518402,4
337,6,9,0,0.04210526496171951,5
337,6,10,0,0.4632459282875061,6
337,6,11,0,0.4763772487640381,7
337,6,12,0,0.4000000059604645,8
337,6,13,0,0.14705882966518402,9
337,6,14,0,0.4000000059604645,10
337,6,15,0,0.22077922523021698,11
337,6,16,0,0.22077922523021698,12
337,6,17,1,0.6666666865348816,13
337,6,18,1,1.0,14
337,6,19,1,0.9931662678718567,15
337,6,20,1,0.14705882966518402,16
337,6,21,0,0.010893246158957481,17
337,6,22,0,0.22077922523021698,18
337,6,23,0,0.04210526496171951,19
337,6,24,1,0.14705882966518402,20
337,6,25,1,0.011297415010631084,21
337,6,26,1,0.22077922523021698,22
337,6,27,1,0.010893246158957481,23
337,6,28,0,0.024390242993831635,24
337,6,29,1,0.14705882966518402,25
337,6,30,1,0.0008583691087551415,26
337,6,31,1,0.0008583691087551415,27
337,6,32,0,0.010893246158957481,28
337,6,33,1,0.14705882966518402,29
337,6,34,1,0.0008583691087551415,30
337,6,35,0,0.0,31
337,6,36,0,0.01149425283074379,32
337,6,37,0,0.010893246158957481,33
337,6,38,0,0.01149425283074379,34
337,6,39,1,0.04210526496171951,35
337,6,40,1,0.0,36
342,6,5,0,0.4000000059604645,1
342,6,6,0,0.5,2
342,6,7,0,0.14705882966518402,3
342,6,8,0,0.14705882966518402,4
342,6,9,0,0.04210526496171951,5
342,6,10,0,0.4632459282875061,6
342,6,11,0,0.4763772487640381,7
342,6,12,0,0.4000000059604645,8
342,6,13,0,0.14705882966518402,9
342,6,14,0,0.4000000059604645,10
342,6,15,0,0.22077922523021698,11
342,6,16,0,0.22077922523021698,12
342,6,17,1,0.6666666865348816,13
342,6,18,1,1.0,14
342,6,19,1,0.9931662678718567,15
342,6,20,1,0.14705882966518402,16
342,6,21,0,0.010893246158957481,17
342,6,22,0,0.22077922523021698,18
342,6,23,0,0.04210526496171951,19
342,6,24,1,0.14705882966518402,20
342,6,25,1,0.011297415010631084,21
342,6,26,1,0.22077922523021698,22
342,6,27,0,0.010893246158957481,23
342,6,28,0,0.14705882966518402,24
342,6,29,1,0.04210526496171951,25
342,6,30,1,0.010893246158957481,26
342,6,31,0,0.0008583691087551415,27
342,6,32,0,0.14705882966518402,28
342,6,33,1,0.14705882966518402,29
342,6,34,1,0.0008583691087551415,30
342,6,35,0,0.0,31
342,6,36,0,0.024390242993831635,32
342,6,37,0,0.010893246158957481,33
342,6,38,0,0.010893246158957481,34
342,6,39,1,0.04210526496171951,35
342,6,40,1,0.0,36
344,3,17,0,0.9682539701461792,1
344,3,18,0,0.01149425283074379,2
344,3,19,1,0.04210526496171951,3
344,3,20,1,0.024390242993831635,4
344,3,21,0,0.010893246158957481,5
344,3,22,0,0.7027027010917664,6
344,3,23,0,0.22077922523021698,7
344,3,24,0,0.22077922523021698,8
344,3,25,1,0.22077922523021698,9
344,3,26,1,0.931034505367279,10
344,3,27,0,0.024390242993831635,11
344,3,28,1,0.9682539701461792,12
344,3,29,1,0.22077922523021698,13
344,3,30,0,0.0008583691087551415,14
344,3,31,0,0.04210526496171951,15
344,3,32,1,0.8055555820465088,16
344,3,33,0,0.0008583691087551415,17
344,3,34,1,0.22077922523021698,18
344,3,35,0,0.0008583691087551415,19
344,3,36,1,0.931034505367279,20
344,3,37,1,0.14705882966518402,21
344,3,38,0,0.0,22
344,3,39,0,0.010893246158957481,23
344,3,40,0,0.010893246158957481,24
345,6,5,0,0.4000000059604645,1
345,6,6,0,0.5,2
345,6,7,0,0.14705882966518402,3
345,6,8,0,0.14705882966518402,4
345,6,9,0,0.04210526496171951,5
345,6,10,0,0.4632459282875061,6
345,6,11,0,0.4763772487640381,7
345,6,12,0,0.4000000059604645,8
345,6,13,0,0.14705882966518402,9
345,6,14,0,0.4000000059604645,10
345,6,15,0,0.22077922523021698,11
345,6,16,0,0.22077922523021698,12
345,6,17,0,0.6666666865348816,13
345,6,18,1,0.22077922523021698,14
345,6,19,1,0.22077922523021698,15
345,6,20,1,0.931034505367279,16
345,6,21,0,0.010893246158957481,17
345,6,22,0,0.22077922523021698,18
345,6,23,0,0.22077922523021698,19
345,6,24,1,0.22077922523021698,20
345,6,25,1,0.024390242993831635,21
345,6,26,1,0.22077922523021698,22
345,6,27,0,0.0008583691087551415,23
345,6,28,0,0.024390242993831635,24
345,6,29,1,0.04210526496171951,25
345,6,30,1,0.010893246158957481,26
345,6,31,1,0.0008583691087551415,27
345,6,32,0,0.024390242993831635,28
345,6,33,1,0.14705882966518402,29
345,6,34,1,0.0008583691087551415,30
345,6,35,0,0.0,31
345,6,36,0,0.024390242993831635,32
345,6,37,0,0.01149425283074379,33
345,6,38,0,0.010893246158957481,34
345,6,39,1,0.024390242993831635,35
345,6,40,1,0.0,36
346,6,17,1,0.22077922523021698,1
346,6,18,1,0.010893246158957481,2
346,6,19,1,0.0,3
346,6,20,1,0.0,4
346,6,21,0,0.0,5
346,6,22,0,0.0008583691087551415,6
346,6,23,0,0.0008583691087551415,7
346,6,24,1,0.0,8
346,6,25,1,0.0008583691087551415,9
346,6,26,1,0.010893246158957481,10
346,6,27,0,0.0008583691087551415,11
346,6,28,0,0.04210526496171951,12
346,6,29,1,0.0008583691087551415,13
346,6,30,1,0.0,14
346,6,31,1,0.0,15
346,6,32,0,0.0,16
346,6,33,1,0.010893246158957481,17
346,6,34,1,0.0008583691087551415,18
346,6,35,0,0.0,19
346,6,36,0,0.04210526496171951,20
346,6,37,0,0.01149425283074379,21
346,6,38,0,0.0008583691087551415,22
346,6,39,1,0.010893246158957481,23
346,6,40,1,0.0,24
347,6,17,1,0.22077922523021698,1
347,6,18,1,0.0008583691087551415,2
347,6,19,1,0.0,3
347,6,20,1,0.0,4
347,6,21,0,0.0,5
347,6,22,0,0.0008583691087551415,6
347,6,23,0,0.0008583691087551415,7
347,6,24,1,0.0008583691087551415,8
347,6,25,1,0.0008583691087551415,9
347,6,26,1,0.0008583691087551415,10
347,6,27,1,0.0008583691087551415,11
347,6,28,0,0.010893246158957481,12
347,6,29,1,0.0008583691087551415,13
347,6,30,1,0.0,14
347,6,31,1,0.0,15
347,6,32,0,0.0008583691087551415,16
347,6,33,1,0.0008583691087551415,17
347,6,34,1,0.0,18
347,6,35,0,0.0,19
347,6,36,0,0.010893246158957481,20
347,6,37,0,0.024390242993831635,21
347,6,38,0,0.04210526496171951,22
347,6,39,1,0.14705882966518402,23
347,6,40,1,0.0,24
349,4,5,1,0.9682539701461792,1
349,4,6,0,0.04210526496171951,2
349,4,7,0,0.010893246158957481,3
349,4,8,0,0.01149425283074379,4
349,4,9,1,0.024390242993831635,5
349,4,10,0,0.01149425283074379,6
349,4,11,0,0.024390242993831635,7
349,4,12,0,0.0008583691087551415,8
349,4,13,0,0.22077922523021698,9
349,4,14,0,0.04210526496171951,10
349,4,15,0,0.04210526496171951,11
349,4,16,1,0.14705882966518402,12
349,4,17,0,0.0008583691087551415,13
349,4,18,0,0.22077922523021698,14
349,4,19,1,0.14705882966518402,15
349,4,20,0,0.14705882966518402,16
349,4,21,0,0.010893246158957481,17
349,4,22,0,0.04210526496171951,18
349,4,23,1,0.22077922523021698,19
349,4,24,0,0.01149425283074379,20
349,4,25,0,0.010893246158957481,21
349,4,26,0,0.0008583691087551415,22
349,4,27,1,0.14705882966518402,23
349,4,28,0,0.22077922523021698,24
349,4,29,1,0.22077922523021698,25
349,4,30,1,0.22077922523021698,26
349,4,31,0,0.22077922523021698,27
349,4,32,0,0.22077922523021698,28
349,4,33,0,0.14705882966518402,29
349,4,34,0,0.22077922523021698,30
349,4,35,0,0.22077922523021698,31
349,4,36,0,0.04210526496171951,32
349,4,37,0,0.024390242993831635,33
349,4,38,0,0.14705882966518402,34
349,4,39,0,0.04210526496171951,35
349,4,40,0,0.024390242993831635,36
351,5,17,0,0.931034505367279,1
351,5,18,1,0.6222649216651917,2
351,5,19,1,0.0008583691087551415,3
351,5,20,1,0.04210526496171951,4
351,5,21,0,0.0,5
351,5,22,0,0.0008583691087551415,6
351,5,23,0,0.024390242993831635,7
351,5,24,1,0.7027027010917664,8
351,5,25,0,0.010893246158957481,9
351,5,26,0,0.04210526496171951,10
351,5,27,0,0.04210526496171951,11
351,5,28,1,0.7027027010917664,12
351,5,29,0,0.04210526496171951,13
351,5,30,0,0.22077922523021698,14
351,5,31,0,0.14705882966518402,15
351,5,32,0,0.14705882966518402,16
351,5,33,1,0.9931662678718567,17
351,5,34,0,0.024390242993831635,18
351,5,35,0,0.024390242993831635,19
351,5,36,1,0.7027027010917664,20
351,5,37,0,0.024390242993831635,21
351,5,38,0,0.14705882966518402,22
351,5,39,1,0.931034505367279,23
351,5,40,0,0.0008583691087551415,24
352,2,29,1,0.7027027010917664,1
352,2,30,1,0.010893246158957481,2
352,2,31,0,0.0,3
352,2,32,0,0.0008583691087551415,4
352,2,33,1,0.010893246158957481,5
352,2,34,0,0.0008583691087551415,6
352,2,35,0,0.024390242993831635,7
352,2,36,1,0.04210526496171951,8
352,2,37,1,0.024390242993831635,9
352,2,38,0,0.0008583691087551415,10
352,2,39,1,0.22077922523021698,11
352,2,40,0,0.0,12
353,6,5,0,0.22077922523021698,1
353,6,6,0,0.22077922523021698,2
353,6,7,0,0.14705882966518402,3
353,6,8,0,0.14705882966518402,4
353,6,9,0,0.04210526496171951,5
353,6,10,0,0.6000000238418579,6
353,6,11,0,0.5784896016120911,7
353,6,12,0,0.22077922523021698,8
353,6,13,0,0.14705882966518402,9
353,6,14,0,0.675414502620697,10
353,6,15,0,0.6666666865348816,11
353,6,16,0,0.8517253398895264,12
353,6,17,0,0.931034505367279,13
353,6,18,1,0.8055555820465088,14
353,6,19,0,0.8055555820465088,15
353,6,20,1,0.9682539701461792,16
353,6,21,0,0.024390242993831635,17
353,6,22,0,0.14705882966518402,18
353,6,23,1,0.14705882966518402,19
353,6,24,1,0.22077922523021698,20
353,6,25,0,0.010893246158957481,21
353,6,26,0,0.22077922523021698,22
353,6,27,0,0.14705882966518402,23
353,6,28,0,0.14705882966518402,24
353,6,29,0,0.14705882966518402,25
353,6,30,1,0.22077922523021698,26
353,6,31,0,0.04210526496171951,27
353,6,32,0,0.22077922523021698,28
353,6,33,1,0.14705882966518402,29
353,6,34,1,0.14705882966518402,30
353,6,35,0,0.04210526496171951,31
353,6,36,0,0.04210526496171951,32
353,6,37,0,0.024390242993831635,33
353,6,38,0,0.14705882966518402,34
353,6,39,0,0.14705882966518402,35
353,6,40,1,0.04210526496171951,36
354,3,17,0,0.931034505367279,1
354,3,18,0,0.14705882966518402,2
354,3,19,1,0.22077922523021698,3
354,3,20,1,0.024390242993831635,4
354,3,21,0,0.010893246158957481,5
354,3,22,1,0.4000000059604645,6
354,3,23,0,0.024390242993831635,7
354,3,24,0,0.14705882966518402,8
354,3,25,0,0.22077922523021698,9
354,3,26,1,0.8055555820465088,10
354,3,27,0,0.010893246158957481,11
354,3,28,1,0.9682539701461792,12
354,3,29,1,0.22077922523021698,13
354,3,30,0,0.0008583691087551415,14
354,3,31,0,0.010893246158957481,15
354,3,32,1,0.22077922523021698,16
354,3,33,0,0.0008583691087551415,17
354,3,34,1,0.4000000059604645,18
354,3,35,0,0.0008583691087551415,19
354,3,36,1,0.6666666865348816,20
354,3,37,1,0.010893246158957481,21
354,3,38,0,0.0,22
354,3,39,0,0.010893246158957481,23
354,3,40,0,0.010893246158957481,24
355,2,29,1,0.7027027010917664,1
355,2,30,1,0.010893246158957481,2
355,2,31,0,0.0,3
355,2,32,0,0.0008583691087551415,4
355,2,33,1,0.010893246158957481,5
355,2,34,0,0.0008583691087551415,6
355,2,35,0,0.024390242993831635,7
355,2,36,1,0.04210526496171951,8
355,2,37,1,0.024390242993831635,9
355,2,38,0,0.0008583691087551415,10
355,2,39,1,0.22077922523021698,11
355,2,40,0,0.0,12
357,6,17,1,0.22077922523021698,1
357,6,18,1,0.0008583691087551415,2
357,6,19,1,0.0,3
357,6,20,1,0.0,4
357,6,21,0,0.0,5
357,6,22,0,0.0008583691087551415,6
357,6,23,0,0.0008583691087551415,7
357,6,24,1,0.0008583691087551415,8
357,6,25,1,0.0008583691087551415,9
357,6,26,1,0.0008583691087551415,10
357,6,27,1,0.0008583691087551415,11
357,6,28,0,0.010893246158957481,12
357,6,29,1,0.0008583691087551415,13
357,6,30,1,0.0,14
357,6,31,0,0.0,15
357,6,32,0,0.0008583691087551415,16
357,6,33,1,0.010893246158957481,17
357,6,34,1,0.0,18
357,6,35,0,0.0,19
357,6,36,0,0.04210526496171951,20
357,6,37,0,0.04210526496171951,21
357,6,38,0,0.04210526496171951,22
357,6,39,1,0.04210526496171951,23
357,6,40,1,0.0,24
358,5,5,1,0.9682539701461792,1
358,5,6,0,0.14705882966518402,2
358,5,7,0,0.010893246158957481,3
358,5,8,1,0.01149425283074379,4
358,5,9,0,0.024390242993831635,5
358,5,10,1,0.8055555820465088,6
358,5,11,1,0.04210526496171951,7
358,5,12,0,0.010893246158957481,8
358,5,13,1,0.5555555820465088,9
358,5,14,0,0.0008583691087551415,10
358,5,15,0,0.010893246158957481,11
358,5,16,0,0.14705882966518402,12
358,5,17,0,0.04210526496171951,13
358,5,18,1,0.9940828680992126,14
358,5,19,1,0.7027027010917664,15
358,5,20,1,0.8055555820465088,16
358,5,21,0,0.0008583691087551415,17
358,5,22,1,0.931034505367279,18
358,5,23,0,0.01149425283074379,19
358,5,24,0,0.14705882966518402,20
358,5,25,0,0.0,21
358,5,26,0,0.010893246158957481,22
358,5,27,0,0.010893246158957481,23
358,5,28,1,0.9931662678718567,24
358,5,29,0,0.0008583691087551415,25
358,5,30,0,0.0008583691087551415,26
358,5,31,0,0.010893246158957481,27
358,5,32,0,0.010893246158957481,28
358,5,33,1,0.9931662678718567,29
358,5,34,0,0.0008583691087551415,30
358,5,35,0,0.21682018041610718,31
358,5,36,1,0.931034505367279,32
358,5,37,0,0.010893246158957481,33
358,5,38,0,0.14705882966518402,34
358,5,39,1,0.931034505367279,35
358,5,40,0,0.0008583691087551415,36
359,5,33,1,0.22077922523021698,1
359,5,34,0,0.024390242993831635,2
359,5,35,0,0.01149425283074379,3
359,5,36,1,0.010893246158957481,4
359,5,37,0,0.010893246158957481,5
359,5,38,0,0.14705882966518402,6
359,5,39,1,0.5753371119499207,7
359,5,40,0,0.04210526496171951,8
359,6,1,0,0.010893246158957481,9
359,6,2,0,0.0008583691087551415,10
359,6,3,0,0.024390242993831635,11
359,6,4,0,0.22077922523021698,12
359,6,5,0,0.04210526496171951,13
359,6,6,0,0.22077922523021698,14
359,6,7,0,0.04210526496171951,15
359,6,8,0,0.14705882966518402,16
359,6,9,0,0.22077922523021698,17
359,6,10,1,0.22077922523021698,18
359,6,11,0,0.22077922523021698,19
359,6,12,0,0.22077922523021698,20
359,6,13,0,0.22077922523021698,21
359,6,14,0,0.8055555820465088,22
359,6,15,0,0.931034505367279,23
359,6,16,0,0.931034505367279,24
359,6,17,0,0.9931662678718567,25
359,6,18,1,0.8055555820465088,26
359,6,19,1,0.22077922523021698,27
359,6,20,1,0.5555555820465088,28
359,6,21,0,0.024390242993831635,29
359,6,22,0,0.8055555820465088,30
359,6,23,0,0.7027027010917664,31
359,6,24,1,0.8055555820465088,32
359,6,25,1,0.14705882966518402,33
359,6,26,1,0.010893246158957481,34
359,6,27,1,0.0008583691087551415,35
359,6,28,0,0.0008583691087551415,36
359,6,29,1,0.01149425283074379,37
359,6,30,0,0.0008583691087551415,38
359,6,31,1,0.0008583691087551415,39
359,6,32,0,0.0008583691087551415,40
359,6,33,1,0.010893246158957481,41
359,6,34,1,0.0,42
359,6,35,0,0.0,43
359,6,36,0,0.0008583691087551415,44
359,6,37,0,0.024390242993831635,45
359,6,38,0,0.01093632448464632,46
359,6,39,1,0.01149425283074379,47
359,6,40,1,0.0,48
360,5,17,0,0.9682539701461792,1
360,5,18,1,0.22077922523021698,2
360,5,19,0,0.01149425283074379,3
360,5,20,1,0.22077922523021698,4
360,5,21,0,0.0008583691087551415,5
360,5,22,1,0.0008583691087551415,6
360,5,23,0,0.0008583691087551415,7
360,5,24,1,0.024390242993831635,8
360,5,25,0,0.0,9
360,5,26,0,0.010893246158957481,10
360,5,27,0,0.010893246158957481,11
360,5,28,1,0.22077922523021698,12
360,5,29,0,0.0008583691087551415,13
360,5,30,0,0.04210526496171951,14
360,5,31,0,0.024390242993831635,15
360,5,32,0,0.010893246158957481,16
360,5,33,1,0.9931662678718567,17
360,5,34,0,0.0008583691087551415,18
360,5,35,0,0.14705882966518402,19
360,5,36,1,0.931034505367279,20
360,5,37,0,0.0008583691087551415,21
360,5,38,0,0.04210526496171951,22
360,5,39,1,0.8055555820465088,23
360,5,40,0,0.0008583691087551415,24
361,5,33,1,0.5555555820465088,1
361,5,34,0,0.024390242993831635,2
361,5,35,0,0.024390242993831635,3
361,5,36,1,0.010893246158957481,4
361,5,37,0,0.0008583691087551415,5
361,5,38,0,0.14705882966518402,6
361,5,39,1,0.22077922523021698,7
361,5,40,0,0.14705882966518402,8
361,6,1,0,0.0008583691087551415,9
361,6,2,0,0.0008583691087551415,10
361,6,3,0,0.010893246158957481,11
361,6,4,0,0.22077922523021698,12
361,6,5,0,0.14705882966518402,13
361,6,6,0,0.22077922523021698,14
361,6,7,0,0.14705882966518402,15
361,6,8,0,0.22077922523021698,16
361,6,9,0,0.28227460384368896,17
361,6,10,0,0.328515887260437,18
361,6,11,0,0.6666666865348816,19
361,6,12,0,0.4000000059604645,20
361,6,13,0,0.22077922523021698,21
361,6,14,0,0.7027027010917664,22
361,6,15,0,0.7027027010917664,23
361,6,16,0,0.22077922523021698,24
361,6,17,1,0.931034505367279,25
361,6,18,1,0.9682539701461792,26
361,6,19,1,0.6740342378616333,27
361,6,20,1,0.14705882966518402,28
361,6,21,0,0.0008583691087551415,29
361,6,22,0,0.22077922523021698,30
361,6,23,0,0.22077922523021698,31
361,6,24,1,0.6666666865348816,32
361,6,25,1,0.024390242993831635,33
361,6,26,1,0.01149425283074379,34
361,6,27,1,0.0008583691087551415,35
361,6,28,0,0.01149425283074379,36
361,6,29,1,0.04210526496171951,37
361,6,30,1,0.0008583691087551415,38
361,6,31,1,0.010893246158957481,39
361,6,32,0,0.14705882966518402,40
361,6,33,1,0.22077922523021698,41
361,6,34,1,0.010893246158957481,42
361,6,35,0,0.0008583691087551415,43
361,6,36,0,0.14705882966518402,44
361,6,37,0,0.6666666865348816,45
361,6,38,0,0.22077922523021698,46
361,6,39,1,0.22077922523021698,47
361,6,40,1,0.0008583691087551415,48
362,5,17,0,0.9682539701461792,1
362,5,18,1,0.22077922523021698,2
362,5,19,0,0.01149425283074379,3
362,5,20,1,0.22077922523021698,4
362,5,21,0,0.0008583691087551415,5
362,5,22,1,0.0008583691087551415,6
362,5,23,0,0.0008583691087551415,7
362,5,24,1,0.024390242993831635,8
362,5,25,0,0.0,9
362,5,26,0,0.010893246158957481,10
362,5,27,0,0.010893246158957481,11
362,5,28,1,0.22077922523021698,12
362,5,29,0,0.0008583691087551415,13
362,5,30,0,0.04210526496171951,14
362,5,31,0,0.024390242993831635,15
362,5,32,0,0.010893246158957481,16
362,5,33,1,0.9931662678718567,17
362,5,34,0,0.0008583691087551415,18
362,5,35,0,0.14705882966518402,19
362,5,36,1,0.931034505367279,20
362,5,37,0,0.0008583691087551415,21
362,5,38,0,0.04210526496171951,22
362,5,39,1,0.8055555820465088,23
362,5,40,0,0.0008583691087551415,24
364,3,17,0,0.9682539701461792,1
364,3,18,0,0.22077922523021698,2
364,3,19,1,0.36366593837738037,3
364,3,20,1,0.010893246158957481,4
364,3,21,0,0.01149425283074379,5
364,3,22,0,0.22077922523021698,6
364,3,23,0,0.14705882966518402,7
364,3,24,0,0.14705882966518402,8
364,3,25,0,0.14705882966518402,9
364,3,26,1,0.931034505367279,10
364,3,27,0,0.010893246158957481,11
364,3,28,1,0.931034505367279,12
364,3,29,1,0.7027027010917664,13
364,3,30,0,0.0,14
364,3,31,0,0.010893246158957481,15
364,3,32,1,0.7027027010917664,16
364,3,33,0,0.0008583691087551415,17
364,3,34,1,0.6666666865348816,18
364,3,35,0,0.0008583691087551415,19
364,3,36,1,0.6926704049110413,20
364,3,37,1,0.22077922523021698,21
364,3,38,0,0.0,22
364,3,39,0,0.010893246158957481,23
364,3,40,0,0.0008583691087551415,24
368,5,21,0,0.931034505367279,1
368,5,22,0,0.8055555820465088,2
368,5,23,1,0.22077922523021698,3
368,5,24,0,0.010893246158957481,4
368,5,25,0,0.04210526496171951,5
368,5,26,1,0.01149425283074379,6
368,5,27,0,0.0008583691087551415,7
368,5,28,0,0.22077922523021698,8
368,5,29,0,0.04210526496171951,9
368,5,30,0,0.14705882966518402,10
368,5,31,0,0.22077922523021698,11
368,5,32,0,0.22077922523021698,12
368,5,33,1,0.22077922523021698,13
368,5,34,0,0.024390242993831635,14
368,5,35,0,0.04210526496171951,15
368,5,36,1,0.22077922523021698,16
368,5,37,0,0.22077922523021698,17
368,5,38,0,0.22077922523021698,18
368,5,39,1,0.22077922523021698,19
368,5,40,0,0.22077922523021698,20
368,6,1,0,0.04210526496171951,21
368,6,2,0,0.010893246158957481,22
368,6,3,1,0.010893246158957481,23
368,6,4,0,0.010893246158957481,24
368,6,5,0,0.010893246158957481,25
368,6,6,1,0.024390242993831635,26
368,6,7,0,0.010893246158957481,27
368,6,8,0,0.010893246158957481,28
368,6,9,0,0.01149425283074379,29
368,6,10,0,0.024390242993831635,30
368,6,11,0,0.14705882966518402,31
368,6,12,0,0.04210526496171951,32
368,6,13,1,0.14705882966518402,33
368,6,14,0,0.14705882966518402,34
368,6,15,0,0.22077922523021698,35
368,6,16,0,0.22077922523021698,36
368,6,17,0,0.22077922523021698,37
368,6,18,0,0.5486151576042175,38
368,6,19,0,0.22077922523021698,39
368,6,20,0,0.8055555820465088,40
368,6,21,0,0.5843741297721863,41
368,6,22,0,0.22077922523021698,42
368,6,23,0,0.22077922523021698,43
368,6,24,0,0.14705882966518402,44
368,6,25,0,0.30692511796951294,45
368,6,26,0,0.22077922523021698,46
368,6,27,0,0.04210526496171951,47
368,6,28,0,0.04210526496171951,48
368,6,29,0,0.04210526496171951,49
368,6,30,1,0.024390242993831635,50
368,6,31,0,0.04210526496171951,51
368,6,32,0,0.01149425283074379,52
368,6,33,0,0.024390242993831635,53
368,6,34,0,0.14705882966518402,54
368,6,35,0,0.010893246158957481,55
368,6,36,0,0.024390242993831635,56
368,6,37,0,0.010893246158957481,57
368,6,38,0,0.010893246158957481,58
368,6,39,0,0.024390242993831635,59
368,6,40,0,0.04210526496171951,60
369,3,17,0,0.931034505367279,1
369,3,18,0,0.22077922523021698,2
369,3,19,1,0.6666666865348816,3
369,3,20,1,0.010893246158957481,4
369,3,21,0,0.024390242993831635,5
369,3,22,1,0.22077922523021698,6
369,3,23,0,0.04210526496171951,7
369,3,24,0,0.14705882966518402,8
369,3,25,0,0.22077922523021698,9
369,3,26,1,0.8055555820465088,10
369,3,27,0,0.0008583691087551415,11
369,3,28,1,0.7027027010917664,12
369,3,29,1,0.22077922523021698,13
369,3,30,0,0.0,14
369,3,31,0,0.010893246158957481,15
369,3,32,1,0.14705882966518402,16
369,3,33,0,0.0008583691087551415,17
369,3,34,1,0.22077922523021698,18
369,3,35,0,0.0,19
369,3,36,1,0.22077922523021698,20
369,3,37,1,0.04210526496171951,21
369,3,38,0,0.0,22
369,3,39,0,0.0008583691087551415,23
369,3,40,0,0.0008583691087551415,24
370,5,33,1,0.6000000238418579,1
370,5,34,0,0.024390242993831635,2
370,5,35,0,0.024390242993831635,3
370,5,36,1,0.010893246158957481,4
370,5,37,0,0.010893246158957481,5
370,5,38,0,0.22077922523021698,6
370,5,39,1,0.22334624826908112,7
370,5,40,0,0.14705882966518402,8
370,6,1,0,0.024390242993831635,9
370,6,2,0,0.010893246158957481,10
370,6,3,0,0.024390242993831635,11
370,6,4,0,0.14705882966518402,12
370,6,5,0,0.14705882966518402,13
370,6,6,0,0.22077922523021698,14
370,6,7,0,0.04210526496171951,15
370,6,8,0,0.04210526496171951,16
370,6,9,0,0.22077922523021698,17
370,6,10,0,0.14705882966518402,18
370,6,11,0,0.22077922523021698,19
370,6,12,0,0.14705882966518402,20
370,6,13,0,0.22077922523021698,21
370,6,14,0,0.6666666865348816,22
370,6,15,0,0.6000000238418579,23
370,6,16,0,0.22077922523021698,24
370,6,17,1,0.7027027010917664,25
370,6,18,1,0.6666666865348816,26
370,6,19,1,0.22077922523021698,27
370,6,20,1,0.04210526496171951,28
370,6,21,0,0.0008583691087551415,29
370,6,22,0,0.024390242993831635,30
370,6,23,0,0.04210526496171951,31
370,6,24,1,0.04210526496171951,32
370,6,25,1,0.024390242993831635,33
370,6,26,1,0.14705882966518402,34
370,6,27,1,0.0008583691087551415,35
370,6,28,0,0.04210526496171951,36
370,6,29,1,0.14705882966518402,37
370,6,30,1,0.010893246158957481,38
370,6,31,0,0.0008583691087551415,39
370,6,32,0,0.14705882966518402,40
370,6,33,1,0.22077922523021698,41
370,6,34,1,0.0008583691087551415,42
370,6,35,0,0.0,43
370,6,36,0,0.0008583691087551415,44
370,6,37,0,0.14705882966518402,45
370,6,38,0,0.14705882966518402,46
370,6,39,1,0.14705882966518402,47
370,6,40,1,0.0008583691087551415,48
371,3,17,0,0.931034505367279,1
371,3,18,0,0.22077922523021698,2
371,3,19,1,0.6666666865348816,3
371,3,20,1,0.010893246158957481,4
371,3,21,0,0.024390242993831635,5
371,3,22,1,0.22077922523021698,6
371,3,23,0,0.04210526496171951,7
371,3,24,0,0.14705882966518402,8
371,3,25,0,0.22077922523021698,9
371,3,26,1,0.8055555820465088,10
371,3,27,0,0.0008583691087551415,11
371,3,28,1,0.7027027010917664,12
371,3,29,1,0.22077922523021698,13
371,3,30,0,0.0,14
371,3,31,0,0.010893246158957481,15
371,3,32,1,0.14705882966518402,16
371,3,33,0,0.0008583691087551415,17
371,3,34,1,0.22077922523021698,18
371,3,35,0,0.0,19
371,3,36,1,0.22077922523021698,20
371,3,37,1,0.04210526496171951,21
371,3,38,0,0.0,22
371,3,39,0,0.0008583691087551415,23
371,3,40,0,0.0008583691087551415,24
373,6,17,1,0.22077922523021698,1
373,6,18,1,0.0,2
373,6,19,1,0.0,3
373,6,20,1,0.0,4
373,6,21,0,0.0,5
373,6,22,0,0.010893246158957481,6
373,6,23,0,0.010893246158957481,7
373,6,24,1,0.0008583691087551415,8
373,6,25,1,0.010893246158957481,9
373,6,26,1,0.010893246158957481,10
373,6,27,1,0.0008583691087551415,11
373,6,28,0,0.010893246158957481,12
373,6,29,1,0.0008583691087551415,13
373,6,30,1,0.0,14
373,6,31,0,0.0,15
373,6,32,0,0.010893246158957481,16
373,6,33,1,0.01149425283074379,17
373,6,34,1,0.0,18
373,6,35,0,0.0,19
373,6,36,0,0.010893246158957481,20
373,6,37,0,0.0008583691087551415,21
373,6,38,0,0.010893246158957481,22
373,6,39,1,0.010893246158957481,23
373,6,40,1,0.0,24
376,6,17,1,0.22077922523021698,1
376,6,18,1,0.0,2
376,6,19,1,0.0,3
376,6,20,1,0.0,4
376,6,21,0,0.0,5
376,6,22,0,0.010893246158957481,6
376,6,23,0,0.010893246158957481,7
376,6,24,1,0.0008583691087551415,8
376,6,25,1,0.010893246158957481,9
376,6,26,1,0.010893246158957481,10
376,6,27,1,0.0008583691087551415,11
376,6,28,0,0.010893246158957481,12
376,6,29,1,0.0008583691087551415,13
376,6,30,1,0.0,14
376,6,31,0,0.0,15
376,6,32,0,0.010893246158957481,16
376,6,33,1,0.01149425283074379,17
376,6,34,1,0.0,18
376,6,35,0,0.0,19
376,6,36,0,0.010893246158957481,20
376,6,37,0,0.0008583691087551415,21
376,6,38,0,0.010893246158957481,22
376,6,39,1,0.010893246158957481,23
376,6,40,1,0.0,24
379,6,5,0,0.22077922523021698,1
379,6,6,0,0.6666666865348816,2
379,6,7,0,0.04210526496171951,3
379,6,8,0,0.04210526496171951,4
379,6,9,0,0.14705882966518402,5
379,6,10,0,0.4000000059604645,6
379,6,11,0,0.6451523303985596,7
379,6,12,0,0.22077922523021698,8
379,6,13,0,0.14705882966518402,9
379,6,14,0,0.6190240979194641,10
379,6,15,0,0.7027027010917664,11
379,6,16,0,0.32400399446487427,12
379,6,17,1,0.9682539701461792,13
379,6,18,1,0.9682539701461792,14
379,6,19,1,0.931034505367279,15
379,6,20,1,0.010893246158957481,16
379,6,21,0,0.0,17
379,6,22,0,0.010893246158957481,18
379,6,23,0,0.010893246158957481,19
379,6,24,1,0.0008583691087551415,20
379,6,25,1,0.024390242993831635,21
379,6,26,1,0.22077922523021698,22
379,6,27,1,0.0008583691087551415,23
379,6,28,0,0.010893246158957481,24
379,6,29,1,0.04210526496171951,25
379,6,30,1,0.010893246158957481,26
379,6,31,0,0.0008583691087551415,27
379,6,32,0,0.22077922523021698,28
379,6,33,1,0.22077922523021698,29
379,6,34,1,0.0008583691087551415,30
379,6,35,0,0.0,31
379,6,36,0,0.0008583691087551415,32
379,6,37,0,0.010893246158957481,33
379,6,38,0,0.04210526496171951,34
379,6,39,1,0.04210526496171951,35
379,6,40,1,0.0008583691087551415,36
380,2,29,1,0.7027027010917664,1
380,2,30,1,0.010893246158957481,2
380,2,31,0,0.0,3
380,2,32,0,0.010893246158957481,4
380,2,33,1,0.0008583691087551415,5
380,2,34,0,0.0008583691087551415,6
380,2,35,0,0.010893246158957481,7
380,2,36,1,0.024390242993831635,8
380,2,37,1,0.04210526496171951,9
380,2,38,0,0.010893246158957481,10
380,2,39,1,0.14705882966518402,11
380,2,40,0,0.0,12
383,2,29,1,0.7027027010917664,1
383,2,30,1,0.010893246158957481,2
383,2,31,0,0.0,3
383,2,32,0,0.010893246158957481,4
383,2,33,1,0.0008583691087551415,5
383,2,34,0,0.0008583691087551415,6
383,2,35,0,0.010893246158957481,7
383,2,36,0,0.024390242993831635,8
383,2,37,1,0.14705882966518402,9
383,2,38,0,0.010893246158957481,10
383,2,39,1,0.14705882966518402,11
383,2,40,0,0.0,12
386,6,5,0,0.22077922523021698,1
386,6,6,0,0.6666666865348816,2
386,6,7,0,0.04210526496171951,3
386,6,8,0,0.04210526496171951,4
386,6,9,0,0.14705882966518402,5
386,6,10,0,0.4000000059604645,6
386,6,11,0,0.6451523303985596,7
386,6,12,0,0.22077922523021698,8
386,6,13,0,0.14705882966518402,9
386,6,14,0,0.6190240979194641,10
386,6,15,0,0.7027027010917664,11
386,6,16,0,0.32400399446487427,12
386,6,17,1,0.9682539701461792,13
386,6,18,1,0.9682539701461792,14
386,6,19,1,0.931034505367279,15
386,6,20,1,0.010893246158957481,16
386,6,21,0,0.0,17
386,6,22,0,0.010893246158957481,18
386,6,23,0,0.010893246158957481,19
386,6,24,1,0.0008583691087551415,20
386,6,25,1,0.024390242993831635,21
386,6,26,1,0.22077922523021698,22
386,6,27,1,0.0008583691087551415,23
386,6,28,0,0.010893246158957481,24
386,6,29,1,0.04210526496171951,25
386,6,30,1,0.010893246158957481,26
386,6,31,0,0.0008583691087551415,27
386,6,32,0,0.22077922523021698,28
386,6,33,1,0.22077922523021698,29
386,6,34,1,0.0008583691087551415,30
386,6,35,0,0.0,31
386,6,36,0,0.0008583691087551415,32
386,6,37,0,0.010893246158957481,33
386,6,38,0,0.04210526496171951,34
386,6,39,1,0.04210526496171951,35
386,6,40,1,0.0008583691087551415,36
387,6,5,0,0.22077922523021698,1
387,6,6,0,0.6666666865348816,2
387,6,7,0,0.04210526496171951,3
387,6,8,0,0.04210526496171951,4
387,6,9,0,0.14705882966518402,5
387,6,10,0,0.4000000059604645,6
387,6,11,0,0.6451523303985596,7
387,6,12,0,0.22077922523021698,8
387,6,13,0,0.14705882966518402,9
387,6,14,0,0.6190240979194641,10
387,6,15,0,0.7027027010917664,11
387,6,16,0,0.32400399446487427,12
387,6,17,1,0.9682539701461792,13
387,6,18,1,0.9682539701461792,14
387,6,19,1,0.931034505367279,15
387,6,20,1,0.010893246158957481,16
387,6,21,0,0.0,17
387,6,22,0,0.010893246158957481,18
387,6,23,0,0.010893246158957481,19
387,6,24,1,0.0008583691087551415,20
387,6,25,1,0.024390242993831635,21
387,6,26,1,0.22077922523021698,22
387,6,27,1,0.0008583691087551415,23
387,6,28,0,0.010893246158957481,24
387,6,29,1,0.04210526496171951,25
387,6,30,1,0.010893246158957481,26
387,6,31,0,0.0008583691087551415,27
387,6,32,0,0.22077922523021698,28
387,6,33,1,0.22077922523021698,29
387,6,34,1,0.0008583691087551415,30
387,6,35,0,0.0,31
387,6,36,0,0.0008583691087551415,32
387,6,37,0,0.010893246158957481,33
387,6,38,0,0.04210526496171951,34
387,6,39,1,0.04210526496171951,35
387,6,40,1,0.0008583691087551415,36
388,6,5,0,0.22077922523021698,1
388,6,6,0,0.6666666865348816,2
388,6,7,0,0.04210526496171951,3
388,6,8,0,0.04210526496171951,4
388,6,9,0,0.14705882966518402,5
388,6,10,0,0.4000000059604645,6
388,6,11,0,0.6451523303985596,7
388,6,12,0,0.22077922523021698,8
388,6,13,0,0.14705882966518402,9
388,6,14,0,0.6190240979194641,10
388,6,15,0,0.7027027010917664,11
388,6,16,0,0.32400399446487427,12
388,6,17,1,0.9682539701461792,13
388,6,18,1,0.9682539701461792,14
388,6,19,1,0.931034505367279,15
388,6,20,1,0.010893246158957481,16
388,6,21,0,0.0,17
388,6,22,0,0.010893246158957481,18
388,6,23,0,0.010893246158957481,19
388,6,24,1,0.0008583691087551415,20
388,6,25,1,0.024390242993831635,21
388,6,26,1,0.22077922523021698,22
388,6,27,1,0.0008583691087551415,23
388,6,28,0,0.010893246158957481,24
388,6,29,1,0.04210526496171951,25
388,6,30,1,0.010893246158957481,26
388,6,31,0,0.0008583691087551415,27
388,6,32,0,0.22077922523021698,28
388,6,33,1,0.22077922523021698,29
388,6,34,1,0.0008583691087551415,30
388,6,35,0,0.0,31
388,6,36,0,0.0008583691087551415,32
388,6,37,0,0.010893246158957481,33
388,6,38,0,0.04210526496171951,34
388,6,39,1,0.04210526496171951,35
388,6,40,1,0.0008583691087551415,36
390,5,33,1,0.22077922523021698,1
390,5,34,0,0.024390242993831635,2
390,5,35,0,0.024390242993831635,3
390,5,36,1,0.010893246158957481,4
390,5,37,0,0.010893246158957481,5
390,5,38,0,0.04210526496171951,6
390,5,39,1,0.22077922523021698,7
390,5,40,0,0.024390242993831635,8
390,6,1,0,0.010893246158957481,9
390,6,2,0,0.0008583691087551415,10
390,6,3,0,0.04210526496171951,11
390,6,4,0,0.22077922523021698,12
390,6,5,0,0.04210526496171951,13
390,6,6,0,0.14705882966518402,14
390,6,7,0,0.01149425283074379,15
390,6,8,0,0.04210526496171951,16
390,6,9,0,0.22077922523021698,17
390,6,10,1,0.22077922523021698,18
390,6,11,0,0.22077922523021698,19
390,6,12,0,0.22077922523021698,20
390,6,13,0,0.14705882966518402,21
390,6,14,0,0.22077922523021698,22
390,6,15,0,0.8055555820465088,23
390,6,16,0,0.22077922523021698,24
390,6,17,1,0.7027027010917664,25
390,6,18,1,0.22077922523021698,26
390,6,19,1,0.931034505367279,27
390,6,20,1,0.14705882966518402,28
390,6,21,0,0.010893246158957481,29
390,6,22,0,0.8055555820465088,30
390,6,23,0,0.22077922523021698,31
390,6,24,1,0.7027027010917664,32
390,6,25,1,0.14705882966518402,33
390,6,26,1,0.04210526496171951,34
390,6,27,1,0.0008583691087551415,35
390,6,28,0,0.0,36
390,6,29,1,0.010893246158957481,37
390,6,30,0,0.0008583691087551415,38
390,6,31,1,0.0,39
390,6,32,0,0.0008583691087551415,40
390,6,33,1,0.010893246158957481,41
390,6,34,0,0.0,42
390,6,35,0,0.0,43
390,6,36,0,0.010893246158957481,44
390,6,37,0,0.010893246158957481,45
390,6,38,0,0.0008583691087551415,46
390,6,39,0,0.04210526496171951,47
390,6,40,1,0.0,48
391,5,33,1,0.22077922523021698,1
391,5,34,0,0.024390242993831635,2
391,5,35,0,0.024390242993831635,3
391,5,36,1,0.010893246158957481,4
391,5,37,0,0.010893246158957481,5
391,5,38,0,0.04210526496171951,6
391,5,39,1,0.22077922523021698,7
391,5,40,0,0.024390242993831635,8
391,6,1,0,0.010893246158957481,9
391,6,2,0,0.0008583691087551415,10
391,6,3,0,0.04210526496171951,11
391,6,4,0,0.22077922523021698,12
391,6,5,0,0.04210526496171951,13
391,6,6,0,0.14705882966518402,14
391,6,7,0,0.01149425283074379,15
391,6,8,0,0.04210526496171951,16
391,6,9,0,0.22077922523021698,17
391,6,10,1,0.22077922523021698,18
391,6,11,0,0.22077922523021698,19
391,6,12,0,0.22077922523021698,20
391,6,13,0,0.14705882966518402,21
391,6,14,0,0.22077922523021698,22
391,6,15,0,0.8055555820465088,23
391,6,16,0,0.22077922523021698,24
391,6,17,1,0.7027027010917664,25
391,6,18,1,0.22077922523021698,26
391,6,19,1,0.931034505367279,27
391,6,20,1,0.14705882966518402,28
391,6,21,0,0.010893246158957481,29
391,6,22,0,0.8055555820465088,30
391,6,23,0,0.22077922523021698,31
391,6,24,1,0.7027027010917664,32
391,6,25,1,0.14705882966518402,33
391,6,26,1,0.04210526496171951,34
391,6,27,1,0.0008583691087551415,35
391,6,28,0,0.0,36
391,6,29,1,0.010893246158957481,37
391,6,30,0,0.0008583691087551415,38
391,6,31,1,0.0,39
391,6,32,0,0.0008583691087551415,40
391,6,33,1,0.010893246158957481,41
391,6,34,1,0.0,42
391,6,35,0,0.0,43
391,6,36,0,0.0008583691087551415,44
391,6,37,0,0.01149425283074379,45
391,6,38,0,0.0008583691087551415,46
391,6,39,0,0.01149425283074379,47
391,6,40,1,0.0,48
392,5,33,1,0.22077922523021698,1
392,5,34,0,0.024390242993831635,2
392,5,35,0,0.024390242993831635,3
392,5,36,1,0.010893246158957481,4
392,5,37,0,0.010893246158957481,5
392,5,38,0,0.04210526496171951,6
392,5,39,1,0.22077922523021698,7
392,5,40,0,0.024390242993831635,8
392,6,1,0,0.010893246158957481,9
392,6,2,0,0.0008583691087551415,10
392,6,3,0,0.04210526496171951,11
392,6,4,0,0.22077922523021698,12
392,6,5,0,0.04210526496171951,13
392,6,6,0,0.14705882966518402,14
392,6,7,0,0.01149425283074379,15
392,6,8,0,0.04210526496171951,16
392,6,9,0,0.22077922523021698,17
392,6,10,1,0.22077922523021698,18
392,6,11,0,0.22077922523021698,19
392,6,12,0,0.22077922523021698,20
392,6,13,0,0.14705882966518402,21
392,6,14,0,0.22077922523021698,22
392,6,15,0,0.8055555820465088,23
392,6,16,0,0.22077922523021698,24
392,6,17,1,0.7027027010917664,25
392,6,18,1,0.22077922523021698,26
392,6,19,1,0.931034505367279,27
392,6,20,1,0.14705882966518402,28
392,6,21,0,0.010893246158957481,29
392,6,22,0,0.8055555820465088,30
392,6,23,0,0.22077922523021698,31
392,6,24,1,0.7027027010917664,32
392,6,25,1,0.14705882966518402,33
392,6,26,1,0.04210526496171951,34
392,6,27,1,0.0008583691087551415,35
392,6,28,0,0.0,36
392,6,29,1,0.010893246158957481,37
392,6,30,0,0.0008583691087551415,38
392,6,31,1,0.0,39
392,6,32,0,0.0008583691087551415,40
392,6,33,1,0.010893246158957481,41
392,6,34,1,0.0,42
392,6,35,0,0.0,43
392,6,36,0,0.0008583691087551415,44
392,6,37,0,0.01149425283074379,45
392,6,38,0,0.0008583691087551415,46
392,6,39,0,0.01149425283074379,47
392,6,40,1,0.0,48
393,5,33,1,0.22077922523021698,1
393,5,34,0,0.024390242993831635,2
393,5,35,0,0.024390242993831635,3
393,5,36,1,0.010893246158957481,4
393,5,37,0,0.010893246158957481,5
393,5,38,0,0.04210526496171951,6
393,5,39,1,0.22077922523021698,7
393,5,40,0,0.024390242993831635,8
393,6,1,0,0.010893246158957481,9
393,6,2,0,0.0008583691087551415,10
393,6,3,0,0.04210526496171951,11
393,6,4,0,0.22077922523021698,12
393,6,5,0,0.04210526496171951,13
393,6,6,0,0.14705882966518402,14
393,6,7,0,0.01149425283074379,15
393,6,8,0,0.04210526496171951,16
393,6,9,0,0.22077922523021698,17
393,6,10,1,0.22077922523021698,18
393,6,11,0,0.22077922523021698,19
393,6,12,0,0.22077922523021698,20
393,6,13,0,0.14705882966518402,21
393,6,14,0,0.22077922523021698,22
393,6,15,0,0.8055555820465088,23
393,6,16,0,0.22077922523021698,24
393,6,17,1,0.7027027010917664,25
393,6,18,1,0.22077922523021698,26
393,6,19,1,0.931034505367279,27
393,6,20,1,0.14705882966518402,28
393,6,21,0,0.010893246158957481,29
393,6,22,0,0.8055555820465088,30
393,6,23,0,0.22077922523021698,31
393,6,24,1,0.7027027010917664,32
393,6,25,1,0.14705882966518402,33
393,6,26,1,0.04210526496171951,34
393,6,27,1,0.0008583691087551415,35
393,6,28,0,0.0,36
393,6,29,1,0.010893246158957481,37
393,6,30,0,0.0008583691087551415,38
393,6,31,1,0.0,39
393,6,32,0,0.0008583691087551415,40
393,6,33,1,0.010893246158957481,41
393,6,34,1,0.0,42
393,6,35,0,0.0,43
393,6,36,0,0.0008583691087551415,44
393,6,37,0,0.01149425283074379,45
393,6,38,0,0.0008583691087551415,46
393,6,39,0,0.01149425283074379,47
393,6,40,1,0.0,48
394,5,33,1,0.22077922523021698,1
394,5,34,0,0.024390242993831635,2
394,5,35,0,0.024390242993831635,3
394,5,36,1,0.010893246158957481,4
394,5,37,0,0.010893246158957481,5
394,5,38,0,0.04210526496171951,6
394,5,39,1,0.22077922523021698,7
394,5,40,0,0.024390242993831635,8
394,6,1,0,0.010893246158957481,9
394,6,2,0,0.0008583691087551415,10
394,6,3,0,0.04210526496171951,11
394,6,4,0,0.22077922523021698,12
394,6,5,0,0.04210526496171951,13
394,6,6,0,0.14705882966518402,14
394,6,7,0,0.01149425283074379,15
394,6,8,0,0.04210526496171951,16
394,6,9,0,0.22077922523021698,17
394,6,10,1,0.22077922523021698,18
394,6,11,0,0.22077922523021698,19
394,6,12,0,0.22077922523021698,20
394,6,13,0,0.14705882966518402,21
394,6,14,0,0.22077922523021698,22
394,6,15,0,0.8055555820465088,23
394,6,16,0,0.22077922523021698,24
394,6,17,1,0.7027027010917664,25
394,6,18,1,0.22077922523021698,26
394,6,19,1,0.931034505367279,27
394,6,20,1,0.14705882966518402,28
394,6,21,0,0.010893246158957481,29
394,6,22,0,0.8055555820465088,30
394,6,23,0,0.22077922523021698,31
394,6,24,1,0.7027027010917664,32
394,6,25,1,0.14705882966518402,33
394,6,26,1,0.04210526496171951,34
394,6,27,1,0.0008583691087551415,35
394,6,28,0,0.0,36
394,6,29,1,0.010893246158957481,37
394,6,30,0,0.0008583691087551415,38
394,6,31,1,0.0,39
394,6,32,0,0.0008583691087551415,40
394,6,33,1,0.010893246158957481,41
394,6,34,1,0.0,42
394,6,35,0,0.0,43
394,6,36,0,0.0008583691087551415,44
394,6,37,0,0.01149425283074379,45
394,6,38,0,0.0008583691087551415,46
394,6,39,0,0.01149425283074379,47
394,6,40,1,0.0,48
395,5,33,1,0.22077922523021698,1
395,5,34,0,0.024390242993831635,2
395,5,35,0,0.024390242993831635,3
395,5,36,1,0.010893246158957481,4
395,5,37,0,0.010893246158957481,5
395,5,38,0,0.04210526496171951,6
395,5,39,1,0.22077922523021698,7
395,5,40,0,0.024390242993831635,8
395,6,1,0,0.010893246158957481,9
395,6,2,0,0.0008583691087551415,10
395,6,3,0,0.04210526496171951,11
395,6,4,0,0.22077922523021698,12
395,6,5,0,0.04210526496171951,13
395,6,6,0,0.14705882966518402,14
395,6,7,0,0.01149425283074379,15
395,6,8,0,0.04210526496171951,16
395,6,9,0,0.22077922523021698,17
395,6,10,1,0.22077922523021698,18
395,6,11,0,0.22077922523021698,19
395,6,12,0,0.22077922523021698,20
395,6,13,0,0.14705882966518402,21
395,6,14,0,0.22077922523021698,22
395,6,15,0,0.8055555820465088,23
395,6,16,0,0.22077922523021698,24
395,6,17,1,0.7027027010917664,25
395,6,18,1,0.22077922523021698,26
395,6,19,1,0.931034505367279,27
395,6,20,1,0.14705882966518402,28
395,6,21,0,0.010893246158957481,29
395,6,22,0,0.8055555820465088,30
395,6,23,0,0.22077922523021698,31
395,6,24,1,0.7027027010917664,32
395,6,25,1,0.14705882966518402,33
395,6,26,1,0.04210526496171951,34
395,6,27,1,0.0008583691087551415,35
395,6,28,0,0.0,36
395,6,29,1,0.010893246158957481,37
395,6,30,0,0.0008583691087551415,38
395,6,31,1,0.0,39
395,6,32,0,0.0008583691087551415,40
395,6,33,1,0.010893246158957481,41
395,6,34,1,0.0,42
395,6,35,0,0.0,43
395,6,36,0,0.0008583691087551415,44
395,6,37,0,0.01149425283074379,45
395,6,38,0,0.0008583691087551415,46
395,6,39,0,0.01149425283074379,47
395,6,40,1,0.0,48
396,6,5,0,0.22077922523021698,1
396,6,6,0,0.22077922523021698,2
396,6,7,0,0.010893246158957481,3
396,6,8,0,0.010893246158957481,4
396,6,9,0,0.010893246158957481,5
396,6,10,1,0.01149425283074379,6
396,6,11,0,0.04210526496171951,7
396,6,12,0,0.024390242993831635,8
396,6,13,0,0.024390242993831635,9
396,6,14,0,0.14705882966518402,10
396,6,15,0,0.22077922523021698,11
396,6,16,0,0.14705882966518402,12
396,6,17,1,0.22077922523021698,13
396,6,18,1,0.6666666865348816,14
396,6,19,1,0.22077922523021698,15
396,6,20,1,0.024390242993831635,16
396,6,21,0,0.0008583691087551415,17
396,6,22,0,0.7027027010917664,18
396,6,23,0,0.14705882966518402,19
396,6,24,1,0.22077922523021698,20
396,6,25,1,0.04210526496171951,21
396,6,26,1,0.14705882966518402,22
396,6,27,1,0.0008583691087551415,23
396,6,28,0,0.0008583691087551415,24
396,6,29,1,0.010893246158957481,25
396,6,30,0,0.0008583691087551415,26
396,6,31,1,0.0008583691087551415,27
396,6,32,0,0.0008583691087551415,28
396,6,33,1,0.010893246158957481,29
396,6,34,1,0.0,30
396,6,35,0,0.0,31
396,6,36,0,0.0008583691087551415,32
396,6,37,0,0.0008583691087551415,33
396,6,38,0,0.0008583691087551415,34
396,6,39,1,0.024390242993831635,35
396,6,40,1,0.0,36
397,6,5,0,0.22077922523021698,1
397,6,6,0,0.22077922523021698,2
397,6,7,0,0.010893246158957481,3
397,6,8,0,0.010893246158957481,4
397,6,9,0,0.010893246158957481,5
397,6,10,1,0.01149425283074379,6
397,6,11,0,0.04210526496171951,7
397,6,12,0,0.024390242993831635,8
397,6,13,0,0.024390242993831635,9
397,6,14,0,0.14705882966518402,10
397,6,15,0,0.22077922523021698,11
397,6,16,0,0.14705882966518402,12
397,6,17,1,0.22077922523021698,13
397,6,18,1,0.6666666865348816,14
397,6,19,1,0.22077922523021698,15
397,6,20,1,0.024390242993831635,16
397,6,21,0,0.0008583691087551415,17
397,6,22,0,0.7027027010917664,18
397,6,23,0,0.14705882966518402,19
397,6,24,1,0.22077922523021698,20
397,6,25,1,0.04210526496171951,21
397,6,26,1,0.14705882966518402,22
397,6,27,1,0.0008583691087551415,23
397,6,28,0,0.0008583691087551415,24
397,6,29,1,0.010893246158957481,25
397,6,30,0,0.0008583691087551415,26
397,6,31,1,0.0008583691087551415,27
397,6,32,0,0.0008583691087551415,28
397,6,33,1,0.010893246158957481,29
397,6,34,0,0.0,30
397,6,35,0,0.0,31
397,6,36,0,0.0008583691087551415,32
397,6,37,0,0.0008583691087551415,33
397,6,38,0,0.0008583691087551415,34
397,6,39,1,0.024390242993831635,35
397,6,40,1,0.0,36
399,5,33,1,0.22077922523021698,1
399,5,34,0,0.024390242993831635,2
399,5,35,0,0.024390242993831635,3
399,5,36,1,0.010893246158957481,4
399,5,37,0,0.010893246158957481,5
399,5,38,0,0.04210526496171951,6
399,5,39,1,0.22077922523021698,7
399,5,40,0,0.024390242993831635,8
399,6,1,0,0.010893246158957481,9
399,6,2,0,0.0008583691087551415,10
399,6,3,0,0.04210526496171951,11
399,6,4,0,0.22077922523021698,12
399,6,5,0,0.04210526496171951,13
399,6,6,0,0.14705882966518402,14
399,6,7,0,0.01149425283074379,15
399,6,8,0,0.04210526496171951,16
399,6,9,0,0.22077922523021698,17
399,6,10,1,0.22077922523021698,18
399,6,11,0,0.22077922523021698,19
399,6,12,0,0.22077922523021698,20
399,6,13,0,0.14705882966518402,21
399,6,14,0,0.22077922523021698,22
399,6,15,0,0.8055555820465088,23
399,6,16,0,0.22077922523021698,24
399,6,17,1,0.7027027010917664,25
399,6,18,1,0.22077922523021698,26
399,6,19,1,0.931034505367279,27
399,6,20,1,0.14705882966518402,28
399,6,21,0,0.010893246158957481,29
399,6,22,0,0.8055555820465088,30
399,6,23,0,0.22077922523021698,31
399,6,24,1,0.7027027010917664,32
399,6,25,1,0.14705882966518402,33
399,6,26,1,0.04210526496171951,34
399,6,27,1,0.0008583691087551415,35
399,6,28,0,0.0,36
399,6,29,1,0.010893246158957481,37
399,6,30,0,0.0008583691087551415,38
399,6,31,1,0.0,39
399,6,32,0,0.0008583691087551415,40
399,6,33,1,0.010893246158957481,41
399,6,34,0,0.0,42
399,6,35,0,0.0,43
399,6,36,0,0.010893246158957481,44
399,6,37,0,0.010893246158957481,45
399,6,38,0,0.0008583691087551415,46
399,6,39,0,0.04210526496171951,47
399,6,40,1,0.0,48
400,5,33,1,0.22077922523021698,1
400,5,34,0,0.024390242993831635,2
400,5,35,0,0.024390242993831635,3
400,5,36,1,0.010893246158957481,4
400,5,37,0,0.010893246158957481,5
400,5,38,0,0.04210526496171951,6
400,5,39,1,0.22077922523021698,7
400,5,40,0,0.024390242993831635,8
400,6,1,0,0.010893246158957481,9
400,6,2,0,0.0008583691087551415,10
400,6,3,0,0.04210526496171951,11
400,6,4,0,0.22077922523021698,12
400,6,5,0,0.04210526496171951,13
400,6,6,0,0.14705882966518402,14
400,6,7,0,0.01149425283074379,15
400,6,8,0,0.04210526496171951,16
400,6,9,0,0.22077922523021698,17
400,6,10,1,0.22077922523021698,18
400,6,11,0,0.22077922523021698,19
400,6,12,0,0.22077922523021698,20
400,6,13,0,0.14705882966518402,21
400,6,14,0,0.22077922523021698,22
400,6,15,0,0.8055555820465088,23
400,6,16,0,0.22077922523021698,24
400,6,17,1,0.7027027010917664,25
400,6,18,1,0.22077922523021698,26
400,6,19,1,0.931034505367279,27
400,6,20,1,0.14705882966518402,28
400,6,21,0,0.010893246158957481,29
400,6,22,0,0.8055555820465088,30
400,6,23,0,0.22077922523021698,31
400,6,24,1,0.7027027010917664,32
400,6,25,1,0.14705882966518402,33
400,6,26,1,0.04210526496171951,34
400,6,27,1,0.0008583691087551415,35
400,6,28,0,0.0,36
400,6,29,1,0.010893246158957481,37
400,6,30,0,0.0008583691087551415,38
400,6,31,1,0.0,39
400,6,32,0,0.0008583691087551415,40
400,6,33,1,0.010893246158957481,41
400,6,34,1,0.0,42
400,6,35,0,0.0,43
400,6,36,0,0.0008583691087551415,44
400,6,37,0,0.01149425283074379,45
400,6,38,0,0.0008583691087551415,46
400,6,39,1,0.01149425283074379,47
400,6,40,1,0.0,48
401,5,33,1,0.22077922523021698,1
401,5,34,0,0.024390242993831635,2
401,5,35,0,0.024390242993831635,3
401,5,36,1,0.010893246158957481,4
401,5,37,0,0.010893246158957481,5
401,5,38,0,0.04210526496171951,6
401,5,39,1,0.22077922523021698,7
401,5,40,0,0.024390242993831635,8
401,6,1,0,0.010893246158957481,9
401,6,2,0,0.0008583691087551415,10
401,6,3,0,0.04210526496171951,11
401,6,4,0,0.22077922523021698,12
401,6,5,0,0.04210526496171951,13
401,6,6,0,0.14705882966518402,14
401,6,7,0,0.01149425283074379,15
401,6,8,0,0.04210526496171951,16
401,6,9,0,0.22077922523021698,17
401,6,10,1,0.22077922523021698,18
401,6,11,0,0.22077922523021698,19
401,6,12,0,0.22077922523021698,20
401,6,13,0,0.14705882966518402,21
401,6,14,0,0.22077922523021698,22
401,6,15,0,0.8055555820465088,23
401,6,16,0,0.22077922523021698,24
401,6,17,1,0.7027027010917664,25
401,6,18,1,0.22077922523021698,26
401,6,19,1,0.931034505367279,27
401,6,20,1,0.14705882966518402,28
401,6,21,0,0.010893246158957481,29
401,6,22,0,0.8055555820465088,30
401,6,23,0,0.22077922523021698,31
401,6,24,1,0.7027027010917664,32
401,6,25,1,0.14705882966518402,33
401,6,26,1,0.04210526496171951,34
401,6,27,1,0.0008583691087551415,35
401,6,28,0,0.0,36
401,6,29,1,0.010893246158957481,37
401,6,30,0,0.0008583691087551415,38
401,6,31,1,0.0,39
401,6,32,0,0.0008583691087551415,40
401,6,33,1,0.010893246158957481,41
401,6,34,1,0.0,42
401,6,35,0,0.0,43
401,6,36,0,0.0008583691087551415,44
401,6,37,0,0.01149425283074379,45
401,6,38,0,0.0008583691087551415,46
401,6,39,0,0.01149425283074379,47
401,6,40,1,0.0,48
402,5,5,0,0.9682539701461792,1
402,5,6,1,0.45821189880371094,2
402,5,7,0,0.024390242993831635,3
402,5,8,1,0.04210526496171951,4
402,5,9,0,0.0008583691087551415,5
402,5,10,1,0.7027027010917664,6
402,5,11,0,0.01149425283074379,7
402,5,12,0,0.010893246158957481,8
402,5,13,1,0.22077922523021698,9
402,5,14,0,0.01105811819434166,10
402,5,15,0,0.0008583691087551415,11
402,5,16,0,0.024390242993831635,12
402,5,17,0,0.010893246158957481,13
402,5,18,1,0.9931662678718567,14
402,5,19,1,0.8055555820465088,15
402,5,20,1,0.8055555820465088,16
402,5,21,0,0.0008583691087551415,17
402,5,22,1,0.931034505367279,18
402,5,23,0,0.010893246158957481,19
402,5,24,1,0.931034505367279,20
402,5,25,0,0.0,21
402,5,26,0,0.0008583691087551415,22
402,5,27,0,0.0008583691087551415,23
402,5,28,1,0.9940828680992126,24
402,5,29,0,0.0,25
402,5,30,0,0.010893246158957481,26
402,5,31,0,0.010893246158957481,27
402,5,32,0,0.0008583691087551415,28
402,5,33,1,0.9682539701461792,29
402,5,34,0,0.0008583691087551415,30
402,5,35,0,0.14705882966518402,31
402,5,36,1,0.931034505367279,32
402,5,37,0,0.0008583691087551415,33
402,5,38,0,0.04210526496171951,34
402,5,39,1,0.9682539701461792,35
402,5,40,0,0.0008583691087551415,36
403,5,33,1,0.22077922523021698,1
403,5,34,0,0.024390242993831635,2
403,5,35,0,0.024390242993831635,3
403,5,36,1,0.010893246158957481,4
403,5,37,0,0.010893246158957481,5
403,5,38,0,0.04210526496171951,6
403,5,39,1,0.22077922523021698,7
403,5,40,0,0.024390242993831635,8
403,6,1,0,0.010893246158957481,9
403,6,2,0,0.0008583691087551415,10
403,6,3,0,0.04210526496171951,11
403,6,4,0,0.22077922523021698,12
403,6,5,0,0.04210526496171951,13
403,6,6,0,0.14705882966518402,14
403,6,7,0,0.01149425283074379,15
403,6,8,0,0.04210526496171951,16
403,6,9,0,0.22077922523021698,17
403,6,10,1,0.22077922523021698,18
403,6,11,0,0.22077922523021698,19
403,6,12,0,0.22077922523021698,20
403,6,13,0,0.14705882966518402,21
403,6,14,0,0.22077922523021698,22
403,6,15,0,0.8055555820465088,23
403,6,16,0,0.22077922523021698,24
403,6,17,1,0.7027027010917664,25
403,6,18,1,0.22077922523021698,26
403,6,19,1,0.931034505367279,27
403,6,20,1,0.14705882966518402,28
403,6,21,0,0.010893246158957481,29
403,6,22,0,0.8055555820465088,30
403,6,23,0,0.22077922523021698,31
403,6,24,1,0.7027027010917664,32
403,6,25,1,0.14705882966518402,33
403,6,26,1,0.04210526496171951,34
403,6,27,1,0.0008583691087551415,35
403,6,28,0,0.0,36
403,6,29,1,0.010893246158957481,37
403,6,30,0,0.0008583691087551415,38
403,6,31,1,0.0,39
403,6,32,0,0.0008583691087551415,40
403,6,33,1,0.010893246158957481,41
403,6,34,0,0.0,42
403,6,35,0,0.0,43
403,6,36,0,0.010893246158957481,44
403,6,37,0,0.010893246158957481,45
403,6,38,0,0.0008583691087551415,46
403,6,39,0,0.04210526496171951,47
403,6,40,1,0.0,48
404,5,33,1,0.22077922523021698,1
404,5,34,0,0.024390242993831635,2
404,5,35,0,0.024390242993831635,3
404,5,36,1,0.010893246158957481,4
404,5,37,0,0.010893246158957481,5
404,5,38,0,0.04210526496171951,6
404,5,39,1,0.22077922523021698,7
404,5,40,0,0.024390242993831635,8
404,6,1,0,0.010893246158957481,9
404,6,2,0,0.0008583691087551415,10
404,6,3,0,0.04210526496171951,11
404,6,4,0,0.22077922523021698,12
404,6,5,0,0.04210526496171951,13
404,6,6,0,0.14705882966518402,14
404,6,7,0,0.01149425283074379,15
404,6,8,0,0.04210526496171951,16
404,6,9,0,0.22077922523021698,17
404,6,10,1,0.22077922523021698,18
404,6,11,0,0.22077922523021698,19
404,6,12,0,0.22077922523021698,20
404,6,13,0,0.14705882966518402,21
404,6,14,0,0.22077922523021698,22
404,6,15,0,0.8055555820465088,23
404,6,16,0,0.22077922523021698,24
404,6,17,1,0.7027027010917664,25
404,6,18,1,0.22077922523021698,26
404,6,19,1,0.931034505367279,27
404,6,20,1,0.14705882966518402,28
404,6,21,0,0.010893246158957481,29
404,6,22,0,0.8055555820465088,30
404,6,23,0,0.22077922523021698,31
404,6,24,1,0.7027027010917664,32
404,6,25,1,0.14705882966518402,33
404,6,26,1,0.04210526496171951,34
404,6,27,1,0.0008583691087551415,35
404,6,28,0,0.0,36
404,6,29,1,0.010893246158957481,37
404,6,30,0,0.0008583691087551415,38
404,6,31,1,0.0,39
404,6,32,0,0.0008583691087551415,40
404,6,33,1,0.010893246158957481,41
404,6,34,1,0.0,42
404,6,35,0,0.0,43
404,6,36,0,0.0008583691087551415,44
404,6,37,0,0.01149425283074379,45
404,6,38,0,0.0008583691087551415,46
404,6,39,1,0.01149425283074379,47
404,6,40,1,0.0,48
405,5,5,0,0.9682539701461792,1
405,5,6,1,0.45821189880371094,2
405,5,7,0,0.024390242993831635,3
405,5,8,1,0.04210526496171951,4
405,5,9,0,0.0008583691087551415,5
405,5,10,1,0.7027027010917664,6
405,5,11,0,0.01149425283074379,7
405,5,12,0,0.010893246158957481,8
405,5,13,1,0.22077922523021698,9
405,5,14,0,0.01105811819434166,10
405,5,15,0,0.0008583691087551415,11
405,5,16,0,0.024390242993831635,12
405,5,17,0,0.010893246158957481,13
405,5,18,1,0.9931662678718567,14
405,5,19,1,0.8055555820465088,15
405,5,20,1,0.8055555820465088,16
405,5,21,0,0.0008583691087551415,17
405,5,22,1,0.931034505367279,18
405,5,23,0,0.010893246158957481,19
405,5,24,1,0.931034505367279,20
405,5,25,0,0.0,21
405,5,26,0,0.0008583691087551415,22
405,5,27,0,0.0008583691087551415,23
405,5,28,1,0.9940828680992126,24
405,5,29,0,0.0,25
405,5,30,0,0.010893246158957481,26
405,5,31,0,0.010893246158957481,27
405,5,32,0,0.0008583691087551415,28
405,5,33,1,0.9682539701461792,29
405,5,34,0,0.0008583691087551415,30
405,5,35,0,0.14705882966518402,31
405,5,36,1,0.931034505367279,32
405,5,37,0,0.0008583691087551415,33
405,5,38,0,0.04210526496171951,34
405,5,39,1,0.9682539701461792,35
405,5,40,0,0.0008583691087551415,36
406,6,5,0,0.22077922523021698,1
406,6,6,0,0.22077922523021698,2
406,6,7,0,0.024390242993831635,3
406,6,8,0,0.024390242993831635,4
406,6,9,0,0.024390242993831635,5
406,6,10,0,0.14705882966518402,6
406,6,11,0,0.22077922523021698,7
406,6,12,0,0.04210526496171951,8
406,6,13,0,0.024390242993831635,9
406,6,14,0,0.22077922523021698,10
406,6,15,0,0.7027027010917664,11
406,6,16,0,0.22077922523021698,12
406,6,17,1,0.931034505367279,13
406,6,18,0,0.931034505367279,14
406,6,19,1,0.9931662678718567,15
406,6,20,1,0.024390242993831635,16
406,6,21,0,0.0,17
406,6,22,0,0.024390242993831635,18
406,6,23,0,0.010893246158957481,19
406,6,24,1,0.0008583691087551415,20
406,6,25,1,0.010893246158957481,21
406,6,26,1,0.22077922523021698,22
406,6,27,1,0.0008583691087551415,23
406,6,28,0,0.0008583691087551415,24
406,6,29,1,0.010893246158957481,25
406,6,30,0,0.0008583691087551415,26
406,6,31,0,0.0008583691087551415,27
406,6,32,0,0.04210526496171951,28
406,6,33,1,0.22077922523021698,29
406,6,34,1,0.0008583691087551415,30
406,6,35,0,0.0,31
406,6,36,0,0.010893246158957481,32
406,6,37,0,0.010893246158957481,33
406,6,38,0,0.024390242993831635,34
406,6,39,1,0.14705882966518402,35
406,6,40,1,0.0,36
407,6,5,0,0.22077922523021698,1
407,6,6,0,0.22077922523021698,2
407,6,7,0,0.024390242993831635,3
407,6,8,0,0.024390242993831635,4
407,6,9,0,0.024390242993831635,5
407,6,10,0,0.14705882966518402,6
407,6,11,0,0.22077922523021698,7
407,6,12,0,0.04210526496171951,8
407,6,13,0,0.024390242993831635,9
407,6,14,0,0.22077922523021698,10
407,6,15,0,0.7027027010917664,11
407,6,16,0,0.22077922523021698,12
407,6,17,1,0.931034505367279,13
407,6,18,0,0.931034505367279,14
407,6,19,1,0.9931662678718567,15
407,6,20,1,0.024390242993831635,16
407,6,21,0,0.0,17
407,6,22,0,0.024390242993831635,18
407,6,23,0,0.010893246158957481,19
407,6,24,1,0.0008583691087551415,20
407,6,25,1,0.010893246158957481,21
407,6,26,1,0.22077922523021698,22
407,6,27,1,0.0008583691087551415,23
407,6,28,0,0.0008583691087551415,24
407,6,29,1,0.010893246158957481,25
407,6,30,0,0.0008583691087551415,26
407,6,31,0,0.0008583691087551415,27
407,6,32,0,0.04210526496171951,28
407,6,33,1,0.22077922523021698,29
407,6,34,1,0.0008583691087551415,30
407,6,35,0,0.0,31
407,6,36,0,0.010893246158957481,32
407,6,37,0,0.010893246158957481,33
407,6,38,0,0.024390242993831635,34
407,6,39,1,0.14705882966518402,35
407,6,40,1,0.0,36
409,6,5,0,0.22077922523021698,1
409,6,6,0,0.22077922523021698,2
409,6,7,0,0.024390242993831635,3
409,6,8,0,0.024390242993831635,4
409,6,9,0,0.024390242993831635,5
409,6,10,0,0.14705882966518402,6
409,6,11,0,0.22077922523021698,7
409,6,12,0,0.04210526496171951,8
409,6,13,0,0.024390242993831635,9
409,6,14,0,0.22077922523021698,10
409,6,15,0,0.7027027010917664,11
409,6,16,0,0.22077922523021698,12
409,6,17,1,0.931034505367279,13
409,6,18,0,0.931034505367279,14
409,6,19,1,0.9931662678718567,15
409,6,20,1,0.024390242993831635,16
409,6,21,0,0.0,17
409,6,22,0,0.024390242993831635,18
409,6,23,0,0.010893246158957481,19
409,6,24,1,0.0008583691087551415,20
409,6,25,1,0.010893246158957481,21
409,6,26,1,0.22077922523021698,22
409,6,27,1,0.0008583691087551415,23
409,6,28,0,0.0008583691087551415,24
409,6,29,1,0.010893246158957481,25
409,6,30,0,0.0008583691087551415,26
409,6,31,0,0.0008583691087551415,27
409,6,32,0,0.04210526496171951,28
409,6,33,1,0.22077922523021698,29
409,6,34,1,0.0008583691087551415,30
409,6,35,0,0.0,31
409,6,36,0,0.010893246158957481,32
409,6,37,0,0.010893246158957481,33
409,6,38,0,0.024390242993831635,34
409,6,39,1,0.14705882966518402,35
409,6,40,1,0.0,36
410,2,29,1,0.7027027010917664,1
410,2,30,1,0.010893246158957481,2
410,2,31,0,0.0,3
410,2,32,0,0.010893246158957481,4
410,2,33,1,0.0008583691087551415,5
410,2,34,0,0.0008583691087551415,6
410,2,35,0,0.024390242993831635,7
410,2,36,1,0.01149425283074379,8
410,2,37,1,0.14705882966518402,9
410,2,38,0,0.010893246158957481,10
410,2,39,1,0.14705882966518402,11
410,2,40,0,0.0,12
412,6,5,0,0.22077922523021698,1
412,6,6,0,0.22077922523021698,2
412,6,7,0,0.024390242993831635,3
412,6,8,0,0.024390242993831635,4
412,6,9,0,0.024390242993831635,5
412,6,10,0,0.14705882966518402,6
412,6,11,0,0.22077922523021698,7
412,6,12,0,0.04210526496171951,8
412,6,13,0,0.024390242993831635,9
412,6,14,0,0.22077922523021698,10
412,6,15,0,0.7027027010917664,11
412,6,16,0,0.22077922523021698,12
412,6,17,1,0.931034505367279,13
412,6,18,0,0.931034505367279,14
412,6,19,1,0.9931662678718567,15
412,6,20,1,0.024390242993831635,16
412,6,21,0,0.0,17
412,6,22,0,0.024390242993831635,18
412,6,23,0,0.010893246158957481,19
412,6,24,1,0.0008583691087551415,20
412,6,25,1,0.010893246158957481,21
412,6,26,1,0.22077922523021698,22
412,6,27,1,0.0008583691087551415,23
412,6,28,0,0.0008583691087551415,24
412,6,29,1,0.010893246158957481,25
412,6,30,0,0.0008583691087551415,26
412,6,31,0,0.0008583691087551415,27
412,6,32,0,0.04210526496171951,28
412,6,33,1,0.22077922523021698,29
412,6,34,1,0.0008583691087551415,30
412,6,35,0,0.0,31
412,6,36,0,0.010893246158957481,32
412,6,37,0,0.010893246158957481,33
412,6,38,0,0.024390242993831635,34
412,6,39,1,0.14705882966518402,35
412,6,40,1,0.0,36
413,3,17,0,0.931034505367279,1
413,3,18,0,0.22077922523021698,2
413,3,19,1,0.22077922523021698,3
413,3,20,1,0.024390242993831635,4
413,3,21,0,0.010893246158957481,5
413,3,22,1,0.22077922523021698,6
413,3,23,0,0.010893246158957481,7
413,3,24,0,0.14705882966518402,8
413,3,25,0,0.14705882966518402,9
413,3,26,1,0.7027027010917664,10
413,3,27,0,0.010893246158957481,11
413,3,28,1,0.4488796889781952,12
413,3,29,1,0.22077922523021698,13
413,3,30,0,0.0,14
413,3,31,0,0.0008583691087551415,15
413,3,32,1,0.04210526496171951,16
413,3,33,0,0.0008583691087551415,17
413,3,34,1,0.22077922523021698,18
413,3,35,0,0.0,19
413,3,36,1,0.14705882966518402,20
413,3,37,1,0.14705882966518402,21
413,3,38,0,0.0,22
413,3,39,0,0.0008583691087551415,23
413,3,40,0,0.0,24
416,6,17,0,0.22077922523021698,1
416,6,18,1,0.9682539701461792,2
416,6,19,1,0.024390242993831635,3
416,6,20,1,0.0,4
416,6,21,0,0.0,5
416,6,22,0,0.0008583691087551415,6
416,6,23,0,0.010893246158957481,7
416,6,24,1,0.0008583691087551415,8
416,6,25,1,0.010893246158957481,9
416,6,26,1,0.01149425283074379,10
416,6,27,0,0.0008583691087551415,11
416,6,28,0,0.14705882966518402,12
416,6,29,1,0.010893246158957481,13
416,6,30,1,0.0,14
416,6,31,1,0.0,15
416,6,32,0,0.0008583691087551415,16
416,6,33,1,0.010893246158957481,17
416,6,34,1,0.0008583691087551415,18
416,6,35,0,0.0,19
416,6,36,0,0.14705882966518402,20
416,6,37,0,0.04210526496171951,21
416,6,38,0,0.0008583691087551415,22
416,6,39,1,0.010893246158957481,23
416,6,40,1,0.0,24
417,4,33,0,0.4000000059604645,1
417,4,34,0,0.22077922523021698,2
417,4,35,0,0.04210526496171951,3
417,4,36,0,0.22077922523021698,4
417,4,37,0,0.14705882966518402,5
417,4,38,0,0.14705882966518402,6
417,4,39,0,0.14705882966518402,7
417,4,40,0,0.14705882966518402,8
417,6,1,0,0.7027027010917664,9
417,6,2,0,0.14705882966518402,10
417,6,3,0,0.22077922523021698,11
417,6,4,0,0.27166616916656494,12
417,6,5,0,0.22077922523021698,13
417,6,6,0,0.22077922523021698,14
417,6,7,0,0.04210526496171951,15
417,6,8,0,0.14705882966518402,16
417,6,9,0,0.14705882966518402,17
417,6,10,0,0.6666666865348816,18
417,6,11,0,0.22077922523021698,19
417,6,12,0,0.22077922523021698,20
417,6,13,0,0.14705882966518402,21
417,6,14,0,0.22077922523021698,22
417,6,15,0,0.22077922523021698,23
417,6,16,0,0.22077922523021698,24
417,6,17,1,0.22077922523021698,25
417,6,18,1,0.9931662678718567,26
417,6,19,1,0.9931662678718567,27
417,6,20,1,0.931034505367279,28
417,6,21,0,0.22077922523021698,29
417,6,22,0,0.22077922523021698,30
417,6,23,0,0.22077922523021698,31
417,6,24,1,0.22077922523021698,32
417,6,25,1,0.14705882966518402,33
417,6,26,1,0.22077922523021698,34
417,6,27,1,0.010893246158957481,35
417,6,28,0,0.024390242993831635,36
417,6,29,1,0.14705882966518402,37
417,6,30,1,0.0008583691087551415,38
417,6,31,1,0.0008583691087551415,39
417,6,32,0,0.010893246158957481,40
417,6,33,1,0.22077922523021698,41
417,6,34,1,0.0008583691087551415,42
417,6,35,0,0.0008583691087551415,43
417,6,36,0,0.04210526496171951,44
417,6,37,0,0.22077922523021698,45
417,6,38,0,0.04210526496171951,46
417,6,39,1,0.14705882966518402,47
417,6,40,1,0.0,48
418,6,17,1,0.22077922523021698,1
418,6,18,1,0.010893246158957481,2
418,6,19,1,0.0,3
418,6,20,1,0.0,4
418,6,21,0,0.0,5
418,6,22,0,0.0008583691087551415,6
418,6,23,0,0.0008583691087551415,7
418,6,24,1,0.0,8
418,6,25,1,0.0008583691087551415,9
418,6,26,1,0.010893246158957481,10
418,6,27,0,0.0008583691087551415,11
418,6,28,0,0.04210526496171951,12
418,6,29,1,0.0008583691087551415,13
418,6,30,1,0.0,14
418,6,31,0,0.0,15
418,6,32,0,0.0008583691087551415,16
418,6,33,1,0.010893246158957481,17
418,6,34,1,0.0008583691087551415,18
418,6,35,0,0.0,19
418,6,36,0,0.14705882966518402,20
418,6,37,0,0.024390242993831635,21
418,6,38,0,0.0008583691087551415,22
418,6,39,1,0.01149425283074379,23
418,6,40,1,0.0,24
421,4,5,1,0.9931662678718567,1
421,4,6,0,0.024390242993831635,2
421,4,7,1,0.0008583691087551415,3
421,4,8,0,0.04210526496171951,4
421,4,9,1,0.0008583691087551415,5
421,4,10,1,0.04210526496171951,6
421,4,11,1,0.04210526496171951,7
421,4,12,0,0.0,8
421,4,13,1,0.5555555820465088,9
421,4,14,0,0.0,10
421,4,15,0,0.14705882966518402,11
421,4,16,1,0.5555555820465088,12
421,4,17,0,0.0,13
421,4,18,1,0.14705882966518402,14
421,4,19,0,0.024390242993831635,15
421,4,20,1,0.2588633894920349,16
421,4,21,0,0.0008583691087551415,17
421,4,22,1,0.04210526496171951,18
421,4,23,1,0.931034505367279,19
421,4,24,0,0.010893246158957481,20
421,4,25,0,0.010893246158957481,21
421,4,26,0,0.0008583691087551415,22
421,4,27,0,0.024390242993831635,23
421,4,28,1,0.9940828680992126,24
421,4,29,1,0.7027027010917664,25
421,4,30,1,0.22077922523021698,26
421,4,31,1,0.931034505367279,27
421,4,32,0,0.0008583691087551415,28
421,4,33,0,0.14705882966518402,29
421,4,34,0,0.17404568195343018,30
421,4,35,0,0.010893246158957481,31
421,4,36,0,0.024390242993831635,32
421,4,37,0,0.010893246158957481,33
421,4,38,0,0.010893246158957481,34
421,4,39,0,0.010893246158957481,35
421,4,40,0,0.0008583691087551415,36
423,3,17,0,0.9682539701461792,1
423,3,18,0,0.01149425283074379,2
423,3,19,1,0.04210526496171951,3
423,3,20,1,0.024390242993831635,4
423,3,21,0,0.010893246158957481,5
423,3,22,0,0.7027027010917664,6
423,3,23,0,0.22077922523021698,7
423,3,24,0,0.22077922523021698,8
423,3,25,0,0.22077922523021698,9
423,3,26,1,0.8055555820465088,10
423,3,27,0,0.024390242993831635,11
423,3,28,1,0.931034505367279,12
423,3,29,1,0.22077922523021698,13
423,3,30,0,0.0008583691087551415,14
423,3,31,0,0.04210526496171951,15
423,3,32,1,0.8055555820465088,16
423,3,33,0,0.0008583691087551415,17
423,3,34,0,0.22077922523021698,18
423,3,35,0,0.024390242993831635,19
423,3,36,1,0.931034505367279,20
423,3,37,1,0.7027027010917664,21
423,3,38,0,0.0008583691087551415,22
423,3,39,0,0.04210526496171951,23
423,3,40,0,0.024390242993831635,24
424,6,17,1,0.22077922523021698,1
424,6,18,1,0.010893246158957481,2
424,6,19,1,0.0,3
424,6,20,1,0.0,4
424,6,21,0,0.0,5
424,6,22,0,0.0008583691087551415,6
424,6,23,0,0.0008583691087551415,7
424,6,24,1,0.0,8
424,6,25,1,0.0008583691087551415,9
424,6,26,1,0.010893246158957481,10
424,6,27,0,0.0008583691087551415,11
424,6,28,0,0.04210526496171951,12
424,6,29,1,0.0008583691087551415,13
424,6,30,1,0.0,14
424,6,31,0,0.0,15
424,6,32,0,0.0008583691087551415,16
424,6,33,1,0.010893246158957481,17
424,6,34,1,0.0008583691087551415,18
424,6,35,0,0.0,19
424,6,36,0,0.14705882966518402,20
424,6,37,0,0.024390242993831635,21
424,6,38,0,0.0008583691087551415,22
424,6,39,1,0.01149425283074379,23
424,6,40,1,0.0,24
425,6,17,0,0.22077922523021698,1
425,6,18,1,0.9682539701461792,2
425,6,19,1,0.024390242993831635,3
425,6,20,1,0.0,4
425,6,21,0,0.0,5
425,6,22,0,0.0008583691087551415,6
425,6,23,0,0.010893246158957481,7
425,6,24,1,0.0008583691087551415,8
425,6,25,1,0.010893246158957481,9
425,6,26,1,0.01149425283074379,10
425,6,27,0,0.0008583691087551415,11
425,6,28,0,0.14705882966518402,12
425,6,29,1,0.010893246158957481,13
425,6,30,1,0.0,14
425,6,31,1,0.0,15
425,6,32,0,0.0008583691087551415,16
425,6,33,1,0.010893246158957481,17
425,6,34,1,0.0008583691087551415,18
425,6,35,0,0.0,19
425,6,36,0,0.14705882966518402,20
425,6,37,0,0.04210526496171951,21
425,6,38,0,0.0008583691087551415,22
425,6,39,1,0.010893246158957481,23
425,6,40,1,0.0,24
426,6,7,0,0.4000000059604645,1
426,6,8,0,0.024390242993831635,2
426,6,9,0,0.04210526496171951,3
426,6,10,0,0.931034505367279,4
426,6,11,0,0.22077922523021698,5
426,6,12,0,0.22077922523021698,6
426,6,13,0,0.22077922523021698,7
426,6,14,0,0.4000000059604645,8
426,6,15,0,0.22077922523021698,9
426,6,16,0,0.22077922523021698,10
426,6,17,1,0.8055555820465088,11
426,6,18,1,1.0,12
426,6,19,1,0.9931662678718567,13
426,6,20,1,0.04210526496171951,14
426,6,21,0,0.0008583691087551415,15
426,6,22,0,0.04210526496171951,16
426,6,23,0,0.010893246158957481,17
426,6,24,1,0.22077922523021698,18
426,6,25,1,0.04210526496171951,19
426,6,26,1,0.22077922523021698,20
426,6,26,1,0.010893246158957481,21
426,6,27,0,0.0008583691087551415,22
426,6,27,1,0.04210526496171951,23
426,6,28,0,0.010893246158957481,24
426,6,29,1,0.0008583691087551415,25
426,6,30,1,0.0,26
426,6,31,1,0.0,27
426,6,32,0,0.0,28
426,6,33,1,0.010893246158957481,29
426,6,34,1,0.0,30
426,6,35,0,0.0,31
426,6,36,0,0.010893246158957481,32
426,6,37,0,0.0008583691087551415,33
426,6,38,0,0.0008583691087551415,34
426,6,39,1,0.010893246158957481,35
426,6,40,1,0.0,36
429,3,17,0,0.9682539701461792,1
429,3,18,0,0.01149425283074379,2
429,3,19,1,0.04210526496171951,3
429,3,20,1,0.024390242993831635,4
429,3,21,0,0.010893246158957481,5
429,3,22,0,0.7027027010917664,6
429,3,23,0,0.22077922523021698,7
429,3,24,0,0.22077922523021698,8
429,3,25,0,0.22077922523021698,9
429,3,26,1,0.8055555820465088,10
429,3,27,0,0.024390242993831635,11
429,3,28,1,0.931034505367279,12
429,3,29,1,0.22077922523021698,13
429,3,30,0,0.0008583691087551415,14
429,3,31,0,0.04210526496171951,15
429,3,32,1,0.8055555820465088,16
429,3,33,0,0.0008583691087551415,17
429,3,34,0,0.22077922523021698,18
429,3,35,0,0.024390242993831635,19
429,3,36,1,0.931034505367279,20
429,3,37,1,0.7027027010917664,21
429,3,38,0,0.0008583691087551415,22
429,3,39,0,0.04210526496171951,23
429,3,40,0,0.024390242993831635,24
431,3,17,0,0.9682539701461792,1
431,3,18,0,0.01149425283074379,2
431,3,19,1,0.04210526496171951,3
431,3,20,1,0.024390242993831635,4
431,3,21,0,0.010893246158957481,5
431,3,22,1,0.7027027010917664,6
431,3,23,0,0.024390242993831635,7
431,3,24,0,0.14705882966518402,8
431,3,25,1,0.22077922523021698,9
431,3,26,1,0.7027027010917664,10
431,3,27,0,0.010893246158957481,11
431,3,28,1,0.931034505367279,12
431,3,29,1,0.14705882966518402,13
431,3,30,0,0.0008583691087551415,14
431,3,31,0,0.04210526496171951,15
431,3,32,1,0.22077922523021698,16
431,3,33,0,0.0008583691087551415,17
431,3,34,1,0.35039782524108887,18
431,3,35,0,0.0008583691087551415,19
431,3,36,1,0.7027027010917664,20
431,3,37,1,0.14705882966518402,21
431,3,38,0,0.0,22
431,3,39,0,0.010893246158957481,23
431,3,40,0,0.010893246158957481,24
432,3,17,0,0.931034505367279,1
432,3,18,0,0.22077922523021698,2
432,3,19,1,0.22077922523021698,3
432,3,20,1,0.010893246158957481,4
432,3,21,0,0.024390242993831635,5
432,3,22,0,0.22077922523021698,6
432,3,23,0,0.14705882966518402,7
432,3,24,0,0.14705882966518402,8
432,3,25,0,0.22077922523021698,9
432,3,26,1,0.8055555820465088,10
432,3,27,0,0.024390242993831635,11
432,3,28,1,0.7027027010917664,12
432,3,29,1,0.7027027010917664,13
432,3,30,0,0.0008583691087551415,14
432,3,31,0,0.010893246158957481,15
432,3,32,1,0.22077922523021698,16
432,3,33,0,0.0008583691087551415,17
432,3,34,1,0.22077922523021698,18
432,3,35,0,0.0008583691087551415,19
432,3,36,1,0.22077922523021698,20
432,3,37,1,0.14705882966518402,21
432,3,38,0,0.0,22
432,3,39,0,0.0008583691087551415,23
432,3,40,0,0.0008583691087551415,24
433,6,17,1,0.22077922523021698,1
433,6,18,1,0.0,2
433,6,19,1,0.0,3
433,6,20,1,0.0,4
433,6,21,0,0.0,5
433,6,22,0,0.0008583691087551415,6
433,6,23,0,0.0008583691087551415,7
433,6,24,1,0.010893246158957481,8
433,6,25,1,0.0,9
433,6,26,1,0.0008583691087551415,10
433,6,27,1,0.0008583691087551415,11
433,6,28,0,0.0008583691087551415,12
433,6,29,1,0.0008583691087551415,13
433,6,30,1,0.0,14
433,6,31,0,0.0,15
433,6,32,0,0.010893246158957481,16
433,6,33,1,0.02121468260884285,17
433,6,34,1,0.0008583691087551415,18
433,6,35,0,0.0,19
433,6,36,0,0.024390242993831635,20
433,6,37,0,0.010893246158957481,21
433,6,38,0,0.024390242993831635,22
433,6,39,1,0.024390242993831635,23
433,6,40,1,0.0,24
436,2,29,0,0.7027027010917664,1
436,2,30,1,0.19498859345912933,2
436,2,31,0,0.010893246158957481,3
436,2,32,0,0.04210526496171951,4
436,2,33,1,0.04210526496171951,5
436,2,34,0,0.010893246158957481,6
436,2,35,0,0.024390242993831635,7
436,2,36,1,0.14705882966518402,8
436,2,37,1,0.010893246158957481,9
436,2,38,0,0.0,10
436,2,39,1,0.22077922523021698,11
436,2,40,0,0.0,12
437,6,5,0,0.22077922523021698,1
437,6,6,0,0.5953891277313232,2
437,6,7,0,0.024390242993831635,3
437,6,8,0,0.04210526496171951,4
437,6,9,0,0.04210526496171951,5
437,6,10,0,0.22077922523021698,6
437,6,11,0,0.4000000059604645,7
437,6,12,0,0.22077922523021698,8
437,6,13,0,0.14705882966518402,9
437,6,14,0,0.4000000059604645,10
437,6,15,0,0.6666666865348816,11
437,6,16,0,0.22077922523021698,12
437,6,17,1,0.931034505367279,13
437,6,18,1,0.931034505367279,14
437,6,19,1,0.9682539701461792,15
437,6,20,1,0.01149425283074379,16
437,6,21,0,0.0,17
437,6,22,0,0.024390242993831635,18
437,6,23,0,0.010893246158957481,19
437,6,24,1,0.01149425283074379,20
437,6,25,1,0.01149425283074379,21
437,6,26,1,0.22077922523021698,22
437,6,27,0,0.0008583691087551415,23
437,6,28,0,0.024390242993831635,24
437,6,29,1,0.01149425283074379,25
437,6,30,1,0.01149425283074379,26
437,6,31,0,0.04210526496171951,27
437,6,32,0,0.6666666865348816,28
437,6,33,1,0.22077922523021698,29
437,6,34,1,0.024390242993831635,30
437,6,35,0,0.0,31
437,6,36,0,0.01149425283074379,32
437,6,37,0,0.024390242993831635,33
437,6,38,0,0.14705882966518402,34
437,6,39,1,0.22077922523021698,35
437,6,40,1,0.0008583691087551415,36
438,6,5,0,0.22077922523021698,1
438,6,6,0,0.5953891277313232,2
438,6,7,0,0.024390242993831635,3
438,6,8,0,0.04210526496171951,4
438,6,9,0,0.04210526496171951,5
438,6,10,0,0.22077922523021698,6
438,6,11,0,0.4000000059604645,7
438,6,12,0,0.22077922523021698,8
438,6,13,0,0.14705882966518402,9
438,6,14,0,0.4000000059604645,10
438,6,15,0,0.6666666865348816,11
438,6,16,0,0.22077922523021698,12
438,6,17,1,0.931034505367279,13
438,6,18,1,0.931034505367279,14
438,6,19,1,0.9682539701461792,15
438,6,20,1,0.01149425283074379,16
438,6,21,0,0.0,17
438,6,22,0,0.024390242993831635,18
438,6,23,0,0.010893246158957481,19
438,6,24,1,0.01149425283074379,20
438,6,25,1,0.01149425283074379,21
438,6,26,1,0.22077922523021698,22
438,6,27,0,0.0008583691087551415,23
438,6,28,0,0.024390242993831635,24
438,6,29,1,0.01149425283074379,25
438,6,30,1,0.01149425283074379,26
438,6,31,0,0.04210526496171951,27
438,6,32,0,0.6666666865348816,28
438,6,33,1,0.22077922523021698,29
438,6,34,1,0.024390242993831635,30
438,6,35,0,0.0,31
438,6,36,0,0.01149425283074379,32
438,6,37,0,0.024390242993831635,33
438,6,38,0,0.14705882966518402,34
438,6,39,1,0.22077922523021698,35
438,6,40,1,0.0008583691087551415,36
439,4,33,0,0.5555555820465088,1
439,4,34,0,0.22077922523021698,2
439,4,35,0,0.6000000238418579,3
439,4,36,0,0.22077922523021698,4
439,4,37,0,0.14705882966518402,5
439,4,38,0,0.22077922523021698,6
439,4,39,0,0.14705882966518402,7
439,4,40,0,0.22077922523021698,8
439,6,1,0,0.22077922523021698,9
439,6,2,0,0.14705882966518402,10
439,6,3,0,0.22077922523021698,11
439,6,4,0,0.22077922523021698,12
439,6,5,0,0.22077922523021698,13
439,6,6,0,0.22077922523021698,14
439,6,7,0,0.04210526496171951,15
439,6,8,0,0.04210526496171951,16
439,6,9,0,0.04210526496171951,17
439,6,10,0,0.22077922523021698,18
439,6,11,0,0.6666666865348816,19
439,6,12,0,0.22077922523021698,20
439,6,13,0,0.14705882966518402,21
439,6,14,0,0.4000000059604645,22
439,6,15,0,0.6666666865348816,23
439,6,16,0,0.22077922523021698,24
439,6,17,1,0.931034505367279,25
439,6,18,1,0.9940828680992126,26
439,6,19,1,0.9682539701461792,27
439,6,20,1,0.22077922523021698,28
439,6,21,0,0.01149425283074379,29
439,6,22,0,0.14705882966518402,30
439,6,23,0,0.13224217295646667,31
439,6,24,1,0.14705882966518402,32
439,6,25,1,0.024390242993831635,33
439,6,26,1,0.14705882966518402,34
439,6,27,1,0.010893246158957481,35
439,6,28,0,0.024390242993831635,36
439,6,29,1,0.04210526496171951,37
439,6,30,1,0.024390242993831635,38
439,6,31,0,0.010893246158957481,39
439,6,32,0,0.22077922523021698,40
439,6,33,1,0.6666666865348816,41
439,6,34,1,0.01149425283074379,42
439,6,35,0,0.0008583691087551415,43
439,6,36,0,0.22077922523021698,44
439,6,37,0,0.931034505367279,45
439,6,38,0,0.7027027010917664,46
439,6,39,1,0.6666666865348816,47
439,6,40,1,0.0008583691087551415,48
440,4,17,0,0.931034505367279,1
440,4,18,1,0.42569610476493835,2
440,4,19,0,0.01149425283074379,3
440,4,20,1,0.22077922523021698,4
440,4,21,0,0.0008583691087551415,5
440,4,22,0,0.931034505367279,6
440,4,23,1,0.22077922523021698,7
440,4,24,0,0.14705882966518402,8
440,4,25,0,0.024390242993831635,9
440,4,26,0,0.14609326422214508,10
440,4,27,0,0.22077922523021698,11
440,4,28,1,0.22077922523021698,12
440,4,29,1,0.04210526496171951,13
440,4,30,0,0.01149425283074379,14
440,4,31,1,0.931034505367279,15
440,4,32,0,0.010893246158957481,16
440,4,33,0,0.22077922523021698,17
440,4,34,0,0.14705882966518402,18
440,4,35,0,0.14705882966518402,19
440,4,36,0,0.931034505367279,20
440,4,37,0,0.7027027010917664,21
440,4,38,0,0.024390242993831635,22
440,4,39,0,0.04210526496171951,23
440,4,40,0,0.14705882966518402,24
441,2,29,0,0.7027027010917664,1
441,2,30,1,0.19498859345912933,2
441,2,31,0,0.010893246158957481,3
441,2,32,0,0.04210526496171951,4
441,2,33,1,0.04210526496171951,5
441,2,34,0,0.010893246158957481,6
441,2,35,0,0.024390242993831635,7
441,2,36,1,0.14705882966518402,8
441,2,37,1,0.010893246158957481,9
441,2,38,0,0.0,10
441,2,39,1,0.22077922523021698,11
441,2,40,0,0.0,12
442,2,29,0,0.7027027010917664,1
442,2,30,1,0.19498859345912933,2
442,2,31,0,0.010893246158957481,3
442,2,32,0,0.04210526496171951,4
442,2,33,1,0.04210526496171951,5
442,2,34,0,0.010893246158957481,6
442,2,35,0,0.024390242993831635,7
442,2,36,1,0.14705882966518402,8
442,2,37,1,0.010893246158957481,9
442,2,38,0,0.0,10
442,2,39,1,0.22077922523021698,11
442,2,40,0,0.0,12
446,6,17,1,0.22077922523021698,1
446,6,18,1,0.010893246158957481,2
446,6,19,1,0.0,3
446,6,20,1,0.0,4
446,6,21,0,0.0,5
446,6,22,0,0.0008583691087551415,6
446,6,23,0,0.010893246158957481,7
446,6,24,1,0.0,8
446,6,25,1,0.0,9
446,6,26,1,0.0008583691087551415,10
446,6,27,1,0.0,11
446,6,28,0,0.0008583691087551415,12
446,6,29,1,0.0008583691087551415,13
446,6,30,1,0.0,14
446,6,31,1,0.0,15
446,6,32,0,0.0,16
446,6,33,1,0.0008583691087551415,17
446,6,34,1,0.0,18
446,6,35,0,0.0,19
446,6,36,0,0.010893246158957481,20
446,6,37,0,0.01149425283074379,21
446,6,38,0,0.01149425283074379,22
446,6,39,1,0.010893246158957481,23
446,6,40,1,0.0,24
447,6,17,1,0.22077922523021698,1
447,6,18,1,0.010893246158957481,2
447,6,19,1,0.0,3
447,6,20,1,0.0,4
447,6,21,0,0.0,5
447,6,22,0,0.0008583691087551415,6
447,6,23,0,0.010893246158957481,7
447,6,24,1,0.0,8
447,6,25,1,0.0,9
447,6,26,1,0.0008583691087551415,10
447,6,27,1,0.0,11
447,6,28,0,0.0008583691087551415,12
447,6,29,1,0.0008583691087551415,13
447,6,30,0,0.0,14
447,6,31,1,0.0,15
447,6,32,0,0.0008583691087551415,16
447,6,33,1,0.0008583691087551415,17
447,6,34,1,0.0,18
447,6,35,0,0.0,19
447,6,36,0,0.0008583691087551415,20
447,6,37,0,0.024390242993831635,21
447,6,38,0,0.01149425283074379,22
447,6,39,1,0.0008583691087551415,23
447,6,40,1,0.0,24
448,2,29,1,0.6666666865348816,1
448,2,30,1,0.04210526496171951,2
448,2,31,0,0.0,3
448,2,32,0,0.024390242993831635,4
448,2,33,1,0.024390242993831635,5
448,2,34,0,0.010893246158957481,6
448,2,35,0,0.14705882966518402,7
448,2,36,1,0.14705882966518402,8
448,2,37,0,0.04210526496171951,9
448,2,38,0,0.024390242993831635,10
448,2,39,1,0.14705882966518402,11
448,2,40,0,0.0008583691087551415,12
449,5,33,1,0.22077922523021698,1
449,5,34,0,0.024390242993831635,2
449,5,35,0,0.010893246158957481,3
449,5,36,1,0.010893246158957481,4
449,5,37,0,0.04210526496171951,5
449,5,38,0,0.6000000238418579,6
449,5,39,1,0.7027027010917664,7
449,5,40,0,0.024390242993831635,8
449,6,1,0,0.010893246158957481,9
449,6,2,0,0.0008583691087551415,10
449,6,3,0,0.010893246158957481,11
449,6,4,0,0.14705882966518402,12
449,6,5,0,0.14705882966518402,13
449,6,6,0,0.22077922523021698,14
449,6,7,0,0.14705882966518402,15
449,6,8,0,0.04210526496171951,16
449,6,9,0,0.22077922523021698,17
449,6,10,0,0.14705882966518402,18
449,6,11,0,0.22077922523021698,19
449,6,12,0,0.22077922523021698,20
449,6,13,0,0.6000000238418579,21
449,6,14,0,0.22077922523021698,22
449,6,15,0,0.5555555820465088,23
449,6,16,0,0.22077922523021698,24
449,6,17,1,0.22077922523021698,25
449,6,18,1,0.9931662678718567,26
449,6,19,1,0.9682539701461792,27
449,6,20,1,0.7027027010917664,28
449,6,21,0,0.010893246158957481,29
449,6,22,0,0.6666666865348816,30
449,6,23,0,0.22077922523021698,31
449,6,24,1,0.33593201637268066,32
449,6,25,1,0.04210526496171951,33
449,6,26,1,0.14705882966518402,34
449,6,27,1,0.010893246158957481,35
449,6,28,0,0.01149425283074379,36
449,6,29,1,0.024390242993831635,37
449,6,30,0,0.0008583691087551415,38
449,6,31,1,0.0,39
449,6,32,0,0.01149425283074379,40
449,6,33,1,0.004021427594125271,41
449,6,34,1,0.0,42
449,6,35,0,0.0,43
449,6,36,0,0.0008583691087551415,44
449,6,37,0,0.01149425283074379,45
449,6,38,0,0.010893246158957481,46
449,6,39,1,0.01149425283074379,47
449,6,40,1,0.0,48
450,5,17,0,0.931034505367279,1
450,5,18,1,0.22077922523021698,2
450,5,19,0,0.01149425283074379,3
450,5,20,1,0.22077922523021698,4
450,5,21,0,0.0008583691087551415,5
450,5,22,0,0.01149425283074379,6
450,5,23,0,0.01149425283074379,7
450,5,24,1,0.14705882966518402,8
450,5,25,0,0.010893246158957481,9
450,5,26,0,0.01149425283074379,10
450,5,27,0,0.0008583691087551415,11
450,5,28,1,0.14705882966518402,12
450,5,29,0,0.010893246158957481,13
450,5,30,0,0.024390242993831635,14
450,5,31,0,0.04210526496171951,15
450,5,32,0,0.024390242993831635,16
450,5,33,1,0.9931662678718567,17
450,5,34,0,0.0008583691087551415,18
450,5,35,0,0.024390242993831635,19
450,5,36,1,0.22077922523021698,20
450,5,37,0,0.010893246158957481,21
450,5,38,0,0.14705882966518402,22
450,5,39,1,0.5555555820465088,23
450,5,40,0,0.010893246158957481,24
452,2,29,0,0.7027027010917664,1
452,2,30,1,0.19498859345912933,2
452,2,31,0,0.010893246158957481,3
452,2,32,0,0.04210526496171951,4
452,2,33,1,0.04210526496171951,5
452,2,34,0,0.010893246158957481,6
452,2,35,0,0.024390242993831635,7
452,2,36,1,0.14705882966518402,8
452,2,37,1,0.010893246158957481,9
452,2,38,0,0.0,10
452,2,39,1,0.22077922523021698,11
452,2,40,0,0.0,12
455,3,17,0,0.931034505367279,1
455,3,18,0,0.22077922523021698,2
455,3,19,1,0.22077922523021698,3
455,3,20,1,0.010893246158957481,4
455,3,21,0,0.024390242993831635,5
455,3,22,1,0.22077922523021698,6
455,3,23,0,0.024390242993831635,7
455,3,24,0,0.20489627122879028,8
455,3,25,0,0.22077922523021698,9
455,3,26,1,0.931034505367279,10
455,3,27,0,0.010893246158957481,11
455,3,28,1,0.931034505367279,12
455,3,29,1,0.4000000059604645,13
455,3,30,0,0.0,14
455,3,31,0,0.010893246158957481,15
455,3,32,1,0.22077922523021698,16
455,3,33,0,0.0008583691087551415,17
455,3,34,1,0.4000000059604645,18
455,3,35,0,0.0,19
455,3,36,1,0.22077922523021698,20
455,3,37,1,0.14705882966518402,21
455,3,38,0,0.0,22
455,3,39,0,0.0008583691087551415,23
455,3,40,0,0.0008583691087551415,24
456,6,17,1,0.22077922523021698,1
456,6,18,1,0.0,2
456,6,19,1,0.0,3
456,6,20,1,0.0,4
456,6,21,0,0.0,5
456,6,22,0,0.0008583691087551415,6
456,6,23,0,0.0008583691087551415,7
456,6,24,1,0.010893246158957481,8
456,6,25,1,0.0,9
456,6,26,1,0.0008583691087551415,10
456,6,27,1,0.0008583691087551415,11
456,6,28,0,0.0008583691087551415,12
456,6,29,1,0.0008583691087551415,13
456,6,30,1,0.0,14
456,6,31,0,0.0,15
456,6,32,0,0.010893246158957481,16
456,6,33,1,0.02121468260884285,17
456,6,34,1,0.0008583691087551415,18
456,6,35,0,0.0,19
456,6,36,0,0.024390242993831635,20
456,6,37,0,0.010893246158957481,21
456,6,38,0,0.024390242993831635,22
456,6,39,1,0.024390242993831635,23
456,6,40,1,0.0,24
457,2,29,0,0.7027027010917664,1
457,2,30,1,0.19498859345912933,2
457,2,31,0,0.010893246158957481,3
457,2,32,0,0.04210526496171951,4
457,2,33,1,0.04210526496171951,5
457,2,34,0,0.010893246158957481,6
457,2,35,0,0.024390242993831635,7
457,2,36,1,0.14705882966518402,8
457,2,37,1,0.010893246158957481,9
457,2,38,0,0.0,10
457,2,39,1,0.22077922523021698,11
457,2,40,0,0.0,12
460,5,17,0,0.931034505367279,1
460,5,18,1,0.22077922523021698,2
460,5,19,0,0.01149425283074379,3
460,5,20,1,0.22077922523021698,4
460,5,21,0,0.0008583691087551415,5
460,5,22,0,0.01149425283074379,6
460,5,23,0,0.01149425283074379,7
460,5,24,1,0.14705882966518402,8
460,5,25,0,0.010893246158957481,9
460,5,26,0,0.01149425283074379,10
460,5,27,0,0.0008583691087551415,11
460,5,28,1,0.14705882966518402,12
460,5,29,0,0.010893246158957481,13
460,5,30,0,0.024390242993831635,14
460,5,31,0,0.04210526496171951,15
460,5,32,0,0.024390242993831635,16
460,5,33,1,0.9931662678718567,17
460,5,34,0,0.0008583691087551415,18
460,5,35,0,0.024390242993831635,19
460,5,36,1,0.22077922523021698,20
460,5,37,0,0.010893246158957481,21
460,5,38,0,0.14705882966518402,22
460,5,39,1,0.5555555820465088,23
460,5,40,0,0.010893246158957481,24
461,5,33,1,0.4000000059604645,1
461,5,34,0,0.024390242993831635,2
461,5,35,0,0.01149425283074379,3
461,5,36,1,0.01149425283074379,4
461,5,37,0,0.010893246158957481,5
461,5,38,0,0.04210526496171951,6
461,5,39,0,0.22077922523021698,7
461,5,40,0,0.22077922523021698,8
461,6,1,0,0.010893246158957481,9
461,6,2,0,0.0008583691087551415,10
461,6,3,0,0.024390242993831635,11
461,6,4,0,0.4567312002182007,12
461,6,5,0,0.14705882966518402,13
461,6,6,0,0.6000000238418579,14
461,6,7,0,0.22077922523021698,15
461,6,8,0,0.22077922523021698,16
461,6,9,0,0.22077922523021698,17
461,6,10,1,0.8055555820465088,18
461,6,11,0,0.931034505367279,19
461,6,12,0,0.6666666865348816,20
461,6,13,1,0.6000000238418579,21
461,6,14,0,0.14705882966518402,22
461,6,15,0,0.931034505367279,23
461,6,16,0,0.6666666865348816,24
461,6,17,0,0.931034505367279,25
461,6,18,0,0.6666666865348816,26
461,6,19,1,0.6666666865348816,27
461,6,20,1,0.5705569386482239,28
461,6,21,0,0.22077922523021698,29
461,6,22,0,0.9682539701461792,30
461,6,23,0,0.7548860311508179,31
461,6,24,1,0.7027027010917664,32
461,6,25,1,0.14705882966518402,33
461,6,26,1,0.22077922523021698,34
461,6,27,1,0.01149425283074379,35
461,6,28,0,0.0008583691087551415,36
461,6,29,1,0.024390242993831635,37
461,6,30,0,0.010893246158957481,38
461,6,31,1,0.0008583691087551415,39
461,6,32,0,0.0008583691087551415,40
461,6,33,1,0.010893246158957481,41
461,6,34,1,0.0,42
461,6,35,0,0.0,43
461,6,36,0,0.0008583691087551415,44
461,6,37,0,0.04210526496171951,45
461,6,38,0,0.01149425283074379,46
461,6,39,1,0.14705882966518402,47
461,6,40,1,0.0,48
463,5,33,1,0.4000000059604645,1
463,5,34,0,0.024390242993831635,2
463,5,35,0,0.01149425283074379,3
463,5,36,1,0.01149425283074379,4
463,5,37,0,0.010893246158957481,5
463,5,38,0,0.04210526496171951,6
463,5,39,0,0.22077922523021698,7
463,5,40,0,0.22077922523021698,8
463,6,1,0,0.010893246158957481,9
463,6,2,0,0.0008583691087551415,10
463,6,3,0,0.024390242993831635,11
463,6,4,0,0.4567312002182007,12
463,6,5,0,0.14705882966518402,13
463,6,6,0,0.6000000238418579,14
463,6,7,0,0.22077922523021698,15
463,6,8,0,0.22077922523021698,16
463,6,9,0,0.22077922523021698,17
463,6,10,1,0.8055555820465088,18
463,6,11,0,0.931034505367279,19
463,6,12,0,0.6666666865348816,20
463,6,13,1,0.6000000238418579,21
463,6,14,0,0.14705882966518402,22
463,6,15,0,0.931034505367279,23
463,6,16,0,0.6666666865348816,24
463,6,17,0,0.931034505367279,25
463,6,18,0,0.6666666865348816,26
463,6,19,1,0.6666666865348816,27
463,6,20,1,0.5705569386482239,28
463,6,21,0,0.22077922523021698,29
463,6,22,0,0.9682539701461792,30
463,6,23,0,0.7548860311508179,31
463,6,24,1,0.7027027010917664,32
463,6,25,1,0.14705882966518402,33
463,6,26,1,0.22077922523021698,34
463,6,27,1,0.01149425283074379,35
463,6,28,0,0.0008583691087551415,36
463,6,29,1,0.024390242993831635,37
463,6,30,0,0.010893246158957481,38
463,6,31,1,0.0008583691087551415,39
463,6,32,0,0.0008583691087551415,40
463,6,33,1,0.010893246158957481,41
463,6,34,1,0.0,42
463,6,35,0,0.0,43
463,6,36,0,0.0008583691087551415,44
463,6,37,0,0.04210526496171951,45
463,6,38,0,0.01149425283074379,46
463,6,39,1,0.14705882966518402,47
463,6,40,1,0.0,48
464,5,33,1,0.4000000059604645,1
464,5,34,0,0.024390242993831635,2
464,5,35,0,0.01149425283074379,3
464,5,36,1,0.01149425283074379,4
464,5,37,0,0.010893246158957481,5
464,5,38,0,0.04210526496171951,6
464,5,39,0,0.22077922523021698,7
464,5,40,0,0.22077922523021698,8
464,6,1,0,0.010893246158957481,9
464,6,2,0,0.0008583691087551415,10
464,6,3,0,0.024390242993831635,11
464,6,4,0,0.4567312002182007,12
464,6,5,0,0.14705882966518402,13
464,6,6,0,0.6000000238418579,14
464,6,7,0,0.22077922523021698,15
464,6,8,0,0.22077922523021698,16
464,6,9,0,0.22077922523021698,17
464,6,10,1,0.8055555820465088,18
464,6,11,0,0.931034505367279,19
464,6,12,0,0.6666666865348816,20
464,6,13,1,0.6000000238418579,21
464,6,14,0,0.14705882966518402,22
464,6,15,0,0.931034505367279,23
464,6,16,0,0.6666666865348816,24
464,6,17,0,0.931034505367279,25
464,6,18,0,0.6666666865348816,26
464,6,19,1,0.6666666865348816,27
464,6,20,1,0.5705569386482239,28
464,6,21,0,0.22077922523021698,29
464,6,22,0,0.9682539701461792,30
464,6,23,0,0.7548860311508179,31
464,6,24,1,0.7027027010917664,32
464,6,25,1,0.14705882966518402,33
464,6,26,1,0.22077922523021698,34
464,6,27,1,0.01149425283074379,35
464,6,28,0,0.0008583691087551415,36
464,6,29,1,0.024390242993831635,37
464,6,30,0,0.010893246158957481,38
464,6,31,1,0.0008583691087551415,39
464,6,32,0,0.0008583691087551415,40
464,6,33,1,0.010893246158957481,41
464,6,34,1,0.0,42
464,6,35,0,0.0,43
464,6,36,0,0.0008583691087551415,44
464,6,37,0,0.04210526496171951,45
464,6,38,0,0.01149425283074379,46
464,6,39,0,0.14705882966518402,47
464,6,40,1,0.0,48
465,5,33,1,0.4000000059604645,1
465,5,34,0,0.024390242993831635,2
465,5,35,0,0.01149425283074379,3
465,5,36,1,0.01149425283074379,4
465,5,37,0,0.010893246158957481,5
465,5,38,0,0.04210526496171951,6
465,5,39,0,0.22077922523021698,7
465,5,40,0,0.22077922523021698,8
465,6,1,0,0.010893246158957481,9
465,6,2,0,0.0008583691087551415,10
465,6,3,0,0.024390242993831635,11
465,6,4,0,0.4567312002182007,12
465,6,5,0,0.14705882966518402,13
465,6,6,0,0.6000000238418579,14
465,6,7,0,0.22077922523021698,15
465,6,8,0,0.22077922523021698,16
465,6,9,0,0.22077922523021698,17
465,6,10,1,0.8055555820465088,18
465,6,11,0,0.931034505367279,19
465,6,12,0,0.6666666865348816,20
465,6,13,1,0.6000000238418579,21
465,6,14,0,0.14705882966518402,22
465,6,15,0,0.931034505367279,23
465,6,16,0,0.6666666865348816,24
465,6,17,0,0.931034505367279,25
465,6,18,0,0.6666666865348816,26
465,6,19,1,0.6666666865348816,27
465,6,20,1,0.5705569386482239,28
465,6,21,0,0.22077922523021698,29
465,6,22,0,0.9682539701461792,30
465,6,23,0,0.7548860311508179,31
465,6,24,1,0.7027027010917664,32
465,6,25,1,0.14705882966518402,33
465,6,26,1,0.22077922523021698,34
465,6,27,1,0.01149425283074379,35
465,6,28,0,0.0008583691087551415,36
465,6,29,1,0.024390242993831635,37
465,6,30,0,0.010893246158957481,38
465,6,31,1,0.0008583691087551415,39
465,6,32,0,0.0008583691087551415,40
465,6,33,1,0.010893246158957481,41
465,6,34,1,0.0,42
465,6,35,0,0.0,43
465,6,36,0,0.0008583691087551415,44
465,6,37,0,0.04210526496171951,45
465,6,38,0,0.01149425283074379,46
465,6,39,0,0.14705882966518402,47
465,6,40,1,0.0,48
466,5,33,1,0.5555555820465088,1
466,5,34,0,0.024390242993831635,2
466,5,35,0,0.04210526496171951,3
466,5,36,1,0.010893246158957481,4
466,5,37,0,0.0008583691087551415,5
466,5,38,0,0.04210526496171951,6
466,5,39,0,0.22077922523021698,7
466,5,40,0,0.024390242993831635,8
466,6,1,0,0.01149425283074379,9
466,6,2,0,0.0008583691087551415,10
466,6,3,0,0.024390242993831635,11
466,6,4,0,0.22077922523021698,12
466,6,5,0,0.024390242993831635,13
466,6,6,0,0.22077922523021698,14
466,6,7,0,0.22077922523021698,15
466,6,8,0,0.22077922523021698,16
466,6,9,0,0.22077922523021698,17
466,6,10,1,0.22077922523021698,18
466,6,11,0,0.7027027010917664,19
466,6,12,0,0.22077922523021698,20
466,6,13,0,0.22077922523021698,21
466,6,14,0,0.931034505367279,22
466,6,15,0,0.9931662678718567,23
466,6,16,0,0.8055555820465088,24
466,6,17,1,0.9931662678718567,25
466,6,18,0,0.931034505367279,26
466,6,19,0,0.7027027010917664,27
466,6,20,1,0.4000000059604645,28
466,6,21,0,0.024390242993831635,29
466,6,22,0,0.22077922523021698,30
466,6,23,0,0.22077922523021698,31
466,6,24,1,0.22077922523021698,32
466,6,25,1,0.14705882966518402,33
466,6,26,1,0.22077922523021698,34
466,6,27,0,0.01149425283074379,35
466,6,28,0,0.010893246158957481,36
466,6,29,1,0.04210526496171951,37
466,6,30,1,0.024390242993831635,38
466,6,31,1,0.04210526496171951,39
466,6,32,0,0.04210526496171951,40
466,6,33,1,0.22077922523021698,41
466,6,34,1,0.0008583691087551415,42
466,6,35,0,0.0008583691087551415,43
466,6,36,0,0.14705882966518402,44
466,6,37,0,0.14705882966518402,45
466,6,38,0,0.14705882966518402,46
466,6,39,1,0.22077922523021698,47
466,6,40,1,0.01149425283074379,48
467,6,17,1,0.22077922523021698,1
467,6,18,0,0.0,2
467,6,19,0,0.0,3
467,6,20,1,0.0008583691087551415,4
467,6,21,0,0.0008583691087551415,5
467,6,22,0,0.0008583691087551415,6
467,6,23,0,0.0008583691087551415,7
467,6,24,1,0.010893246158957481,8
467,6,25,1,0.0,9
467,6,26,1,0.010893246158957481,10
467,6,27,0,0.0008583691087551415,11
467,6,28,0,0.0008583691087551415,12
467,6,29,1,0.010893246158957481,13
467,6,30,1,0.0008583691087551415,14
467,6,31,1,0.0008583691087551415,15
467,6,32,0,0.04210526496171951,16
467,6,33,1,0.22077922523021698,17
467,6,34,1,0.0008583691087551415,18
467,6,35,0,0.0008583691087551415,19
467,6,36,0,0.04210526496171951,20
467,6,37,0,0.22077922523021698,21
467,6,38,0,0.04210526496171951,22
467,6,39,1,0.14705882966518402,23
467,6,40,1,0.0,24
468,6,5,0,0.5555555820465088,1
468,6,6,0,0.5,2
468,6,7,0,0.01149425283074379,3
468,6,8,0,0.024390242993831635,4
468,6,9,0,0.01149425283074379,5
468,6,10,1,0.04210526496171951,6
468,6,11,0,0.22077922523021698,7
468,6,12,0,0.14705882966518402,8
468,6,13,0,0.04210526496171951,9
468,6,14,0,0.22077922523021698,10
468,6,15,0,0.7027027010917664,11
468,6,16,0,0.6666666865348816,12
468,6,17,1,0.9682539701461792,13
468,6,18,0,0.9682539701461792,14
468,6,19,0,0.9682539701461792,15
468,6,20,1,0.7027027010917664,16
468,6,21,0,0.0008583691087551415,17
468,6,22,0,0.22077922523021698,18
468,6,23,0,0.14705882966518402,19
468,6,24,1,0.22077922523021698,20
468,6,25,1,0.01149425283074379,21
468,6,26,1,0.5747179388999939,22
468,6,27,0,0.010893246158957481,23
468,6,28,0,0.01149425283074379,24
468,6,29,1,0.024390242993831635,25
468,6,30,1,0.01149425283074379,26
468,6,31,1,0.024390242993831635,27
468,6,32,0,0.14705882966518402,28
468,6,33,1,0.22077922523021698,29
468,6,34,1,0.0008583691087551415,30
468,6,35,0,0.0,31
468,6,36,0,0.04210526496171951,32
468,6,37,0,0.14705882966518402,33
468,6,38,0,0.14705882966518402,34
468,6,39,1,0.22077922523021698,35
468,6,40,1,0.0,36
469,3,17,1,0.931034505367279,1
469,3,18,0,0.010893246158957481,2
469,3,19,1,0.01149425283074379,3
469,3,20,1,0.22077922523021698,4
469,3,21,0,0.010893246158957481,5
469,3,22,1,0.7027027010917664,6
469,3,23,0,0.024390242993831635,7
469,3,24,0,0.22077922523021698,8
469,3,25,0,0.22077922523021698,9
469,3,26,1,0.8055555820465088,10
469,3,27,0,0.0008583691087551415,11
469,3,28,1,0.6666666865348816,12
469,3,29,1,0.22077922523021698,13
469,3,30,0,0.0008583691087551415,14
469,3,31,0,0.024390242993831635,15
469,3,32,0,0.22077922523021698,16
469,3,33,0,0.0008583691087551415,17
469,3,34,1,0.931034505367279,18
469,3,35,0,0.010893246158957481,19
469,3,36,1,0.5555555820465088,20
469,3,37,1,0.8055555820465088,21
469,3,38,0,0.0008583691087551415,22
469,3,39,0,0.010893246158957481,23
469,3,40,0,0.01149425283074379,24
474,4,33,0,0.22077922523021698,1
474,4,34,0,0.024390242993831635,2
474,4,35,0,0.04210526496171951,3
474,4,36,0,0.01149425283074379,4
474,4,37,0,0.010893246158957481,5
474,4,38,0,0.024390242993831635,6
474,4,39,0,0.0008583691087551415,7
474,4,40,0,0.0008583691087551415,8
474,6,1,0,0.010893246158957481,9
474,6,2,0,0.010893246158957481,10
474,6,3,0,0.010893246158957481,11
474,6,4,0,0.04210526496171951,12
474,6,5,0,0.04210526496171951,13
474,6,6,0,0.14705882966518402,14
474,6,7,0,0.010893246158957481,15
474,6,8,0,0.010893246158957481,16
474,6,9,0,0.010893246158957481,17
474,6,10,1,0.04210526496171951,18
474,6,11,0,0.22077922523021698,19
474,6,12,0,0.024390242993831635,20
474,6,13,0,0.024390242993831635,21
474,6,14,0,0.14705882966518402,22
474,6,15,0,0.6000000238418579,23
474,6,16,0,0.04210526496171951,24
474,6,17,1,0.22077922523021698,25
474,6,18,1,0.8055555820465088,26
474,6,19,1,0.9682539701461792,27
474,6,20,1,0.5583626627922058,28
474,6,21,0,0.024390242993831635,29
474,6,22,0,0.22077922523021698,30
474,6,23,0,0.22077922523021698,31
474,6,24,1,0.6000000238418579,32
474,6,25,1,0.22077922523021698,33
474,6,26,1,0.14705882966518402,34
474,6,27,1,0.0008583691087551415,35
474,6,28,0,0.0,36
474,6,29,1,0.04210526496171951,37
474,6,30,0,0.0009009718196466565,38
474,6,31,1,0.0008583691087551415,39
474,6,32,0,0.0008583691087551415,40
474,6,33,1,0.024390242993831635,41
474,6,34,1,0.0008583691087551415,42
474,6,35,0,0.0008583691087551415,43
474,6,36,0,0.04210526496171951,44
474,6,37,0,0.22077922523021698,45
474,6,38,0,0.14705882966518402,46
474,6,39,0,0.22077922523021698,47
474,6,40,1,0.0,48
475,5,33,1,0.22077922523021698,1
475,5,34,0,0.024390242993831635,2
475,5,35,0,0.01149425283074379,3
475,5,36,1,0.010893246158957481,4
475,5,37,0,0.010893246158957481,5
475,5,38,0,0.14705882966518402,6
475,5,39,1,0.5753371119499207,7
475,5,40,0,0.04210526496171951,8
475,6,1,0,0.010893246158957481,9
475,6,2,0,0.0008583691087551415,10
475,6,3,0,0.024390242993831635,11
475,6,4,0,0.22077922523021698,12
475,6,5,0,0.04210526496171951,13
475,6,6,0,0.22077922523021698,14
475,6,7,0,0.04210526496171951,15
475,6,8,0,0.14705882966518402,16
475,6,9,0,0.22077922523021698,17
475,6,10,1,0.22077922523021698,18
475,6,11,0,0.22077922523021698,19
475,6,12,0,0.22077922523021698,20
475,6,13,0,0.22077922523021698,21
475,6,14,0,0.8055555820465088,22
475,6,15,0,0.931034505367279,23
475,6,16,0,0.931034505367279,24
475,6,17,0,0.9931662678718567,25
475,6,18,1,0.8055555820465088,26
475,6,19,1,0.22077922523021698,27
475,6,20,1,0.5555555820465088,28
475,6,21,0,0.024390242993831635,29
475,6,22,0,0.8055555820465088,30
475,6,23,0,0.7027027010917664,31
475,6,24,1,0.8055555820465088,32
475,6,25,1,0.14705882966518402,33
475,6,26,1,0.010893246158957481,34
475,6,27,1,0.0008583691087551415,35
475,6,28,0,0.0008583691087551415,36
475,6,29,1,0.01149425283074379,37
475,6,30,0,0.0008583691087551415,38
475,6,31,1,0.0008583691087551415,39
475,6,32,0,0.0008583691087551415,40
475,6,33,1,0.010893246158957481,41
475,6,34,1,0.0,42
475,6,35,0,0.0,43
475,6,36,0,0.0008583691087551415,44
475,6,37,0,0.024390242993831635,45
475,6,38,0,0.01093632448464632,46
475,6,39,1,0.01149425283074379,47
475,6,40,1,0.0,48
476,4,33,0,0.6000000238418579,1
476,4,34,0,0.22077922523021698,2
476,4,35,0,0.7027027010917664,3
476,4,36,0,0.6000000238418579,4
476,4,37,0,0.22077922523021698,5
476,4,38,0,0.4000000059604645,6
476,4,39,0,0.22077922523021698,7
476,4,40,0,0.22077922523021698,8
476,6,1,0,0.22077922523021698,9
476,6,2,0,0.22077922523021698,10
476,6,3,0,0.22077922523021698,11
476,6,4,0,0.3667680621147156,12
476,6,5,0,0.22077922523021698,13
476,6,6,0,0.4000000059604645,14
476,6,7,0,0.14705882966518402,15
476,6,8,0,0.14705882966518402,16
476,6,9,0,0.14705882966518402,17
476,6,10,0,0.6000000238418579,18
476,6,11,0,0.7027027010917664,19
476,6,12,0,0.22077922523021698,20
476,6,13,0,0.14705882966518402,21
476,6,14,0,0.6190240979194641,22
476,6,15,0,0.7027027010917664,23
476,6,16,0,0.32400399446487427,24
476,6,17,1,0.9682539701461792,25
476,6,18,1,0.9940828680992126,26
476,6,19,1,0.9682539701461792,27
476,6,20,1,0.3233202397823334,28
476,6,21,0,0.010893246158957481,29
476,6,22,0,0.04210526496171951,30
476,6,23,0,0.04210526496171951,31
476,6,24,1,0.14705882966518402,32
476,6,25,1,0.14705882966518402,33
476,6,26,1,0.17425556480884552,34
476,6,27,1,0.010893246158957481,35
476,6,28,0,0.010893246158957481,36
476,6,29,1,0.024390242993831635,37
476,6,30,1,0.04210526496171951,38
476,6,31,0,0.010893246158957481,39
476,6,32,0,0.22077922523021698,40
476,6,33,1,0.22077922523021698,41
476,6,34,1,0.010893246158957481,42
476,6,35,0,0.0008583691087551415,43
476,6,36,0,0.04210526496171951,44
476,6,37,0,0.7027027010917664,45
476,6,38,0,0.5555555820465088,46
476,6,39,1,0.22077922523021698,47
476,6,40,1,0.0008583691087551415,48
478,2,29,0,0.6666666865348816,1
478,2,30,1,0.04210526496171951,2
478,2,31,0,0.010893246158957481,3
478,2,32,1,0.14705882966518402,4
478,2,33,0,0.01149425283074379,5
478,2,34,0,0.01149425283074379,6
478,2,35,0,0.04210526496171951,7
478,2,36,1,0.22077922523021698,8
478,2,37,1,0.024390242993831635,9
478,2,38,0,0.010893246158957481,10
478,2,39,0,0.22077922523021698,11
478,2,40,0,0.0008583691087551415,12
479,4,33,0,0.22077922523021698,1
479,4,34,0,0.024390242993831635,2
479,4,35,0,0.04210526496171951,3
479,4,36,0,0.01149425283074379,4
479,4,37,0,0.010893246158957481,5
479,4,38,0,0.024390242993831635,6
479,4,39,0,0.0008583691087551415,7
479,4,40,0,0.0008583691087551415,8
479,6,1,0,0.010893246158957481,9
479,6,2,0,0.010893246158957481,10
479,6,3,0,0.010893246158957481,11
479,6,4,0,0.04210526496171951,12
479,6,5,0,0.04210526496171951,13
479,6,6,0,0.14705882966518402,14
479,6,7,0,0.010893246158957481,15
479,6,8,0,0.010893246158957481,16
479,6,9,0,0.010893246158957481,17
479,6,10,1,0.04210526496171951,18
479,6,11,0,0.22077922523021698,19
479,6,12,0,0.024390242993831635,20
479,6,13,0,0.024390242993831635,21
479,6,14,0,0.14705882966518402,22
479,6,15,0,0.6000000238418579,23
479,6,16,0,0.04210526496171951,24
479,6,17,1,0.22077922523021698,25
479,6,18,1,0.8055555820465088,26
479,6,19,1,0.9682539701461792,27
479,6,20,1,0.5583626627922058,28
479,6,21,0,0.024390242993831635,29
479,6,22,0,0.22077922523021698,30
479,6,23,0,0.22077922523021698,31
479,6,24,1,0.6000000238418579,32
479,6,25,1,0.22077922523021698,33
479,6,26,1,0.14705882966518402,34
479,6,27,1,0.0008583691087551415,35
479,6,28,0,0.0,36
479,6,29,1,0.04210526496171951,37
479,6,30,0,0.0009009718196466565,38
479,6,31,1,0.0008583691087551415,39
479,6,32,0,0.0008583691087551415,40
479,6,33,1,0.024390242993831635,41
479,6,34,1,0.0008583691087551415,42
479,6,35,0,0.0008583691087551415,43
479,6,36,0,0.04210526496171951,44
479,6,37,0,0.22077922523021698,45
479,6,38,0,0.14705882966518402,46
479,6,39,0,0.22077922523021698,47
479,6,40,1,0.0,48
481,4,33,0,0.22077922523021698,1
481,4,34,0,0.024390242993831635,2
481,4,35,0,0.04210526496171951,3
481,4,36,0,0.01149425283074379,4
481,4,37,0,0.010893246158957481,5
481,4,38,0,0.024390242993831635,6
481,4,39,0,0.0008583691087551415,7
481,4,40,0,0.0008583691087551415,8
481,6,1,0,0.010893246158957481,9
481,6,2,0,0.010893246158957481,10
481,6,3,0,0.010893246158957481,11
481,6,4,0,0.04210526496171951,12
481,6,5,0,0.04210526496171951,13
481,6,6,0,0.14705882966518402,14
481,6,7,0,0.010893246158957481,15
481,6,8,0,0.010893246158957481,16
481,6,9,0,0.010893246158957481,17
481,6,10,1,0.04210526496171951,18
481,6,11,0,0.22077922523021698,19
481,6,12,0,0.024390242993831635,20
481,6,13,0,0.024390242993831635,21
481,6,14,0,0.14705882966518402,22
481,6,15,0,0.6000000238418579,23
481,6,16,0,0.04210526496171951,24
481,6,17,1,0.22077922523021698,25
481,6,18,1,0.8055555820465088,26
481,6,19,1,0.9682539701461792,27
481,6,20,1,0.5583626627922058,28
481,6,21,0,0.024390242993831635,29
481,6,22,0,0.22077922523021698,30
481,6,23,0,0.22077922523021698,31
481,6,24,1,0.6000000238418579,32
481,6,25,1,0.22077922523021698,33
481,6,26,1,0.14705882966518402,34
481,6,27,1,0.0008583691087551415,35
481,6,28,0,0.0,36
481,6,29,1,0.04210526496171951,37
481,6,30,0,0.0009009718196466565,38
481,6,31,1,0.0008583691087551415,39
481,6,32,0,0.0008583691087551415,40
481,6,33,1,0.024390242993831635,41
481,6,34,1,0.0008583691087551415,42
481,6,35,0,0.0008583691087551415,43
481,6,36,0,0.04210526496171951,44
481,6,37,0,0.22077922523021698,45
481,6,38,0,0.14705882966518402,46
481,6,39,1,0.22077922523021698,47
481,6,40,1,0.0,48
482,4,5,1,0.9682539701461792,1
482,4,6,0,0.14705882966518402,2
482,4,7,0,0.0008583691087551415,3
482,4,8,0,0.010893246158957481,4
482,4,9,0,0.04210526496171951,5
482,4,10,1,0.024390242993831635,6
482,4,11,0,0.14705882966518402,7
482,4,12,0,0.010893246158957481,8
482,4,13,1,0.8055555820465088,9
482,4,14,0,0.01149425283074379,10
482,4,15,0,0.22077922523021698,11
482,4,16,1,0.22077922523021698,12
482,4,17,1,0.0008583691087551415,13
482,4,18,1,0.04210526496171951,14
482,4,19,0,0.0,15
482,4,20,1,0.04210526496171951,16
482,4,21,0,0.0008583691087551415,17
482,4,22,1,0.22077922523021698,18
482,4,23,0,0.14705882966518402,19
482,4,24,0,0.0008583691087551415,20
482,4,25,0,0.04210526496171951,21
482,4,26,1,0.01149425283074379,22
482,4,27,0,0.0,23
482,4,28,0,0.931034505367279,24
482,4,29,0,0.22077922523021698,25
482,4,30,0,0.14705882966518402,26
482,4,31,1,0.8055555820465088,27
482,4,32,0,0.04210526496171951,28
482,4,33,0,0.14705882966518402,29
482,4,34,0,0.04210526496171951,30
482,4,35,0,0.010893246158957481,31
482,4,36,0,0.010893246158957481,32
482,4,37,0,0.010893246158957481,33
482,4,38,1,0.024390242993831635,34
482,4,39,0,0.010893246158957481,35
482,4,40,0,0.010893246158957481,36
483,4,33,0,0.22077922523021698,1
483,4,34,0,0.024390242993831635,2
483,4,35,0,0.04210526496171951,3
483,4,36,0,0.01149425283074379,4
483,4,37,0,0.010893246158957481,5
483,4,38,0,0.024390242993831635,6
483,4,39,0,0.0008583691087551415,7
483,4,40,0,0.0008583691087551415,8
483,6,1,0,0.010893246158957481,9
483,6,2,0,0.010893246158957481,10
483,6,3,0,0.010893246158957481,11
483,6,4,0,0.04210526496171951,12
483,6,5,0,0.04210526496171951,13
483,6,6,0,0.14705882966518402,14
483,6,7,0,0.010893246158957481,15
483,6,8,0,0.010893246158957481,16
483,6,9,0,0.010893246158957481,17
483,6,10,1,0.04210526496171951,18
483,6,11,0,0.22077922523021698,19
483,6,12,0,0.024390242993831635,20
483,6,13,0,0.024390242993831635,21
483,6,14,0,0.14705882966518402,22
483,6,15,0,0.6000000238418579,23
483,6,16,0,0.04210526496171951,24
483,6,17,1,0.22077922523021698,25
483,6,18,1,0.8055555820465088,26
483,6,19,1,0.9682539701461792,27
483,6,20,1,0.5583626627922058,28
483,6,21,0,0.024390242993831635,29
483,6,22,0,0.22077922523021698,30
483,6,23,0,0.22077922523021698,31
483,6,24,1,0.6000000238418579,32
483,6,25,1,0.22077922523021698,33
483,6,26,1,0.14705882966518402,34
483,6,27,1,0.0008583691087551415,35
483,6,28,0,0.0,36
483,6,29,1,0.04210526496171951,37
483,6,30,0,0.0009009718196466565,38
483,6,31,1,0.0008583691087551415,39
483,6,32,0,0.0008583691087551415,40
483,6,33,1,0.024390242993831635,41
483,6,34,1,0.0008583691087551415,42
483,6,35,0,0.0008583691087551415,43
483,6,36,0,0.04210526496171951,44
483,6,37,0,0.22077922523021698,45
483,6,38,0,0.14705882966518402,46
483,6,39,1,0.22077922523021698,47
483,6,40,1,0.0,48
487,6,5,0,0.2456773817539215,1
487,6,6,0,0.8055555820465088,2
487,6,7,0,0.04210526496171951,3
487,6,8,0,0.024390242993831635,4
487,6,9,0,0.024390242993831635,5
487,6,10,1,0.22077922523021698,6
487,6,11,0,0.4000000059604645,7
487,6,12,0,0.7027027010917664,8
487,6,13,0,0.22077922523021698,9
487,6,14,0,0.22077922523021698,10
487,6,15,0,0.4190753996372223,11
487,6,16,0,0.8055555820465088,12
487,6,17,0,0.931034505367279,13
487,6,18,1,0.931034505367279,14
487,6,19,1,0.4000000059604645,15
487,6,20,1,0.14705882966518402,16
487,6,21,0,0.010893246158957481,17
487,6,22,0,0.7027027010917664,18
487,6,23,0,0.4000000059604645,19
487,6,24,1,0.6666666865348816,20
487,6,25,1,0.22077922523021698,21
487,6,26,1,0.024390242993831635,22
487,6,27,1,0.0,23
487,6,28,0,0.010893246158957481,24
487,6,29,1,0.010893246158957481,25
487,6,30,0,0.0008583691087551415,26
487,6,31,1,0.0008583691087551415,27
487,6,32,0,0.010893246158957481,28
487,6,33,1,0.010893246158957481,29
487,6,34,1,0.0,30
487,6,35,0,0.0,31
487,6,36,0,0.0,32
487,6,37,0,0.0008583691087551415,33
487,6,38,0,0.010893246158957481,34
487,6,39,1,0.010893246158957481,35
487,6,40,1,0.0,36
490,2,29,1,0.6666666865348816,1
490,2,30,0,0.04210526496171951,2
490,2,31,0,0.04210526496171951,3
490,2,32,0,0.4000000059604645,4
490,2,33,1,0.04210526496171951,5
490,2,34,0,0.010893246158957481,6
490,2,35,1,0.14705882966518402,7
490,2,36,0,0.024390242993831635,8
490,2,37,1,0.024390242993831635,9
490,2,38,0,0.0008583691087551415,10
490,2,39,0,0.22077922523021698,11
490,2,40,0,0.0008583691087551415,12
491,5,33,1,0.22077922523021698,1
491,5,34,0,0.024390242993831635,2
491,5,35,0,0.01149425283074379,3
491,5,36,1,0.010893246158957481,4
491,5,37,0,0.010893246158957481,5
491,5,38,0,0.14705882966518402,6
491,5,39,1,0.5753371119499207,7
491,5,40,0,0.04210526496171951,8
491,6,1,0,0.010893246158957481,9
491,6,2,0,0.0008583691087551415,10
491,6,3,0,0.024390242993831635,11
491,6,4,0,0.22077922523021698,12
491,6,5,0,0.04210526496171951,13
491,6,6,0,0.22077922523021698,14
491,6,7,0,0.04210526496171951,15
491,6,8,0,0.14705882966518402,16
491,6,9,0,0.22077922523021698,17
491,6,10,1,0.22077922523021698,18
491,6,11,0,0.22077922523021698,19
491,6,12,0,0.22077922523021698,20
491,6,13,0,0.22077922523021698,21
491,6,14,0,0.8055555820465088,22
491,6,15,0,0.931034505367279,23
491,6,16,0,0.931034505367279,24
491,6,17,0,0.9931662678718567,25
491,6,18,1,0.8055555820465088,26
491,6,19,1,0.22077922523021698,27
491,6,20,1,0.5555555820465088,28
491,6,21,0,0.024390242993831635,29
491,6,22,0,0.8055555820465088,30
491,6,23,0,0.7027027010917664,31
491,6,24,1,0.8055555820465088,32
491,6,25,1,0.14705882966518402,33
491,6,26,1,0.010893246158957481,34
491,6,27,1,0.0008583691087551415,35
491,6,28,0,0.0008583691087551415,36
491,6,29,1,0.01149425283074379,37
491,6,30,0,0.0008583691087551415,38
491,6,31,1,0.0008583691087551415,39
491,6,32,0,0.0008583691087551415,40
491,6,33,1,0.010893246158957481,41
491,6,34,1,0.0,42
491,6,35,0,0.0,43
491,6,36,0,0.0008583691087551415,44
491,6,37,0,0.024390242993831635,45
491,6,38,0,0.01093632448464632,46
491,6,39,1,0.01149425283074379,47
491,6,40,1,0.0,48
496,6,5,0,0.2456773817539215,1
496,6,6,0,0.8055555820465088,2
496,6,7,0,0.04210526496171951,3
496,6,8,0,0.024390242993831635,4
496,6,9,0,0.024390242993831635,5
496,6,10,1,0.22077922523021698,6
496,6,11,0,0.4000000059604645,7
496,6,12,0,0.7027027010917664,8
496,6,13,0,0.22077922523021698,9
496,6,14,0,0.22077922523021698,10
496,6,15,0,0.4190753996372223,11
496,6,16,0,0.8055555820465088,12
496,6,17,0,0.931034505367279,13
496,6,18,1,0.931034505367279,14
496,6,19,1,0.4000000059604645,15
496,6,20,1,0.14705882966518402,16
496,6,21,0,0.010893246158957481,17
496,6,22,0,0.7027027010917664,18
496,6,23,0,0.4000000059604645,19
496,6,24,1,0.6666666865348816,20
496,6,25,1,0.22077922523021698,21
496,6,26,1,0.024390242993831635,22
496,6,27,1,0.0,23
496,6,28,0,0.010893246158957481,24
496,6,29,1,0.010893246158957481,25
496,6,30,0,0.0008583691087551415,26
496,6,31,1,0.0008583691087551415,27
496,6,32,0,0.010893246158957481,28
496,6,33,1,0.010893246158957481,29
496,6,34,1,0.0,30
496,6,35,0,0.0,31
496,6,36,0,0.0,32
496,6,37,0,0.0008583691087551415,33
496,6,38,0,0.010893246158957481,34
496,6,39,1,0.010893246158957481,35
496,6,40,1,0.0,36
498,4,33,0,0.22077922523021698,1
498,4,34,1,0.22077922523021698,2
498,4,35,0,0.0008583691087551415,3
498,4,36,0,0.0008583691087551415,4
498,4,37,1,0.0008583691087551415,5
498,4,38,0,0.0008583691087551415,6
498,4,39,0,0.0,7
498,4,40,0,0.0008583691087551415,8
498,5,1,0,0.14705882966518402,9
498,5,2,0,0.04210526496171951,10
498,5,3,0,0.04210526496171951,11
498,5,4,0,0.22077922523021698,12
498,5,5,1,0.14705882966518402,13
498,5,6,0,0.14705882966518402,14
498,5,7,1,0.22077922523021698,15
498,5,8,0,0.6666666865348816,16
498,5,9,0,0.04210526496171951,17
498,5,10,0,0.22077922523021698,18
498,5,11,1,0.6666666865348816,19
498,5,12,1,0.14705882966518402,20
498,5,13,0,0.931034505367279,21
498,5,14,1,0.024390242993831635,22
498,5,15,0,0.22077922523021698,23
498,5,16,0,0.04210526496171951,24
498,5,17,1,0.01149425283074379,25
498,5,18,0,0.04210526496171951,26
498,5,19,0,0.04210526496171951,27
498,5,20,1,0.6000000238418579,28
498,5,21,1,0.14705882966518402,29
498,5,22,0,0.931034505367279,30
498,5,23,0,0.14705882966518402,31
498,5,24,0,0.22077922523021698,32
498,5,25,1,0.14705882966518402,33
498,5,26,0,0.01149425283074379,34
498,5,27,0,0.14705882966518402,35
498,5,28,1,0.6000000238418579,36
498,5,29,0,0.024390242993831635,37
498,5,30,0,0.010893246158957481,38
498,5,31,1,0.010893246158957481,39
498,5,32,0,0.024390242993831635,40
498,5,33,0,0.3391236662864685,41
498,5,34,0,0.04210526496171951,42
498,5,35,1,0.011450261808931828,43
498,5,36,1,0.024390242993831635,44
498,5,37,1,0.14705882966518402,45
498,5,38,0,0.04210526496171951,46
498,5,39,0,0.22077922523021698,47
498,5,40,1,0.024390242993831635,48
502,5,5,1,0.9931662678718567,1
502,5,6,0,0.04210526496171951,2
502,5,7,0,0.0008583691087551415,3
502,5,8,1,0.01149425283074379,4
502,5,9,0,0.01149425283074379,5
502,5,10,1,0.22077922523021698,6
502,5,11,1,0.020193256437778473,7
502,5,12,0,0.0,8
502,5,13,1,0.7027027010917664,9
502,5,14,0,0.0008583691087551415,10
502,5,15,0,0.0,11
502,5,16,0,0.04210526496171951,12
502,5,17,0,0.04210526496171951,13
502,5,18,1,0.9931662678718567,14
502,5,19,0,0.14705882966518402,15
502,5,20,1,0.6826117634773254,16
502,5,21,0,0.010893246158957481,17
502,5,22,1,0.6571235656738281,18
502,5,23,0,0.010893246158957481,19
502,5,24,1,0.8055555820465088,20
502,5,25,0,0.0,21
502,5,26,0,0.010893246158957481,22
502,5,27,0,0.010893246158957481,23
502,5,28,1,0.9931662678718567,24
502,5,29,0,0.0008583691087551415,25
502,5,30,0,0.0008583691087551415,26
502,5,31,0,0.010893246158957481,27
502,5,32,0,0.0008583691087551415,28
502,5,33,1,0.9931662678718567,29
502,5,34,0,0.0008583691087551415,30
502,5,35,0,0.14705882966518402,31
502,5,36,1,0.931034505367279,32
502,5,37,0,0.0008583691087551415,33
502,5,38,0,0.04210526496171951,34
502,5,39,1,0.9682539701461792,35
502,5,40,0,0.0,36
504,5,17,0,0.9682539701461792,1
504,5,18,1,0.22077922523021698,2
504,5,19,0,0.01149425283074379,3
504,5,20,1,0.22077922523021698,4
504,5,21,0,0.0008583691087551415,5
504,5,22,1,0.0008583691087551415,6
504,5,23,0,0.0008583691087551415,7
504,5,24,1,0.024390242993831635,8
504,5,25,0,0.0,9
504,5,26,0,0.010893246158957481,10
504,5,27,0,0.010893246158957481,11
504,5,28,1,0.22077922523021698,12
504,5,29,0,0.0008583691087551415,13
504,5,30,0,0.04210526496171951,14
504,5,31,0,0.024390242993831635,15
504,5,32,0,0.010893246158957481,16
504,5,33,1,0.9931662678718567,17
504,5,34,0,0.0008583691087551415,18
504,5,35,0,0.14705882966518402,19
504,5,36,1,0.931034505367279,20
504,5,37,0,0.0008583691087551415,21
504,5,38,0,0.04210526496171951,22
504,5,39,1,0.8055555820465088,23
504,5,40,0,0.0008583691087551415,24
508,2,29,0,0.7027027010917664,1
508,2,30,1,0.4000000059604645,2
508,2,31,0,0.010893246158957481,3
508,2,32,0,0.22077922523021698,4
508,2,33,1,0.04210526496171951,5
508,2,34,0,0.010893246158957481,6
508,2,35,0,0.14705882966518402,7
508,2,36,1,0.14705882966518402,8
508,2,37,1,0.010893246158957481,9
508,2,38,0,0.0,10
508,2,39,1,0.22077922523021698,11
508,2,40,0,0.0,12
509,6,5,0,0.5555555820465088,1
509,6,6,0,0.6666666865348816,2
509,6,7,0,0.024390242993831635,3
509,6,8,0,0.024390242993831635,4
509,6,9,0,0.024390242993831635,5
509,6,10,0,0.22077922523021698,6
509,6,11,0,0.4000000059604645,7
509,6,12,0,0.22077922523021698,8
509,6,13,0,0.04210526496171951,9
509,6,14,0,0.22077922523021698,10
509,6,15,0,0.6000000238418579,11
509,6,16,0,0.22077922523021698,12
509,6,17,1,0.931034505367279,13
509,6,18,1,0.9931662678718567,14
509,6,19,1,0.9682539701461792,15
509,6,20,1,0.04210526496171951,16
509,6,21,0,0.0008583691087551415,17
509,6,22,0,0.22077922523021698,18
509,6,23,0,0.14705882966518402,19
509,6,24,1,0.22077922523021698,20
509,6,25,1,0.024390242993831635,21
509,6,26,1,0.024390242993831635,22
509,6,27,0,0.0008583691087551415,23
509,6,28,0,0.01149425283074379,24
509,6,29,1,0.024390242993831635,25
509,6,30,1,0.0008583691087551415,26
509,6,31,1,0.04210526496171951,27
509,6,32,0,0.6666666865348816,28
509,6,33,1,0.5555555820465088,29
509,6,34,1,0.01149425283074379,30
509,6,35,0,0.0008583691087551415,31
509,6,36,0,0.14705882966518402,32
509,6,37,0,0.22077922523021698,33
509,6,38,0,0.7027027010917664,34
509,6,39,1,0.7027027010917664,35
509,6,40,1,0.0008583691087551415,36
510,5,5,1,0.9931662678718567,1
510,5,6,0,0.04210526496171951,2
510,5,7,0,0.0008583691087551415,3
510,5,8,1,0.01149425283074379,4
510,5,9,0,0.01149425283074379,5
510,5,10,1,0.22077922523021698,6
510,5,11,1,0.020193256437778473,7
510,5,12,0,0.0,8
510,5,13,1,0.7027027010917664,9
510,5,14,0,0.0008583691087551415,10
510,5,15,0,0.0,11
510,5,16,0,0.04210526496171951,12
510,5,17,0,0.04210526496171951,13
510,5,18,1,0.9931662678718567,14
510,5,19,0,0.14705882966518402,15
510,5,20,1,0.6826117634773254,16
510,5,21,0,0.010893246158957481,17
510,5,22,1,0.6571235656738281,18
510,5,23,0,0.010893246158957481,19
510,5,24,1,0.8055555820465088,20
510,5,25,0,0.0,21
510,5,26,0,0.010893246158957481,22
510,5,27,0,0.010893246158957481,23
510,5,28,1,0.9931662678718567,24
510,5,29,0,0.0008583691087551415,25
510,5,30,0,0.0008583691087551415,26
510,5,31,0,0.010893246158957481,27
510,5,32,0,0.0008583691087551415,28
510,5,33,1,0.9931662678718567,29
510,5,34,0,0.0008583691087551415,30
510,5,35,0,0.14705882966518402,31
510,5,36,1,0.931034505367279,32
510,5,37,0,0.0008583691087551415,33
510,5,38,0,0.04210526496171951,34
510,5,39,1,0.9682539701461792,35
510,5,40,0,0.0,36
512,6,5,0,0.5555555820465088,1
512,6,6,0,0.6666666865348816,2
512,6,7,0,0.024390242993831635,3
512,6,8,0,0.024390242993831635,4
512,6,9,0,0.024390242993831635,5
512,6,10,0,0.22077922523021698,6
512,6,11,0,0.4000000059604645,7
512,6,12,0,0.22077922523021698,8
512,6,13,0,0.04210526496171951,9
512,6,14,0,0.22077922523021698,10
512,6,15,0,0.6000000238418579,11
512,6,16,0,0.22077922523021698,12
512,6,17,1,0.931034505367279,13
512,6,18,1,0.9931662678718567,14
512,6,19,1,0.9682539701461792,15
512,6,20,1,0.04210526496171951,16
512,6,21,0,0.0008583691087551415,17
512,6,22,0,0.22077922523021698,18
512,6,23,0,0.14705882966518402,19
512,6,24,1,0.22077922523021698,20
512,6,25,1,0.024390242993831635,21
512,6,26,1,0.024390242993831635,22
512,6,27,0,0.0008583691087551415,23
512,6,28,0,0.01149425283074379,24
512,6,29,1,0.024390242993831635,25
512,6,30,1,0.0008583691087551415,26
512,6,31,1,0.04210526496171951,27
512,6,32,0,0.6666666865348816,28
512,6,33,1,0.5555555820465088,29
512,6,34,1,0.01149425283074379,30
512,6,35,0,0.0008583691087551415,31
512,6,36,0,0.14705882966518402,32
512,6,37,0,0.22077922523021698,33
512,6,38,0,0.7027027010917664,34
512,6,39,1,0.7027027010917664,35
512,6,40,1,0.0008583691087551415,36
514,5,33,1,0.5555555820465088,1
514,5,34,0,0.024390242993831635,2
514,5,35,0,0.024390242993831635,3
514,5,36,1,0.010893246158957481,4
514,5,37,0,0.0008583691087551415,5
514,5,38,0,0.14705882966518402,6
514,5,39,1,0.22077922523021698,7
514,5,40,0,0.14705882966518402,8
514,6,1,0,0.0008583691087551415,9
514,6,2,0,0.0008583691087551415,10
514,6,3,0,0.010893246158957481,11
514,6,4,0,0.22077922523021698,12
514,6,5,0,0.14705882966518402,13
514,6,6,0,0.22077922523021698,14
514,6,7,0,0.14705882966518402,15
514,6,8,0,0.22077922523021698,16
514,6,9,0,0.28227460384368896,17
514,6,10,0,0.328515887260437,18
514,6,11,0,0.6666666865348816,19
514,6,12,0,0.4000000059604645,20
514,6,13,0,0.22077922523021698,21
514,6,14,0,0.7027027010917664,22
514,6,15,0,0.7027027010917664,23
514,6,16,0,0.22077922523021698,24
514,6,17,1,0.931034505367279,25
514,6,18,0,0.9682539701461792,26
514,6,19,1,0.7648078799247742,27
514,6,20,1,0.22077922523021698,28
514,6,21,0,0.010893246158957481,29
514,6,22,0,0.4000000059604645,30
514,6,23,0,0.22077922523021698,31
514,6,24,1,0.6666666865348816,32
514,6,25,1,0.14705882966518402,33
514,6,26,1,0.024390242993831635,34
514,6,27,0,0.0008583691087551415,35
514,6,28,0,0.04210526496171951,36
514,6,29,1,0.04210526496171951,37
514,6,30,1,0.010893246158957481,38
514,6,31,1,0.14705882966518402,39
514,6,32,0,0.6666666865348816,40
514,6,33,1,0.6666666865348816,41
514,6,34,1,0.024390242993831635,42
514,6,35,0,0.010893246158957481,43
514,6,36,0,0.22077922523021698,44
514,6,37,0,0.7027027010917664,45
514,6,38,0,0.7027027010917664,46
514,6,39,1,0.8055555820465088,47
514,6,40,1,0.0008583691087551415,48
515,6,5,0,0.5555555820465088,1
515,6,6,0,0.6666666865348816,2
515,6,7,0,0.024390242993831635,3
515,6,8,0,0.024390242993831635,4
515,6,9,0,0.024390242993831635,5
515,6,10,0,0.22077922523021698,6
515,6,11,0,0.4000000059604645,7
515,6,12,0,0.22077922523021698,8
515,6,13,0,0.04210526496171951,9
515,6,14,0,0.22077922523021698,10
515,6,15,0,0.6000000238418579,11
515,6,16,0,0.22077922523021698,12
515,6,17,1,0.931034505367279,13
515,6,18,0,0.9931662678718567,14
515,6,19,1,0.9682539701461792,15
515,6,20,1,0.18245156109333038,16
515,6,21,0,0.0008583691087551415,17
515,6,22,0,0.22077922523021698,18
515,6,23,0,0.14705882966518402,19
515,6,24,1,0.22077922523021698,20
515,6,25,1,0.010893246158957481,21
515,6,26,1,0.04210526496171951,22
515,6,27,0,0.0008583691087551415,23
515,6,28,0,0.024390242993831635,24
515,6,29,1,0.024390242993831635,25
515,6,30,1,0.010893246158957481,26
515,6,31,1,0.14705882966518402,27
515,6,32,0,0.931034505367279,28
515,6,33,1,0.8055555820465088,29
515,6,34,1,0.04210526496171951,30
515,6,35,0,0.0008583691087551415,31
515,6,36,0,0.14705882966518402,32
515,6,37,0,0.4589656591415405,33
515,6,38,0,0.7027027010917664,34
515,6,39,1,0.7027027010917664,35
515,6,40,1,0.0008583691087551415,36
518,2,29,0,0.7027027010917664,1
518,2,30,1,0.4000000059604645,2
518,2,31,0,0.010893246158957481,3
518,2,32,0,0.22077922523021698,4
518,2,33,1,0.04210526496171951,5
518,2,34,0,0.010893246158957481,6
518,2,35,1,0.14705882966518402,7
518,2,36,1,0.024390242993831635,8
518,2,37,1,0.0008583691087551415,9
518,2,38,0,0.0,10
518,2,39,1,0.22077922523021698,11
518,2,40,0,0.0,12
522,5,33,1,0.5555555820465088,1
522,5,34,0,0.024390242993831635,2
522,5,35,0,0.04210526496171951,3
522,5,36,1,0.010893246158957481,4
522,5,37,0,0.0008583691087551415,5
522,5,38,0,0.04210526496171951,6
522,5,39,0,0.22077922523021698,7
522,5,40,0,0.024390242993831635,8
522,6,1,0,0.01149425283074379,9
522,6,2,0,0.0008583691087551415,10
522,6,3,0,0.024390242993831635,11
522,6,4,0,0.22077922523021698,12
522,6,5,0,0.024390242993831635,13
522,6,6,0,0.22077922523021698,14
522,6,7,0,0.22077922523021698,15
522,6,8,0,0.22077922523021698,16
522,6,9,0,0.22077922523021698,17
522,6,10,1,0.22077922523021698,18
522,6,11,0,0.7027027010917664,19
522,6,12,0,0.22077922523021698,20
522,6,13,0,0.22077922523021698,21
522,6,14,0,0.931034505367279,22
522,6,15,0,0.9931662678718567,23
522,6,16,0,0.8055555820465088,24
522,6,17,1,0.9931662678718567,25
522,6,18,0,0.931034505367279,26
522,6,19,0,0.7027027010917664,27
522,6,20,1,0.4000000059604645,28
522,6,21,0,0.024390242993831635,29
522,6,22,0,0.22077922523021698,30
522,6,23,0,0.22077922523021698,31
522,6,24,1,0.22077922523021698,32
522,6,25,1,0.14705882966518402,33
522,6,26,1,0.22077922523021698,34
522,6,27,0,0.01149425283074379,35
522,6,28,0,0.010893246158957481,36
522,6,29,1,0.04210526496171951,37
522,6,30,1,0.024390242993831635,38
522,6,31,1,0.04210526496171951,39
522,6,32,0,0.04210526496171951,40
522,6,33,1,0.22077922523021698,41
522,6,34,1,0.0008583691087551415,42
522,6,35,0,0.0008583691087551415,43
522,6,36,0,0.14705882966518402,44
522,6,37,0,0.14705882966518402,45
522,6,38,0,0.14705882966518402,46
522,6,39,1,0.22077922523021698,47
522,6,40,1,0.01149425283074379,48
524,5,33,1,0.5555555820465088,1
524,5,34,0,0.024390242993831635,2
524,5,35,0,0.04210526496171951,3
524,5,36,1,0.010893246158957481,4
524,5,37,0,0.0008583691087551415,5
524,5,38,0,0.04210526496171951,6
524,5,39,0,0.22077922523021698,7
524,5,40,0,0.024390242993831635,8
524,6,1,0,0.01149425283074379,9
524,6,2,0,0.0008583691087551415,10
524,6,3,0,0.024390242993831635,11
524,6,4,0,0.22077922523021698,12
524,6,5,0,0.024390242993831635,13
524,6,6,0,0.22077922523021698,14
524,6,7,0,0.22077922523021698,15
524,6,8,0,0.22077922523021698,16
524,6,9,0,0.22077922523021698,17
524,6,10,1,0.22077922523021698,18
524,6,11,0,0.7027027010917664,19
524,6,12,0,0.22077922523021698,20
524,6,13,0,0.22077922523021698,21
524,6,14,0,0.931034505367279,22
524,6,15,0,0.9931662678718567,23
524,6,16,0,0.8055555820465088,24
524,6,17,1,0.9931662678718567,25
524,6,18,0,0.931034505367279,26
524,6,19,0,0.7027027010917664,27
524,6,20,1,0.4000000059604645,28
524,6,21,0,0.024390242993831635,29
524,6,22,0,0.22077922523021698,30
524,6,23,0,0.22077922523021698,31
524,6,24,1,0.22077922523021698,32
524,6,25,1,0.14705882966518402,33
524,6,26,1,0.22077922523021698,34
524,6,27,0,0.01149425283074379,35
524,6,28,0,0.010893246158957481,36
524,6,29,1,0.04210526496171951,37
524,6,30,1,0.024390242993831635,38
524,6,31,1,0.04210526496171951,39
524,6,32,0,0.04210526496171951,40
524,6,33,1,0.22077922523021698,41
524,6,34,1,0.0008583691087551415,42
524,6,35,0,0.0008583691087551415,43
524,6,36,0,0.14705882966518402,44
524,6,37,0,0.14705882966518402,45
524,6,38,0,0.14705882966518402,46
524,6,39,1,0.22077922523021698,47
524,6,40,1,0.01149425283074379,48
525,5,33,1,0.5555555820465088,1
525,5,34,0,0.024390242993831635,2
525,5,35,0,0.04210526496171951,3
525,5,36,1,0.010893246158957481,4
525,5,37,0,0.0008583691087551415,5
525,5,38,0,0.04210526496171951,6
525,5,39,0,0.22077922523021698,7
525,5,40,0,0.024390242993831635,8
525,6,1,0,0.01149425283074379,9
525,6,2,0,0.0008583691087551415,10
525,6,3,0,0.024390242993831635,11
525,6,4,0,0.22077922523021698,12
525,6,5,0,0.024390242993831635,13
525,6,6,0,0.22077922523021698,14
525,6,7,0,0.22077922523021698,15
525,6,8,0,0.22077922523021698,16
525,6,9,0,0.22077922523021698,17
525,6,10,1,0.22077922523021698,18
525,6,11,0,0.7027027010917664,19
525,6,12,0,0.22077922523021698,20
525,6,13,0,0.22077922523021698,21
525,6,14,0,0.931034505367279,22
525,6,15,0,0.9931662678718567,23
525,6,16,0,0.8055555820465088,24
525,6,17,1,0.9931662678718567,25
525,6,18,0,0.931034505367279,26
525,6,19,0,0.7027027010917664,27
525,6,20,1,0.4000000059604645,28
525,6,21,0,0.024390242993831635,29
525,6,22,0,0.22077922523021698,30
525,6,23,0,0.22077922523021698,31
525,6,24,1,0.22077922523021698,32
525,6,25,1,0.14705882966518402,33
525,6,26,1,0.22077922523021698,34
525,6,27,0,0.01149425283074379,35
525,6,28,0,0.010893246158957481,36
525,6,29,1,0.04210526496171951,37
525,6,30,1,0.024390242993831635,38
525,6,31,1,0.04210526496171951,39
525,6,32,0,0.04210526496171951,40
525,6,33,1,0.22077922523021698,41
525,6,34,1,0.0008583691087551415,42
525,6,35,0,0.0008583691087551415,43
525,6,36,0,0.14705882966518402,44
525,6,37,0,0.14705882966518402,45
525,6,38,0,0.14705882966518402,46
525,6,39,1,0.22077922523021698,47
525,6,40,1,0.01149425283074379,48
528,5,33,1,0.5555555820465088,1
528,5,34,0,0.024390242993831635,2
528,5,35,0,0.04210526496171951,3
528,5,36,1,0.010893246158957481,4
528,5,37,0,0.0008583691087551415,5
528,5,38,0,0.04210526496171951,6
528,5,39,0,0.22077922523021698,7
528,5,40,0,0.024390242993831635,8
528,6,1,0,0.01149425283074379,9
528,6,2,0,0.0008583691087551415,10
528,6,3,0,0.024390242993831635,11
528,6,4,0,0.22077922523021698,12
528,6,5,0,0.024390242993831635,13
528,6,6,0,0.22077922523021698,14
528,6,7,0,0.22077922523021698,15
528,6,8,0,0.22077922523021698,16
528,6,9,0,0.22077922523021698,17
528,6,10,1,0.22077922523021698,18
528,6,11,0,0.7027027010917664,19
528,6,12,0,0.22077922523021698,20
528,6,13,0,0.22077922523021698,21
528,6,14,0,0.931034505367279,22
528,6,15,0,0.9931662678718567,23
528,6,16,0,0.8055555820465088,24
528,6,17,1,0.9931662678718567,25
528,6,18,0,0.931034505367279,26
528,6,19,1,0.7027027010917664,27
528,6,20,1,0.22077922523021698,28
528,6,21,0,0.01149425283074379,29
528,6,22,0,0.22077922523021698,30
528,6,23,0,0.22077922523021698,31
528,6,24,1,0.22077922523021698,32
528,6,25,1,0.024390242993831635,33
528,6,26,1,0.14705882966518402,34
528,6,27,0,0.010893246158957481,35
528,6,28,0,0.010893246158957481,36
528,6,29,1,0.04210526496171951,37
528,6,30,1,0.010893246158957481,38
528,6,31,1,0.010893246158957481,39
528,6,32,0,0.04210526496171951,40
528,6,33,1,0.22077922523021698,41
528,6,34,1,0.0008583691087551415,42
528,6,35,0,0.0008583691087551415,43
528,6,36,0,0.22077922523021698,44
528,6,37,0,0.22077922523021698,45
528,6,38,0,0.22077922523021698,46
528,6,39,1,0.22077922523021698,47
528,6,40,1,0.0008583691087551415,48
529,5,5,1,0.9931662678718567,1
529,5,6,0,0.14705882966518402,2
529,5,7,0,0.0008583691087551415,3
529,5,8,1,0.024390242993831635,4
529,5,9,0,0.010893246158957481,5
529,5,10,0,0.22077922523021698,6
529,5,11,1,0.01149425283074379,7
529,5,12,0,0.0008583691087551415,8
529,5,13,1,0.8055555820465088,9
529,5,14,0,0.010893246158957481,10
529,5,15,0,0.010893246158957481,11
529,5,16,0,0.14705882966518402,12
529,5,17,0,0.024390242993831635,13
529,5,18,1,0.9682539701461792,14
529,5,19,0,0.024390242993831635,15
529,5,20,1,0.6000000238418579,16
529,5,21,0,0.010893246158957481,17
529,5,22,1,0.6166597604751587,18
529,5,23,0,0.011065764352679253,19
529,5,24,1,0.8055555820465088,20
529,5,25,0,0.0,21
529,5,26,0,0.010893246158957481,22
529,5,27,0,0.010893246158957481,23
529,5,28,1,0.9940828680992126,24
529,5,29,0,0.0008583691087551415,25
529,5,30,0,0.010893246158957481,26
529,5,31,0,0.010893246158957481,27
529,5,32,0,0.0008583691087551415,28
529,5,33,1,0.9682539701461792,29
529,5,34,0,0.0008583691087551415,30
529,5,35,0,0.04210526496171951,31
529,5,36,1,0.8581199049949646,32
529,5,37,0,0.0008583691087551415,33
529,5,38,0,0.04210526496171951,34
529,5,39,0,0.5555555820465088,35
529,5,40,0,0.0,36
530,6,5,0,0.5555555820465088,1
530,6,6,0,0.5,2
530,6,7,0,0.01149425283074379,3
530,6,8,0,0.024390242993831635,4
530,6,9,0,0.01149425283074379,5
530,6,10,1,0.04210526496171951,6
530,6,11,0,0.22077922523021698,7
530,6,12,0,0.14705882966518402,8
530,6,13,0,0.04210526496171951,9
530,6,14,0,0.22077922523021698,10
530,6,15,0,0.7027027010917664,11
530,6,16,0,0.6666666865348816,12
530,6,17,1,0.9682539701461792,13
530,6,18,0,0.9682539701461792,14
530,6,19,1,0.9682539701461792,15
530,6,20,1,0.14705882966518402,16
530,6,21,0,0.010893246158957481,17
530,6,22,0,0.4000000059604645,18
530,6,23,0,0.22077922523021698,19
530,6,24,1,0.22077922523021698,20
530,6,25,1,0.010893246158957481,21
530,6,26,1,0.22077922523021698,22
530,6,27,0,0.010893246158957481,23
530,6,28,0,0.01149425283074379,24
530,6,29,1,0.024390242993831635,25
530,6,30,1,0.007764270529150963,26
530,6,31,1,0.01149425283074379,27
530,6,32,0,0.22077922523021698,28
530,6,33,1,0.6000000238418579,29
530,6,34,1,0.0008583691087551415,30
530,6,35,0,0.0,31
530,6,36,0,0.024390242993831635,32
530,6,37,0,0.04210526496171951,33
530,6,38,0,0.14705882966518402,34
530,6,39,1,0.22077922523021698,35
530,6,40,1,0.0,36
532,5,33,1,0.5555555820465088,1
532,5,34,0,0.024390242993831635,2
532,5,35,0,0.04210526496171951,3
532,5,36,1,0.010893246158957481,4
532,5,37,0,0.0008583691087551415,5
532,5,38,0,0.04210526496171951,6
532,5,39,0,0.22077922523021698,7
532,5,40,0,0.024390242993831635,8
532,6,1,0,0.01149425283074379,9
532,6,2,0,0.0008583691087551415,10
532,6,3,0,0.024390242993831635,11
532,6,4,0,0.22077922523021698,12
532,6,5,0,0.024390242993831635,13
532,6,6,0,0.22077922523021698,14
532,6,7,0,0.22077922523021698,15
532,6,8,0,0.22077922523021698,16
532,6,9,0,0.22077922523021698,17
532,6,10,1,0.22077922523021698,18
532,6,11,0,0.7027027010917664,19
532,6,12,0,0.22077922523021698,20
532,6,13,0,0.22077922523021698,21
532,6,14,0,0.931034505367279,22
532,6,15,0,0.9931662678718567,23
532,6,16,0,0.8055555820465088,24
532,6,17,1,0.9931662678718567,25
532,6,18,0,0.931034505367279,26
532,6,19,0,0.7027027010917664,27
532,6,20,1,0.4000000059604645,28
532,6,21,0,0.024390242993831635,29
532,6,22,0,0.22077922523021698,30
532,6,23,0,0.22077922523021698,31
532,6,24,1,0.22077922523021698,32
532,6,25,1,0.14705882966518402,33
532,6,26,1,0.22077922523021698,34
532,6,27,0,0.01149425283074379,35
532,6,28,0,0.010893246158957481,36
532,6,29,1,0.04210526496171951,37
532,6,30,1,0.024390242993831635,38
532,6,31,1,0.04210526496171951,39
532,6,32,0,0.04210526496171951,40
532,6,33,1,0.22077922523021698,41
532,6,34,1,0.0008583691087551415,42
532,6,35,0,0.0008583691087551415,43
532,6,36,0,0.14705882966518402,44
532,6,37,0,0.14705882966518402,45
532,6,38,0,0.14705882966518402,46
532,6,39,1,0.22077922523021698,47
532,6,40,1,0.01149425283074379,48
534,5,33,1,0.5555555820465088,1
534,5,34,0,0.024390242993831635,2
534,5,35,0,0.04210526496171951,3
534,5,36,1,0.010893246158957481,4
534,5,37,0,0.0008583691087551415,5
534,5,38,0,0.04210526496171951,6
534,5,39,0,0.22077922523021698,7
534,5,40,0,0.024390242993831635,8
534,6,1,0,0.01149425283074379,9
534,6,2,0,0.0008583691087551415,10
534,6,3,0,0.024390242993831635,11
534,6,4,0,0.22077922523021698,12
534,6,5,0,0.024390242993831635,13
534,6,6,0,0.22077922523021698,14
534,6,7,0,0.22077922523021698,15
534,6,8,0,0.22077922523021698,16
534,6,9,0,0.22077922523021698,17
534,6,10,1,0.22077922523021698,18
534,6,11,0,0.7027027010917664,19
534,6,12,0,0.22077922523021698,20
534,6,13,0,0.22077922523021698,21
534,6,14,0,0.931034505367279,22
534,6,15,0,0.9931662678718567,23
534,6,16,0,0.8055555820465088,24
534,6,17,1,0.9931662678718567,25
534,6,18,0,0.931034505367279,26
534,6,19,0,0.7027027010917664,27
534,6,20,1,0.4000000059604645,28
534,6,21,0,0.024390242993831635,29
534,6,22,0,0.22077922523021698,30
534,6,23,0,0.22077922523021698,31
534,6,24,1,0.22077922523021698,32
534,6,25,1,0.14705882966518402,33
534,6,26,1,0.22077922523021698,34
534,6,27,0,0.01149425283074379,35
534,6,28,0,0.010893246158957481,36
534,6,29,1,0.04210526496171951,37
534,6,30,1,0.024390242993831635,38
534,6,31,1,0.04210526496171951,39
534,6,32,0,0.04210526496171951,40
534,6,33,1,0.22077922523021698,41
534,6,34,1,0.0008583691087551415,42
534,6,35,0,0.0008583691087551415,43
534,6,36,0,0.14705882966518402,44
534,6,37,0,0.14705882966518402,45
534,6,38,0,0.14705882966518402,46
534,6,39,1,0.22077922523021698,47
534,6,40,1,0.01149425283074379,48
536,6,5,0,0.22077922523021698,1
536,6,6,0,0.6666666865348816,2
536,6,7,0,0.04210526496171951,3
536,6,8,0,0.04210526496171951,4
536,6,9,0,0.14705882966518402,5
536,6,10,0,0.4000000059604645,6
536,6,11,0,0.6451523303985596,7
536,6,12,0,0.22077922523021698,8
536,6,13,0,0.14705882966518402,9
536,6,14,0,0.6190240979194641,10
536,6,15,0,0.7027027010917664,11
536,6,16,0,0.32400399446487427,12
536,6,17,1,0.9682539701461792,13
536,6,18,1,0.9682539701461792,14
536,6,19,1,0.931034505367279,15
536,6,20,1,0.010893246158957481,16
536,6,21,0,0.0,17
536,6,22,0,0.010893246158957481,18
536,6,23,0,0.010893246158957481,19
536,6,24,1,0.0008583691087551415,20
536,6,25,1,0.024390242993831635,21
536,6,26,1,0.22077922523021698,22
536,6,27,1,0.0008583691087551415,23
536,6,28,0,0.010893246158957481,24
536,6,29,1,0.04210526496171951,25
536,6,30,1,0.010893246158957481,26
536,6,31,0,0.0008583691087551415,27
536,6,32,0,0.22077922523021698,28
536,6,33,1,0.22077922523021698,29
536,6,34,1,0.0008583691087551415,30
536,6,35,0,0.0,31
536,6,36,0,0.0008583691087551415,32
536,6,37,0,0.010893246158957481,33
536,6,38,0,0.04210526496171951,34
536,6,39,1,0.04210526496171951,35
536,6,40,1,0.0008583691087551415,36
537,4,5,1,0.9682539701461792,1
537,4,6,0,0.04210526496171951,2
537,4,7,1,0.0008583691087551415,3
537,4,8,0,0.04210526496171951,4
537,4,9,1,0.024390242993831635,5
537,4,10,1,0.14705882966518402,6
537,4,11,1,0.22077922523021698,7
537,4,12,0,0.0,8
537,4,13,1,0.6666666865348816,9
537,4,14,0,0.0,10
537,4,15,0,0.22077922523021698,11
537,4,16,1,0.9931662678718567,12
537,4,17,0,0.0008583691087551415,13
537,4,18,1,0.22077922523021698,14
537,4,19,0,0.0008583691087551415,15
537,4,20,0,0.22077922523021698,16
537,4,21,0,0.0008583691087551415,17
537,4,22,0,0.14705882966518402,18
537,4,23,1,0.9931662678718567,19
537,4,24,0,0.0008583691087551415,20
537,4,25,0,0.010893246158957481,21
537,4,26,0,0.010893246158957481,22
537,4,27,0,0.010893246158957481,23
537,4,28,1,1.0,24
537,4,29,1,0.931034505367279,25
537,4,30,0,0.024390242993831635,26
537,4,31,1,0.9931662678718567,27
537,4,32,0,0.0008583691087551415,28
537,4,33,0,0.010893246158957481,29
537,4,34,0,0.010893246158957481,30
537,4,35,0,0.0008583691087551415,31
537,4,36,0,0.01149425283074379,32
537,4,37,0,0.024390242993831635,33
537,4,38,0,0.0008583691087551415,34
537,4,39,0,0.010893246158957481,35
537,4,40,0,0.0008583691087551415,36
538,6,5,0,0.22077922523021698,1
538,6,6,0,0.6666666865348816,2
538,6,7,0,0.04210526496171951,3
538,6,8,0,0.04210526496171951,4
538,6,9,0,0.14705882966518402,5
538,6,10,0,0.4000000059604645,6
538,6,11,0,0.6451523303985596,7
538,6,12,0,0.22077922523021698,8
538,6,13,0,0.14705882966518402,9
538,6,14,0,0.6190240979194641,10
538,6,15,0,0.7027027010917664,11
538,6,16,0,0.32400399446487427,12
538,6,17,1,0.9682539701461792,13
538,6,18,1,0.9682539701461792,14
538,6,19,1,0.931034505367279,15
538,6,20,1,0.010893246158957481,16
538,6,21,0,0.0,17
538,6,22,0,0.010893246158957481,18
538,6,23,0,0.010893246158957481,19
538,6,24,1,0.0008583691087551415,20
538,6,25,1,0.024390242993831635,21
538,6,26,1,0.22077922523021698,22
538,6,27,1,0.0008583691087551415,23
538,6,28,0,0.010893246158957481,24
538,6,29,1,0.04210526496171951,25
538,6,30,1,0.010893246158957481,26
538,6,31,0,0.0008583691087551415,27
538,6,32,0,0.22077922523021698,28
538,6,33,1,0.22077922523021698,29
538,6,34,1,0.0008583691087551415,30
538,6,35,0,0.0,31
538,6,36,0,0.0008583691087551415,32
538,6,37,0,0.010893246158957481,33
538,6,38,0,0.04210526496171951,34
538,6,39,1,0.04210526496171951,35
538,6,40,1,0.0008583691087551415,36
541,6,18,1,0.22077922523021698,1
541,6,18,1,0.04210526496171951,2
541,6,19,1,0.04210526496171951,3
541,6,20,1,0.0008583691087551415,4
541,6,21,0,0.0,5
541,6,22,0,0.010893246158957481,6
541,6,22,0,0.0008583691087551415,7
541,6,23,0,0.024390242993831635,8
541,6,24,1,0.0008583691087551415,9
541,6,25,1,0.0008583691087551415,10
541,6,26,1,0.024390242993831635,11
541,6,27,1,0.0008583691087551415,12
541,6,28,0,0.010893246158957481,13
541,6,29,1,0.04210526496171951,14
541,6,30,1,0.0,15
541,6,31,0,0.0,16
541,6,32,0,0.0,17
541,6,33,1,0.0,18
541,6,34,1,0.0,19
541,6,35,0,0.0,20
541,6,36,0,0.0008583691087551415,21
541,6,37,0,0.0008583691087551415,22
541,6,38,0,0.0008583691087551415,23
541,6,39,1,0.0008583691087551415,24
541,6,40,1,0.0,25
543,6,17,1,0.22077922523021698,1
543,6,18,1,0.010893246158957481,2
543,6,19,1,0.0,3
543,6,20,1,0.0,4
543,6,21,0,0.0,5
543,6,22,0,0.0008583691087551415,6
543,6,23,0,0.010893246158957481,7
543,6,24,1,0.0,8
543,6,25,1,0.0,9
543,6,26,1,0.0008583691087551415,10
543,6,27,1,0.0,11
543,6,28,0,0.0008583691087551415,12
543,6,29,1,0.0008583691087551415,13
543,6,30,1,0.0,14
543,6,31,1,0.0,15
543,6,32,0,0.0,16
543,6,33,1,0.0008583691087551415,17
543,6,34,1,0.0,18
543,6,35,0,0.0,19
543,6,36,0,0.010893246158957481,20
543,6,37,0,0.01149425283074379,21
543,6,38,0,0.01149425283074379,22
543,6,39,1,0.010893246158957481,23
543,6,40,1,0.0,24
544,6,17,1,0.22077922523021698,1
544,6,18,1,0.010893246158957481,2
544,6,19,1,0.0,3
544,6,20,1,0.0,4
544,6,21,0,0.0,5
544,6,22,0,0.0008583691087551415,6
544,6,23,0,0.010893246158957481,7
544,6,24,1,0.0,8
544,6,25,1,0.0,9
544,6,26,1,0.0008583691087551415,10
544,6,27,1,0.0,11
544,6,28,0,0.0008583691087551415,12
544,6,29,0,0.0008583691087551415,13
544,6,30,1,0.0,14
544,6,31,1,0.0,15
544,6,32,0,0.0008583691087551415,16
544,6,33,1,0.0,17
544,6,34,1,0.0,18
544,6,35,0,0.0,19
544,6,36,0,0.010893246158957481,20
544,6,37,0,0.024390242993831635,21
544,6,38,0,0.010893246158957481,22
544,6,39,1,0.010893246158957481,23
544,6,40,1,0.0,24
546,5,33,1,0.4000000059604645,1
546,5,34,0,0.024390242993831635,2
546,5,35,0,0.01149425283074379,3
546,5,36,1,0.01149425283074379,4
546,5,37,0,0.010893246158957481,5
546,5,38,0,0.04210526496171951,6
546,5,39,0,0.22077922523021698,7
546,5,40,0,0.22077922523021698,8
546,6,1,0,0.010893246158957481,9
546,6,2,0,0.0008583691087551415,10
546,6,3,0,0.024390242993831635,11
546,6,4,0,0.4567312002182007,12
546,6,5,0,0.14705882966518402,13
546,6,6,0,0.6000000238418579,14
546,6,7,0,0.22077922523021698,15
546,6,8,0,0.22077922523021698,16
546,6,9,0,0.22077922523021698,17
546,6,10,1,0.8055555820465088,18
546,6,11,0,0.931034505367279,19
546,6,12,0,0.6666666865348816,20
546,6,13,1,0.6000000238418579,21
546,6,14,0,0.14705882966518402,22
546,6,15,0,0.931034505367279,23
546,6,16,0,0.6666666865348816,24
546,6,17,0,0.931034505367279,25
546,6,18,0,0.6666666865348816,26
546,6,19,1,0.6666666865348816,27
546,6,20,1,0.5705569386482239,28
546,6,21,0,0.22077922523021698,29
546,6,22,0,0.9682539701461792,30
546,6,23,0,0.7548860311508179,31
546,6,24,1,0.7027027010917664,32
546,6,25,1,0.14705882966518402,33
546,6,26,1,0.22077922523021698,34
546,6,27,1,0.01149425283074379,35
546,6,28,0,0.0008583691087551415,36
546,6,29,1,0.024390242993831635,37
546,6,30,0,0.010893246158957481,38
546,6,31,1,0.0008583691087551415,39
546,6,32,0,0.0008583691087551415,40
546,6,33,1,0.010893246158957481,41
546,6,34,1,0.0,42
546,6,35,0,0.0,43
546,6,36,0,0.0008583691087551415,44
546,6,37,0,0.04210526496171951,45
546,6,38,0,0.01149425283074379,46
546,6,39,1,0.14705882966518402,47
546,6,40,1,0.0,48
551,5,33,1,0.6000000238418579,1
551,5,34,0,0.024390242993831635,2
551,5,35,0,0.04210526496171951,3
551,5,36,1,0.024390242993831635,4
551,5,37,0,0.010893246158957481,5
551,5,38,0,0.14705882966518402,6
551,5,39,1,0.22077922523021698,7
551,5,40,0,0.14705882966518402,8
551,6,1,0,0.0008583691087551415,9
551,6,2,0,0.0008583691087551415,10
551,6,3,0,0.024390242993831635,11
551,6,4,0,0.04210526496171951,12
551,6,5,0,0.14705882966518402,13
551,6,6,0,0.04210526496171951,14
551,6,7,0,0.024390242993831635,15
551,6,8,0,0.04210526496171951,16
551,6,9,0,0.22077922523021698,17
551,6,10,0,0.22077922523021698,18
551,6,11,0,0.22077922523021698,19
551,6,12,0,0.14705882966518402,20
551,6,13,0,0.22077922523021698,21
551,6,14,0,0.22077922523021698,22
551,6,15,0,0.7027027010917664,23
551,6,16,0,0.22077922523021698,24
551,6,17,1,0.8055555820465088,25
551,6,18,1,0.8055555820465088,26
551,6,19,1,0.22077922523021698,27
551,6,20,1,0.04210526496171951,28
551,6,21,0,0.0008583691087551415,29
551,6,22,0,0.14705882966518402,30
551,6,23,0,0.04210526496171951,31
551,6,24,1,0.024390242993831635,32
551,6,25,1,0.024390242993831635,33
551,6,26,1,0.14705882966518402,34
551,6,27,1,0.010893246158957481,35
551,6,28,0,0.0008583691087551415,36
551,6,29,1,0.14705882966518402,37
551,6,30,0,0.010893246158957481,38
551,6,31,0,0.0008583691087551415,39
551,6,32,0,0.04210526496171951,40
551,6,33,1,0.22077922523021698,41
551,6,34,1,0.0008583691087551415,42
551,6,35,0,0.0,43
551,6,36,0,0.0008583691087551415,44
551,6,37,0,0.024390242993831635,45
551,6,38,0,0.010893246158957481,46
551,6,39,1,0.22077922523021698,47
551,6,40,1,0.0008583691087551415,48
552,6,5,0,0.22077922523021698,1
552,6,6,0,0.6000000238418579,2
552,6,7,0,0.04210526496171951,3
552,6,8,0,0.04210526496171951,4
552,6,9,0,0.04210526496171951,5
552,6,10,0,0.14705882966518402,6
552,6,11,0,0.5749377012252808,7
552,6,12,0,0.04210526496171951,8
552,6,13,0,0.04210526496171951,9
552,6,14,0,0.22077922523021698,10
552,6,15,0,0.7027027010917664,11
552,6,16,0,0.22077922523021698,12
552,6,17,1,0.9682539701461792,13
552,6,18,1,0.931034505367279,14
552,6,19,1,0.9682539701461792,15
552,6,20,1,0.010893246158957481,16
552,6,21,0,0.0,17
552,6,22,0,0.010893246158957481,18
552,6,23,0,0.010893246158957481,19
552,6,24,1,0.0008583691087551415,20
552,6,25,1,0.024390242993831635,21
552,6,26,1,0.22077922523021698,22
552,6,27,1,0.0008583691087551415,23
552,6,28,0,0.0008583691087551415,24
552,6,29,1,0.024390242993831635,25
552,6,30,0,0.010893246158957481,26
552,6,31,0,0.0008583691087551415,27
552,6,32,0,0.22077922523021698,28
552,6,33,1,0.14705882966518402,29
552,6,34,1,0.0008583691087551415,30
552,6,35,0,0.0,31
552,6,36,0,0.0008583691087551415,32
552,6,37,0,0.0008583691087551415,33
552,6,38,0,0.0008583691087551415,34
552,6,39,1,0.14705882966518402,35
552,6,40,1,0.0,36
555,6,5,0,0.22077922523021698,1
555,6,6,0,0.6000000238418579,2
555,6,7,0,0.04210526496171951,3
555,6,8,0,0.04210526496171951,4
555,6,9,0,0.04210526496171951,5
555,6,10,0,0.14705882966518402,6
555,6,11,0,0.5749377012252808,7
555,6,12,0,0.04210526496171951,8
555,6,13,0,0.04210526496171951,9
555,6,14,0,0.22077922523021698,10
555,6,15,0,0.7027027010917664,11
555,6,16,0,0.22077922523021698,12
555,6,17,1,0.9682539701461792,13
555,6,18,1,0.931034505367279,14
555,6,19,1,0.9682539701461792,15
555,6,20,1,0.010893246158957481,16
555,6,21,0,0.0,17
555,6,22,0,0.010893246158957481,18
555,6,23,0,0.010893246158957481,19
555,6,24,1,0.0008583691087551415,20
555,6,25,1,0.024390242993831635,21
555,6,26,1,0.22077922523021698,22
555,6,27,1,0.0008583691087551415,23
555,6,28,0,0.0008583691087551415,24
555,6,29,1,0.024390242993831635,25
555,6,30,0,0.010893246158957481,26
555,6,31,0,0.0008583691087551415,27
555,6,32,0,0.22077922523021698,28
555,6,33,1,0.14705882966518402,29
555,6,34,1,0.0008583691087551415,30
555,6,35,0,0.0,31
555,6,36,0,0.0008583691087551415,32
555,6,37,0,0.0008583691087551415,33
555,6,38,0,0.0008583691087551415,34
555,6,39,1,0.14705882966518402,35
555,6,40,1,0.0,36
557,4,17,0,0.931034505367279,1
557,4,18,1,0.22077922523021698,2
557,4,19,0,0.4000000059604645,3
557,4,20,1,0.6666666865348816,4
557,4,21,0,0.024390242993831635,5
557,4,22,1,0.9682539701461792,6
557,4,23,1,0.5555555820465088,7
557,4,24,0,0.14705882966518402,8
557,4,25,0,0.22077922523021698,9
557,4,26,0,0.6666666865348816,10
557,4,27,0,0.22077922523021698,11
557,4,28,1,0.8055555820465088,12
557,4,29,1,0.22077922523021698,13
557,4,30,0,0.14705882966518402,14
557,4,31,1,0.931034505367279,15
557,4,32,0,0.0008583691087551415,16
557,4,33,0,0.010893246158957481,17
557,4,34,0,0.010893246158957481,18
557,4,35,0,0.14705882966518402,19
557,4,36,0,0.931034505367279,20
557,4,37,0,0.6662030816078186,21
557,4,38,0,0.04210526496171951,22
557,4,39,0,0.024390242993831635,23
557,4,40,0,0.01149425283074379,24
558,4,5,1,0.9682539701461792,1
558,4,6,0,0.04210526496171951,2
558,4,7,1,0.0008583691087551415,3
558,4,8,0,0.024390242993831635,4
558,4,9,1,0.0008583691087551415,5
558,4,10,1,0.04210526496171951,6
558,4,11,1,0.14705882966518402,7
558,4,12,0,0.0,8
558,4,13,1,0.5002079606056213,9
558,4,14,0,0.0,10
558,4,15,0,0.04210526496171951,11
558,4,16,1,0.5555555820465088,12
558,4,17,0,0.0,13
558,4,18,0,0.04210526496171951,14
558,4,19,0,0.04210526496171951,15
558,4,20,0,0.22077922523021698,16
558,4,21,0,0.04210526496171951,17
558,4,22,1,0.6666666865348816,18
558,4,23,1,0.9682539701461792,19
558,4,24,0,0.04210526496171951,20
558,4,25,0,0.01149425283074379,21
558,4,26,0,0.04210526496171951,22
558,4,27,0,0.04210526496171951,23
558,4,28,1,0.9940828680992126,24
558,4,29,1,0.931034505367279,25
558,4,30,0,0.22077922523021698,26
558,4,31,1,0.9931662678718567,27
558,4,32,0,0.0008583691087551415,28
558,4,33,0,0.01149425283074379,29
558,4,34,0,0.024390242993831635,30
558,4,35,0,0.010893246158957481,31
558,4,36,0,0.04210526496171951,32
558,4,37,0,0.04210526496171951,33
558,4,38,0,0.010893246158957481,34
558,4,39,0,0.0008583691087551415,35
558,4,40,0,0.0008583691087551415,36
559,6,5,0,0.2456773817539215,1
559,6,6,0,0.3628266751766205,2
559,6,7,0,0.22077922523021698,3
559,6,8,0,0.22077922523021698,4
559,6,9,0,0.04210526496171951,5
559,6,10,0,0.22077922523021698,6
559,6,11,0,0.22077922523021698,7
559,6,12,0,0.22077922523021698,8
559,6,13,0,0.1987888216972351,9
559,6,14,0,0.6725977659225464,10
559,6,15,0,0.5818718075752258,11
559,6,16,0,0.5974198579788208,12
559,6,17,0,0.6666666865348816,13
559,6,18,1,0.6000000238418579,14
559,6,19,1,0.931034505367279,15
559,6,20,1,0.6619530916213989,16
559,6,21,0,0.04210526496171951,17
559,6,22,0,0.7027027010917664,18
559,6,23,0,0.22077922523021698,19
559,6,24,1,0.46971040964126587,20
559,6,25,1,0.04210526496171951,21
559,6,26,1,0.04210526496171951,22
559,6,27,1,0.0008583691087551415,23
559,6,28,0,0.01149425283074379,24
559,6,29,1,0.01115759089589119,25
559,6,30,0,0.0008583691087551415,26
559,6,31,1,0.0,27
559,6,32,0,0.024390242993831635,28
559,6,33,1,0.00954777467995882,29
559,6,34,1,0.0,30
559,6,35,0,0.0,31
559,6,36,0,0.010893246158957481,32
559,6,37,0,0.010893246158957481,33
559,6,38,0,0.010893246158957481,34
559,6,39,1,0.024390242993831635,35
559,6,40,1,0.0,36
560,4,33,0,0.22077922523021698,1
560,4,34,0,0.22077922523021698,2
560,4,35,0,0.22077922523021698,3
560,4,36,0,0.4000000059604645,4
560,4,37,0,0.22077922523021698,5
560,4,38,0,0.22077922523021698,6
560,4,39,0,0.14705882966518402,7
560,4,40,0,0.14705882966518402,8
560,6,1,0,0.22077922523021698,9
560,6,2,0,0.14705882966518402,10
560,6,3,0,0.22077922523021698,11
560,6,4,0,0.6666666865348816,12
560,6,5,0,0.22077922523021698,13
560,6,6,0,0.6000000238418579,14
560,6,7,0,0.14705882966518402,15
560,6,8,0,0.14705882966518402,16
560,6,9,0,0.14705882966518402,17
560,6,10,0,0.22077922523021698,18
560,6,11,0,0.22077922523021698,19
560,6,12,0,0.22077922523021698,20
560,6,13,0,0.04210526496171951,21
560,6,14,0,0.22077922523021698,22
560,6,15,0,0.22077922523021698,23
560,6,16,0,0.22077922523021698,24
560,6,17,1,0.22077922523021698,25
560,6,18,1,0.9940828680992126,26
560,6,19,1,1.0,27
560,6,20,1,0.931034505367279,28
560,6,21,0,0.22077922523021698,29
560,6,22,0,0.7027027010917664,30
560,6,23,0,0.7027027010917664,31
560,6,24,1,0.7027027010917664,32
560,6,25,1,0.22077922523021698,33
560,6,26,1,0.14705882966518402,34
560,6,27,1,0.010893246158957481,35
560,6,28,0,0.010893246158957481,36
560,6,29,0,0.024390242993831635,37
560,6,30,0,0.010893246158957481,38
560,6,31,1,0.0008583691087551415,39
560,6,32,0,0.22077922523021698,40
560,6,33,1,0.14705882966518402,41
560,6,34,1,0.0008583691087551415,42
560,6,35,0,0.0008583691087551415,43
560,6,36,0,0.010893246158957481,44
560,6,37,0,0.14705882966518402,45
560,6,38,0,0.14705882966518402,46
560,6,39,1,0.22077922523021698,47
560,6,40,1,0.0,48
561,3,17,0,0.931034505367279,1
561,3,18,0,0.01149425283074379,2
561,3,19,1,0.04210526496171951,3
561,3,20,1,0.01149425283074379,4
561,3,21,0,0.010893246158957481,5
561,3,22,1,0.22077922523021698,6
561,3,23,0,0.04210526496171951,7
561,3,24,0,0.6059054136276245,8
561,3,25,0,0.5555555820465088,9
561,3,26,1,0.85303795337677,10
561,3,27,0,0.010893246158957481,11
561,3,28,1,0.9682539701461792,12
561,3,29,1,0.5555555820465088,13
561,3,30,0,0.0008583691087551415,14
561,3,31,0,0.14705882966518402,15
561,3,32,1,0.6666666865348816,16
561,3,33,0,0.010893246158957481,17
561,3,34,0,0.7027027010917664,18
561,3,35,0,0.14705882966518402,19
561,3,36,1,0.9931662678718567,20
561,3,37,0,0.8055555820465088,21
561,3,38,0,0.04210526496171951,22
561,3,39,0,0.14705882966518402,23
561,3,40,0,0.010893246158957481,24
562,6,5,0,0.2456773817539215,1
562,6,6,0,0.3628266751766205,2
562,6,7,0,0.22077922523021698,3
562,6,8,0,0.22077922523021698,4
562,6,9,0,0.04210526496171951,5
562,6,10,0,0.22077922523021698,6
562,6,11,0,0.22077922523021698,7
562,6,12,0,0.22077922523021698,8
562,6,13,0,0.1987888216972351,9
562,6,14,0,0.6725977659225464,10
562,6,15,0,0.5818718075752258,11
562,6,16,0,0.5974198579788208,12
562,6,17,1,0.6666666865348816,13
562,6,18,1,1.0,14
562,6,19,1,0.9940828680992126,15
562,6,20,1,0.22077922523021698,16
562,6,21,0,0.01149425283074379,17
562,6,22,0,0.22077922523021698,18
562,6,23,0,0.14705882966518402,19
562,6,24,1,0.14705882966518402,20
562,6,25,1,0.04210526496171951,21
562,6,26,1,0.14705882966518402,22
562,6,27,1,0.010893246158957481,23
562,6,28,0,0.010893246158957481,24
562,6,29,1,0.01149425283074379,25
562,6,30,1,0.0008583691087551415,26
562,6,31,1,0.0008583691087551415,27
562,6,32,0,0.024390242993831635,28
562,6,33,1,0.024390242993831635,29
562,6,34,1,0.0,30
562,6,35,0,0.0,31
562,6,36,0,0.010893246158957481,32
562,6,37,0,0.024390242993831635,33
562,6,38,0,0.010893246158957481,34
562,6,39,1,0.024390242993831635,35
562,6,40,1,0.0,36
564,4,5,1,0.9682539701461792,1
564,4,6,0,0.04210526496171951,2
564,4,7,1,0.0008583691087551415,3
564,4,8,0,0.024390242993831635,4
564,4,9,1,0.0008583691087551415,5
564,4,10,1,0.04210526496171951,6
564,4,11,1,0.14705882966518402,7
564,4,12,0,0.0,8
564,4,13,1,0.5002079606056213,9
564,4,14,0,0.0,10
564,4,15,0,0.04210526496171951,11
564,4,16,1,0.5555555820465088,12
564,4,17,0,0.0,13
564,4,18,1,0.04210526496171951,14
564,4,19,0,0.01149425283074379,15
564,4,20,1,0.14705882966518402,16
564,4,21,0,0.010893246158957481,17
564,4,22,1,0.04210526496171951,18
564,4,23,1,0.931034505367279,19
564,4,24,0,0.010893246158957481,20
564,4,25,0,0.0008583691087551415,21
564,4,26,0,0.0008583691087551415,22
564,4,27,0,0.010893246158957481,23
564,4,28,1,0.9931662678718567,24
564,4,29,1,0.931034505367279,25
564,4,30,0,0.14705882966518402,26
564,4,31,1,0.9931662678718567,27
564,4,32,0,0.0008583691087551415,28
564,4,33,0,0.04210526496171951,29
564,4,34,0,0.024390242993831635,30
564,4,35,0,0.010893246158957481,31
564,4,36,0,0.04210526496171951,32
564,4,37,0,0.024390242993831635,33
564,4,38,0,0.010893246158957481,34
564,4,39,0,0.0008583691087551415,35
564,4,40,0,0.0008583691087551415,36
566,4,5,1,0.9682539701461792,1
566,4,6,0,0.04210526496171951,2
566,4,7,1,0.010893246158957481,3
566,4,8,0,0.04210526496171951,4
566,4,9,1,0.010893246158957481,5
566,4,10,1,0.22077922523021698,6
566,4,11,1,0.22077922523021698,7
566,4,12,0,0.0,8
566,4,13,1,0.22077922523021698,9
566,4,14,0,0.0,10
566,4,15,0,0.14705882966518402,11
566,4,16,1,0.6666666865348816,12
566,4,17,0,0.0,13
566,4,18,1,0.14705882966518402,14
566,4,19,0,0.01149425283074379,15
566,4,20,1,0.22077922523021698,16
566,4,21,0,0.010893246158957481,17
566,4,22,0,0.024390242993831635,18
566,4,23,1,0.9931662678718567,19
566,4,24,0,0.010893246158957481,20
566,4,25,0,0.010893246158957481,21
566,4,26,0,0.0008583691087551415,22
566,4,27,0,0.024390242993831635,23
566,4,28,1,0.9940828680992126,24
566,4,29,1,0.931034505367279,25
566,4,30,0,0.22077922523021698,26
566,4,31,1,0.9931662678718567,27
566,4,32,0,0.0008583691087551415,28
566,4,33,0,0.024390242993831635,29
566,4,34,0,0.04210526496171951,30
566,4,35,0,0.01149425283074379,31
566,4,36,0,0.04210526496171951,32
566,4,37,0,0.024390242993831635,33
566,4,38,0,0.010893246158957481,34
566,4,39,0,0.010893246158957481,35
566,4,40,0,0.0008583691087551415,36
570,4,33,0,0.4000000059604645,1
570,4,34,0,0.14705882966518402,2
570,4,35,0,0.010893246158957481,3
570,4,36,0,0.010893246158957481,4
570,4,37,0,0.0008583691087551415,5
570,4,38,0,0.011491890996694565,6
570,4,39,0,0.0008583691087551415,7
570,4,40,0,0.0008583691087551415,8
570,6,1,0,0.024390242993831635,9
570,6,2,0,0.024390242993831635,10
570,6,3,0,0.024390242993831635,11
570,6,4,0,0.14705882966518402,12
570,6,5,0,0.14705882966518402,13
570,6,6,0,0.22077922523021698,14
570,6,7,0,0.024390242993831635,15
570,6,8,0,0.024390242993831635,16
570,6,9,0,0.010893246158957481,17
570,6,10,1,0.04210526496171951,18
570,6,11,0,0.14705882966518402,19
570,6,12,0,0.04210526496171951,20
570,6,13,1,0.024390242993831635,21
570,6,14,0,0.030036913231015205,22
570,6,15,0,0.22077922523021698,23
570,6,16,0,0.22077922523021698,24
570,6,17,0,0.6666666865348816,25
570,6,18,0,0.6666666865348816,26
570,6,19,1,0.6666666865348816,27
570,6,20,1,0.8055555820465088,28
570,6,21,0,0.7027027010917664,29
570,6,22,0,0.931034505367279,30
570,6,23,0,0.7027027010917664,31
570,6,24,1,0.6666666865348816,32
570,6,25,1,0.14705882966518402,33
570,6,26,1,0.22077922523021698,34
570,6,27,1,0.010893246158957481,35
570,6,28,0,0.0,36
570,6,29,1,0.024390242993831635,37
570,6,30,0,0.010893246158957481,38
570,6,31,1,0.010893246158957481,39
570,6,32,0,0.0008583691087551415,40
570,6,33,1,0.04210526496171951,41
570,6,34,1,0.0,42
570,6,35,0,0.0008583691087551415,43
570,6,36,0,0.010893246158957481,44
570,6,37,0,0.22077922523021698,45
570,6,38,0,0.14705882966518402,46
570,6,39,1,0.4000000059604645,47
570,6,40,1,0.0,48
571,4,33,0,0.4000000059604645,1
571,4,34,0,0.14705882966518402,2
571,4,35,0,0.010893246158957481,3
571,4,36,0,0.010893246158957481,4
571,4,37,0,0.0008583691087551415,5
571,4,38,0,0.011491890996694565,6
571,4,39,0,0.0008583691087551415,7
571,4,40,0,0.0008583691087551415,8
571,6,1,0,0.024390242993831635,9
571,6,2,0,0.024390242993831635,10
571,6,3,0,0.024390242993831635,11
571,6,4,0,0.14705882966518402,12
571,6,5,0,0.14705882966518402,13
571,6,6,0,0.22077922523021698,14
571,6,7,0,0.024390242993831635,15
571,6,8,0,0.024390242993831635,16
571,6,9,0,0.010893246158957481,17
571,6,10,1,0.04210526496171951,18
571,6,11,0,0.14705882966518402,19
571,6,12,0,0.04210526496171951,20
571,6,13,1,0.024390242993831635,21
571,6,14,0,0.030036913231015205,22
571,6,15,0,0.22077922523021698,23
571,6,16,0,0.22077922523021698,24
571,6,17,0,0.6666666865348816,25
571,6,18,0,0.6666666865348816,26
571,6,19,1,0.6666666865348816,27
571,6,20,1,0.8055555820465088,28
571,6,21,0,0.7027027010917664,29
571,6,22,0,0.931034505367279,30
571,6,23,0,0.7027027010917664,31
571,6,24,1,0.6666666865348816,32
571,6,25,1,0.14705882966518402,33
571,6,26,1,0.22077922523021698,34
571,6,27,1,0.010893246158957481,35
571,6,28,0,0.0,36
571,6,29,1,0.024390242993831635,37
571,6,30,0,0.010893246158957481,38
571,6,31,1,0.010893246158957481,39
571,6,32,0,0.0008583691087551415,40
571,6,33,1,0.04210526496171951,41
571,6,34,1,0.0,42
571,6,35,0,0.0008583691087551415,43
571,6,36,0,0.010893246158957481,44
571,6,37,0,0.22077922523021698,45
571,6,38,0,0.14705882966518402,46
571,6,39,1,0.4000000059604645,47
571,6,40,1,0.0,48
573,4,5,0,0.9931662678718567,1
573,4,6,1,0.7027027010917664,2
573,4,7,1,0.04210526496171951,3
573,4,8,0,0.010893246158957481,4
573,4,9,1,0.22077922523021698,5
573,4,10,1,0.22077922523021698,6
573,4,11,1,0.04210526496171951,7
573,4,12,0,0.0,8
573,4,13,1,0.931034505367279,9
573,4,14,0,0.0,10
573,4,15,0,0.14705882966518402,11
573,4,16,1,0.931034505367279,12
573,4,17,0,0.0,13
573,4,18,0,0.22077922523021698,14
573,4,19,0,0.0008583691087551415,15
573,4,20,0,0.010893246158957481,16
573,4,21,0,0.0008583691087551415,17
573,4,22,1,0.22077922523021698,18
573,4,23,1,0.22077922523021698,19
573,4,24,0,0.010893246158957481,20
573,4,25,0,0.01149425283074379,21
573,4,26,0,0.010893246158957481,22
573,4,27,0,0.0008583691087551415,23
573,4,28,1,0.9931662678718567,24
573,4,29,1,0.9931662678718567,25
573,4,30,1,0.22077922523021698,26
573,4,31,1,0.931034505367279,27
573,4,32,0,0.0008583691087551415,28
573,4,33,0,0.010893246158957481,29
573,4,34,0,0.010893246158957481,30
573,4,35,0,0.0008583691087551415,31
573,4,36,0,0.010893246158957481,32
573,4,37,0,0.024390242993831635,33
573,4,38,0,0.010893246158957481,34
573,4,39,0,0.01149425283074379,35
573,4,40,0,0.0008583691087551415,36
574,4,33,0,0.4000000059604645,1
574,4,34,0,0.14705882966518402,2
574,4,35,0,0.010893246158957481,3
574,4,36,0,0.010893246158957481,4
574,4,37,0,0.0008583691087551415,5
574,4,38,0,0.011491890996694565,6
574,4,39,0,0.0008583691087551415,7
574,4,40,0,0.0008583691087551415,8
574,6,1,0,0.024390242993831635,9
574,6,2,0,0.024390242993831635,10
574,6,3,0,0.024390242993831635,11
574,6,4,0,0.14705882966518402,12
574,6,5,0,0.14705882966518402,13
574,6,6,0,0.22077922523021698,14
574,6,7,0,0.024390242993831635,15
574,6,8,0,0.024390242993831635,16
574,6,9,0,0.010893246158957481,17
574,6,10,1,0.04210526496171951,18
574,6,11,0,0.14705882966518402,19
574,6,12,0,0.04210526496171951,20
574,6,13,1,0.024390242993831635,21
574,6,14,0,0.030036913231015205,22
574,6,15,0,0.22077922523021698,23
574,6,16,0,0.22077922523021698,24
574,6,17,0,0.6666666865348816,25
574,6,18,0,0.6666666865348816,26
574,6,19,1,0.6666666865348816,27
574,6,20,1,0.8055555820465088,28
574,6,21,0,0.7027027010917664,29
574,6,22,0,0.931034505367279,30
574,6,23,0,0.7027027010917664,31
574,6,24,1,0.6666666865348816,32
574,6,25,1,0.14705882966518402,33
574,6,26,1,0.22077922523021698,34
574,6,27,1,0.010893246158957481,35
574,6,28,0,0.0,36
574,6,29,1,0.024390242993831635,37
574,6,30,0,0.010893246158957481,38
574,6,31,1,0.010893246158957481,39
574,6,32,0,0.0008583691087551415,40
574,6,33,1,0.04210526496171951,41
574,6,34,1,0.0,42
574,6,35,0,0.0008583691087551415,43
574,6,36,0,0.010893246158957481,44
574,6,37,0,0.22077922523021698,45
574,6,38,0,0.14705882966518402,46
574,6,39,1,0.4000000059604645,47
574,6,40,1,0.0,48
575,4,33,0,0.4000000059604645,1
575,4,34,0,0.14705882966518402,2
575,4,35,0,0.010893246158957481,3
575,4,36,0,0.010893246158957481,4
575,4,37,0,0.0008583691087551415,5
575,4,38,0,0.011491890996694565,6
575,4,39,0,0.0008583691087551415,7
575,4,40,0,0.0008583691087551415,8
575,6,1,0,0.024390242993831635,9
575,6,2,0,0.024390242993831635,10
575,6,3,0,0.024390242993831635,11
575,6,4,0,0.14705882966518402,12
575,6,5,0,0.14705882966518402,13
575,6,6,0,0.22077922523021698,14
575,6,7,0,0.024390242993831635,15
575,6,8,0,0.024390242993831635,16
575,6,9,0,0.010893246158957481,17
575,6,10,1,0.04210526496171951,18
575,6,11,0,0.14705882966518402,19
575,6,12,0,0.04210526496171951,20
575,6,13,1,0.024390242993831635,21
575,6,14,0,0.030036913231015205,22
575,6,15,0,0.22077922523021698,23
575,6,16,0,0.22077922523021698,24
575,6,17,0,0.6666666865348816,25
575,6,18,0,0.6666666865348816,26
575,6,19,1,0.6666666865348816,27
575,6,20,1,0.8055555820465088,28
575,6,21,0,0.7027027010917664,29
575,6,22,0,0.931034505367279,30
575,6,23,0,0.7027027010917664,31
575,6,24,1,0.6666666865348816,32
575,6,25,1,0.14705882966518402,33
575,6,26,1,0.22077922523021698,34
575,6,27,1,0.010893246158957481,35
575,6,28,0,0.0,36
575,6,29,1,0.024390242993831635,37
575,6,30,0,0.010893246158957481,38
575,6,31,1,0.010893246158957481,39
575,6,32,0,0.0008583691087551415,40
575,6,33,1,0.04210526496171951,41
575,6,34,1,0.0,42
575,6,35,0,0.0008583691087551415,43
575,6,36,0,0.010893246158957481,44
575,6,37,0,0.22077922523021698,45
575,6,38,0,0.14705882966518402,46
575,6,39,0,0.4000000059604645,47
575,6,40,1,0.0,48
580,5,33,1,0.4000000059604645,1
580,5,34,0,0.024390242993831635,2
580,5,35,0,0.01149425283074379,3
580,5,36,1,0.01149425283074379,4
580,5,37,0,0.010893246158957481,5
580,5,38,0,0.04210526496171951,6
580,5,39,0,0.22077922523021698,7
580,5,40,0,0.22077922523021698,8
580,6,1,0,0.010893246158957481,9
580,6,2,0,0.0008583691087551415,10
580,6,3,0,0.024390242993831635,11
580,6,4,0,0.4567312002182007,12
580,6,5,0,0.14705882966518402,13
580,6,6,0,0.6000000238418579,14
580,6,7,0,0.22077922523021698,15
580,6,8,0,0.22077922523021698,16
580,6,9,0,0.22077922523021698,17
580,6,10,1,0.8055555820465088,18
580,6,11,0,0.931034505367279,19
580,6,12,0,0.6666666865348816,20
580,6,13,1,0.6000000238418579,21
580,6,14,0,0.14705882966518402,22
580,6,15,0,0.931034505367279,23
580,6,16,0,0.6666666865348816,24
580,6,17,0,0.931034505367279,25
580,6,18,0,0.6666666865348816,26
580,6,19,1,0.6666666865348816,27
580,6,20,1,0.5705569386482239,28
580,6,21,0,0.22077922523021698,29
580,6,22,0,0.9682539701461792,30
580,6,23,0,0.7548860311508179,31
580,6,24,1,0.7027027010917664,32
580,6,25,1,0.14705882966518402,33
580,6,26,1,0.22077922523021698,34
580,6,27,1,0.01149425283074379,35
580,6,28,0,0.0008583691087551415,36
580,6,29,1,0.024390242993831635,37
580,6,30,0,0.010893246158957481,38
580,6,31,1,0.0008583691087551415,39
580,6,32,0,0.0008583691087551415,40
580,6,33,1,0.010893246158957481,41
580,6,34,1,0.0,42
580,6,35,0,0.0,43
580,6,36,0,0.0008583691087551415,44
580,6,37,0,0.04210526496171951,45
580,6,38,0,0.01149425283074379,46
580,6,39,0,0.14705882966518402,47
580,6,40,1,0.0,48
581,5,33,1,0.4000000059604645,1
581,5,34,0,0.024390242993831635,2
581,5,35,0,0.01149425283074379,3
581,5,36,1,0.01149425283074379,4
581,5,37,0,0.010893246158957481,5
581,5,38,0,0.04210526496171951,6
581,5,39,0,0.22077922523021698,7
581,5,40,0,0.22077922523021698,8
581,6,1,0,0.010893246158957481,9
581,6,2,0,0.0008583691087551415,10
581,6,3,0,0.024390242993831635,11
581,6,4,0,0.4567312002182007,12
581,6,5,0,0.14705882966518402,13
581,6,6,0,0.6000000238418579,14
581,6,7,0,0.22077922523021698,15
581,6,8,0,0.22077922523021698,16
581,6,9,0,0.22077922523021698,17
581,6,10,1,0.8055555820465088,18
581,6,11,0,0.931034505367279,19
581,6,12,0,0.6666666865348816,20
581,6,13,1,0.6000000238418579,21
581,6,14,0,0.14705882966518402,22
581,6,15,0,0.931034505367279,23
581,6,16,0,0.6666666865348816,24
581,6,17,0,0.931034505367279,25
581,6,18,0,0.6666666865348816,26
581,6,19,1,0.6666666865348816,27
581,6,20,1,0.5705569386482239,28
581,6,21,0,0.22077922523021698,29
581,6,22,0,0.9682539701461792,30
581,6,23,0,0.7548860311508179,31
581,6,24,1,0.7027027010917664,32
581,6,25,1,0.14705882966518402,33
581,6,26,1,0.22077922523021698,34
581,6,27,1,0.01149425283074379,35
581,6,28,0,0.0008583691087551415,36
581,6,29,1,0.024390242993831635,37
581,6,30,0,0.010893246158957481,38
581,6,31,1,0.0008583691087551415,39
581,6,32,0,0.0008583691087551415,40
581,6,33,1,0.010893246158957481,41
581,6,34,1,0.0,42
581,6,35,0,0.0,43
581,6,36,0,0.0008583691087551415,44
581,6,37,0,0.04210526496171951,45
581,6,38,0,0.01149425283074379,46
581,6,39,0,0.14705882966518402,47
581,6,40,1,0.0,48
583,5,33,1,0.4000000059604645,1
583,5,34,0,0.024390242993831635,2
583,5,35,0,0.01149425283074379,3
583,5,36,1,0.01149425283074379,4
583,5,37,0,0.010893246158957481,5
583,5,38,0,0.04210526496171951,6
583,5,39,0,0.22077922523021698,7
583,5,40,0,0.22077922523021698,8
583,6,1,0,0.010893246158957481,9
583,6,2,0,0.0008583691087551415,10
583,6,3,0,0.024390242993831635,11
583,6,4,0,0.4567312002182007,12
583,6,5,0,0.14705882966518402,13
583,6,6,0,0.6000000238418579,14
583,6,7,0,0.22077922523021698,15
583,6,8,0,0.22077922523021698,16
583,6,9,0,0.22077922523021698,17
583,6,10,1,0.8055555820465088,18
583,6,11,0,0.931034505367279,19
583,6,12,0,0.6666666865348816,20
583,6,13,1,0.6000000238418579,21
583,6,14,0,0.14705882966518402,22
583,6,15,0,0.931034505367279,23
583,6,16,0,0.6666666865348816,24
583,6,17,0,0.931034505367279,25
583,6,18,0,0.6666666865348816,26
583,6,19,1,0.6666666865348816,27
583,6,20,1,0.5705569386482239,28
583,6,21,0,0.22077922523021698,29
583,6,22,0,0.9682539701461792,30
583,6,23,0,0.7548860311508179,31
583,6,24,1,0.7027027010917664,32
583,6,25,1,0.14705882966518402,33
583,6,26,1,0.22077922523021698,34
583,6,27,1,0.01149425283074379,35
583,6,28,0,0.0008583691087551415,36
583,6,29,1,0.024390242993831635,37
583,6,30,0,0.010893246158957481,38
583,6,31,1,0.0008583691087551415,39
583,6,32,0,0.0008583691087551415,40
583,6,33,1,0.010893246158957481,41
583,6,34,1,0.0,42
583,6,35,0,0.0,43
583,6,36,0,0.0008583691087551415,44
583,6,37,0,0.04210526496171951,45
583,6,38,0,0.01149425283074379,46
583,6,39,1,0.14705882966518402,47
583,6,40,1,0.0,48
584,5,33,1,0.5922922492027283,1
584,5,34,0,0.024390242993831635,2
584,5,35,0,0.04210526496171951,3
584,5,36,1,0.010893246158957481,4
584,5,37,0,0.0008583691087551415,5
584,5,38,0,0.04210526496171951,6
584,5,39,1,0.22077922523021698,7
584,5,40,0,0.04210526496171951,8
584,6,1,0,0.010893246158957481,9
584,6,2,0,0.0008583691087551415,10
584,6,3,0,0.010893246158957481,11
584,6,4,0,0.024390242993831635,12
584,6,5,0,0.04210526496171951,13
584,6,6,0,0.04210526496171951,14
584,6,7,0,0.01149425283074379,15
584,6,8,0,0.04210526496171951,16
584,6,9,0,0.14705882966518402,17
584,6,10,0,0.22077922523021698,18
584,6,11,0,0.22077922523021698,19
584,6,12,0,0.04211760312318802,20
584,6,13,0,0.14705882966518402,21
584,6,14,0,0.22077922523021698,22
584,6,15,0,0.7027027010917664,23
584,6,16,0,0.14705882966518402,24
584,6,17,1,0.7027027010917664,25
584,6,18,0,0.8055555820465088,26
584,6,19,1,0.6105222702026367,27
584,6,20,1,0.04210526496171951,28
584,6,21,0,0.0008583691087551415,29
584,6,22,0,0.024390242993831635,30
584,6,23,0,0.024390242993831635,31
584,6,24,1,0.010893246158957481,32
584,6,25,1,0.04210526496171951,33
584,6,26,1,0.14705882966518402,34
584,6,27,1,0.010893246158957481,35
584,6,28,0,0.0008583691087551415,36
584,6,29,1,0.024390242993831635,37
584,6,30,0,0.010893246158957481,38
584,6,31,0,0.0008583691087551415,39
584,6,32,0,0.04210526496171951,40
584,6,33,1,0.22077922523021698,41
584,6,34,1,0.0008583691087551415,42
584,6,35,0,0.0,43
584,6,36,0,0.010893246158957481,44
584,6,37,0,0.04210526496171951,45
584,6,38,0,0.04210526496171951,46
584,6,39,1,0.22077922523021698,47
584,6,40,1,0.0008583691087551415,48
586,2,29,1,0.7027027010917664,1
586,2,30,1,0.010893246158957481,2
586,2,31,0,0.0,3
586,2,32,0,0.0008583691087551415,4
586,2,33,1,0.010893246158957481,5
586,2,34,0,0.0008583691087551415,6
586,2,35,0,0.024390242993831635,7
586,2,36,1,0.024390242993831635,8
586,2,37,1,0.024390242993831635,9
586,2,38,0,0.010893246158957481,10
586,2,39,1,0.22077922523021698,11
586,2,40,0,0.0008583691087551415,12
587,2,29,1,0.7027027010917664,1
587,2,30,1,0.010893246158957481,2
587,2,31,0,0.0,3
587,2,32,0,0.0008583691087551415,4
587,2,33,1,0.010893246158957481,5
587,2,34,0,0.0008583691087551415,6
587,2,35,0,0.024390242993831635,7
587,2,36,1,0.024390242993831635,8
587,2,37,1,0.024390242993831635,9
587,2,38,0,0.010893246158957481,10
587,2,39,1,0.22077922523021698,11
587,2,40,0,0.0008583691087551415,12
588,3,17,0,0.931034505367279,1
588,3,18,0,0.14705882966518402,2
588,3,19,1,0.5555555820465088,3
588,3,20,1,0.024390242993831635,4
588,3,21,0,0.010893246158957481,5
588,3,22,1,0.6132956743240356,6
588,3,23,0,0.04210526496171951,7
588,3,24,0,0.14705882966518402,8
588,3,25,0,0.149135559797287,9
588,3,26,1,0.624695897102356,10
588,3,27,0,0.0008583691087551415,11
588,3,28,1,0.9682539701461792,12
588,3,29,1,0.04210526496171951,13
588,3,30,0,0.0,14
588,3,31,0,0.010893246158957481,15
588,3,32,1,0.22077922523021698,16
588,3,33,0,0.010893246158957481,17
588,3,34,1,0.22077922523021698,18
588,3,35,0,0.0008583691087551415,19
588,3,36,1,0.6000000238418579,20
588,3,37,1,0.024390242993831635,21
588,3,38,0,0.0,22
588,3,39,0,0.010893246158957481,23
588,3,40,0,0.010893246158957481,24
591,2,29,1,0.7027027010917664,1
591,2,30,1,0.010893246158957481,2
591,2,31,0,0.0,3
591,2,32,0,0.0008583691087551415,4
591,2,33,1,0.010893246158957481,5
591,2,34,0,0.0008583691087551415,6
591,2,35,0,0.024390242993831635,7
591,2,36,1,0.024390242993831635,8
591,2,37,1,0.024390242993831635,9
591,2,38,0,0.010893246158957481,10
591,2,39,1,0.22077922523021698,11
591,2,40,0,0.0008583691087551415,12
592,4,5,1,0.9682539701461792,1
592,4,6,0,0.04210526496171951,2
592,4,7,1,0.010893246158957481,3
592,4,8,0,0.04210526496171951,4
592,4,9,1,0.010893246158957481,5
592,4,10,1,0.22077922523021698,6
592,4,11,1,0.22077922523021698,7
592,4,12,0,0.0,8
592,4,13,1,0.22077922523021698,9
592,4,14,0,0.0,10
592,4,15,0,0.14705882966518402,11
592,4,16,1,0.6666666865348816,12
592,4,17,0,0.0,13
592,4,18,1,0.14705882966518402,14
592,4,19,0,0.01149425283074379,15
592,4,20,1,0.22077922523021698,16
592,4,21,0,0.010893246158957481,17
592,4,22,0,0.024390242993831635,18
592,4,23,1,0.9931662678718567,19
592,4,24,0,0.010893246158957481,20
592,4,25,0,0.010893246158957481,21
592,4,26,0,0.0008583691087551415,22
592,4,27,0,0.024390242993831635,23
592,4,28,1,0.9940828680992126,24
592,4,29,1,0.931034505367279,25
592,4,30,0,0.22077922523021698,26
592,4,31,1,0.9931662678718567,27
592,4,32,0,0.0008583691087551415,28
592,4,33,0,0.024390242993831635,29
592,4,34,0,0.04210526496171951,30
592,4,35,0,0.01149425283074379,31
592,4,36,0,0.04210526496171951,32
592,4,37,0,0.024390242993831635,33
592,4,38,0,0.010893246158957481,34
592,4,39,0,0.010893246158957481,35
592,4,40,0,0.0008583691087551415,36
595,6,17,1,0.22077922523021698,1
595,6,18,1,0.0008583691087551415,2
595,6,19,1,0.0,3
595,6,20,1,0.0,4
595,6,21,0,0.0,5
595,6,22,0,0.0008583691087551415,6
595,6,23,0,0.0008583691087551415,7
595,6,24,1,0.0,8
595,6,25,1,0.0008583691087551415,9
595,6,26,1,0.010893246158957481,10
595,6,27,0,0.0008583691087551415,11
595,6,28,0,0.024390242993831635,12
595,6,29,1,0.0008583691087551415,13
595,6,30,1,0.0,14
595,6,31,0,0.0,15
595,6,32,0,0.010893246158957481,16
595,6,33,1,0.0008583691087551415,17
595,6,34,1,0.0,18
595,6,35,0,0.0,19
595,6,36,0,0.024390242993831635,20
595,6,37,0,0.024390242993831635,21
595,6,38,0,0.0008583691087551415,22
595,6,39,1,0.010893246158957481,23
595,6,40,1,0.0,24
597,3,17,0,0.931034505367279,1
597,3,18,0,0.14705882966518402,2
597,3,19,1,0.5555555820465088,3
597,3,20,1,0.024390242993831635,4
597,3,21,0,0.010893246158957481,5
597,3,22,1,0.6132956743240356,6
597,3,23,0,0.04210526496171951,7
597,3,24,0,0.14705882966518402,8
597,3,25,0,0.149135559797287,9
597,3,26,1,0.624695897102356,10
597,3,27,0,0.0008583691087551415,11
597,3,28,1,0.9682539701461792,12
597,3,29,1,0.04210526496171951,13
597,3,30,0,0.0,14
597,3,31,0,0.010893246158957481,15
597,3,32,1,0.22077922523021698,16
597,3,33,0,0.010893246158957481,17
597,3,34,1,0.22077922523021698,18
597,3,35,0,0.0008583691087551415,19
597,3,36,1,0.6000000238418579,20
597,3,37,1,0.024390242993831635,21
597,3,38,0,0.0,22
597,3,39,0,0.010893246158957481,23
597,3,40,0,0.010893246158957481,24
598,6,5,0,0.22077922523021698,1
598,6,6,0,0.22077922523021698,2
598,6,7,0,0.14705882966518402,3
598,6,8,0,0.14705882966518402,4
598,6,9,0,0.14705882966518402,5
598,6,10,0,0.6666666865348816,6
598,6,11,0,0.6666666865348816,7
598,6,12,0,0.4526732861995697,8
598,6,13,0,0.22077922523021698,9
598,6,14,0,0.6666666865348816,10
598,6,15,0,0.3009437024593353,11
598,6,16,0,0.6666666865348816,12
598,6,17,1,0.7027027010917664,13
598,6,18,1,0.9682539701461792,14
598,6,19,1,0.7027027010917664,15
598,6,20,1,0.010893246158957481,16
598,6,21,0,0.0008583691087551415,17
598,6,22,0,0.010893246158957481,18
598,6,23,0,0.0008583691087551415,19
598,6,24,1,0.0008583691087551415,20
598,6,25,1,0.024390242993831635,21
598,6,26,1,0.22077922523021698,22
598,6,27,1,0.01149425283074379,23
598,6,28,0,0.04210526496171951,24
598,6,29,1,0.14705882966518402,25
598,6,30,1,0.010893246158957481,26
598,6,31,0,0.0008583691087551415,27
598,6,32,0,0.22077922523021698,28
598,6,33,1,0.22077922523021698,29
598,6,34,1,0.0008583691087551415,30
598,6,35,0,0.0,31
598,6,36,0,0.04210526496171951,32
598,6,37,0,0.01149425283074379,33
598,6,38,0,0.01149425283074379,34
598,6,39,1,0.04210526496171951,35
598,6,40,1,0.0,36
600,2,29,0,0.7027027010917664,1
600,2,30,1,0.19498859345912933,2
600,2,31,0,0.010893246158957481,3
600,2,32,0,0.04210526496171951,4
600,2,33,1,0.04210526496171951,5
600,2,34,0,0.010893246158957481,6
600,2,35,0,0.024390242993831635,7
600,2,36,1,0.14705882966518402,8
600,2,37,1,0.010893246158957481,9
600,2,38,0,0.0,10
600,2,39,1,0.22077922523021698,11
600,2,40,0,0.0,12
601,3,17,0,0.931034505367279,1
601,3,18,0,0.22077922523021698,2
601,3,19,1,0.22077922523021698,3
601,3,20,1,0.010893246158957481,4
601,3,21,0,0.024390242993831635,5
601,3,22,1,0.22077922523021698,6
601,3,23,0,0.024390242993831635,7
601,3,24,0,0.20489627122879028,8
601,3,25,0,0.22077922523021698,9
601,3,26,1,0.931034505367279,10
601,3,27,0,0.010893246158957481,11
601,3,28,1,0.931034505367279,12
601,3,29,1,0.4000000059604645,13
601,3,30,0,0.0,14
601,3,31,0,0.010893246158957481,15
601,3,32,1,0.22077922523021698,16
601,3,33,0,0.0008583691087551415,17
601,3,34,1,0.4000000059604645,18
601,3,35,0,0.0,19
601,3,36,1,0.22077922523021698,20
601,3,37,1,0.14705882966518402,21
601,3,38,0,0.0,22
601,3,39,0,0.0008583691087551415,23
601,3,40,0,0.0008583691087551415,24
602,6,17,1,0.22077922523021698,1
602,6,18,1,0.0,2
602,6,19,1,0.0,3
602,6,20,1,0.0,4
602,6,21,0,0.0,5
602,6,22,0,0.0008583691087551415,6
602,6,23,0,0.0008583691087551415,7
602,6,24,1,0.010893246158957481,8
602,6,25,1,0.0,9
602,6,26,1,0.0008583691087551415,10
602,6,27,0,0.0008583691087551415,11
602,6,28,0,0.010893246158957481,12
602,6,29,1,0.0008583691087551415,13
602,6,30,1,0.0,14
602,6,31,0,0.0008583691087551415,15
602,6,32,0,0.04210526496171951,16
602,6,33,1,0.04210526496171951,17
602,6,34,1,0.0008583691087551415,18
602,6,35,0,0.0,19
602,6,36,0,0.04210526496171951,20
602,6,37,0,0.010893246158957481,21
602,6,38,0,0.024390242993831635,22
602,6,39,1,0.04210526496171951,23
602,6,40,1,0.0,24
603,5,33,1,0.5745000839233398,1
603,5,34,0,0.024390242993831635,2
603,5,35,0,0.024390242993831635,3
603,5,36,1,0.010893246158957481,4
603,5,37,0,0.0008583691087551415,5
603,5,38,0,0.14705882966518402,6
603,5,39,1,0.22077922523021698,7
603,5,40,0,0.14705882966518402,8
603,6,1,0,0.0008583691087551415,9
603,6,2,0,0.0008583691087551415,10
603,6,3,0,0.010893246158957481,11
603,6,4,0,0.04210526496171951,12
603,6,5,0,0.04210526496171951,13
603,6,6,0,0.14705882966518402,14
603,6,7,0,0.024390242993831635,15
603,6,8,0,0.14705882966518402,16
603,6,9,0,0.22077922523021698,17
603,6,10,0,0.22077922523021698,18
603,6,11,0,0.22077922523021698,19
603,6,12,0,0.22077922523021698,20
603,6,13,0,0.22077922523021698,21
603,6,14,0,0.6666666865348816,22
603,6,15,0,0.6666666865348816,23
603,6,16,0,0.22077922523021698,24
603,6,17,1,0.8055555820465088,25
603,6,18,1,0.931034505367279,26
603,6,19,1,0.3361186683177948,27
603,6,20,1,0.024390242993831635,28
603,6,21,0,0.0008583691087551415,29
603,6,22,0,0.14705882966518402,30
603,6,23,0,0.024390242993831635,31
603,6,24,1,0.04210526496171951,32
603,6,25,1,0.01149425283074379,33
603,6,26,1,0.14705882966518402,34
603,6,27,1,0.0008583691087551415,35
603,6,28,0,0.010893246158957481,36
603,6,29,1,0.024390242993831635,37
603,6,30,1,0.010893246158957481,38
603,6,31,0,0.0008583691087551415,39
603,6,32,0,0.14705882966518402,40
603,6,33,1,0.22077922523021698,41
603,6,34,1,0.010893246158957481,42
603,6,35,0,0.0008583691087551415,43
603,6,36,0,0.14705882966518402,44
603,6,37,0,0.6000000238418579,45
603,6,38,0,0.22077922523021698,46
603,6,39,1,0.22077922523021698,47
603,6,40,1,0.0008583691087551415,48
604,6,5,0,0.22077922523021698,1
604,6,6,0,0.5953891277313232,2
604,6,7,0,0.024390242993831635,3
604,6,8,0,0.04210526496171951,4
604,6,9,0,0.04210526496171951,5
604,6,10,0,0.22077922523021698,6
604,6,11,0,0.4000000059604645,7
604,6,12,0,0.22077922523021698,8
604,6,13,0,0.14705882966518402,9
604,6,14,0,0.4000000059604645,10
604,6,15,0,0.6666666865348816,11
604,6,16,0,0.22077922523021698,12
604,6,17,1,0.931034505367279,13
604,6,18,1,0.931034505367279,14
604,6,19,1,0.9682539701461792,15
604,6,20,1,0.01149425283074379,16
604,6,21,0,0.0,17
604,6,22,0,0.024390242993831635,18
604,6,23,0,0.010893246158957481,19
604,6,24,1,0.01149425283074379,20
604,6,25,1,0.01149425283074379,21
604,6,26,1,0.22077922523021698,22
604,6,27,0,0.0008583691087551415,23
604,6,28,0,0.024390242993831635,24
604,6,29,1,0.01149425283074379,25
604,6,30,1,0.01149425283074379,26
604,6,31,0,0.04210526496171951,27
604,6,32,0,0.6666666865348816,28
604,6,33,1,0.22077922523021698,29
604,6,34,1,0.024390242993831635,30
604,6,35,0,0.0,31
604,6,36,0,0.01149425283074379,32
604,6,37,0,0.024390242993831635,33
604,6,38,0,0.14705882966518402,34
604,6,39,1,0.22077922523021698,35
604,6,40,1,0.0008583691087551415,36
605,5,5,1,0.9682539701461792,1
605,5,6,0,0.04210526496171951,2
605,5,7,0,0.0008583691087551415,3
605,5,8,1,0.010893246158957481,4
605,5,9,0,0.024390242993831635,5
605,5,10,1,0.22077922523021698,6
605,5,11,1,0.01149425283074379,7
605,5,12,0,0.0,8
605,5,13,1,0.7027027010917664,9
605,5,14,0,0.0,10
605,5,15,0,0.0,11
605,5,16,0,0.04210526496171951,12
605,5,17,0,0.04210526496171951,13
605,5,18,1,0.9682539701461792,14
605,5,19,1,0.15940937399864197,15
605,5,20,1,0.6666666865348816,16
605,5,21,0,0.0,17
605,5,22,0,0.04210526496171951,18
605,5,23,0,0.024390242993831635,19
605,5,24,1,0.931034505367279,20
605,5,25,0,0.0,21
605,5,26,0,0.010893246158957481,22
605,5,27,0,0.010893246158957481,23
605,5,28,1,0.9931662678718567,24
605,5,29,0,0.0008583691087551415,25
605,5,30,0,0.010893246158957481,26
605,5,31,0,0.010893246158957481,27
605,5,32,0,0.010893246158957481,28
605,5,33,1,0.931034505367279,29
605,5,34,0,0.0008583691087551415,30
605,5,35,0,0.04210526496171951,31
605,5,36,1,0.8055555820465088,32
605,5,37,0,0.0008583691087551415,33
605,5,38,0,0.04210526496171951,34
605,5,39,1,0.7027027010917664,35
605,5,40,0,0.0008583691087551415,36
606,2,29,0,0.7027027010917664,1
606,2,30,1,0.19498859345912933,2
606,2,31,0,0.010893246158957481,3
606,2,32,0,0.04210526496171951,4
606,2,33,1,0.04210526496171951,5
606,2,34,0,0.010893246158957481,6
606,2,35,0,0.024390242993831635,7
606,2,36,1,0.14705882966518402,8
606,2,37,1,0.010893246158957481,9
606,2,38,0,0.0,10
606,2,39,1,0.22077922523021698,11
606,2,40,0,0.0,12
607,5,33,1,0.5745000839233398,1
607,5,34,0,0.024390242993831635,2
607,5,35,0,0.024390242993831635,3
607,5,36,1,0.010893246158957481,4
607,5,37,0,0.0008583691087551415,5
607,5,38,0,0.14705882966518402,6
607,5,39,1,0.22077922523021698,7
607,5,40,0,0.14705882966518402,8
607,6,1,0,0.0008583691087551415,9
607,6,2,0,0.0008583691087551415,10
607,6,3,0,0.010893246158957481,11
607,6,4,0,0.04210526496171951,12
607,6,5,0,0.04210526496171951,13
607,6,6,0,0.14705882966518402,14
607,6,7,0,0.024390242993831635,15
607,6,8,0,0.14705882966518402,16
607,6,9,0,0.22077922523021698,17
607,6,10,0,0.22077922523021698,18
607,6,11,0,0.22077922523021698,19
607,6,12,0,0.22077922523021698,20
607,6,13,0,0.22077922523021698,21
607,6,14,0,0.6666666865348816,22
607,6,15,0,0.6666666865348816,23
607,6,16,0,0.22077922523021698,24
607,6,17,1,0.8055555820465088,25
607,6,18,1,0.931034505367279,26
607,6,19,1,0.3361186683177948,27
607,6,20,1,0.024390242993831635,28
607,6,21,0,0.0008583691087551415,29
607,6,22,0,0.14705882966518402,30
607,6,23,0,0.024390242993831635,31
607,6,24,1,0.04210526496171951,32
607,6,25,1,0.01149425283074379,33
607,6,26,1,0.14705882966518402,34
607,6,27,1,0.0008583691087551415,35
607,6,28,0,0.010893246158957481,36
607,6,29,1,0.024390242993831635,37
607,6,30,1,0.010893246158957481,38
607,6,31,0,0.0008583691087551415,39
607,6,32,0,0.14705882966518402,40
607,6,33,1,0.22077922523021698,41
607,6,34,1,0.010893246158957481,42
607,6,35,0,0.0008583691087551415,43
607,6,36,0,0.14705882966518402,44
607,6,37,0,0.6000000238418579,45
607,6,38,0,0.22077922523021698,46
607,6,39,1,0.22077922523021698,47
607,6,40,1,0.0008583691087551415,48
608,6,5,0,0.22077922523021698,1
608,6,6,0,0.5953891277313232,2
608,6,7,0,0.024390242993831635,3
608,6,8,0,0.04210526496171951,4
608,6,9,0,0.04210526496171951,5
608,6,10,0,0.22077922523021698,6
608,6,11,0,0.4000000059604645,7
608,6,12,0,0.22077922523021698,8
608,6,13,0,0.14705882966518402,9
608,6,14,0,0.4000000059604645,10
608,6,15,0,0.6666666865348816,11
608,6,16,0,0.22077922523021698,12
608,6,17,1,0.931034505367279,13
608,6,18,1,0.931034505367279,14
608,6,19,1,0.9682539701461792,15
608,6,20,1,0.01149425283074379,16
608,6,21,0,0.0,17
608,6,22,0,0.024390242993831635,18
608,6,23,0,0.010893246158957481,19
608,6,24,1,0.01149425283074379,20
608,6,25,1,0.01149425283074379,21
608,6,26,1,0.22077922523021698,22
608,6,27,0,0.0008583691087551415,23
608,6,28,0,0.024390242993831635,24
608,6,29,1,0.01149425283074379,25
608,6,30,1,0.01149425283074379,26
608,6,31,0,0.04210526496171951,27
608,6,32,0,0.6666666865348816,28
608,6,33,1,0.22077922523021698,29
608,6,34,1,0.024390242993831635,30
608,6,35,0,0.0,31
608,6,36,0,0.01149425283074379,32
608,6,37,0,0.024390242993831635,33
608,6,38,0,0.14705882966518402,34
608,6,39,1,0.22077922523021698,35
608,6,40,1,0.0008583691087551415,36
610,5,33,1,0.5745000839233398,1
610,5,34,0,0.024390242993831635,2
610,5,35,0,0.024390242993831635,3
610,5,36,1,0.010893246158957481,4
610,5,37,0,0.0008583691087551415,5
610,5,38,0,0.14705882966518402,6
610,5,39,1,0.22077922523021698,7
610,5,40,0,0.14705882966518402,8
610,6,1,1,0.0008583691087551415,9
610,6,2,1,0.0008583691087551415,10
610,6,3,1,0.010893246158957481,11
610,6,4,1,0.01149425283074379,12
610,6,5,1,0.010893246158957481,13
610,6,6,0,0.04210526496171951,14
610,6,7,0,0.14705882966518402,15
610,6,8,0,0.14705882966518402,16
610,6,9,0,0.14705882966518402,17
610,6,10,0,0.14705882966518402,18
610,6,11,0,0.018182877451181412,19
610,6,12,0,0.04210526496171951,20
610,6,13,0,0.04210526496171951,21
610,6,14,0,0.024390242993831635,22
610,6,15,0,0.14705882966518402,23
610,6,16,0,0.04210526496171951,24
610,6,17,0,0.14705882966518402,25
610,6,18,0,0.14705882966518402,26
610,6,19,0,0.14705882966518402,27
610,6,20,0,0.04210526496171951,28
610,6,21,0,0.22077922523021698,29
610,6,22,0,0.024390242993831635,30
610,6,23,0,0.04210526496171951,31
610,6,24,0,0.01149425283074379,32
610,6,25,0,0.22077922523021698,33
610,6,26,0,0.04210526496171951,34
610,6,27,0,0.010893246158957481,35
610,6,28,0,0.04210526496171951,36
610,6,29,0,0.024390242993831635,37
610,6,30,0,0.04210526496171951,38
610,6,31,0,0.010893246158957481,39
610,6,32,0,0.010893246158957481,40
610,6,33,0,0.01149425283074379,41
610,6,34,0,0.14705882966518402,42
610,6,35,0,0.04210526496171951,43
610,6,36,0,0.14705882966518402,44
610,6,37,0,0.010893246158957481,45
610,6,38,0,0.010893246158957481,46
610,6,39,0,0.024390242993831635,47
610,6,40,0,0.04210526496171951,48
612,6,17,1,0.22077922523021698,1
612,6,18,0,0.0,2
612,6,19,1,0.0,3
612,6,20,1,0.0,4
612,6,21,0,0.0,5
612,6,22,0,0.0,6
612,6,23,0,0.0008583691087551415,7
612,6,24,1,0.0008583691087551415,8
612,6,25,1,0.0,9
612,6,26,1,0.010893246158957481,10
612,6,27,1,0.0008583691087551415,11
612,6,28,0,0.0,12
612,6,29,1,0.0008583691087551415,13
612,6,30,0,0.0,14
612,6,31,0,0.0,15
612,6,32,0,0.0008583691087551415,16
612,6,33,1,0.010893246158957481,17
612,6,34,1,0.0,18
612,6,35,0,0.0,19
612,6,36,0,0.0008583691087551415,20
612,6,37,0,0.0008583691087551415,21
612,6,38,0,0.0008583691087551415,22
612,6,39,1,0.010893246158957481,23
612,6,40,1,0.0,24
616,6,5,0,0.22077922523021698,1
616,6,6,0,0.22077922523021698,2
616,6,7,0,0.024390242993831635,3
616,6,8,0,0.024390242993831635,4
616,6,9,0,0.024390242993831635,5
616,6,10,0,0.14705882966518402,6
616,6,11,0,0.22077922523021698,7
616,6,12,0,0.04210526496171951,8
616,6,13,0,0.024390242993831635,9
616,6,14,0,0.22077922523021698,10
616,6,15,0,0.7027027010917664,11
616,6,16,0,0.22077922523021698,12
616,6,17,1,0.931034505367279,13
616,6,18,0,0.931034505367279,14
616,6,19,1,0.9931662678718567,15
616,6,20,1,0.024390242993831635,16
616,6,21,0,0.0,17
616,6,22,0,0.024390242993831635,18
616,6,23,0,0.010893246158957481,19
616,6,24,1,0.0008583691087551415,20
616,6,25,1,0.010893246158957481,21
616,6,26,1,0.22077922523021698,22
616,6,27,1,0.0008583691087551415,23
616,6,28,0,0.0008583691087551415,24
616,6,29,1,0.010893246158957481,25
616,6,30,0,0.0008583691087551415,26
616,6,31,0,0.0008583691087551415,27
616,6,32,0,0.04210526496171951,28
616,6,33,1,0.22077922523021698,29
616,6,34,1,0.0008583691087551415,30
616,6,35,0,0.0,31
616,6,36,0,0.010893246158957481,32
616,6,37,0,0.010893246158957481,33
616,6,38,0,0.024390242993831635,34
616,6,39,1,0.14705882966518402,35
616,6,40,1,0.0,36
619,6,5,0,0.22077922523021698,1
619,6,6,0,0.22077922523021698,2
619,6,7,0,0.024390242993831635,3
619,6,8,0,0.024390242993831635,4
619,6,9,0,0.024390242993831635,5
619,6,10,0,0.14705882966518402,6
619,6,11,0,0.22077922523021698,7
619,6,12,0,0.04210526496171951,8
619,6,13,0,0.024390242993831635,9
619,6,14,0,0.22077922523021698,10
619,6,15,0,0.7027027010917664,11
619,6,16,0,0.22077922523021698,12
619,6,17,1,0.931034505367279,13
619,6,18,1,0.931034505367279,14
619,6,19,1,0.9682539701461792,15
619,6,20,1,0.01149425283074379,16
619,6,21,0,0.0,17
619,6,22,0,0.04210526496171951,18
619,6,23,0,0.01149425283074379,19
619,6,24,1,0.010893246158957481,20
619,6,25,1,0.010893246158957481,21
619,6,26,1,0.22077922523021698,22
619,6,27,1,0.010893246158957481,23
619,6,28,0,0.0008583691087551415,24
619,6,29,1,0.024390242993831635,25
619,6,30,1,0.010893246158957481,26
619,6,31,0,0.010893246158957481,27
619,6,32,0,0.22077922523021698,28
619,6,33,1,0.7027027010917664,29
619,6,34,1,0.0008583691087551415,30
619,6,35,0,0.0008583691087551415,31
619,6,36,0,0.14705882966518402,32
619,6,37,0,0.14705882966518402,33
619,6,38,0,0.14705882966518402,34
619,6,39,1,0.14705882966518402,35
619,6,40,1,0.0,36
620,6,17,1,0.22077922523021698,1
620,6,18,0,0.0,2
620,6,19,1,0.0,3
620,6,20,1,0.0,4
620,6,21,0,0.0,5
620,6,22,0,0.0,6
620,6,23,0,0.0008583691087551415,7
620,6,24,1,0.0008583691087551415,8
620,6,25,1,0.0,9
620,6,26,1,0.010893246158957481,10
620,6,27,1,0.0008583691087551415,11
620,6,28,0,0.0,12
620,6,29,1,0.0008583691087551415,13
620,6,30,0,0.0,14
620,6,31,0,0.0,15
620,6,32,0,0.0008583691087551415,16
620,6,33,1,0.010893246158957481,17
620,6,34,1,0.0,18
620,6,35,0,0.0,19
620,6,36,0,0.0008583691087551415,20
620,6,37,0,0.0008583691087551415,21
620,6,38,0,0.0008583691087551415,22
620,6,39,1,0.010893246158957481,23
620,6,40,1,0.0,24
625,6,5,0,0.22077922523021698,1
625,6,6,0,0.22077922523021698,2
625,6,7,0,0.024390242993831635,3
625,6,8,0,0.024390242993831635,4
625,6,9,0,0.024390242993831635,5
625,6,10,0,0.14705882966518402,6
625,6,11,0,0.22077922523021698,7
625,6,12,0,0.04210526496171951,8
625,6,13,0,0.024390242993831635,9
625,6,14,0,0.22077922523021698,10
625,6,15,0,0.7027027010917664,11
625,6,16,0,0.22077922523021698,12
625,6,17,1,0.931034505367279,13
625,6,18,0,0.931034505367279,14
625,6,19,1,0.9931662678718567,15
625,6,20,1,0.024390242993831635,16
625,6,21,0,0.0,17
625,6,22,0,0.024390242993831635,18
625,6,23,0,0.010893246158957481,19
625,6,24,1,0.0008583691087551415,20
625,6,25,1,0.010893246158957481,21
625,6,26,1,0.22077922523021698,22
625,6,27,1,0.0008583691087551415,23
625,6,28,0,0.0008583691087551415,24
625,6,29,1,0.010893246158957481,25
625,6,30,0,0.0008583691087551415,26
625,6,31,0,0.0008583691087551415,27
625,6,32,0,0.04210526496171951,28
625,6,33,1,0.22077922523021698,29
625,6,34,1,0.0008583691087551415,30
625,6,35,0,0.0,31
625,6,36,0,0.010893246158957481,32
625,6,37,0,0.010893246158957481,33
625,6,38,0,0.024390242993831635,34
625,6,39,1,0.14705882966518402,35
625,6,40,1,0.0,36
630,6,5,0,0.22077922523021698,1
630,6,6,0,0.22077922523021698,2
630,6,7,0,0.024390242993831635,3
630,6,8,0,0.024390242993831635,4
630,6,9,0,0.024390242993831635,5
630,6,10,0,0.14705882966518402,6
630,6,11,0,0.22077922523021698,7
630,6,12,0,0.04210526496171951,8
630,6,13,0,0.024390242993831635,9
630,6,14,0,0.22077922523021698,10
630,6,15,0,0.7027027010917664,11
630,6,16,0,0.22077922523021698,12
630,6,17,1,0.931034505367279,13
630,6,18,1,0.931034505367279,14
630,6,19,1,0.9682539701461792,15
630,6,20,1,0.01149425283074379,16
630,6,21,0,0.0,17
630,6,22,0,0.04210526496171951,18
630,6,23,0,0.01149425283074379,19
630,6,24,1,0.010893246158957481,20
630,6,25,1,0.010893246158957481,21
630,6,26,1,0.22077922523021698,22
630,6,27,1,0.010893246158957481,23
630,6,28,0,0.0008583691087551415,24
630,6,29,1,0.024390242993831635,25
630,6,30,0,0.010893246158957481,26
630,6,31,0,0.0008583691087551415,27
630,6,32,0,0.22077922523021698,28
630,6,33,1,0.22077922523021698,29
630,6,34,1,0.0008583691087551415,30
630,6,35,0,0.0,31
630,6,36,0,0.010893246158957481,32
630,6,37,0,0.010893246158957481,33
630,6,38,0,0.024390242993831635,34
630,6,39,1,0.14705882966518402,35
630,6,40,1,0.0,36
631,6,5,0,0.22077922523021698,1
631,6,6,0,0.22077922523021698,2
631,6,7,0,0.024390242993831635,3
631,6,8,0,0.024390242993831635,4
631,6,9,0,0.024390242993831635,5
631,6,10,0,0.14705882966518402,6
631,6,11,0,0.22077922523021698,7
631,6,12,0,0.04210526496171951,8
631,6,13,0,0.024390242993831635,9
631,6,14,0,0.22077922523021698,10
631,6,15,0,0.7027027010917664,11
631,6,16,0,0.22077922523021698,12
631,6,17,1,0.931034505367279,13
631,6,18,1,0.931034505367279,14
631,6,19,1,0.9682539701461792,15
631,6,20,1,0.01149425283074379,16
631,6,21,0,0.0,17
631,6,22,0,0.04210526496171951,18
631,6,23,0,0.01149425283074379,19
631,6,24,1,0.010893246158957481,20
631,6,25,1,0.010893246158957481,21
631,6,26,1,0.22077922523021698,22
631,6,27,1,0.010893246158957481,23
631,6,28,0,0.0008583691087551415,24
631,6,29,1,0.024390242993831635,25
631,6,30,0,0.010893246158957481,26
631,6,31,0,0.0008583691087551415,27
631,6,32,0,0.22077922523021698,28
631,6,33,1,0.22077922523021698,29
631,6,34,1,0.0008583691087551415,30
631,6,35,0,0.0,31
631,6,36,0,0.010893246158957481,32
631,6,37,0,0.010893246158957481,33
631,6,38,0,0.024390242993831635,34
631,6,39,1,0.14705882966518402,35
631,6,40,1,0.0,36
632,6,5,0,0.22077922523021698,1
632,6,6,0,0.22077922523021698,2
632,6,7,0,0.024390242993831635,3
632,6,8,0,0.024390242993831635,4
632,6,9,0,0.024390242993831635,5
632,6,10,0,0.14705882966518402,6
632,6,11,0,0.22077922523021698,7
632,6,12,0,0.04210526496171951,8
632,6,13,0,0.024390242993831635,9
632,6,14,0,0.22077922523021698,10
632,6,15,0,0.7027027010917664,11
632,6,16,0,0.22077922523021698,12
632,6,17,1,0.931034505367279,13
632,6,18,0,0.931034505367279,14
632,6,19,1,0.9931662678718567,15
632,6,20,1,0.024390242993831635,16
632,6,21,0,0.0,17
632,6,22,0,0.024390242993831635,18
632,6,23,0,0.010893246158957481,19
632,6,24,1,0.0008583691087551415,20
632,6,25,1,0.010893246158957481,21
632,6,26,1,0.22077922523021698,22
632,6,27,1,0.0008583691087551415,23
632,6,28,0,0.0008583691087551415,24
632,6,29,1,0.010893246158957481,25
632,6,30,0,0.0008583691087551415,26
632,6,31,0,0.0008583691087551415,27
632,6,32,0,0.04210526496171951,28
632,6,33,1,0.22077922523021698,29
632,6,34,1,0.0008583691087551415,30
632,6,35,0,0.0,31
632,6,36,0,0.010893246158957481,32
632,6,37,0,0.010893246158957481,33
632,6,38,0,0.024390242993831635,34
632,6,39,1,0.14705882966518402,35
632,6,40,1,0.0,36
634,5,33,1,0.5922922492027283,1
634,5,34,0,0.024390242993831635,2
634,5,35,0,0.04210526496171951,3
634,5,36,1,0.010893246158957481,4
634,5,37,0,0.0008583691087551415,5
634,5,38,0,0.04210526496171951,6
634,5,39,1,0.22077922523021698,7
634,5,40,0,0.04210526496171951,8
634,6,1,0,0.010893246158957481,9
634,6,2,0,0.0008583691087551415,10
634,6,3,0,0.010893246158957481,11
634,6,4,0,0.024390242993831635,12
634,6,5,0,0.04210526496171951,13
634,6,6,0,0.04210526496171951,14
634,6,7,0,0.01149425283074379,15
634,6,8,0,0.04210526496171951,16
634,6,9,0,0.14705882966518402,17
634,6,10,0,0.22077922523021698,18
634,6,11,0,0.22077922523021698,19
634,6,12,0,0.04211760312318802,20
634,6,13,0,0.14705882966518402,21
634,6,14,0,0.22077922523021698,22
634,6,15,0,0.7027027010917664,23
634,6,16,0,0.14705882966518402,24
634,6,17,1,0.7027027010917664,25
634,6,18,0,0.8055555820465088,26
634,6,19,1,0.6105222702026367,27
634,6,20,1,0.04210526496171951,28
634,6,21,0,0.0008583691087551415,29
634,6,22,0,0.024390242993831635,30
634,6,23,0,0.024390242993831635,31
634,6,24,1,0.010893246158957481,32
634,6,25,1,0.04210526496171951,33
634,6,26,1,0.14705882966518402,34
634,6,27,1,0.010893246158957481,35
634,6,28,0,0.0008583691087551415,36
634,6,29,1,0.024390242993831635,37
634,6,30,0,0.010893246158957481,38
634,6,31,0,0.0008583691087551415,39
634,6,32,0,0.04210526496171951,40
634,6,33,1,0.22077922523021698,41
634,6,34,1,0.0008583691087551415,42
634,6,35,0,0.0,43
634,6,36,0,0.010893246158957481,44
634,6,37,0,0.04210526496171951,45
634,6,38,0,0.04210526496171951,46
634,6,39,1,0.22077922523021698,47
634,6,40,1,0.0008583691087551415,48
635,6,5,0,0.22077922523021698,1
635,6,6,0,0.22077922523021698,2
635,6,7,0,0.024390242993831635,3
635,6,8,0,0.024390242993831635,4
635,6,9,0,0.024390242993831635,5
635,6,10,0,0.14705882966518402,6
635,6,11,0,0.22077922523021698,7
635,6,12,0,0.04210526496171951,8
635,6,13,0,0.024390242993831635,9
635,6,14,0,0.22077922523021698,10
635,6,15,0,0.7027027010917664,11
635,6,16,0,0.22077922523021698,12
635,6,17,1,0.931034505367279,13
635,6,18,0,0.931034505367279,14
635,6,19,1,0.9931662678718567,15
635,6,20,1,0.024390242993831635,16
635,6,21,0,0.0,17
635,6,22,0,0.024390242993831635,18
635,6,23,0,0.010893246158957481,19
635,6,24,1,0.0008583691087551415,20
635,6,25,1,0.010893246158957481,21
635,6,26,1,0.22077922523021698,22
635,6,27,1,0.0008583691087551415,23
635,6,28,0,0.0008583691087551415,24
635,6,29,1,0.010893246158957481,25
635,6,30,0,0.0008583691087551415,26
635,6,31,0,0.0008583691087551415,27
635,6,32,0,0.04210526496171951,28
635,6,33,1,0.22077922523021698,29
635,6,34,1,0.0008583691087551415,30
635,6,35,0,0.0,31
635,6,36,0,0.010893246158957481,32
635,6,37,0,0.010893246158957481,33
635,6,38,0,0.024390242993831635,34
635,6,39,1,0.14705882966518402,35
635,6,40,1,0.0,36
636,6,17,1,0.22077922523021698,1
636,6,18,0,0.0,2
636,6,19,1,0.0,3
636,6,20,1,0.0,4
636,6,21,0,0.0,5
636,6,22,0,0.0,6
636,6,23,0,0.0008583691087551415,7
636,6,24,1,0.0008583691087551415,8
636,6,25,1,0.0,9
636,6,26,1,0.010893246158957481,10
636,6,27,1,0.0008583691087551415,11
636,6,28,0,0.0,12
636,6,29,1,0.0008583691087551415,13
636,6,30,0,0.0,14
636,6,31,0,0.0,15
636,6,32,0,0.0008583691087551415,16
636,6,33,1,0.010893246158957481,17
636,6,34,1,0.0,18
636,6,35,0,0.0,19
636,6,36,0,0.0008583691087551415,20
636,6,37,0,0.0008583691087551415,21
636,6,38,0,0.0008583691087551415,22
636,6,39,1,0.010893246158957481,23
636,6,40,1,0.0,24
638,6,17,1,0.22077922523021698,1
638,6,18,1,0.0008583691087551415,2
638,6,19,1,0.0,3
638,6,20,1,0.0,4
638,6,21,0,0.0,5
638,6,22,0,0.0008583691087551415,6
638,6,23,0,0.0008583691087551415,7
638,6,24,1,0.0008583691087551415,8
638,6,25,1,0.0008583691087551415,9
638,6,26,1,0.0008583691087551415,10
638,6,27,1,0.0008583691087551415,11
638,6,28,0,0.010893246158957481,12
638,6,29,1,0.0008583691087551415,13
638,6,30,1,0.0,14
638,6,31,0,0.0,15
638,6,32,0,0.0008583691087551415,16
638,6,33,1,0.010893246158957481,17
638,6,34,1,0.0,18
638,6,35,0,0.0,19
638,6,36,0,0.04210526496171951,20
638,6,37,0,0.04210526496171951,21
638,6,38,0,0.04210526496171951,22
638,6,39,1,0.04210526496171951,23
638,6,40,1,0.0,24
639,2,29,1,0.7027027010917664,1
639,2,30,1,0.010893246158957481,2
639,2,31,0,0.0,3
639,2,32,0,0.0008583691087551415,4
639,2,33,1,0.010893246158957481,5
639,2,34,0,0.0008583691087551415,6
639,2,35,0,0.024390242993831635,7
639,2,36,1,0.04210526496171951,8
639,2,37,1,0.024390242993831635,9
639,2,38,0,0.0008583691087551415,10
639,2,39,1,0.22077922523021698,11
639,2,40,0,0.0,12
640,4,5,1,0.9682539701461792,1
640,4,6,0,0.04210526496171951,2
640,4,7,1,0.010893246158957481,3
640,4,8,0,0.04210526496171951,4
640,4,9,1,0.010893246158957481,5
640,4,10,1,0.14705882966518402,6
640,4,11,1,0.14705882966518402,7
640,4,12,0,0.0,8
640,4,13,1,0.22077922523021698,9
640,4,14,0,0.0,10
640,4,15,0,0.14705882966518402,11
640,4,16,1,0.6666666865348816,12
640,4,17,0,0.0,13
640,4,18,1,0.14705882966518402,14
640,4,19,0,0.010893246158957481,15
640,4,20,1,0.22077922523021698,16
640,4,21,0,0.010893246158957481,17
640,4,22,0,0.04210526496171951,18
640,4,23,1,0.9931662678718567,19
640,4,24,0,0.010893246158957481,20
640,4,25,0,0.010893246158957481,21
640,4,26,0,0.0008583691087551415,22
640,4,27,0,0.024390242993831635,23
640,4,28,1,0.9940828680992126,24
640,4,29,1,0.931034505367279,25
640,4,30,0,0.04210526496171951,26
640,4,31,1,0.9931662678718567,27
640,4,32,0,0.0008583691087551415,28
640,4,33,0,0.024390242993831635,29
640,4,34,0,0.04210526496171951,30
640,4,35,0,0.01149425283074379,31
640,4,36,0,0.04210526496171951,32
640,4,37,0,0.024390242993831635,33
640,4,38,0,0.010893246158957481,34
640,4,39,0,0.010893246158957481,35
640,4,40,0,0.0008583691087551415,36
641,2,29,1,0.7027027010917664,1
641,2,30,1,0.010893246158957481,2
641,2,31,0,0.0,3
641,2,32,0,0.0008583691087551415,4
641,2,33,1,0.010893246158957481,5
641,2,34,0,0.0008583691087551415,6
641,2,35,0,0.024390242993831635,7
641,2,36,1,0.04210526496171951,8
641,2,37,1,0.024390242993831635,9
641,2,38,0,0.0008583691087551415,10
641,2,39,1,0.22077922523021698,11
641,2,40,0,0.0,12
642,6,5,0,0.22077922523021698,1
642,6,6,0,0.22077922523021698,2
642,6,7,0,0.14705882966518402,3
642,6,8,0,0.14705882966518402,4
642,6,9,0,0.04210526496171951,5
642,6,10,0,0.6000000238418579,6
642,6,11,0,0.5784896016120911,7
642,6,12,0,0.22077922523021698,8
642,6,13,0,0.14705882966518402,9
642,6,14,0,0.675414502620697,10
642,6,15,0,0.6666666865348816,11
642,6,16,0,0.8517253398895264,12
642,6,17,1,0.931034505367279,13
642,6,18,1,0.931034505367279,14
642,6,19,1,0.931034505367279,15
642,6,20,1,0.010893246158957481,16
642,6,21,0,0.0008583691087551415,17
642,6,22,0,0.010893246158957481,18
642,6,23,0,0.010893246158957481,19
642,6,24,1,0.010893246158957481,20
642,6,25,1,0.010893246158957481,21
642,6,26,1,0.14705882966518402,22
642,6,27,1,0.0008583691087551415,23
642,6,28,0,0.04210526496171951,24
642,6,29,1,0.04210526496171951,25
642,6,30,1,0.0008583691087551415,26
642,6,31,0,0.0008583691087551415,27
642,6,32,0,0.22077922523021698,28
642,6,33,1,0.22077922523021698,29
642,6,34,1,0.0008583691087551415,30
642,6,35,0,0.0008583691087551415,31
642,6,36,0,0.22077922523021698,32
642,6,37,0,0.14705882966518402,33
642,6,38,0,0.22077922523021698,34
642,6,39,1,0.6666666865348816,35
642,6,40,1,0.0008583691087551415,36
645,2,29,0,0.7027027010917664,1
645,2,30,1,0.14705882966518402,2
645,2,31,0,0.0008583691087551415,3
645,2,32,0,0.024390242993831635,4
645,2,33,1,0.14705882966518402,5
645,2,34,0,0.010893246158957481,6
645,2,35,0,0.04210526496171951,7
645,2,36,1,0.14705882966518402,8
645,2,37,1,0.010893246158957481,9
645,2,38,0,0.0008583691087551415,10
645,2,39,1,0.22077922523021698,11
645,2,40,0,0.0,12
646,3,17,0,0.931034505367279,1
646,3,18,0,0.14705882966518402,2
646,3,19,1,0.22077922523021698,3
646,3,20,1,0.024390242993831635,4
646,3,21,0,0.010893246158957481,5
646,3,22,1,0.4000000059604645,6
646,3,23,0,0.024390242993831635,7
646,3,24,0,0.14705882966518402,8
646,3,25,0,0.22077922523021698,9
646,3,26,1,0.8055555820465088,10
646,3,27,0,0.010893246158957481,11
646,3,28,1,0.9682539701461792,12
646,3,29,1,0.22077922523021698,13
646,3,30,0,0.0008583691087551415,14
646,3,31,0,0.010893246158957481,15
646,3,32,1,0.22077922523021698,16
646,3,33,0,0.0008583691087551415,17
646,3,34,1,0.4000000059604645,18
646,3,35,0,0.0008583691087551415,19
646,3,36,1,0.6666666865348816,20
646,3,37,1,0.010893246158957481,21
646,3,38,0,0.0,22
646,3,39,0,0.010893246158957481,23
646,3,40,0,0.010893246158957481,24
648,4,33,0,0.5555555820465088,1
648,4,34,0,0.22077922523021698,2
648,4,35,0,0.22077922523021698,3
648,4,36,0,0.6666666865348816,4
648,4,37,0,0.22077922523021698,5
648,4,38,0,0.6128736734390259,6
648,4,39,0,0.22077922523021698,7
648,4,40,0,0.5555555820465088,8
648,6,1,0,0.8055555820465088,9
648,6,2,0,0.14705882966518402,10
648,6,3,0,0.7027027010917664,11
648,6,4,0,0.6468274593353271,12
648,6,5,0,0.22077922523021698,13
648,6,6,0,0.4000000059604645,14
648,6,7,0,0.14705882966518402,15
648,6,8,0,0.14705882966518402,16
648,6,9,0,0.14705882966518402,17
648,6,10,0,0.6666666865348816,18
648,6,11,0,0.6000000238418579,19
648,6,12,0,0.22077922523021698,20
648,6,13,0,0.14705882966518402,21
648,6,14,0,0.675414502620697,22
648,6,15,0,0.6666666865348816,23
648,6,16,0,0.7027027010917664,24
648,6,17,0,0.8055555820465088,25
648,6,18,0,0.8055555820465088,26
648,6,19,0,0.6615864634513855,27
648,6,20,0,0.7027027010917664,28
648,6,21,0,0.4000000059604645,29
648,6,22,0,0.04210526496171951,30
648,6,23,0,0.22077922523021698,31
648,6,24,0,0.14705882966518402,32
648,6,25,0,0.4000000059604645,33
648,6,26,0,0.14705882966518402,34
648,6,27,0,0.22077922523021698,35
648,6,28,0,0.2259300798177719,36
648,6,29,0,0.22077922523021698,37
648,6,30,0,0.22077922523021698,38
648,6,31,0,0.14705882966518402,39
648,6,32,0,0.22077922523021698,40
648,6,33,0,0.22077922523021698,41
648,6,34,0,0.22077922523021698,42
648,6,35,0,0.22077922523021698,43
648,6,36,0,0.14705882966518402,44
648,6,37,0,0.0008583691087551415,45
648,6,38,0,0.010893246158957481,46
648,6,39,0,0.010893246158957481,47
648,6,40,0,0.04210526496171951,48
649,3,17,0,0.931034505367279,1
649,3,18,0,0.14705882966518402,2
649,3,19,0,0.22077922523021698,3
649,3,20,0,0.010893246158957481,4
649,3,21,0,0.010893246158957481,5
649,3,22,1,0.04210526496171951,6
649,3,23,1,0.04210526496171951,7
649,3,24,0,0.04210526496171951,8
649,3,25,0,0.22077922523021698,9
649,3,26,0,0.2576209604740143,10
649,3,27,0,0.14705882966518402,11
649,3,28,0,0.22077922523021698,12
649,3,29,0,0.14705882966518402,13
649,3,30,0,0.024390242993831635,14
649,3,31,0,0.024390242993831635,15
649,3,32,0,0.01149425283074379,16
649,3,33,0,0.010893246158957481,17
649,3,34,0,0.01149425283074379,18
649,3,35,0,0.14705882966518402,19
649,3,36,0,0.04210526496171951,20
649,3,37,0,0.14705882966518402,21
649,3,38,0,0.024390242993831635,22
649,3,39,0,0.0008583691087551415,23
649,3,40,0,0.0008583691087551415,24
652,2,29,0,0.7027027010917664,1
652,2,30,1,0.14705882966518402,2
652,2,31,0,0.0008583691087551415,3
652,2,32,0,0.024390242993831635,4
652,2,33,1,0.14705882966518402,5
652,2,34,0,0.010893246158957481,6
652,2,35,0,0.04210526496171951,7
652,2,36,1,0.14705882966518402,8
652,2,37,0,0.010893246158957481,9
652,2,38,0,0.010893246158957481,10
652,2,39,1,0.14705882966518402,11
652,2,40,0,0.0,12
653,2,29,0,0.7027027010917664,1
653,2,30,1,0.14705882966518402,2
653,2,31,0,0.0008583691087551415,3
653,2,32,0,0.024390242993831635,4
653,2,33,1,0.14705882966518402,5
653,2,34,0,0.010893246158957481,6
653,2,35,0,0.04210526496171951,7
653,2,36,1,0.14705882966518402,8
653,2,37,1,0.010893246158957481,9
653,2,38,0,0.0008583691087551415,10
653,2,39,1,0.22077922523021698,11
653,2,40,0,0.0,12
655,2,29,1,0.7027027010917664,1
655,2,30,1,0.010893246158957481,2
655,2,31,0,0.0,3
655,2,32,0,0.0008583691087551415,4
655,2,33,1,0.010893246158957481,5
655,2,34,0,0.0008583691087551415,6
655,2,35,0,0.024390242993831635,7
655,2,36,1,0.04210526496171951,8
655,2,37,1,0.024390242993831635,9
655,2,38,0,0.0008583691087551415,10
655,2,39,1,0.22077922523021698,11
655,2,40,0,0.0,12
664,6,5,0,0.22077922523021698,1
664,6,6,0,0.6666666865348816,2
664,6,7,0,0.04210526496171951,3
664,6,8,0,0.04210526496171951,4
664,6,9,0,0.14705882966518402,5
664,6,10,0,0.4000000059604645,6
664,6,11,0,0.6451523303985596,7
664,6,12,0,0.22077922523021698,8
664,6,13,0,0.14705882966518402,9
664,6,14,0,0.6190240979194641,10
664,6,15,0,0.7027027010917664,11
664,6,16,0,0.32400399446487427,12
664,6,17,1,0.9682539701461792,13
664,6,18,1,0.9682539701461792,14
664,6,19,1,0.931034505367279,15
664,6,20,1,0.010893246158957481,16
664,6,21,0,0.0,17
664,6,22,0,0.010893246158957481,18
664,6,23,0,0.010893246158957481,19
664,6,24,1,0.0008583691087551415,20
664,6,25,1,0.024390242993831635,21
664,6,26,1,0.22077922523021698,22
664,6,27,1,0.0008583691087551415,23
664,6,28,0,0.010893246158957481,24
664,6,29,1,0.04210526496171951,25
664,6,30,0,0.010893246158957481,26
664,6,31,0,0.0008583691087551415,27
664,6,32,0,0.22077922523021698,28
664,6,33,1,0.01149425283074379,29
664,6,34,1,0.0008583691087551415,30
664,6,35,0,0.0,31
664,6,36,0,0.0008583691087551415,32
664,6,37,0,0.010893246158957481,33
664,6,38,0,0.01149425283074379,34
664,6,39,1,0.04210526496171951,35
664,6,40,1,0.0,36
665,4,33,0,0.6000000238418579,1
665,4,34,0,0.22077922523021698,2
665,4,35,0,0.7027027010917664,3
665,4,36,0,0.6000000238418579,4
665,4,37,0,0.22077922523021698,5
665,4,38,0,0.4000000059604645,6
665,4,39,0,0.22077922523021698,7
665,4,40,0,0.22077922523021698,8
665,6,1,0,0.22077922523021698,9
665,6,2,0,0.22077922523021698,10
665,6,3,0,0.22077922523021698,11
665,6,4,0,0.3667680621147156,12
665,6,5,0,0.22077922523021698,13
665,6,6,0,0.4000000059604645,14
665,6,7,0,0.14705882966518402,15
665,6,8,0,0.14705882966518402,16
665,6,9,0,0.14705882966518402,17
665,6,10,0,0.6000000238418579,18
665,6,11,0,0.7027027010917664,19
665,6,12,0,0.22077922523021698,20
665,6,13,0,0.14705882966518402,21
665,6,14,0,0.6190240979194641,22
665,6,15,0,0.7027027010917664,23
665,6,16,0,0.32400399446487427,24
665,6,17,1,0.9682539701461792,25
665,6,18,1,0.9940828680992126,26
665,6,19,1,0.9682539701461792,27
665,6,20,1,0.3233202397823334,28
665,6,21,0,0.010893246158957481,29
665,6,22,0,0.04210526496171951,30
665,6,23,0,0.04210526496171951,31
665,6,24,1,0.14705882966518402,32
665,6,25,1,0.14705882966518402,33
665,6,26,1,0.17425556480884552,34
665,6,27,1,0.010893246158957481,35
665,6,28,0,0.010893246158957481,36
665,6,29,1,0.024390242993831635,37
665,6,30,1,0.04210526496171951,38
665,6,31,0,0.010893246158957481,39
665,6,32,0,0.22077922523021698,40
665,6,33,1,0.22077922523021698,41
665,6,34,1,0.010893246158957481,42
665,6,35,0,0.0008583691087551415,43
665,6,36,0,0.04210526496171951,44
665,6,37,0,0.7027027010917664,45
665,6,38,0,0.5555555820465088,46
665,6,39,1,0.22077922523021698,47
665,6,40,1,0.0008583691087551415,48
666,6,17,1,0.22077922523021698,1
666,6,18,1,0.0,2
666,6,19,1,0.0,3
666,6,20,1,0.0,4
666,6,21,0,0.0,5
666,6,22,0,0.010893246158957481,6
666,6,23,0,0.010893246158957481,7
666,6,24,1,0.0008583691087551415,8
666,6,25,1,0.010893246158957481,9
666,6,26,1,0.010893246158957481,10
666,6,27,1,0.0008583691087551415,11
666,6,28,0,0.010893246158957481,12
666,6,29,1,0.0008583691087551415,13
666,6,30,1,0.0,14
666,6,31,0,0.0,15
666,6,32,0,0.010893246158957481,16
666,6,33,1,0.01149425283074379,17
666,6,34,1,0.0,18
666,6,35,0,0.0,19
666,6,36,0,0.010893246158957481,20
666,6,37,0,0.0008583691087551415,21
666,6,38,0,0.010893246158957481,22
666,6,39,1,0.010893246158957481,23
666,6,40,1,0.0,24
667,3,17,0,0.931034505367279,1
667,3,18,0,0.22077922523021698,2
667,3,19,1,0.6666666865348816,3
667,3,20,1,0.010893246158957481,4
667,3,21,0,0.024390242993831635,5
667,3,22,1,0.22077922523021698,6
667,3,23,0,0.04210526496171951,7
667,3,24,0,0.14705882966518402,8
667,3,25,0,0.22077922523021698,9
667,3,26,1,0.8055555820465088,10
667,3,27,0,0.0008583691087551415,11
667,3,28,1,0.7027027010917664,12
667,3,29,1,0.22077922523021698,13
667,3,30,0,0.0,14
667,3,31,0,0.010893246158957481,15
667,3,32,1,0.14705882966518402,16
667,3,33,0,0.0008583691087551415,17
667,3,34,1,0.22077922523021698,18
667,3,35,0,0.0,19
667,3,36,1,0.22077922523021698,20
667,3,37,1,0.04210526496171951,21
667,3,38,0,0.0,22
667,3,39,0,0.0008583691087551415,23
667,3,40,0,0.0008583691087551415,24
668,4,33,0,0.6000000238418579,1
668,4,34,0,0.22077922523021698,2
668,4,35,0,0.7027027010917664,3
668,4,36,0,0.6000000238418579,4
668,4,37,0,0.22077922523021698,5
668,4,38,0,0.4000000059604645,6
668,4,39,0,0.22077922523021698,7
668,4,40,0,0.22077922523021698,8
668,6,1,0,0.22077922523021698,9
668,6,2,0,0.22077922523021698,10
668,6,3,0,0.22077922523021698,11
668,6,4,0,0.3667680621147156,12
668,6,5,0,0.22077922523021698,13
668,6,6,0,0.4000000059604645,14
668,6,7,0,0.14705882966518402,15
668,6,8,0,0.14705882966518402,16
668,6,9,0,0.14705882966518402,17
668,6,10,0,0.6000000238418579,18
668,6,11,0,0.7027027010917664,19
668,6,12,0,0.22077922523021698,20
668,6,13,0,0.14705882966518402,21
668,6,14,0,0.6190240979194641,22
668,6,15,0,0.7027027010917664,23
668,6,16,0,0.32400399446487427,24
668,6,17,1,0.9682539701461792,25
668,6,18,1,0.9940828680992126,26
668,6,19,1,0.9682539701461792,27
668,6,20,1,0.3233202397823334,28
668,6,21,0,0.010893246158957481,29
668,6,22,0,0.04210526496171951,30
668,6,23,0,0.04210526496171951,31
668,6,24,1,0.14705882966518402,32
668,6,25,1,0.14705882966518402,33
668,6,26,1,0.17425556480884552,34
668,6,27,1,0.010893246158957481,35
668,6,28,0,0.010893246158957481,36
668,6,29,1,0.024390242993831635,37
668,6,30,1,0.04210526496171951,38
668,6,31,0,0.010893246158957481,39
668,6,32,0,0.22077922523021698,40
668,6,33,1,0.22077922523021698,41
668,6,34,1,0.010893246158957481,42
668,6,35,0,0.0008583691087551415,43
668,6,36,0,0.04210526496171951,44
668,6,37,0,0.7027027010917664,45
668,6,38,0,0.5555555820465088,46
668,6,39,1,0.22077922523021698,47
668,6,40,1,0.0008583691087551415,48
671,4,5,1,0.9682539701461792,1
671,4,6,0,0.04210526496171951,2
671,4,7,1,0.0008583691087551415,3
671,4,8,0,0.04210526496171951,4
671,4,9,1,0.024390242993831635,5
671,4,10,1,0.14705882966518402,6
671,4,11,1,0.22077922523021698,7
671,4,12,0,0.0,8
671,4,13,1,0.6666666865348816,9
671,4,14,0,0.0,10
671,4,15,0,0.22077922523021698,11
671,4,16,1,0.9931662678718567,12
671,4,17,0,0.0008583691087551415,13
671,4,18,1,0.22077922523021698,14
671,4,19,0,0.0008583691087551415,15
671,4,20,1,0.22077922523021698,16
671,4,21,0,0.010893246158957481,17
671,4,22,0,0.14705882966518402,18
671,4,23,1,0.9931662678718567,19
671,4,24,0,0.0008583691087551415,20
671,4,25,0,0.010893246158957481,21
671,4,26,0,0.0008583691087551415,22
671,4,27,0,0.010893246158957481,23
671,4,28,1,1.0,24
671,4,29,1,0.7027027010917664,25
671,4,30,0,0.01149425283074379,26
671,4,31,1,0.9931662678718567,27
671,4,32,0,0.010893246158957481,28
671,4,33,0,0.0008583691087551415,29
671,4,34,0,0.010893246158957481,30
671,4,35,0,0.0008583691087551415,31
671,4,36,0,0.010893246158957481,32
671,4,37,0,0.024390242993831635,33
671,4,38,0,0.0008583691087551415,34
671,4,39,0,0.010893246158957481,35
671,4,40,0,0.0008583691087551415,36
674,6,17,1,0.22077922523021698,1
674,6,18,1,0.0,2
674,6,19,1,0.0,3
674,6,20,1,0.0,4
674,6,21,0,0.0,5
674,6,22,0,0.010893246158957481,6
674,6,23,0,0.010893246158957481,7
674,6,24,1,0.0008583691087551415,8
674,6,25,1,0.010893246158957481,9
674,6,26,1,0.010893246158957481,10
674,6,27,1,0.0008583691087551415,11
674,6,28,0,0.010893246158957481,12
674,6,29,1,0.0008583691087551415,13
674,6,30,0,0.0,14
674,6,31,0,0.0,15
674,6,32,0,0.024390242993831635,16
674,6,33,1,0.0008583691087551415,17
674,6,34,1,0.0,18
674,6,35,0,0.0,19
674,6,36,0,0.0008583691087551415,20
674,6,37,0,0.0008583691087551415,21
674,6,38,0,0.010893246158957481,22
674,6,39,1,0.01149425283074379,23
674,6,40,1,0.0,24
675,4,5,1,0.9682539701461792,1
675,4,6,0,0.04210526496171951,2
675,4,7,1,0.0008583691087551415,3
675,4,8,0,0.04210526496171951,4
675,4,9,1,0.024390242993831635,5
675,4,10,1,0.14705882966518402,6
675,4,11,1,0.22077922523021698,7
675,4,12,0,0.0,8
675,4,13,1,0.6666666865348816,9
675,4,14,0,0.0,10
675,4,15,0,0.22077922523021698,11
675,4,16,1,0.9931662678718567,12
675,4,17,0,0.0008583691087551415,13
675,4,18,1,0.22077922523021698,14
675,4,19,0,0.0008583691087551415,15
675,4,20,1,0.22077922523021698,16
675,4,21,0,0.010893246158957481,17
675,4,22,0,0.14705882966518402,18
675,4,23,1,0.9931662678718567,19
675,4,24,0,0.0008583691087551415,20
675,4,25,0,0.010893246158957481,21
675,4,26,0,0.0008583691087551415,22
675,4,27,0,0.010893246158957481,23
675,4,28,1,1.0,24
675,4,29,1,0.7027027010917664,25
675,4,30,0,0.01149425283074379,26
675,4,31,1,0.9931662678718567,27
675,4,32,0,0.010893246158957481,28
675,4,33,0,0.0008583691087551415,29
675,4,34,0,0.010893246158957481,30
675,4,35,0,0.0008583691087551415,31
675,4,36,0,0.010893246158957481,32
675,4,37,0,0.024390242993831635,33
675,4,38,0,0.0008583691087551415,34
675,4,39,0,0.010893246158957481,35
675,4,40,0,0.0008583691087551415,36
678,6,5,0,0.22077922523021698,1
678,6,6,0,0.6666666865348816,2
678,6,7,0,0.04210526496171951,3
678,6,8,0,0.04210526496171951,4
678,6,9,0,0.14705882966518402,5
678,6,10,0,0.4000000059604645,6
678,6,11,0,0.6451523303985596,7
678,6,12,0,0.22077922523021698,8
678,6,13,0,0.14705882966518402,9
678,6,14,0,0.6190240979194641,10
678,6,15,0,0.7027027010917664,11
678,6,16,0,0.32400399446487427,12
678,6,17,1,0.9682539701461792,13
678,6,18,1,0.9682539701461792,14
678,6,19,1,0.931034505367279,15
678,6,20,1,0.010893246158957481,16
678,6,21,0,0.0,17
678,6,22,0,0.010893246158957481,18
678,6,23,0,0.010893246158957481,19
678,6,24,1,0.0008583691087551415,20
678,6,25,1,0.024390242993831635,21
678,6,26,1,0.22077922523021698,22
678,6,27,1,0.0008583691087551415,23
678,6,28,0,0.010893246158957481,24
678,6,29,1,0.04210526496171951,25
678,6,30,1,0.010893246158957481,26
678,6,31,0,0.0008583691087551415,27
678,6,32,0,0.22077922523021698,28
678,6,33,1,0.22077922523021698,29
678,6,34,1,0.0008583691087551415,30
678,6,35,0,0.0,31
678,6,36,0,0.0008583691087551415,32
678,6,37,0,0.010893246158957481,33
678,6,38,0,0.04210526496171951,34
678,6,39,1,0.04210526496171951,35
678,6,40,1,0.0008583691087551415,36
681,6,5,0,0.22077922523021698,1
681,6,6,0,0.6666666865348816,2
681,6,7,0,0.04210526496171951,3
681,6,8,0,0.04210526496171951,4
681,6,9,0,0.14705882966518402,5
681,6,10,0,0.4000000059604645,6
681,6,11,0,0.6451523303985596,7
681,6,12,0,0.22077922523021698,8
681,6,13,0,0.14705882966518402,9
681,6,14,0,0.6190240979194641,10
681,6,15,0,0.7027027010917664,11
681,6,16,0,0.32400399446487427,12
681,6,17,0,0.9682539701461792,13
681,6,18,0,0.9931662678718567,14
681,6,19,0,0.6666666865348816,15
681,6,20,0,0.7027027010917664,16
681,6,21,0,0.7027027010917664,17
681,6,22,0,0.04210526496171951,18
681,6,23,0,0.14705882966518402,19
681,6,24,0,0.04210526496171951,20
681,6,25,0,0.14705882966518402,21
681,6,26,0,0.22077922523021698,22
681,6,27,0,0.14705882966518402,23
681,6,28,0,0.22077922523021698,24
681,6,29,0,0.14705882966518402,25
681,6,30,0,0.14705882966518402,26
681,6,31,0,0.04210526496171951,27
681,6,32,0,0.22077922523021698,28
681,6,33,0,0.14705882966518402,29
681,6,34,0,0.14705882966518402,30
681,6,35,0,0.01149425283074379,31
681,6,36,0,0.01149425283074379,32
681,6,37,0,0.0008583691087551415,33
681,6,38,0,0.010893246158957481,34
681,6,39,0,0.04210526496171951,35
681,6,40,0,0.024390242993831635,36
682,4,5,1,0.9682539701461792,1
682,4,6,0,0.04210526496171951,2
682,4,7,1,0.0008583691087551415,3
682,4,8,0,0.04210526496171951,4
682,4,9,1,0.024390242993831635,5
682,4,10,1,0.14705882966518402,6
682,4,11,1,0.22077922523021698,7
682,4,12,0,0.0,8
682,4,13,1,0.6666666865348816,9
682,4,14,0,0.0,10
682,4,15,0,0.22077922523021698,11
682,4,16,1,0.9931662678718567,12
682,4,17,0,0.0008583691087551415,13
682,4,18,1,0.22077922523021698,14
682,4,19,0,0.0008583691087551415,15
682,4,20,0,0.22077922523021698,16
682,4,21,0,0.0008583691087551415,17
682,4,22,0,0.14705882966518402,18
682,4,23,1,0.9931662678718567,19
682,4,24,0,0.0008583691087551415,20
682,4,25,0,0.010893246158957481,21
682,4,26,0,0.010893246158957481,22
682,4,27,0,0.010893246158957481,23
682,4,28,1,1.0,24
682,4,29,1,0.931034505367279,25
682,4,30,0,0.024390242993831635,26
682,4,31,1,0.9931662678718567,27
682,4,32,0,0.0008583691087551415,28
682,4,33,0,0.010893246158957481,29
682,4,34,0,0.010893246158957481,30
682,4,35,0,0.0008583691087551415,31
682,4,36,0,0.01149425283074379,32
682,4,37,0,0.024390242993831635,33
682,4,38,0,0.0008583691087551415,34
682,4,39,0,0.010893246158957481,35
682,4,40,0,0.0008583691087551415,36
684,4,17,0,0.931034505367279,1
684,4,18,1,0.6666666865348816,2
684,4,19,0,0.01149425283074379,3
684,4,20,1,0.22077922523021698,4
684,4,21,0,0.024390242993831635,5
684,4,22,0,0.931034505367279,6
684,4,23,1,0.22077922523021698,7
684,4,24,0,0.22077922523021698,8
684,4,25,0,0.04210526496171951,9
684,4,26,0,0.14705882966518402,10
684,4,27,0,0.22077922523021698,11
684,4,28,1,0.22077922523021698,12
684,4,29,1,0.04210526496171951,13
684,4,30,0,0.010893246158957481,14
684,4,31,1,0.931034505367279,15
684,4,32,0,0.0008583691087551415,16
684,4,33,0,0.04210526496171951,17
684,4,34,0,0.024390242993831635,18
684,4,35,0,0.14705882966518402,19
684,4,36,0,0.931034505367279,20
684,4,37,0,0.7027027010917664,21
684,4,38,0,0.04210526496171951,22
684,4,39,0,0.04210526496171951,23
684,4,40,0,0.14705882966518402,24
685,6,5,0,0.22077922523021698,1
685,6,6,0,0.6666666865348816,2
685,6,7,0,0.04210526496171951,3
685,6,8,0,0.04210526496171951,4
685,6,9,0,0.14705882966518402,5
685,6,10,0,0.4000000059604645,6
685,6,11,0,0.6451523303985596,7
685,6,12,0,0.22077922523021698,8
685,6,13,0,0.14705882966518402,9
685,6,14,0,0.6190240979194641,10
685,6,15,0,0.7027027010917664,11
685,6,16,0,0.32400399446487427,12
685,6,17,1,0.9682539701461792,13
685,6,18,1,0.9682539701461792,14
685,6,19,1,0.931034505367279,15
685,6,20,1,0.010893246158957481,16
685,6,21,0,0.0,17
685,6,22,0,0.010893246158957481,18
685,6,23,0,0.010893246158957481,19
685,6,24,1,0.0008583691087551415,20
685,6,25,1,0.024390242993831635,21
685,6,26,1,0.22077922523021698,22
685,6,27,1,0.0008583691087551415,23
685,6,28,0,0.010893246158957481,24
685,6,29,1,0.04210526496171951,25
685,6,30,1,0.010893246158957481,26
685,6,31,0,0.0008583691087551415,27
685,6,32,0,0.22077922523021698,28
685,6,33,1,0.22077922523021698,29
685,6,34,1,0.0008583691087551415,30
685,6,35,0,0.0,31
685,6,36,0,0.0008583691087551415,32
685,6,37,0,0.010893246158957481,33
685,6,38,0,0.04210526496171951,34
685,6,39,1,0.04210526496171951,35
685,6,40,1,0.0008583691087551415,36
687,6,5,0,0.22077922523021698,1
687,6,6,0,0.6666666865348816,2
687,6,7,0,0.04210526496171951,3
687,6,8,0,0.04210526496171951,4
687,6,9,0,0.14705882966518402,5
687,6,10,0,0.4000000059604645,6
687,6,11,0,0.6451523303985596,7
687,6,12,0,0.22077922523021698,8
687,6,13,0,0.14705882966518402,9
687,6,14,0,0.6190240979194641,10
687,6,15,0,0.7027027010917664,11
687,6,16,0,0.32400399446487427,12
687,6,17,1,0.9682539701461792,13
687,6,18,1,0.9682539701461792,14
687,6,19,1,0.931034505367279,15
687,6,20,1,0.010893246158957481,16
687,6,21,0,0.0,17
687,6,22,0,0.010893246158957481,18
687,6,23,0,0.010893246158957481,19
687,6,24,1,0.0008583691087551415,20
687,6,25,1,0.024390242993831635,21
687,6,26,1,0.22077922523021698,22
687,6,27,1,0.0008583691087551415,23
687,6,28,0,0.010893246158957481,24
687,6,29,1,0.04210526496171951,25
687,6,30,1,0.010893246158957481,26
687,6,31,0,0.0008583691087551415,27
687,6,32,0,0.22077922523021698,28
687,6,33,1,0.22077922523021698,29
687,6,34,1,0.0008583691087551415,30
687,6,35,0,0.0,31
687,6,36,0,0.0008583691087551415,32
687,6,37,0,0.010893246158957481,33
687,6,38,0,0.04210526496171951,34
687,6,39,1,0.04210526496171951,35
687,6,40,1,0.0008583691087551415,36
688,4,17,0,0.931034505367279,1
688,4,18,1,0.6666666865348816,2
688,4,19,0,0.01149425283074379,3
688,4,20,1,0.22077922523021698,4
688,4,21,0,0.024390242993831635,5
688,4,22,0,0.931034505367279,6
688,4,23,1,0.22077922523021698,7
688,4,24,0,0.22077922523021698,8
688,4,25,0,0.04210526496171951,9
688,4,26,0,0.14705882966518402,10
688,4,27,0,0.22077922523021698,11
688,4,28,1,0.22077922523021698,12
688,4,29,1,0.04210526496171951,13
688,4,30,0,0.010893246158957481,14
688,4,31,1,0.931034505367279,15
688,4,32,0,0.0008583691087551415,16
688,4,33,0,0.04210526496171951,17
688,4,34,0,0.024390242993831635,18
688,4,35,0,0.14705882966518402,19
688,4,36,0,0.931034505367279,20
688,4,37,0,0.7027027010917664,21
688,4,38,0,0.04210526496171951,22
688,4,39,0,0.04210526496171951,23
688,4,40,0,0.14705882966518402,24
691,6,5,0,0.22077922523021698,1
691,6,6,0,0.6666666865348816,2
691,6,7,0,0.04210526496171951,3
691,6,8,0,0.04210526496171951,4
691,6,9,0,0.14705882966518402,5
691,6,10,0,0.4000000059604645,6
691,6,11,0,0.6451523303985596,7
691,6,12,0,0.22077922523021698,8
691,6,13,0,0.14705882966518402,9
691,6,14,0,0.6190240979194641,10
691,6,15,0,0.7027027010917664,11
691,6,16,0,0.32400399446487427,12
691,6,17,1,0.9682539701461792,13
691,6,18,1,0.9682539701461792,14
691,6,19,1,0.931034505367279,15
691,6,20,1,0.010893246158957481,16
691,6,21,0,0.0,17
691,6,22,0,0.010893246158957481,18
691,6,23,0,0.010893246158957481,19
691,6,24,1,0.0008583691087551415,20
691,6,25,1,0.024390242993831635,21
691,6,26,1,0.22077922523021698,22
691,6,27,1,0.0008583691087551415,23
691,6,28,0,0.010893246158957481,24
691,6,29,1,0.04210526496171951,25
691,6,30,1,0.010893246158957481,26
691,6,31,0,0.0008583691087551415,27
691,6,32,0,0.22077922523021698,28
691,6,33,1,0.22077922523021698,29
691,6,34,1,0.0008583691087551415,30
691,6,35,0,0.0,31
691,6,36,0,0.0008583691087551415,32
691,6,37,0,0.010893246158957481,33
691,6,38,0,0.04210526496171951,34
691,6,39,1,0.04210526496171951,35
691,6,40,1,0.0008583691087551415,36
692,6,17,1,0.22077922523021698,1
692,6,18,1,0.0,2
692,6,19,1,0.0,3
692,6,20,1,0.0,4
692,6,21,0,0.0,5
692,6,22,0,0.010893246158957481,6
692,6,23,0,0.010893246158957481,7
692,6,24,1,0.0008583691087551415,8
692,6,25,1,0.010893246158957481,9
692,6,26,1,0.010893246158957481,10
692,6,27,1,0.0008583691087551415,11
692,6,28,0,0.010893246158957481,12
692,6,29,1,0.0008583691087551415,13
692,6,30,1,0.0,14
692,6,31,0,0.0,15
692,6,32,0,0.010893246158957481,16
692,6,33,1,0.01149425283074379,17
692,6,34,1,0.0,18
692,6,35,0,0.0,19
692,6,36,0,0.010893246158957481,20
692,6,37,0,0.0008583691087551415,21
692,6,38,0,0.010893246158957481,22
692,6,39,1,0.010893246158957481,23
692,6,40,1,0.0,24
694,4,33,0,0.6000000238418579,1
694,4,34,0,0.22077922523021698,2
694,4,35,0,0.7027027010917664,3
694,4,36,0,0.6000000238418579,4
694,4,37,0,0.22077922523021698,5
694,4,38,0,0.4000000059604645,6
694,4,39,0,0.22077922523021698,7
694,4,40,0,0.22077922523021698,8
694,6,1,0,0.22077922523021698,9
694,6,2,0,0.22077922523021698,10
694,6,3,0,0.22077922523021698,11
694,6,4,0,0.3667680621147156,12
694,6,5,0,0.22077922523021698,13
694,6,6,0,0.4000000059604645,14
694,6,7,0,0.14705882966518402,15
694,6,8,0,0.14705882966518402,16
694,6,9,0,0.14705882966518402,17
694,6,10,0,0.6000000238418579,18
694,6,11,0,0.7027027010917664,19
694,6,12,0,0.22077922523021698,20
694,6,13,0,0.14705882966518402,21
694,6,14,0,0.6190240979194641,22
694,6,15,0,0.7027027010917664,23
694,6,16,0,0.32400399446487427,24
694,6,17,1,0.9682539701461792,25
694,6,18,1,0.9940828680992126,26
694,6,19,1,0.9682539701461792,27
694,6,20,1,0.3233202397823334,28
694,6,21,0,0.010893246158957481,29
694,6,22,0,0.04210526496171951,30
694,6,23,0,0.04210526496171951,31
694,6,24,1,0.14705882966518402,32
694,6,25,1,0.14705882966518402,33
694,6,26,1,0.17425556480884552,34
694,6,27,1,0.010893246158957481,35
694,6,28,0,0.010893246158957481,36
694,6,29,1,0.024390242993831635,37
694,6,30,1,0.04210526496171951,38
694,6,31,0,0.010893246158957481,39
694,6,32,0,0.22077922523021698,40
694,6,33,1,0.22077922523021698,41
694,6,34,1,0.010893246158957481,42
694,6,35,0,0.0008583691087551415,43
694,6,36,0,0.04210526496171951,44
694,6,37,0,0.7027027010917664,45
694,6,38,0,0.5555555820465088,46
694,6,39,1,0.22077922523021698,47
694,6,40,1,0.0008583691087551415,48
699,2,29,1,0.6666666865348816,1
699,2,30,1,0.04210526496171951,2
699,2,31,0,0.0,3
699,2,32,0,0.024390242993831635,4
699,2,33,1,0.024390242993831635,5
699,2,34,0,0.010893246158957481,6
699,2,35,0,0.14705882966518402,7
699,2,36,1,0.14705882966518402,8
699,2,37,0,0.04210526496171951,9
699,2,38,0,0.024390242993831635,10
699,2,39,1,0.14705882966518402,11
699,2,40,0,0.0008583691087551415,12
700,6,5,0,0.2456773817539215,1
700,6,6,0,0.3628266751766205,2
700,6,7,0,0.22077922523021698,3
700,6,8,0,0.22077922523021698,4
700,6,9,0,0.04210526496171951,5
700,6,10,1,0.22077922523021698,6
700,6,11,0,0.6196366548538208,7
700,6,12,0,0.931034505367279,8
700,6,13,0,0.7027027010917664,9
700,6,14,0,0.7027027010917664,10
700,6,15,0,0.6666666865348816,11
700,6,16,0,0.9682539701461792,12
700,6,17,1,0.931034505367279,13
700,6,18,1,1.0,14
700,6,19,1,0.9682539701461792,15
700,6,20,1,0.22077922523021698,16
700,6,21,0,0.01149425283074379,17
700,6,22,0,0.22077922523021698,18
700,6,23,0,0.22077922523021698,19
700,6,24,1,0.22077922523021698,20
700,6,25,1,0.04210526496171951,21
700,6,26,1,0.22077922523021698,22
700,6,27,1,0.010893246158957481,23
700,6,28,0,0.01149425283074379,24
700,6,29,1,0.01149425283074379,25
700,6,30,1,0.0008583691087551415,26
700,6,31,1,0.0,27
700,6,32,0,0.010893246158957481,28
700,6,33,1,0.01149425283074379,29
700,6,34,1,0.0,30
700,6,35,0,0.0,31
700,6,36,0,0.010893246158957481,32
700,6,37,0,0.024390242993831635,33
700,6,38,0,0.010893246158957481,34
700,6,39,1,0.01149425283074379,35
700,6,40,1,0.0,36
701,3,17,0,0.931034505367279,1
701,3,18,0,0.01149425283074379,2
701,3,19,1,0.04210526496171951,3
701,3,20,1,0.01149425283074379,4
701,3,21,0,0.010893246158957481,5
701,3,22,1,0.22077922523021698,6
701,3,23,0,0.04210526496171951,7
701,3,24,0,0.6059054136276245,8
701,3,25,0,0.5555555820465088,9
701,3,26,1,0.85303795337677,10
701,3,27,0,0.010893246158957481,11
701,3,28,1,0.9682539701461792,12
701,3,29,1,0.5555555820465088,13
701,3,30,0,0.0008583691087551415,14
701,3,31,0,0.14705882966518402,15
701,3,32,1,0.6666666865348816,16
701,3,33,0,0.010893246158957481,17
701,3,34,0,0.7027027010917664,18
701,3,35,0,0.14705882966518402,19
701,3,36,1,0.9931662678718567,20
701,3,37,1,0.8055555820465088,21
701,3,38,0,0.010893246158957481,22
701,3,39,0,0.024390242993831635,23
701,3,40,0,0.01149425283074379,24
703,6,5,0,0.2456773817539215,1
703,6,6,0,0.3628266751766205,2
703,6,7,0,0.22077922523021698,3
703,6,8,0,0.22077922523021698,4
703,6,9,0,0.04210526496171951,5
703,6,10,1,0.22077922523021698,6
703,6,11,0,0.6196366548538208,7
703,6,12,0,0.931034505367279,8
703,6,13,0,0.7027027010917664,9
703,6,14,0,0.7027027010917664,10
703,6,15,0,0.6666666865348816,11
703,6,16,0,0.9682539701461792,12
703,6,17,1,0.931034505367279,13
703,6,18,1,1.0,14
703,6,19,1,0.9682539701461792,15
703,6,20,1,0.22077922523021698,16
703,6,21,0,0.01149425283074379,17
703,6,22,0,0.22077922523021698,18
703,6,23,0,0.22077922523021698,19
703,6,24,1,0.22077922523021698,20
703,6,25,1,0.04210526496171951,21
703,6,26,1,0.22077922523021698,22
703,6,27,1,0.010893246158957481,23
703,6,28,0,0.01149425283074379,24
703,6,29,1,0.01149425283074379,25
703,6,30,0,0.0008583691087551415,26
703,6,31,1,0.0,27
703,6,32,0,0.0008583691087551415,28
703,6,33,1,0.0008583691087551415,29
703,6,34,1,0.0,30
703,6,35,0,0.0,31
703,6,36,0,0.0008583691087551415,32
703,6,37,0,0.010893246158957481,33
703,6,38,0,0.010893246158957481,34
703,6,39,1,0.024390242993831635,35
703,6,40,1,0.0,36
704,6,5,0,0.2456773817539215,1
704,6,6,0,0.3628266751766205,2
704,6,7,0,0.22077922523021698,3
704,6,8,0,0.22077922523021698,4
704,6,9,0,0.04210526496171951,5
704,6,10,0,0.22077922523021698,6
704,6,11,0,0.22077922523021698,7
704,6,12,0,0.22077922523021698,8
704,6,13,0,0.1987888216972351,9
704,6,14,0,0.6725977659225464,10
704,6,15,0,0.5818718075752258,11
704,6,16,0,0.5974198579788208,12
704,6,17,1,0.6666666865348816,13
704,6,18,1,1.0,14
704,6,19,1,0.9940828680992126,15
704,6,20,1,0.22077922523021698,16
704,6,21,0,0.01149425283074379,17
704,6,22,0,0.22077922523021698,18
704,6,23,0,0.14705882966518402,19
704,6,24,1,0.14705882966518402,20
704,6,25,1,0.04210526496171951,21
704,6,26,1,0.14705882966518402,22
704,6,27,1,0.010893246158957481,23
704,6,28,0,0.010893246158957481,24
704,6,29,1,0.01149425283074379,25
704,6,30,1,0.0008583691087551415,26
704,6,31,1,0.0008583691087551415,27
704,6,32,0,0.024390242993831635,28
704,6,33,1,0.024390242993831635,29
704,6,34,1,0.0,30
704,6,35,0,0.0,31
704,6,36,0,0.010893246158957481,32
704,6,37,0,0.024390242993831635,33
704,6,38,0,0.010893246158957481,34
704,6,39,1,0.024390242993831635,35
704,6,40,1,0.0,36
705,5,33,1,0.22077922523021698,1
705,5,34,0,0.024390242993831635,2
705,5,35,0,0.010893246158957481,3
705,5,36,1,0.010893246158957481,4
705,5,37,0,0.04210526496171951,5
705,5,38,0,0.6000000238418579,6
705,5,39,1,0.7027027010917664,7
705,5,40,0,0.024390242993831635,8
705,6,1,0,0.010893246158957481,9
705,6,2,0,0.0008583691087551415,10
705,6,3,0,0.010893246158957481,11
705,6,4,0,0.14705882966518402,12
705,6,5,0,0.14705882966518402,13
705,6,6,0,0.22077922523021698,14
705,6,7,0,0.14705882966518402,15
705,6,8,0,0.04210526496171951,16
705,6,9,0,0.22077922523021698,17
705,6,10,0,0.14705882966518402,18
705,6,11,0,0.22077922523021698,19
705,6,12,0,0.22077922523021698,20
705,6,13,0,0.6000000238418579,21
705,6,14,0,0.22077922523021698,22
705,6,15,0,0.5555555820465088,23
705,6,16,0,0.22077922523021698,24
705,6,17,1,0.22077922523021698,25
705,6,18,1,0.9931662678718567,26
705,6,19,1,0.9682539701461792,27
705,6,20,1,0.7027027010917664,28
705,6,21,0,0.010893246158957481,29
705,6,22,0,0.6666666865348816,30
705,6,23,0,0.22077922523021698,31
705,6,24,1,0.33593201637268066,32
705,6,25,1,0.04210526496171951,33
705,6,26,1,0.14705882966518402,34
705,6,27,1,0.010893246158957481,35
705,6,28,0,0.01149425283074379,36
705,6,29,1,0.024390242993831635,37
705,6,30,1,0.0008583691087551415,38
705,6,31,1,0.0008583691087551415,39
705,6,32,0,0.04210526496171951,40
705,6,33,1,0.024390242993831635,41
705,6,34,1,0.0,42
705,6,35,0,0.0,43
705,6,36,0,0.010893246158957481,44
705,6,37,0,0.04210526496171951,45
705,6,38,0,0.010893246158957481,46
705,6,39,1,0.010893246158957481,47
705,6,40,1,0.0,48
706,6,5,0,0.2456773817539215,1
706,6,6,0,0.3628266751766205,2
706,6,7,0,0.22077922523021698,3
706,6,8,0,0.22077922523021698,4
706,6,9,0,0.04210526496171951,5
706,6,10,0,0.22077922523021698,6
706,6,11,0,0.22077922523021698,7
706,6,12,0,0.22077922523021698,8
706,6,13,0,0.1987888216972351,9
706,6,14,0,0.6725977659225464,10
706,6,15,0,0.5818718075752258,11
706,6,16,0,0.5974198579788208,12
706,6,17,1,0.6666666865348816,13
706,6,18,1,1.0,14
706,6,19,1,0.9940828680992126,15
706,6,20,1,0.22077922523021698,16
706,6,21,0,0.01149425283074379,17
706,6,22,0,0.22077922523021698,18
706,6,23,0,0.14705882966518402,19
706,6,24,1,0.14705882966518402,20
706,6,25,1,0.04210526496171951,21
706,6,26,1,0.14705882966518402,22
706,6,27,1,0.010893246158957481,23
706,6,28,0,0.010893246158957481,24
706,6,29,1,0.01149425283074379,25
706,6,30,0,0.0008583691087551415,26
706,6,31,0,0.0,27
706,6,32,0,0.04210526496171951,28
706,6,33,1,0.01149425283074379,29
706,6,34,1,0.0,30
706,6,35,0,0.0,31
706,6,36,0,0.0008583691087551415,32
706,6,37,0,0.010893246158957481,33
706,6,38,0,0.010893246158957481,34
706,6,39,1,0.04210526496171951,35
706,6,40,1,0.0,36
709,5,17,0,0.931034505367279,1
709,5,18,1,0.22077922523021698,2
709,5,19,1,0.04210526496171951,3
709,5,20,1,0.22077922523021698,4
709,5,21,0,0.0008583691087551415,5
709,5,22,1,0.024390242993831635,6
709,5,23,0,0.04210526496171951,7
709,5,24,1,0.22077922523021698,8
709,5,25,0,0.010893246158957481,9
709,5,26,0,0.024390242993831635,10
709,5,27,0,0.04210526496171951,11
709,5,28,1,0.8055555820465088,12
709,5,29,0,0.01149425283074379,13
709,5,30,0,0.14705882966518402,14
709,5,31,0,0.22077922523021698,15
709,5,32,0,0.22077922523021698,16
709,5,33,1,0.9931662678718567,17
709,5,34,0,0.010893246158957481,18
709,5,35,0,0.04210526496171951,19
709,5,36,1,0.931034505367279,20
709,5,37,0,0.010893246158957481,21
709,5,38,0,0.14705882966518402,22
709,5,39,1,0.9682539701461792,23
709,5,40,0,0.010893246158957481,24
710,5,17,0,0.931034505367279,1
710,5,18,1,0.22077922523021698,2
710,5,19,1,0.04210526496171951,3
710,5,20,1,0.22077922523021698,4
710,5,21,0,0.0008583691087551415,5
710,5,22,1,0.024390242993831635,6
710,5,23,0,0.04210526496171951,7
710,5,24,1,0.22077922523021698,8
710,5,25,0,0.010893246158957481,9
710,5,26,0,0.024390242993831635,10
710,5,27,0,0.04210526496171951,11
710,5,28,1,0.8055555820465088,12
710,5,29,0,0.01149425283074379,13
710,5,30,0,0.14705882966518402,14
710,5,31,0,0.22077922523021698,15
710,5,32,0,0.22077922523021698,16
710,5,33,1,0.9931662678718567,17
710,5,34,0,0.010893246158957481,18
710,5,35,0,0.04210526496171951,19
710,5,36,1,0.931034505367279,20
710,5,37,0,0.010893246158957481,21
710,5,38,0,0.14705882966518402,22
710,5,39,1,0.9682539701461792,23
710,5,40,0,0.010893246158957481,24
713,6,17,1,0.22077922523021698,1
713,6,18,1,0.010893246158957481,2
713,6,19,1,0.0,3
713,6,20,1,0.0,4
713,6,21,0,0.0,5
713,6,22,0,0.0008583691087551415,6
713,6,23,0,0.010893246158957481,7
713,6,24,1,0.0,8
713,6,25,1,0.0,9
713,6,26,1,0.0008583691087551415,10
713,6,27,1,0.0,11
713,6,28,0,0.0008583691087551415,12
713,6,29,1,0.0008583691087551415,13
713,6,30,1,0.0,14
713,6,31,1,0.0,15
713,6,32,0,0.0,16
713,6,33,1,0.0008583691087551415,17
713,6,34,1,0.0,18
713,6,35,0,0.0,19
713,6,36,0,0.010893246158957481,20
713,6,37,0,0.01149425283074379,21
713,6,38,0,0.01149425283074379,22
713,6,39,1,0.010893246158957481,23
713,6,40,1,0.0,24
714,6,5,0,0.22077922523021698,1
714,6,6,0,0.22077922523021698,2
714,6,7,0,0.14705882966518402,3
714,6,8,0,0.14705882966518402,4
714,6,9,0,0.04210526496171951,5
714,6,10,0,0.6000000238418579,6
714,6,11,0,0.5784896016120911,7
714,6,12,0,0.22077922523021698,8
714,6,13,0,0.14705882966518402,9
714,6,14,0,0.675414502620697,10
714,6,15,0,0.6666666865348816,11
714,6,16,0,0.8517253398895264,12
714,6,17,1,0.931034505367279,13
714,6,18,1,0.931034505367279,14
714,6,19,1,0.931034505367279,15
714,6,20,1,0.010893246158957481,16
714,6,21,0,0.0008583691087551415,17
714,6,22,0,0.010893246158957481,18
714,6,23,0,0.010893246158957481,19
714,6,24,1,0.010893246158957481,20
714,6,25,1,0.010893246158957481,21
714,6,26,1,0.14705882966518402,22
714,6,27,1,0.0008583691087551415,23
714,6,28,0,0.04210526496171951,24
714,6,29,1,0.04210526496171951,25
714,6,30,1,0.0008583691087551415,26
714,6,31,1,0.0008583691087551415,27
714,6,32,0,0.04210526496171951,28
714,6,33,1,0.22077922523021698,29
714,6,34,1,0.0008583691087551415,30
714,6,35,0,0.0008583691087551415,31
714,6,36,0,0.22077922523021698,32
714,6,37,0,0.14705882966518402,33
714,6,38,0,0.22077922523021698,34
714,6,39,1,0.6000000238418579,35
714,6,40,1,0.0008583691087551415,36
716,6,5,0,0.22077922523021698,1
716,6,6,0,0.22077922523021698,2
716,6,7,0,0.14705882966518402,3
716,6,8,0,0.14705882966518402,4
716,6,9,0,0.04210526496171951,5
716,6,10,0,0.6000000238418579,6
716,6,11,0,0.5784896016120911,7
716,6,12,0,0.22077922523021698,8
716,6,13,0,0.14705882966518402,9
716,6,14,0,0.675414502620697,10
716,6,15,0,0.6666666865348816,11
716,6,16,0,0.8517253398895264,12
716,6,17,1,0.931034505367279,13
716,6,18,1,0.931034505367279,14
716,6,19,1,0.931034505367279,15
716,6,20,1,0.010893246158957481,16
716,6,21,0,0.0008583691087551415,17
716,6,22,0,0.010893246158957481,18
716,6,23,0,0.010893246158957481,19
716,6,24,1,0.010893246158957481,20
716,6,25,1,0.010893246158957481,21
716,6,26,1,0.14705882966518402,22
716,6,27,1,0.0008583691087551415,23
716,6,28,0,0.04210526496171951,24
716,6,29,1,0.04210526496171951,25
716,6,30,1,0.0008583691087551415,26
716,6,31,0,0.0008583691087551415,27
716,6,32,0,0.22077922523021698,28
716,6,33,1,0.22077922523021698,29
716,6,34,1,0.0008583691087551415,30
716,6,35,0,0.0008583691087551415,31
716,6,36,0,0.22077922523021698,32
716,6,37,0,0.14705882966518402,33
716,6,38,0,0.22077922523021698,34
716,6,39,1,0.6666666865348816,35
716,6,40,1,0.0008583691087551415,36
717,5,17,0,0.931034505367279,1
717,5,18,1,0.6222649216651917,2
717,5,19,1,0.0008583691087551415,3
717,5,20,1,0.04210526496171951,4
717,5,21,0,0.0,5
717,5,22,0,0.0008583691087551415,6
717,5,23,0,0.024390242993831635,7
717,5,24,1,0.7027027010917664,8
717,5,25,0,0.010893246158957481,9
717,5,26,0,0.04210526496171951,10
717,5,27,0,0.04210526496171951,11
717,5,28,1,0.7027027010917664,12
717,5,29,0,0.04210526496171951,13
717,5,30,0,0.22077922523021698,14
717,5,31,0,0.14705882966518402,15
717,5,32,0,0.14705882966518402,16
717,5,33,1,0.9931662678718567,17
717,5,34,0,0.024390242993831635,18
717,5,35,0,0.024390242993831635,19
717,5,36,1,0.7027027010917664,20
717,5,37,0,0.024390242993831635,21
717,5,38,0,0.14705882966518402,22
717,5,39,1,0.931034505367279,23
717,5,40,0,0.0008583691087551415,24
719,6,17,1,0.22077922523021698,1
719,6,18,1,0.0008583691087551415,2
719,6,19,1,0.0,3
719,6,20,1,0.0,4
719,6,21,0,0.0,5
719,6,22,0,0.0008583691087551415,6
719,6,23,0,0.0008583691087551415,7
719,6,24,1,0.0008583691087551415,8
719,6,25,1,0.0008583691087551415,9
719,6,26,1,0.0008583691087551415,10
719,6,27,1,0.0008583691087551415,11
719,6,28,0,0.010893246158957481,12
719,6,29,1,0.0008583691087551415,13
719,6,30,1,0.0,14
719,6,31,0,0.0,15
719,6,32,0,0.0008583691087551415,16
719,6,33,1,0.010893246158957481,17
719,6,34,1,0.0,18
719,6,35,0,0.0,19
719,6,36,0,0.04210526496171951,20
719,6,37,0,0.04210526496171951,21
719,6,38,0,0.04210526496171951,22
719,6,39,1,0.04210526496171951,23
719,6,40,1,0.0,24
721,6,17,1,0.22077922523021698,1
721,6,18,1,0.0008583691087551415,2
721,6,19,1,0.0,3
721,6,20,1,0.0,4
721,6,21,0,0.0,5
721,6,22,0,0.0008583691087551415,6
721,6,23,0,0.0008583691087551415,7
721,6,24,1,0.0008583691087551415,8
721,6,25,1,0.0008583691087551415,9
721,6,26,1,0.0008583691087551415,10
721,6,27,0,0.0008583691087551415,11
721,6,28,0,0.01149425283074379,12
721,6,29,1,0.0008583691087551415,13
721,6,30,1,0.0,14
721,6,31,0,0.0,15
721,6,32,0,0.0008583691087551415,16
721,6,33,1,0.010893246158957481,17
721,6,34,1,0.0008583691087551415,18
721,6,35,0,0.0,19
721,6,36,0,0.010893246158957481,20
721,6,37,0,0.01149425283074379,21
721,6,38,0,0.024390242993831635,22
721,6,39,1,0.14705882966518402,23
721,6,40,1,0.0,24
724,2,29,1,0.7027027010917664,1
724,2,30,1,0.010893246158957481,2
724,2,31,0,0.0,3
724,2,32,0,0.0008583691087551415,4
724,2,33,1,0.010893246158957481,5
724,2,34,0,0.0008583691087551415,6
724,2,35,0,0.024390242993831635,7
724,2,36,1,0.04210526496171951,8
724,2,37,1,0.024390242993831635,9
724,2,38,0,0.0008583691087551415,10
724,2,39,1,0.22077922523021698,11
724,2,40,0,0.0,12
725,2,29,0,0.7027027010917664,1
725,2,30,1,0.14705882966518402,2
725,2,31,0,0.0008583691087551415,3
725,2,32,0,0.024390242993831635,4
725,2,33,1,0.14705882966518402,5
725,2,34,0,0.010893246158957481,6
725,2,35,0,0.04210526496171951,7
725,2,36,1,0.14705882966518402,8
725,2,37,1,0.010893246158957481,9
725,2,38,0,0.0008583691087551415,10
725,2,39,1,0.22077922523021698,11
725,2,40,0,0.0,12
728,6,5,0,0.22077922523021698,1
728,6,6,0,0.6000000238418579,2
728,6,7,0,0.04210526496171951,3
728,6,8,0,0.04210526496171951,4
728,6,9,0,0.04210526496171951,5
728,6,10,0,0.14705882966518402,6
728,6,11,0,0.5749377012252808,7
728,6,12,0,0.04210526496171951,8
728,6,13,0,0.04210526496171951,9
728,6,14,0,0.22077922523021698,10
728,6,15,0,0.7027027010917664,11
728,6,16,0,0.22077922523021698,12
728,6,17,1,0.9682539701461792,13
728,6,18,1,0.931034505367279,14
728,6,19,1,0.9682539701461792,15
728,6,20,1,0.010893246158957481,16
728,6,21,0,0.0,17
728,6,22,0,0.010893246158957481,18
728,6,23,0,0.010893246158957481,19
728,6,24,1,0.0008583691087551415,20
728,6,25,1,0.024390242993831635,21
728,6,26,1,0.22077922523021698,22
728,6,27,1,0.0008583691087551415,23
728,6,28,0,0.0008583691087551415,24
728,6,29,1,0.024390242993831635,25
728,6,30,0,0.010893246158957481,26
728,6,31,0,0.0008583691087551415,27
728,6,32,0,0.22077922523021698,28
728,6,33,1,0.14705882966518402,29
728,6,34,1,0.0008583691087551415,30
728,6,35,0,0.0,31
728,6,36,0,0.0008583691087551415,32
728,6,37,0,0.0008583691087551415,33
728,6,38,0,0.0008583691087551415,34
728,6,39,1,0.14705882966518402,35
728,6,40,1,0.0,36
729,6,5,0,0.22077922523021698,1
729,6,6,0,0.6000000238418579,2
729,6,7,0,0.04210526496171951,3
729,6,8,0,0.04210526496171951,4
729,6,9,0,0.04210526496171951,5
729,6,10,0,0.14705882966518402,6
729,6,11,0,0.5749377012252808,7
729,6,12,0,0.04210526496171951,8
729,6,13,0,0.04210526496171951,9
729,6,14,0,0.22077922523021698,10
729,6,15,0,0.7027027010917664,11
729,6,16,0,0.22077922523021698,12
729,6,17,1,0.9682539701461792,13
729,6,18,1,0.931034505367279,14
729,6,19,1,0.9682539701461792,15
729,6,20,1,0.010893246158957481,16
729,6,21,0,0.0,17
729,6,22,0,0.010893246158957481,18
729,6,23,0,0.010893246158957481,19
729,6,24,1,0.0008583691087551415,20
729,6,25,1,0.024390242993831635,21
729,6,26,1,0.22077922523021698,22
729,6,27,1,0.0008583691087551415,23
729,6,28,0,0.0008583691087551415,24
729,6,29,1,0.024390242993831635,25
729,6,30,0,0.010893246158957481,26
729,6,31,0,0.0008583691087551415,27
729,6,32,0,0.22077922523021698,28
729,6,33,1,0.14705882966518402,29
729,6,34,1,0.0008583691087551415,30
729,6,35,0,0.0,31
729,6,36,0,0.0008583691087551415,32
729,6,37,0,0.0008583691087551415,33
729,6,38,0,0.0008583691087551415,34
729,6,39,1,0.14705882966518402,35
729,6,40,1,0.0,36
730,2,29,1,0.7027027010917664,1
730,2,30,1,0.010893246158957481,2
730,2,31,0,0.0,3
730,2,32,0,0.0008583691087551415,4
730,2,33,1,0.0008583691087551415,5
730,2,34,0,0.0008583691087551415,6
730,2,35,0,0.024390242993831635,7
730,2,36,0,0.01149425283074379,8
730,2,37,1,0.22077922523021698,9
730,2,38,0,0.010893246158957481,10
730,2,39,1,0.14705882966518402,11
730,2,40,0,0.0,12
731,5,33,1,0.6000000238418579,1
731,5,34,0,0.024390242993831635,2
731,5,35,0,0.04210526496171951,3
731,5,36,1,0.024390242993831635,4
731,5,37,0,0.010893246158957481,5
731,5,38,0,0.14705882966518402,6
731,5,39,1,0.22077922523021698,7
731,5,40,0,0.14705882966518402,8
731,6,1,0,0.0008583691087551415,9
731,6,2,0,0.0008583691087551415,10
731,6,3,0,0.024390242993831635,11
731,6,4,0,0.04210526496171951,12
731,6,5,0,0.14705882966518402,13
731,6,6,0,0.04210526496171951,14
731,6,7,0,0.024390242993831635,15
731,6,8,0,0.04210526496171951,16
731,6,9,0,0.22077922523021698,17
731,6,10,0,0.22077922523021698,18
731,6,11,0,0.22077922523021698,19
731,6,12,0,0.14705882966518402,20
731,6,13,0,0.22077922523021698,21
731,6,14,0,0.22077922523021698,22
731,6,15,0,0.7027027010917664,23
731,6,16,0,0.22077922523021698,24
731,6,17,1,0.8055555820465088,25
731,6,18,1,0.8055555820465088,26
731,6,19,1,0.22077922523021698,27
731,6,20,1,0.04210526496171951,28
731,6,21,0,0.0008583691087551415,29
731,6,22,0,0.14705882966518402,30
731,6,23,0,0.04210526496171951,31
731,6,24,1,0.024390242993831635,32
731,6,25,1,0.024390242993831635,33
731,6,26,1,0.14705882966518402,34
731,6,27,1,0.010893246158957481,35
731,6,28,0,0.0008583691087551415,36
731,6,29,1,0.14705882966518402,37
731,6,30,0,0.010893246158957481,38
731,6,31,0,0.0008583691087551415,39
731,6,32,0,0.04210526496171951,40
731,6,33,1,0.22077922523021698,41
731,6,34,1,0.0008583691087551415,42
731,6,35,0,0.0,43
731,6,36,0,0.0008583691087551415,44
731,6,37,0,0.024390242993831635,45
731,6,38,0,0.010893246158957481,46
731,6,39,1,0.22077922523021698,47
731,6,40,1,0.0008583691087551415,48
733,3,17,0,0.9682539701461792,1
733,3,18,0,0.14705882966518402,2
733,3,19,1,0.22077922523021698,3
733,3,20,1,0.024390242993831635,4
733,3,21,0,0.010893246158957481,5
733,3,22,0,0.5555555820465088,6
733,3,23,0,0.14705882966518402,7
733,3,24,0,0.22077922523021698,8
733,3,25,0,0.14705882966518402,9
733,3,26,1,0.931034505367279,10
733,3,27,0,0.01149425283074379,11
733,3,28,1,0.9682539701461792,12
733,3,29,1,0.5721505284309387,13
733,3,30,0,0.0008583691087551415,14
733,3,31,0,0.01149425283074379,15
733,3,32,1,0.6000000238418579,16
733,3,33,0,0.010893246158957481,17
733,3,34,0,0.5555555820465088,18
733,3,35,0,0.010893246158957481,19
733,3,36,1,0.7027027010917664,20
733,3,37,1,0.22077922523021698,21
733,3,38,0,0.0,22
733,3,39,0,0.04210526496171951,23
733,3,40,0,0.024390242993831635,24
734,2,29,0,0.6666666865348816,1
734,2,30,0,0.22077922523021698,2
734,2,31,0,0.22077922523021698,3
734,2,32,0,0.22077922523021698,4
734,2,33,0,0.01149425283074379,5
734,2,34,0,0.04210526496171951,6
734,2,35,1,0.024390242993831635,7
734,2,36,0,0.04210526496171951,8
734,2,37,0,0.04210526496171951,9
734,2,38,0,0.22077922523021698,10
734,2,39,0,0.0008583691087551415,11
734,2,40,0,0.22077922523021698,12
735,6,5,0,0.2456773817539215,1
735,6,6,0,0.8055555820465088,2
735,6,7,0,0.04210526496171951,3
735,6,8,0,0.024390242993831635,4
735,6,9,0,0.024390242993831635,5
735,6,10,1,0.22077922523021698,6
735,6,11,0,0.4000000059604645,7
735,6,12,0,0.7027027010917664,8
735,6,13,0,0.22077922523021698,9
735,6,14,0,0.22077922523021698,10
735,6,15,0,0.4190753996372223,11
735,6,16,0,0.8055555820465088,12
735,6,17,0,0.931034505367279,13
735,6,18,1,0.931034505367279,14
735,6,19,1,0.4000000059604645,15
735,6,20,1,0.14705882966518402,16
735,6,21,0,0.010893246158957481,17
735,6,22,0,0.7027027010917664,18
735,6,23,0,0.4000000059604645,19
735,6,24,1,0.6666666865348816,20
735,6,25,1,0.22077922523021698,21
735,6,26,1,0.024390242993831635,22
735,6,27,1,0.0,23
735,6,28,0,0.010893246158957481,24
735,6,29,1,0.010893246158957481,25
735,6,30,0,0.0008583691087551415,26
735,6,31,0,0.0008583691087551415,27
735,6,32,0,0.14705882966518402,28
735,6,33,1,0.024390242993831635,29
735,6,34,1,0.0008583691087551415,30
735,6,35,0,0.0,31
735,6,36,0,0.0008583691087551415,32
735,6,37,0,0.0008583691087551415,33
735,6,38,0,0.0008583691087551415,34
735,6,39,1,0.01149425283074379,35
735,6,40,1,0.0,36
736,4,33,0,0.22077922523021698,1
736,4,34,0,0.22077922523021698,2
736,4,35,0,0.6000000238418579,3
736,4,36,0,0.22077922523021698,4
736,4,37,0,0.04210526496171951,5
736,4,38,0,0.22077922523021698,6
736,4,39,0,0.024390242993831635,7
736,4,40,0,0.04210526496171951,8
736,6,1,0,0.22077922523021698,9
736,6,2,0,0.04210526496171951,10
736,6,3,0,0.14705882966518402,11
736,6,4,0,0.22077922523021698,12
736,6,5,0,0.22077922523021698,13
736,6,6,0,0.4000000059604645,14
736,6,7,0,0.14705882966518402,15
736,6,8,0,0.14705882966518402,16
736,6,9,0,0.14705882966518402,17
736,6,10,1,0.6666666865348816,18
736,6,11,0,0.8869593143463135,19
736,6,12,0,0.6666666865348816,20
736,6,13,0,0.22077922523021698,21
736,6,14,0,0.22077922523021698,22
736,6,15,0,0.4000000059604645,23
736,6,16,0,0.4000000059604645,24
736,6,17,0,0.8055555820465088,25
736,6,18,1,0.8055555820465088,26
736,6,19,1,0.48668351769447327,27
736,6,20,1,0.6572205424308777,28
736,6,21,0,0.22077922523021698,29
736,6,22,0,0.8055555820465088,30
736,6,23,0,0.8055555820465088,31
736,6,24,1,0.7027027010917664,32
736,6,25,1,0.04210526496171951,33
736,6,26,1,0.04210526496171951,34
736,6,27,1,0.010893246158957481,35
736,6,28,0,0.01149425283074379,36
736,6,29,1,0.04210526496171951,37
736,6,30,0,0.010893246158957481,38
736,6,31,1,0.0008583691087551415,39
736,6,32,0,0.010893246158957481,40
736,6,33,1,0.01149425283074379,41
736,6,34,1,0.0,42
736,6,35,0,0.0008583691087551415,43
736,6,36,0,0.0008583691087551415,44
736,6,37,0,0.22077922523021698,45
736,6,38,0,0.14705882966518402,46
736,6,39,1,0.22077922523021698,47
736,6,40,1,0.0,48
737,6,5,0,0.2456773817539215,1
737,6,6,0,0.8055555820465088,2
737,6,7,0,0.04210526496171951,3
737,6,8,0,0.024390242993831635,4
737,6,9,0,0.024390242993831635,5
737,6,10,1,0.22077922523021698,6
737,6,11,0,0.4000000059604645,7
737,6,12,0,0.7027027010917664,8
737,6,13,0,0.22077922523021698,9
737,6,14,0,0.22077922523021698,10
737,6,15,0,0.4190753996372223,11
737,6,16,0,0.8055555820465088,12
737,6,17,0,0.931034505367279,13
737,6,18,1,0.931034505367279,14
737,6,19,1,0.4000000059604645,15
737,6,20,1,0.14705882966518402,16
737,6,21,0,0.010893246158957481,17
737,6,22,0,0.7027027010917664,18
737,6,23,0,0.4000000059604645,19
737,6,24,1,0.6666666865348816,20
737,6,25,1,0.22077922523021698,21
737,6,26,1,0.024390242993831635,22
737,6,27,1,0.0,23
737,6,28,0,0.010893246158957481,24
737,6,29,1,0.010893246158957481,25
737,6,30,0,0.0008583691087551415,26
737,6,31,1,0.0008583691087551415,27
737,6,32,0,0.010893246158957481,28
737,6,33,1,0.010893246158957481,29
737,6,34,1,0.0,30
737,6,35,0,0.0,31
737,6,36,0,0.0,32
737,6,37,0,0.0008583691087551415,33
737,6,38,0,0.010893246158957481,34
737,6,39,1,0.010893246158957481,35
737,6,40,1,0.0,36
738,6,5,0,0.2456773817539215,1
738,6,6,0,0.8055555820465088,2
738,6,7,0,0.04210526496171951,3
738,6,8,0,0.024390242993831635,4
738,6,9,0,0.024390242993831635,5
738,6,10,1,0.22077922523021698,6
738,6,11,0,0.4000000059604645,7
738,6,12,0,0.7027027010917664,8
738,6,13,0,0.22077922523021698,9
738,6,14,0,0.22077922523021698,10
738,6,15,0,0.4190753996372223,11
738,6,16,0,0.8055555820465088,12
738,6,17,0,0.931034505367279,13
738,6,18,1,0.931034505367279,14
738,6,19,1,0.4000000059604645,15
738,6,20,1,0.14705882966518402,16
738,6,21,0,0.010893246158957481,17
738,6,22,0,0.7027027010917664,18
738,6,23,0,0.4000000059604645,19
738,6,24,1,0.6666666865348816,20
738,6,25,1,0.22077922523021698,21
738,6,26,1,0.024390242993831635,22
738,6,27,1,0.0,23
738,6,28,0,0.010893246158957481,24
738,6,29,1,0.010893246158957481,25
738,6,30,0,0.0008583691087551415,26
738,6,31,1,0.0008583691087551415,27
738,6,32,0,0.010893246158957481,28
738,6,33,1,0.010893246158957481,29
738,6,34,1,0.0,30
738,6,35,0,0.0,31
738,6,36,0,0.0,32
738,6,37,0,0.0008583691087551415,33
738,6,38,0,0.010893246158957481,34
738,6,39,1,0.010893246158957481,35
738,6,40,1,0.0,36
739,6,5,0,0.2456773817539215,1
739,6,6,0,0.8055555820465088,2
739,6,7,0,0.04210526496171951,3
739,6,8,0,0.024390242993831635,4
739,6,9,0,0.024390242993831635,5
739,6,10,1,0.22077922523021698,6
739,6,11,0,0.4000000059604645,7
739,6,12,0,0.7027027010917664,8
739,6,13,0,0.22077922523021698,9
739,6,14,0,0.22077922523021698,10
739,6,15,0,0.4190753996372223,11
739,6,16,0,0.8055555820465088,12
739,6,17,0,0.931034505367279,13
739,6,18,1,0.931034505367279,14
739,6,19,1,0.4000000059604645,15
739,6,20,1,0.14705882966518402,16
739,6,21,0,0.010893246158957481,17
739,6,22,0,0.7027027010917664,18
739,6,23,0,0.4000000059604645,19
739,6,24,1,0.6666666865348816,20
739,6,25,1,0.22077922523021698,21
739,6,26,1,0.024390242993831635,22
739,6,27,1,0.0,23
739,6,28,0,0.010893246158957481,24
739,6,29,1,0.010893246158957481,25
739,6,30,0,0.0008583691087551415,26
739,6,31,1,0.0008583691087551415,27
739,6,32,0,0.010893246158957481,28
739,6,33,1,0.010893246158957481,29
739,6,34,1,0.0,30
739,6,35,0,0.0,31
739,6,36,0,0.0,32
739,6,37,0,0.0008583691087551415,33
739,6,38,0,0.010893246158957481,34
739,6,39,1,0.010893246158957481,35
739,6,40,1,0.0,36
740,6,17,0,0.22077922523021698,1
740,6,18,1,0.9931662678718567,2
740,6,19,1,0.024390242993831635,3
740,6,20,1,0.0,4
740,6,21,0,0.0,5
740,6,22,0,0.010893246158957481,6
740,6,23,0,0.0008583691087551415,7
740,6,24,1,0.0008583691087551415,8
740,6,25,1,0.0,9
740,6,26,1,0.0008583691087551415,10
740,6,27,1,0.0,11
740,6,28,0,0.0008583691087551415,12
740,6,29,1,0.0,13
740,6,30,0,0.0,14
740,6,31,1,0.0,15
740,6,32,0,0.0008583691087551415,16
740,6,33,1,0.0008583691087551415,17
740,6,34,1,0.0,18
740,6,35,0,0.0,19
740,6,36,0,0.0,20
740,6,37,0,0.010893246158957481,21
740,6,38,0,0.024390242993831635,22
740,6,39,1,0.0008583691087551415,23
740,6,40,1,0.0,24
742,4,17,0,0.931034505367279,1
742,4,18,0,0.6482861042022705,2
742,4,19,0,0.5555555820465088,3
742,4,20,0,0.024390242993831635,4
742,4,21,0,0.14705882966518402,5
742,4,22,0,0.14705882966518402,6
742,4,23,0,0.14705882966518402,7
742,4,24,0,0.22077922523021698,8
742,4,25,1,0.01149425283074379,9
742,4,26,0,0.14705882966518402,10
742,4,27,0,0.4000000059604645,11
742,4,28,0,0.04210526496171951,12
742,4,29,0,0.22077922523021698,13
742,4,30,0,0.22077922523021698,14
742,4,31,0,0.14705882966518402,15
742,4,32,0,0.2207515388727188,16
742,4,33,0,0.010893246158957481,17
742,4,34,0,0.01149425283074379,18
742,4,35,0,0.024390242993831635,19
742,4,36,0,0.024390242993831635,20
742,4,37,0,0.024390242993831635,21
742,4,38,0,0.01149425283074379,22
742,4,39,0,0.010893246158957481,23
742,4,40,0,0.0008583691087551415,24
744,4,33,0,0.22077922523021698,1
744,4,34,0,0.22077922523021698,2
744,4,35,0,0.6000000238418579,3
744,4,36,0,0.22077922523021698,4
744,4,37,0,0.04210526496171951,5
744,4,38,0,0.22077922523021698,6
744,4,39,0,0.024390242993831635,7
744,4,40,0,0.04210526496171951,8
744,6,1,0,0.22077922523021698,9
744,6,2,0,0.04210526496171951,10
744,6,3,0,0.14705882966518402,11
744,6,4,0,0.22077922523021698,12
744,6,5,0,0.22077922523021698,13
744,6,6,0,0.4000000059604645,14
744,6,7,0,0.14705882966518402,15
744,6,8,0,0.14705882966518402,16
744,6,9,0,0.14705882966518402,17
744,6,10,1,0.6666666865348816,18
744,6,11,0,0.8869593143463135,19
744,6,12,0,0.6666666865348816,20
744,6,13,0,0.22077922523021698,21
744,6,14,0,0.22077922523021698,22
744,6,15,0,0.4000000059604645,23
744,6,16,0,0.4000000059604645,24
744,6,17,0,0.8055555820465088,25
744,6,18,1,0.8055555820465088,26
744,6,19,1,0.48668351769447327,27
744,6,20,1,0.6572205424308777,28
744,6,21,0,0.22077922523021698,29
744,6,22,0,0.8055555820465088,30
744,6,23,0,0.8055555820465088,31
744,6,24,1,0.7027027010917664,32
744,6,25,1,0.04210526496171951,33
744,6,26,1,0.04210526496171951,34
744,6,27,1,0.010893246158957481,35
744,6,28,0,0.01149425283074379,36
744,6,29,1,0.04210526496171951,37
744,6,30,0,0.010893246158957481,38
744,6,31,1,0.0008583691087551415,39
744,6,32,0,0.010893246158957481,40
744,6,33,1,0.01149425283074379,41
744,6,34,1,0.0,42
744,6,35,0,0.0008583691087551415,43
744,6,36,0,0.0008583691087551415,44
744,6,37,0,0.22077922523021698,45
744,6,38,0,0.14705882966518402,46
744,6,39,1,0.22077922523021698,47
744,6,40,1,0.0,48
745,4,33,0,0.22077922523021698,1
745,4,34,0,0.22077922523021698,2
745,4,35,0,0.6000000238418579,3
745,4,36,0,0.22077922523021698,4
745,4,37,0,0.04210526496171951,5
745,4,38,0,0.22077922523021698,6
745,4,39,0,0.024390242993831635,7
745,4,40,0,0.04210526496171951,8
745,6,1,0,0.22077922523021698,9
745,6,2,0,0.04210526496171951,10
745,6,3,0,0.14705882966518402,11
745,6,4,0,0.22077922523021698,12
745,6,5,0,0.22077922523021698,13
745,6,6,0,0.4000000059604645,14
745,6,7,0,0.14705882966518402,15
745,6,8,0,0.14705882966518402,16
745,6,9,0,0.14705882966518402,17
745,6,10,0,0.6666666865348816,18
745,6,11,0,0.8055555820465088,19
745,6,12,0,0.22077922523021698,20
745,6,13,0,0.024390242993831635,21
745,6,14,0,0.22077922523021698,22
745,6,15,0,0.22077922523021698,23
745,6,16,0,0.14705882966518402,24
745,6,17,0,0.4000000059604645,25
745,6,18,1,0.6048619747161865,26
745,6,19,1,0.22077922523021698,27
745,6,20,1,0.6471332907676697,28
745,6,21,0,0.22077922523021698,29
745,6,22,0,0.7027027010917664,30
745,6,23,0,0.7027027010917664,31
745,6,24,1,0.645254373550415,32
745,6,25,1,0.22077922523021698,33
745,6,26,1,0.04210526496171951,34
745,6,27,1,0.0008583691087551415,35
745,6,28,0,0.010893246158957481,36
745,6,29,1,0.024390242993831635,37
745,6,30,0,0.010893246158957481,38
745,6,31,1,0.0008583691087551415,39
745,6,32,0,0.010893246158957481,40
745,6,33,1,0.024390242993831635,41
745,6,34,1,0.0,42
745,6,35,0,0.0008583691087551415,43
745,6,36,0,0.0008583691087551415,44
745,6,37,0,0.14705882966518402,45
745,6,38,0,0.14705882966518402,46
745,6,39,1,0.22077922523021698,47
745,6,40,1,0.0,48
746,6,5,0,0.22077922523021698,1
746,6,6,0,0.22077922523021698,2
746,6,7,0,0.010893246158957481,3
746,6,8,0,0.010893246158957481,4
746,6,9,0,0.010893246158957481,5
746,6,10,1,0.01149425283074379,6
746,6,11,0,0.04210526496171951,7
746,6,12,0,0.024390242993831635,8
746,6,13,0,0.024390242993831635,9
746,6,14,0,0.14705882966518402,10
746,6,15,0,0.22077922523021698,11
746,6,16,0,0.14705882966518402,12
746,6,17,1,0.22077922523021698,13
746,6,18,1,0.6666666865348816,14
746,6,19,1,0.22077922523021698,15
746,6,20,1,0.024390242993831635,16
746,6,21,0,0.0008583691087551415,17
746,6,22,0,0.7027027010917664,18
746,6,23,0,0.14705882966518402,19
746,6,24,1,0.22077922523021698,20
746,6,25,1,0.04210526496171951,21
746,6,26,1,0.14705882966518402,22
746,6,27,1,0.0008583691087551415,23
746,6,28,0,0.0008583691087551415,24
746,6,29,1,0.010893246158957481,25
746,6,30,0,0.0008583691087551415,26
746,6,31,1,0.0008583691087551415,27
746,6,32,0,0.0008583691087551415,28
746,6,33,1,0.010893246158957481,29
746,6,34,1,0.0,30
746,6,35,0,0.0,31
746,6,36,0,0.0008583691087551415,32
746,6,37,0,0.0008583691087551415,33
746,6,38,0,0.0008583691087551415,34
746,6,39,0,0.024390242993831635,35
746,6,40,1,0.0,36
748,6,5,0,0.22077922523021698,1
748,6,6,0,0.22077922523021698,2
748,6,7,0,0.010893246158957481,3
748,6,8,0,0.010893246158957481,4
748,6,9,0,0.010893246158957481,5
748,6,10,1,0.01149425283074379,6
748,6,11,0,0.04210526496171951,7
748,6,12,0,0.024390242993831635,8
748,6,13,0,0.024390242993831635,9
748,6,14,0,0.14705882966518402,10
748,6,15,0,0.22077922523021698,11
748,6,16,0,0.14705882966518402,12
748,6,17,1,0.22077922523021698,13
748,6,18,1,0.6666666865348816,14
748,6,19,1,0.22077922523021698,15
748,6,20,1,0.024390242993831635,16
748,6,21,0,0.0008583691087551415,17
748,6,22,0,0.7027027010917664,18
748,6,23,0,0.14705882966518402,19
748,6,24,1,0.22077922523021698,20
748,6,25,1,0.04210526496171951,21
748,6,26,1,0.14705882966518402,22
748,6,27,1,0.0008583691087551415,23
748,6,28,0,0.0008583691087551415,24
748,6,29,1,0.010893246158957481,25
748,6,30,0,0.0008583691087551415,26
748,6,31,1,0.0008583691087551415,27
748,6,32,0,0.0008583691087551415,28
748,6,33,1,0.010893246158957481,29
748,6,34,1,0.0,30
748,6,35,0,0.0,31
748,6,36,0,0.0008583691087551415,32
748,6,37,0,0.0008583691087551415,33
748,6,38,0,0.0008583691087551415,34
748,6,39,0,0.024390242993831635,35
748,6,40,1,0.0,36
749,4,33,0,0.22077922523021698,1
749,4,34,0,0.024390242993831635,2
749,4,35,0,0.04210526496171951,3
749,4,36,0,0.01149425283074379,4
749,4,37,0,0.010893246158957481,5
749,4,38,0,0.024390242993831635,6
749,4,39,0,0.0008583691087551415,7
749,4,40,0,0.0008583691087551415,8
749,6,1,0,0.010893246158957481,9
749,6,2,0,0.010893246158957481,10
749,6,3,0,0.010893246158957481,11
749,6,4,0,0.04210526496171951,12
749,6,5,0,0.04210526496171951,13
749,6,6,0,0.14705882966518402,14
749,6,7,0,0.010893246158957481,15
749,6,8,0,0.010893246158957481,16
749,6,9,0,0.010893246158957481,17
749,6,10,1,0.04210526496171951,18
749,6,11,0,0.22077922523021698,19
749,6,12,0,0.024390242993831635,20
749,6,13,0,0.024390242993831635,21
749,6,14,0,0.14705882966518402,22
749,6,15,0,0.6000000238418579,23
749,6,16,0,0.04210526496171951,24
749,6,17,1,0.22077922523021698,25
749,6,18,1,0.8055555820465088,26
749,6,19,1,0.9682539701461792,27
749,6,20,1,0.5583626627922058,28
749,6,21,0,0.024390242993831635,29
749,6,22,0,0.22077922523021698,30
749,6,23,0,0.22077922523021698,31
749,6,24,1,0.6000000238418579,32
749,6,25,1,0.22077922523021698,33
749,6,26,1,0.14705882966518402,34
749,6,27,1,0.0008583691087551415,35
749,6,28,0,0.0,36
749,6,29,1,0.04210526496171951,37
749,6,30,0,0.0009009718196466565,38
749,6,31,1,0.0008583691087551415,39
749,6,32,0,0.0008583691087551415,40
749,6,33,1,0.024390242993831635,41
749,6,34,1,0.0008583691087551415,42
749,6,35,0,0.0008583691087551415,43
749,6,36,0,0.04210526496171951,44
749,6,37,0,0.22077922523021698,45
749,6,38,0,0.14705882966518402,46
749,6,39,0,0.22077922523021698,47
749,6,40,1,0.0,48
750,6,5,0,0.22077922523021698,1
750,6,6,0,0.22077922523021698,2
750,6,7,0,0.010893246158957481,3
750,6,8,0,0.010893246158957481,4
750,6,9,0,0.010893246158957481,5
750,6,10,1,0.01149425283074379,6
750,6,11,0,0.04210526496171951,7
750,6,12,0,0.024390242993831635,8
750,6,13,0,0.024390242993831635,9
750,6,14,0,0.14705882966518402,10
750,6,15,0,0.22077922523021698,11
750,6,16,0,0.14705882966518402,12
750,6,17,1,0.22077922523021698,13
750,6,18,1,0.6666666865348816,14
750,6,19,1,0.22077922523021698,15
750,6,20,1,0.024390242993831635,16
750,6,21,0,0.0008583691087551415,17
750,6,22,0,0.7027027010917664,18
750,6,23,0,0.14705882966518402,19
750,6,24,1,0.22077922523021698,20
750,6,25,1,0.04210526496171951,21
750,6,26,1,0.14705882966518402,22
750,6,27,1,0.0008583691087551415,23
750,6,28,0,0.0008583691087551415,24
750,6,29,1,0.010893246158957481,25
750,6,30,0,0.0008583691087551415,26
750,6,31,1,0.0008583691087551415,27
750,6,32,0,0.0008583691087551415,28
750,6,33,1,0.010893246158957481,29
750,6,34,1,0.0,30
750,6,35,0,0.0,31
750,6,36,0,0.0008583691087551415,32
750,6,37,0,0.0008583691087551415,33
750,6,38,0,0.0008583691087551415,34
750,6,39,1,0.024390242993831635,35
750,6,40,1,0.0,36
753,4,33,0,0.22077922523021698,1
753,4,34,0,0.024390242993831635,2
753,4,35,0,0.04210526496171951,3
753,4,36,0,0.01149425283074379,4
753,4,37,0,0.010893246158957481,5
753,4,38,0,0.024390242993831635,6
753,4,39,0,0.0008583691087551415,7
753,4,40,0,0.0008583691087551415,8
753,6,1,0,0.010893246158957481,9
753,6,2,0,0.010893246158957481,10
753,6,3,0,0.010893246158957481,11
753,6,4,0,0.04210526496171951,12
753,6,5,0,0.04210526496171951,13
753,6,6,0,0.14705882966518402,14
753,6,7,0,0.010893246158957481,15
753,6,8,0,0.010893246158957481,16
753,6,9,0,0.010893246158957481,17
753,6,10,1,0.04210526496171951,18
753,6,11,0,0.22077922523021698,19
753,6,12,0,0.024390242993831635,20
753,6,13,0,0.024390242993831635,21
753,6,14,0,0.14705882966518402,22
753,6,15,0,0.6000000238418579,23
753,6,16,0,0.04210526496171951,24
753,6,17,1,0.22077922523021698,25
753,6,18,1,0.8055555820465088,26
753,6,19,1,0.9682539701461792,27
753,6,20,1,0.5583626627922058,28
753,6,21,0,0.024390242993831635,29
753,6,22,0,0.22077922523021698,30
753,6,23,0,0.22077922523021698,31
753,6,24,1,0.6000000238418579,32
753,6,25,1,0.22077922523021698,33
753,6,26,1,0.14705882966518402,34
753,6,27,1,0.0008583691087551415,35
753,6,28,0,0.0,36
753,6,29,1,0.04210526496171951,37
753,6,30,0,0.0009009718196466565,38
753,6,31,1,0.0008583691087551415,39
753,6,32,0,0.0008583691087551415,40
753,6,33,1,0.024390242993831635,41
753,6,34,1,0.0008583691087551415,42
753,6,35,0,0.0008583691087551415,43
753,6,36,0,0.04210526496171951,44
753,6,37,0,0.22077922523021698,45
753,6,38,0,0.14705882966518402,46
753,6,39,0,0.22077922523021698,47
753,6,40,1,0.0,48
755,4,33,0,0.22077922523021698,1
755,4,34,0,0.024390242993831635,2
755,4,35,0,0.04210526496171951,3
755,4,36,0,0.01149425283074379,4
755,4,37,0,0.010893246158957481,5
755,4,38,0,0.024390242993831635,6
755,4,39,0,0.0008583691087551415,7
755,4,40,0,0.0008583691087551415,8
755,6,1,0,0.010893246158957481,9
755,6,2,0,0.010893246158957481,10
755,6,3,0,0.010893246158957481,11
755,6,4,0,0.04210526496171951,12
755,6,5,0,0.04210526496171951,13
755,6,6,0,0.14705882966518402,14
755,6,7,0,0.010893246158957481,15
755,6,8,0,0.010893246158957481,16
755,6,9,0,0.010893246158957481,17
755,6,10,1,0.04210526496171951,18
755,6,11,0,0.22077922523021698,19
755,6,12,0,0.024390242993831635,20
755,6,13,0,0.024390242993831635,21
755,6,14,0,0.14705882966518402,22
755,6,15,0,0.6000000238418579,23
755,6,16,0,0.04210526496171951,24
755,6,17,1,0.22077922523021698,25
755,6,18,1,0.8055555820465088,26
755,6,19,1,0.9682539701461792,27
755,6,20,1,0.5583626627922058,28
755,6,21,0,0.024390242993831635,29
755,6,22,0,0.22077922523021698,30
755,6,23,0,0.22077922523021698,31
755,6,24,1,0.6000000238418579,32
755,6,25,1,0.22077922523021698,33
755,6,26,1,0.14705882966518402,34
755,6,27,1,0.0008583691087551415,35
755,6,28,0,0.0,36
755,6,29,1,0.04210526496171951,37
755,6,30,0,0.0009009718196466565,38
755,6,31,1,0.0008583691087551415,39
755,6,32,0,0.0008583691087551415,40
755,6,33,1,0.024390242993831635,41
755,6,34,1,0.0008583691087551415,42
755,6,35,0,0.0008583691087551415,43
755,6,36,0,0.04210526496171951,44
755,6,37,0,0.22077922523021698,45
755,6,38,0,0.14705882966518402,46
755,6,39,0,0.22077922523021698,47
755,6,40,1,0.0,48
756,6,17,0,0.22077922523021698,1
756,6,18,1,0.4000000059604645,2
756,6,19,0,0.024390242993831635,3
756,6,20,1,0.0008583691087551415,4
756,6,21,0,0.0008583691087551415,5
756,6,22,0,0.010893246158957481,6
756,6,23,1,0.04210526496171951,7
756,6,24,0,0.010893246158957481,8
756,6,25,0,0.0008583691087551415,9
756,6,26,0,0.0008583691087551415,10
756,6,27,0,0.0008583691087551415,11
756,6,28,1,0.0008583691087551415,12
756,6,29,0,0.0008583691087551415,13
756,6,30,1,0.0,14
756,6,31,0,0.010893246158957481,15
756,6,32,0,0.01149425283074379,16
756,6,33,1,0.0008583691087551415,17
756,6,34,1,0.0008583691087551415,18
756,6,35,1,0.0008583691087551415,19
756,6,36,1,0.010893246158957481,20
756,6,37,1,0.0008583691087551415,21
756,6,38,1,0.010893246158957481,22
756,6,39,1,0.0008583691087551415,23
756,6,40,1,0.0,24
757,4,33,0,0.22077922523021698,1
757,4,34,0,0.024390242993831635,2
757,4,35,0,0.04210526496171951,3
757,4,36,0,0.01149425283074379,4
757,4,37,0,0.010893246158957481,5
757,4,38,0,0.024390242993831635,6
757,4,39,0,0.0008583691087551415,7
757,4,40,0,0.0008583691087551415,8
757,6,1,0,0.010893246158957481,9
757,6,2,0,0.010893246158957481,10
757,6,3,0,0.010893246158957481,11
757,6,4,0,0.04210526496171951,12
757,6,5,0,0.04210526496171951,13
757,6,6,0,0.14705882966518402,14
757,6,7,0,0.010893246158957481,15
757,6,8,0,0.010893246158957481,16
757,6,9,0,0.010893246158957481,17
757,6,10,1,0.04210526496171951,18
757,6,11,0,0.22077922523021698,19
757,6,12,0,0.024390242993831635,20
757,6,13,0,0.024390242993831635,21
757,6,14,0,0.14705882966518402,22
757,6,15,0,0.6000000238418579,23
757,6,16,0,0.04210526496171951,24
757,6,17,1,0.22077922523021698,25
757,6,18,1,0.8055555820465088,26
757,6,19,1,0.9682539701461792,27
757,6,20,1,0.5583626627922058,28
757,6,21,0,0.024390242993831635,29
757,6,22,0,0.22077922523021698,30
757,6,23,0,0.22077922523021698,31
757,6,24,1,0.6000000238418579,32
757,6,25,1,0.22077922523021698,33
757,6,26,1,0.14705882966518402,34
757,6,27,1,0.0008583691087551415,35
757,6,28,0,0.0,36
757,6,29,1,0.04210526496171951,37
757,6,30,0,0.0009009718196466565,38
757,6,31,1,0.0008583691087551415,39
757,6,32,0,0.0008583691087551415,40
757,6,33,1,0.024390242993831635,41
757,6,34,1,0.0008583691087551415,42
757,6,35,0,0.0008583691087551415,43
757,6,36,0,0.04210526496171951,44
757,6,37,0,0.22077922523021698,45
757,6,38,0,0.14705882966518402,46
757,6,39,0,0.22077922523021698,47
757,6,40,1,0.0,48
759,6,5,0,0.22077922523021698,1
759,6,6,0,0.22077922523021698,2
759,6,7,0,0.010893246158957481,3
759,6,8,0,0.010893246158957481,4
759,6,9,0,0.010893246158957481,5
759,6,10,1,0.01149425283074379,6
759,6,11,0,0.04210526496171951,7
759,6,12,0,0.024390242993831635,8
759,6,13,0,0.024390242993831635,9
759,6,14,0,0.14705882966518402,10
759,6,15,0,0.22077922523021698,11
759,6,16,0,0.14705882966518402,12
759,6,17,1,0.22077922523021698,13
759,6,18,1,0.6666666865348816,14
759,6,19,1,0.22077922523021698,15
759,6,20,1,0.024390242993831635,16
759,6,21,0,0.0008583691087551415,17
759,6,22,0,0.7027027010917664,18
759,6,23,0,0.14705882966518402,19
759,6,24,1,0.22077922523021698,20
759,6,25,1,0.04210526496171951,21
759,6,26,1,0.14705882966518402,22
759,6,27,1,0.0008583691087551415,23
759,6,28,0,0.0008583691087551415,24
759,6,29,1,0.010893246158957481,25
759,6,30,0,0.0008583691087551415,26
759,6,31,1,0.0008583691087551415,27
759,6,32,0,0.0008583691087551415,28
759,6,33,1,0.010893246158957481,29
759,6,34,1,0.0,30
759,6,35,0,0.0,31
759,6,36,0,0.0008583691087551415,32
759,6,37,0,0.0008583691087551415,33
759,6,38,0,0.0008583691087551415,34
759,6,39,0,0.024390242993831635,35
759,6,40,1,0.0,36
762,4,33,0,0.22077922523021698,1
762,4,34,0,0.024390242993831635,2
762,4,35,0,0.04210526496171951,3
762,4,36,0,0.01149425283074379,4
762,4,37,0,0.010893246158957481,5
762,4,38,0,0.024390242993831635,6
762,4,39,0,0.0008583691087551415,7
762,4,40,0,0.0008583691087551415,8
762,6,1,0,0.010893246158957481,9
762,6,2,0,0.010893246158957481,10
762,6,3,0,0.010893246158957481,11
762,6,4,0,0.04210526496171951,12
762,6,5,0,0.04210526496171951,13
762,6,6,0,0.14705882966518402,14
762,6,7,0,0.010893246158957481,15
762,6,8,0,0.010893246158957481,16
762,6,9,0,0.010893246158957481,17
762,6,10,1,0.04210526496171951,18
762,6,11,0,0.22077922523021698,19
762,6,12,0,0.024390242993831635,20
762,6,13,0,0.024390242993831635,21
762,6,14,0,0.14705882966518402,22
762,6,15,0,0.6000000238418579,23
762,6,16,0,0.04210526496171951,24
762,6,17,1,0.22077922523021698,25
762,6,18,1,0.8055555820465088,26
762,6,19,1,0.9682539701461792,27
762,6,20,1,0.5583626627922058,28
762,6,21,0,0.024390242993831635,29
762,6,22,0,0.22077922523021698,30
762,6,23,0,0.22077922523021698,31
762,6,24,1,0.6000000238418579,32
762,6,25,1,0.22077922523021698,33
762,6,26,1,0.14705882966518402,34
762,6,27,1,0.0008583691087551415,35
762,6,28,0,0.0,36
762,6,29,1,0.04210526496171951,37
762,6,30,0,0.0009009718196466565,38
762,6,31,1,0.0008583691087551415,39
762,6,32,0,0.0008583691087551415,40
762,6,33,1,0.024390242993831635,41
762,6,34,1,0.0008583691087551415,42
762,6,35,0,0.0008583691087551415,43
762,6,36,0,0.04210526496171951,44
762,6,37,0,0.22077922523021698,45
762,6,38,0,0.14705882966518402,46
762,6,39,1,0.22077922523021698,47
762,6,40,1,0.0,48
764,6,5,0,0.22077922523021698,1
764,6,6,0,0.22077922523021698,2
764,6,7,0,0.010893246158957481,3
764,6,8,0,0.010893246158957481,4
764,6,9,0,0.010893246158957481,5
764,6,10,0,0.01149425283074379,6
764,6,11,0,0.22077922523021698,7
764,6,12,0,0.010893246158957481,8
764,6,13,0,0.010893246158957481,9
764,6,14,0,0.22077922523021698,10
764,6,15,0,0.22535955905914307,11
764,6,16,0,0.01149425283074379,12
764,6,17,0,0.14705882966518402,13
764,6,18,0,0.22077922523021698,14
764,6,19,0,0.22077922523021698,15
764,6,20,0,0.6000000238418579,16
764,6,21,0,0.22077922523021698,17
764,6,22,0,0.14705882966518402,18
764,6,23,0,0.024390242993831635,19
764,6,24,0,0.024390242993831635,20
764,6,25,0,0.14705882966518402,21
764,6,26,0,0.14705882966518402,22
764,6,27,0,0.22077922523021698,23
764,6,28,0,0.04210526496171951,24
764,6,29,0,0.22077922523021698,25
764,6,30,0,0.14705882966518402,26
764,6,31,0,0.04210526496171951,27
764,6,32,0,0.22077922523021698,28
764,6,33,0,0.04210526496171951,29
764,6,34,0,0.22077922523021698,30
764,6,35,0,0.04210526496171951,31
764,6,36,0,0.01149425283074379,32
764,6,37,0,0.0008583691087551415,33
764,6,38,0,0.010893246158957481,34
764,6,39,0,0.04210526496171951,35
764,6,40,0,0.04210526496171951,36
766,4,33,0,0.22077922523021698,1
766,4,34,0,0.024390242993831635,2
766,4,35,0,0.04210526496171951,3
766,4,36,0,0.01149425283074379,4
766,4,37,0,0.010893246158957481,5
766,4,38,0,0.024390242993831635,6
766,4,39,0,0.0008583691087551415,7
766,4,40,0,0.0008583691087551415,8
766,6,1,0,0.010893246158957481,9
766,6,2,0,0.010893246158957481,10
766,6,3,0,0.010893246158957481,11
766,6,4,0,0.04210526496171951,12
766,6,5,0,0.04210526496171951,13
766,6,6,0,0.14705882966518402,14
766,6,7,0,0.010893246158957481,15
766,6,8,0,0.010893246158957481,16
766,6,9,0,0.010893246158957481,17
766,6,10,1,0.04210526496171951,18
766,6,11,0,0.22077922523021698,19
766,6,12,0,0.024390242993831635,20
766,6,13,0,0.024390242993831635,21
766,6,14,0,0.14705882966518402,22
766,6,15,0,0.6000000238418579,23
766,6,16,0,0.04210526496171951,24
766,6,17,1,0.22077922523021698,25
766,6,18,1,0.8055555820465088,26
766,6,19,1,0.9682539701461792,27
766,6,20,1,0.5583626627922058,28
766,6,21,0,0.024390242993831635,29
766,6,22,0,0.22077922523021698,30
766,6,23,0,0.22077922523021698,31
766,6,24,1,0.6000000238418579,32
766,6,25,1,0.22077922523021698,33
766,6,26,1,0.14705882966518402,34
766,6,27,1,0.0008583691087551415,35
766,6,28,0,0.0,36
766,6,29,1,0.04210526496171951,37
766,6,30,0,0.0009009718196466565,38
766,6,31,1,0.0008583691087551415,39
766,6,32,0,0.0008583691087551415,40
766,6,33,1,0.024390242993831635,41
766,6,34,1,0.0008583691087551415,42
766,6,35,0,0.0008583691087551415,43
766,6,36,0,0.04210526496171951,44
766,6,37,0,0.22077922523021698,45
766,6,38,0,0.14705882966518402,46
766,6,39,0,0.22077922523021698,47
766,6,40,1,0.0,48
767,4,33,0,0.22077922523021698,1
767,4,34,0,0.024390242993831635,2
767,4,35,0,0.04210526496171951,3
767,4,36,0,0.01149425283074379,4
767,4,37,0,0.010893246158957481,5
767,4,38,0,0.024390242993831635,6
767,4,39,0,0.0008583691087551415,7
767,4,40,0,0.0008583691087551415,8
767,6,1,0,0.010893246158957481,9
767,6,2,0,0.010893246158957481,10
767,6,3,0,0.010893246158957481,11
767,6,4,0,0.04210526496171951,12
767,6,5,0,0.04210526496171951,13
767,6,6,0,0.14705882966518402,14
767,6,7,0,0.010893246158957481,15
767,6,8,0,0.010893246158957481,16
767,6,9,0,0.010893246158957481,17
767,6,10,1,0.04210526496171951,18
767,6,11,0,0.22077922523021698,19
767,6,12,0,0.024390242993831635,20
767,6,13,0,0.024390242993831635,21
767,6,14,0,0.14705882966518402,22
767,6,15,0,0.6000000238418579,23
767,6,16,0,0.04210526496171951,24
767,6,17,1,0.22077922523021698,25
767,6,18,1,0.8055555820465088,26
767,6,19,1,0.9682539701461792,27
767,6,20,1,0.5583626627922058,28
767,6,21,0,0.024390242993831635,29
767,6,22,0,0.22077922523021698,30
767,6,23,0,0.22077922523021698,31
767,6,24,1,0.6000000238418579,32
767,6,25,1,0.22077922523021698,33
767,6,26,1,0.14705882966518402,34
767,6,27,1,0.0008583691087551415,35
767,6,28,0,0.0,36
767,6,29,1,0.04210526496171951,37
767,6,30,0,0.0009009718196466565,38
767,6,31,1,0.0008583691087551415,39
767,6,32,0,0.0008583691087551415,40
767,6,33,1,0.024390242993831635,41
767,6,34,1,0.0008583691087551415,42
767,6,35,0,0.0008583691087551415,43
767,6,36,0,0.04210526496171951,44
767,6,37,0,0.22077922523021698,45
767,6,38,0,0.14705882966518402,46
767,6,39,1,0.22077922523021698,47
767,6,40,1,0.0,48
769,4,33,0,0.22077922523021698,1
769,4,34,0,0.024390242993831635,2
769,4,35,0,0.04210526496171951,3
769,4,36,0,0.01149425283074379,4
769,4,37,0,0.010893246158957481,5
769,4,38,1,0.024390242993831635,6
769,4,39,0,0.0008583691087551415,7
769,4,40,0,0.0008583691087551415,8
769,6,1,0,0.010893246158957481,9
769,6,2,0,0.01149425283074379,10
769,6,3,0,0.01149425283074379,11
769,6,4,0,0.04210526496171951,12
769,6,5,0,0.024390242993831635,13
769,6,6,0,0.04210526496171951,14
769,6,7,0,0.01149425283074379,15
769,6,8,0,0.010893246158957481,16
769,6,9,0,0.010893246158957481,17
769,6,10,1,0.024390242993831635,18
769,6,11,0,0.22077922523021698,19
769,6,12,0,0.04210526496171951,20
769,6,13,1,0.024390242993831635,21
769,6,14,0,0.024390242993831635,22
769,6,15,0,0.22077922523021698,23
769,6,16,0,0.024390242993831635,24
769,6,17,1,0.22077922523021698,25
769,6,18,1,0.931034505367279,26
769,6,19,0,0.6000000238418579,27
769,6,20,1,0.32954680919647217,28
769,6,21,0,0.22077922523021698,29
769,6,22,0,0.22521895170211792,30
769,6,23,0,0.22077922523021698,31
769,6,24,0,0.14705882966518402,32
769,6,25,0,0.22077922523021698,33
769,6,26,1,0.22077922523021698,34
769,6,27,1,0.010893246158957481,35
769,6,28,0,0.0008583691087551415,36
769,6,29,1,0.024390242993831635,37
769,6,30,0,0.010893246158957481,38
769,6,31,1,0.010893246158957481,39
769,6,32,0,0.0008583691087551415,40
769,6,33,1,0.14705882966518402,41
769,6,34,0,0.0008583691087551415,42
769,6,35,0,0.0008583691087551415,43
769,6,36,0,0.010893246158957481,44
769,6,37,0,0.01149425283074379,45
769,6,38,1,0.01149425283074379,46
769,6,39,0,0.22077922523021698,47
769,6,40,1,0.01149425283074379,48
770,6,5,0,0.22077922523021698,1
770,6,6,0,0.22077922523021698,2
770,6,7,0,0.010893246158957481,3
770,6,8,0,0.010893246158957481,4
770,6,9,0,0.010893246158957481,5
770,6,10,1,0.01149425283074379,6
770,6,11,0,0.04210526496171951,7
770,6,12,0,0.024390242993831635,8
770,6,13,0,0.024390242993831635,9
770,6,14,0,0.14705882966518402,10
770,6,15,0,0.22077922523021698,11
770,6,16,0,0.14705882966518402,12
770,6,17,1,0.22077922523021698,13
770,6,18,1,0.6666666865348816,14
770,6,19,1,0.22077922523021698,15
770,6,20,1,0.024390242993831635,16
770,6,21,0,0.0008583691087551415,17
770,6,22,0,0.7027027010917664,18
770,6,23,0,0.14705882966518402,19
770,6,24,1,0.22077922523021698,20
770,6,25,1,0.04210526496171951,21
770,6,26,1,0.14705882966518402,22
770,6,27,1,0.0008583691087551415,23
770,6,28,0,0.0008583691087551415,24
770,6,29,1,0.010893246158957481,25
770,6,30,0,0.0008583691087551415,26
770,6,31,1,0.0008583691087551415,27
770,6,32,0,0.0008583691087551415,28
770,6,33,1,0.010893246158957481,29
770,6,34,1,0.0,30
770,6,35,0,0.0,31
770,6,36,0,0.0008583691087551415,32
770,6,37,0,0.0008583691087551415,33
770,6,38,0,0.0008583691087551415,34
770,6,39,0,0.024390242993831635,35
770,6,40,1,0.0,36
771,5,33,1,0.22077922523021698,1
771,5,34,0,0.024390242993831635,2
771,5,35,0,0.01149425283074379,3
771,5,36,1,0.010893246158957481,4
771,5,37,0,0.010893246158957481,5
771,5,38,0,0.14705882966518402,6
771,5,39,1,0.5753371119499207,7
771,5,40,0,0.04210526496171951,8
771,6,1,0,0.010893246158957481,9
771,6,2,0,0.0008583691087551415,10
771,6,3,0,0.024390242993831635,11
771,6,4,0,0.22077922523021698,12
771,6,5,0,0.04210526496171951,13
771,6,6,0,0.22077922523021698,14
771,6,7,0,0.04210526496171951,15
771,6,8,0,0.14705882966518402,16
771,6,9,0,0.22077922523021698,17
771,6,10,1,0.22077922523021698,18
771,6,11,0,0.22077922523021698,19
771,6,12,0,0.22077922523021698,20
771,6,13,0,0.22077922523021698,21
771,6,14,0,0.8055555820465088,22
771,6,15,0,0.931034505367279,23
771,6,16,0,0.931034505367279,24
771,6,17,0,0.9931662678718567,25
771,6,18,1,0.8055555820465088,26
771,6,19,1,0.22077922523021698,27
771,6,20,1,0.5555555820465088,28
771,6,21,0,0.024390242993831635,29
771,6,22,0,0.8055555820465088,30
771,6,23,0,0.7027027010917664,31
771,6,24,1,0.8055555820465088,32
771,6,25,1,0.14705882966518402,33
771,6,26,1,0.010893246158957481,34
771,6,27,1,0.0008583691087551415,35
771,6,28,0,0.0008583691087551415,36
771,6,29,1,0.01149425283074379,37
771,6,30,0,0.0008583691087551415,38
771,6,31,1,0.0008583691087551415,39
771,6,32,0,0.0008583691087551415,40
771,6,33,1,0.010893246158957481,41
771,6,34,1,0.0,42
771,6,35,0,0.0,43
771,6,36,0,0.0008583691087551415,44
771,6,37,0,0.024390242993831635,45
771,6,38,0,0.01093632448464632,46
771,6,39,1,0.01149425283074379,47
771,6,40,1,0.0,48
774,5,33,1,0.22077922523021698,1
774,5,34,0,0.024390242993831635,2
774,5,35,0,0.01149425283074379,3
774,5,36,1,0.010893246158957481,4
774,5,37,0,0.010893246158957481,5
774,5,38,0,0.14705882966518402,6
774,5,39,1,0.5753371119499207,7
774,5,40,0,0.04210526496171951,8
774,6,1,0,0.010893246158957481,9
774,6,2,0,0.0008583691087551415,10
774,6,3,0,0.024390242993831635,11
774,6,4,0,0.22077922523021698,12
774,6,5,0,0.04210526496171951,13
774,6,6,0,0.22077922523021698,14
774,6,7,0,0.04210526496171951,15
774,6,8,0,0.14705882966518402,16
774,6,9,0,0.22077922523021698,17
774,6,10,1,0.22077922523021698,18
774,6,11,0,0.22077922523021698,19
774,6,12,0,0.22077922523021698,20
774,6,13,0,0.22077922523021698,21
774,6,14,0,0.8055555820465088,22
774,6,15,0,0.931034505367279,23
774,6,16,0,0.931034505367279,24
774,6,17,1,0.9931662678718567,25
774,6,18,1,0.9931662678718567,26
774,6,19,1,0.9682539701461792,27
774,6,20,1,0.22077922523021698,28
774,6,21,0,0.01149425283074379,29
774,6,22,0,0.6666666865348816,30
774,6,23,0,0.22077922523021698,31
774,6,24,1,0.22077922523021698,32
774,6,25,1,0.14705882966518402,33
774,6,26,1,0.024390242993831635,34
774,6,27,1,0.0008583691087551415,35
774,6,28,0,0.010893246158957481,36
774,6,29,1,0.010893246158957481,37
774,6,30,0,0.0008583691087551415,38
774,6,31,1,0.0,39
774,6,32,0,0.0008583691087551415,40
774,6,33,1,0.010893246158957481,41
774,6,34,1,0.0008583691087551415,42
774,6,35,0,0.0,43
774,6,36,0,0.0008583691087551415,44
774,6,37,0,0.024390242993831635,45
774,6,38,0,0.010893246158957481,46
774,6,39,1,0.01149425283074379,47
774,6,40,1,0.0,48
778,5,17,0,0.931034505367279,1
778,5,18,1,0.22077922523021698,2
778,5,19,1,0.14705882966518402,3
778,5,20,1,0.4000000059604645,4
778,5,21,0,0.0008583691087551415,5
778,5,22,0,0.22077922523021698,6
778,5,23,0,0.024390242993831635,7
778,5,24,0,0.5555555820465088,8
778,5,25,0,0.010893246158957481,9
778,5,26,0,0.14705882966518402,10
778,5,27,0,0.010893246158957481,11
778,5,28,1,0.14705882966518402,12
778,5,29,0,0.0008583691087551415,13
778,5,30,0,0.04210526496171951,14
778,5,31,0,0.14705882966518402,15
778,5,32,0,0.04210526496171951,16
778,5,33,1,0.9682539701461792,17
778,5,34,0,0.0008583691087551415,18
778,5,35,0,0.14705882966518402,19
778,5,36,1,0.4000000059604645,20
778,5,37,0,0.0008583691087551415,21
778,5,38,0,0.04210526496171951,22
778,5,39,1,0.931034505367279,23
778,5,40,0,0.024390242993831635,24
779,6,5,0,0.2456773817539215,1
779,6,6,0,0.8055555820465088,2
779,6,7,0,0.04210526496171951,3
779,6,8,0,0.024390242993831635,4
779,6,9,0,0.024390242993831635,5
779,6,10,0,0.22077922523021698,6
779,6,11,0,0.6666666865348816,7
779,6,12,0,0.6666666865348816,8
779,6,13,0,0.04210526496171951,9
779,6,14,0,0.22077922523021698,10
779,6,15,0,0.22077922523021698,11
779,6,16,0,0.14705882966518402,12
779,6,17,0,0.22077922523021698,13
779,6,18,1,0.5555555820465088,14
779,6,19,1,0.22077922523021698,15
779,6,20,1,0.22077922523021698,16
779,6,21,0,0.024390242993831635,17
779,6,22,0,0.7027027010917664,18
779,6,23,0,0.5555555820465088,19
779,6,24,1,0.6666666865348816,20
779,6,25,1,0.19089220464229584,21
779,6,26,1,0.010893246158957481,22
779,6,27,1,0.0,23
779,6,28,0,0.010893246158957481,24
779,6,29,1,0.010893246158957481,25
779,6,30,0,0.0008583691087551415,26
779,6,31,1,0.0008583691087551415,27
779,6,32,0,0.01149425283074379,28
779,6,33,1,0.010893246158957481,29
779,6,34,1,0.0,30
779,6,35,0,0.0,31
779,6,36,0,0.0008583691087551415,32
779,6,37,0,0.010893246158957481,33
779,6,38,0,0.010893246158957481,34
779,6,39,1,0.01149425283074379,35
779,6,40,1,0.0,36
780,5,33,1,0.22077922523021698,1
780,5,34,0,0.024390242993831635,2
780,5,35,0,0.01149425283074379,3
780,5,36,1,0.010893246158957481,4
780,5,37,0,0.010893246158957481,5
780,5,38,0,0.14705882966518402,6
780,5,39,1,0.5753371119499207,7
780,5,40,0,0.04210526496171951,8
780,6,1,0,0.010893246158957481,9
780,6,2,0,0.0008583691087551415,10
780,6,3,0,0.024390242993831635,11
780,6,4,0,0.22077922523021698,12
780,6,5,0,0.04210526496171951,13
780,6,6,0,0.22077922523021698,14
780,6,7,0,0.04210526496171951,15
780,6,8,0,0.14705882966518402,16
780,6,9,0,0.22077922523021698,17
780,6,10,1,0.22077922523021698,18
780,6,11,0,0.22077922523021698,19
780,6,12,0,0.22077922523021698,20
780,6,13,0,0.22077922523021698,21
780,6,14,0,0.8055555820465088,22
780,6,15,0,0.931034505367279,23
780,6,16,0,0.931034505367279,24
780,6,17,0,0.9931662678718567,25
780,6,18,1,0.8055555820465088,26
780,6,19,1,0.22077922523021698,27
780,6,20,1,0.5555555820465088,28
780,6,21,0,0.024390242993831635,29
780,6,22,0,0.8055555820465088,30
780,6,23,0,0.7027027010917664,31
780,6,24,1,0.8055555820465088,32
780,6,25,1,0.14705882966518402,33
780,6,26,1,0.010893246158957481,34
780,6,27,1,0.0008583691087551415,35
780,6,28,0,0.0008583691087551415,36
780,6,29,1,0.01149425283074379,37
780,6,30,1,0.0008583691087551415,38
780,6,31,1,0.0008583691087551415,39
780,6,32,0,0.0008583691087551415,40
780,6,33,1,0.010893246158957481,41
780,6,34,1,0.0008583691087551415,42
780,6,35,0,0.0,43
780,6,36,0,0.0008583691087551415,44
780,6,37,0,0.024390242993831635,45
780,6,38,0,0.024390242993831635,46
780,6,39,1,0.01149425283074379,47
780,6,40,1,0.0,48
781,6,5,0,0.4000000059604645,1
781,6,6,0,0.22077922523021698,2
781,6,7,0,0.010893246158957481,3
781,6,8,0,0.010893246158957481,4
781,6,9,0,0.010893246158957481,5
781,6,10,1,0.024390242993831635,6
781,6,11,0,0.14705882966518402,7
781,6,12,0,0.14705882966518402,8
781,6,13,1,0.04210526496171951,9
781,6,14,0,0.01149425283074379,10
781,6,15,0,0.04210526496171951,11
781,6,16,0,0.14705882966518402,12
781,6,17,0,0.22077922523021698,13
781,6,18,0,0.6000000238418579,14
781,6,19,1,0.7027027010917664,15
781,6,20,1,0.22077922523021698,16
781,6,21,0,0.0008583691087551415,17
781,6,22,0,0.22077922523021698,18
781,6,23,0,0.14705882966518402,19
781,6,24,1,0.22077922523021698,20
781,6,25,1,0.22077922523021698,21
781,6,26,1,0.04210526496171951,22
781,6,27,1,0.010893246158957481,23
781,6,28,0,0.0008583691087551415,24
781,6,29,1,0.010893246158957481,25
781,6,30,0,0.010893246158957481,26
781,6,31,1,0.0008583691087551415,27
781,6,32,0,0.0008583691087551415,28
781,6,33,1,0.01149425283074379,29
781,6,34,1,0.0,30
781,6,35,0,0.0,31
781,6,36,0,0.0,32
781,6,37,0,0.0008583691087551415,33
781,6,38,0,0.0008583691087551415,34
781,6,39,1,0.04210526496171951,35
781,6,40,1,0.0,36
782,6,5,0,0.4000000059604645,1
782,6,6,0,0.22077922523021698,2
782,6,7,0,0.010893246158957481,3
782,6,8,0,0.010893246158957481,4
782,6,9,0,0.010893246158957481,5
782,6,10,1,0.024390242993831635,6
782,6,11,0,0.14705882966518402,7
782,6,12,0,0.14705882966518402,8
782,6,13,1,0.04210526496171951,9
782,6,14,0,0.01149425283074379,10
782,6,15,0,0.04210526496171951,11
782,6,16,0,0.14705882966518402,12
782,6,17,0,0.22077922523021698,13
782,6,18,0,0.6000000238418579,14
782,6,19,1,0.7027027010917664,15
782,6,20,1,0.22077922523021698,16
782,6,21,0,0.0008583691087551415,17
782,6,22,0,0.22077922523021698,18
782,6,23,0,0.14705882966518402,19
782,6,24,1,0.22077922523021698,20
782,6,25,1,0.22077922523021698,21
782,6,26,1,0.04210526496171951,22
782,6,27,1,0.010893246158957481,23
782,6,28,0,0.0008583691087551415,24
782,6,29,1,0.010893246158957481,25
782,6,30,0,0.010893246158957481,26
782,6,31,1,0.0008583691087551415,27
782,6,32,0,0.0008583691087551415,28
782,6,33,1,0.01149425283074379,29
782,6,34,1,0.0,30
782,6,35,0,0.0,31
782,6,36,0,0.0,32
782,6,37,0,0.0008583691087551415,33
782,6,38,0,0.0008583691087551415,34
782,6,39,0,0.04210526496171951,35
782,6,40,1,0.0,36
783,4,33,0,0.4000000059604645,1
783,4,34,0,0.14705882966518402,2
783,4,35,0,0.010893246158957481,3
783,4,36,0,0.010893246158957481,4
783,4,37,0,0.0008583691087551415,5
783,4,38,0,0.011491890996694565,6
783,4,39,0,0.0008583691087551415,7
783,4,40,0,0.0008583691087551415,8
783,6,1,0,0.024390242993831635,9
783,6,2,0,0.024390242993831635,10
783,6,3,0,0.024390242993831635,11
783,6,4,0,0.14705882966518402,12
783,6,5,0,0.14705882966518402,13
783,6,6,0,0.22077922523021698,14
783,6,7,0,0.024390242993831635,15
783,6,8,0,0.024390242993831635,16
783,6,9,0,0.010893246158957481,17
783,6,10,1,0.04210526496171951,18
783,6,11,0,0.14705882966518402,19
783,6,12,0,0.04210526496171951,20
783,6,13,1,0.024390242993831635,21
783,6,14,0,0.030036913231015205,22
783,6,15,0,0.22077922523021698,23
783,6,16,0,0.22077922523021698,24
783,6,17,0,0.6666666865348816,25
783,6,18,0,0.6666666865348816,26
783,6,19,1,0.6666666865348816,27
783,6,20,1,0.8055555820465088,28
783,6,21,0,0.7027027010917664,29
783,6,22,0,0.931034505367279,30
783,6,23,0,0.7027027010917664,31
783,6,24,1,0.6666666865348816,32
783,6,25,1,0.14705882966518402,33
783,6,26,1,0.22077922523021698,34
783,6,27,1,0.010893246158957481,35
783,6,28,0,0.0,36
783,6,29,1,0.024390242993831635,37
783,6,30,0,0.010893246158957481,38
783,6,31,1,0.010893246158957481,39
783,6,32,0,0.0008583691087551415,40
783,6,33,1,0.04210526496171951,41
783,6,34,1,0.0,42
783,6,35,0,0.0008583691087551415,43
783,6,36,0,0.010893246158957481,44
783,6,37,0,0.22077922523021698,45
783,6,38,0,0.14705882966518402,46
783,6,39,0,0.4000000059604645,47
783,6,40,1,0.0,48
784,4,33,0,0.4000000059604645,1
784,4,34,0,0.14705882966518402,2
784,4,35,0,0.010893246158957481,3
784,4,36,0,0.010893246158957481,4
784,4,37,0,0.0008583691087551415,5
784,4,38,0,0.011491890996694565,6
784,4,39,0,0.0008583691087551415,7
784,4,40,0,0.0008583691087551415,8
784,6,1,0,0.024390242993831635,9
784,6,2,0,0.024390242993831635,10
784,6,3,0,0.024390242993831635,11
784,6,4,0,0.14705882966518402,12
784,6,5,0,0.14705882966518402,13
784,6,6,0,0.22077922523021698,14
784,6,7,0,0.024390242993831635,15
784,6,8,0,0.024390242993831635,16
784,6,9,0,0.010893246158957481,17
784,6,10,1,0.04210526496171951,18
784,6,11,0,0.14705882966518402,19
784,6,12,0,0.04210526496171951,20
784,6,13,1,0.024390242993831635,21
784,6,14,0,0.030036913231015205,22
784,6,15,0,0.22077922523021698,23
784,6,16,0,0.22077922523021698,24
784,6,17,0,0.6666666865348816,25
784,6,18,0,0.6666666865348816,26
784,6,19,1,0.6666666865348816,27
784,6,20,1,0.8055555820465088,28
784,6,21,0,0.7027027010917664,29
784,6,22,0,0.931034505367279,30
784,6,23,0,0.7027027010917664,31
784,6,24,1,0.6666666865348816,32
784,6,25,1,0.14705882966518402,33
784,6,26,1,0.22077922523021698,34
784,6,27,1,0.010893246158957481,35
784,6,28,0,0.0,36
784,6,29,1,0.024390242993831635,37
784,6,30,0,0.010893246158957481,38
784,6,31,1,0.010893246158957481,39
784,6,32,0,0.0008583691087551415,40
784,6,33,1,0.04210526496171951,41
784,6,34,1,0.0,42
784,6,35,0,0.0008583691087551415,43
784,6,36,0,0.010893246158957481,44
784,6,37,0,0.22077922523021698,45
784,6,38,0,0.14705882966518402,46
784,6,39,1,0.4000000059604645,47
784,6,40,1,0.0,48
786,6,5,0,0.4000000059604645,1
786,6,6,0,0.22077922523021698,2
786,6,7,0,0.010893246158957481,3
786,6,8,0,0.010893246158957481,4
786,6,9,0,0.010893246158957481,5
786,6,10,1,0.024390242993831635,6
786,6,11,0,0.14705882966518402,7
786,6,12,0,0.14705882966518402,8
786,6,13,1,0.04210526496171951,9
786,6,14,0,0.01149425283074379,10
786,6,15,0,0.04210526496171951,11
786,6,16,0,0.14705882966518402,12
786,6,17,0,0.22077922523021698,13
786,6,18,0,0.6000000238418579,14
786,6,19,1,0.7027027010917664,15
786,6,20,1,0.22077922523021698,16
786,6,21,0,0.0008583691087551415,17
786,6,22,0,0.22077922523021698,18
786,6,23,0,0.14705882966518402,19
786,6,24,1,0.22077922523021698,20
786,6,25,1,0.22077922523021698,21
786,6,26,1,0.04210526496171951,22
786,6,27,1,0.010893246158957481,23
786,6,28,0,0.0008583691087551415,24
786,6,29,1,0.010893246158957481,25
786,6,30,0,0.010893246158957481,26
786,6,31,1,0.0008583691087551415,27
786,6,32,0,0.0008583691087551415,28
786,6,33,1,0.01149425283074379,29
786,6,34,1,0.0,30
786,6,35,0,0.0,31
786,6,36,0,0.0,32
786,6,37,0,0.0008583691087551415,33
786,6,38,0,0.0008583691087551415,34
786,6,39,1,0.04210526496171951,35
786,6,40,1,0.0,36
790,6,5,0,0.4000000059604645,1
790,6,6,0,0.22077922523021698,2
790,6,7,0,0.010893246158957481,3
790,6,8,0,0.010893246158957481,4
790,6,9,0,0.010893246158957481,5
790,6,10,1,0.024390242993831635,6
790,6,11,0,0.14705882966518402,7
790,6,12,0,0.14705882966518402,8
790,6,13,1,0.04210526496171951,9
790,6,14,0,0.01149425283074379,10
790,6,15,0,0.04210526496171951,11
790,6,16,0,0.14705882966518402,12
790,6,17,0,0.22077922523021698,13
790,6,18,0,0.6000000238418579,14
790,6,19,1,0.7027027010917664,15
790,6,20,1,0.22077922523021698,16
790,6,21,0,0.0008583691087551415,17
790,6,22,0,0.22077922523021698,18
790,6,23,0,0.14705882966518402,19
790,6,24,1,0.22077922523021698,20
790,6,25,1,0.22077922523021698,21
790,6,26,1,0.04210526496171951,22
790,6,27,1,0.010893246158957481,23
790,6,28,0,0.0008583691087551415,24
790,6,29,1,0.010893246158957481,25
790,6,30,0,0.010893246158957481,26
790,6,31,1,0.0008583691087551415,27
790,6,32,0,0.0008583691087551415,28
790,6,33,1,0.01149425283074379,29
790,6,34,1,0.0,30
790,6,35,0,0.0,31
790,6,36,0,0.0,32
790,6,37,0,0.0008583691087551415,33
790,6,38,0,0.0008583691087551415,34
790,6,39,0,0.04210526496171951,35
790,6,40,1,0.0,36
797,6,5,0,0.22077922523021698,1
797,6,6,0,0.6000000238418579,2
797,6,7,0,0.04210526496171951,3
797,6,8,0,0.04210526496171951,4
797,6,9,0,0.04210526496171951,5
797,6,10,0,0.14705882966518402,6
797,6,11,0,0.5749377012252808,7
797,6,12,0,0.04210526496171951,8
797,6,13,0,0.04210526496171951,9
797,6,14,0,0.22077922523021698,10
797,6,15,0,0.7027027010917664,11
797,6,16,0,0.22077922523021698,12
797,6,17,1,0.9682539701461792,13
797,6,18,1,0.931034505367279,14
797,6,19,1,0.9682539701461792,15
797,6,20,1,0.010893246158957481,16
797,6,21,0,0.0,17
797,6,22,0,0.010893246158957481,18
797,6,23,0,0.010893246158957481,19
797,6,24,1,0.0008583691087551415,20
797,6,25,1,0.024390242993831635,21
797,6,26,1,0.22077922523021698,22
797,6,27,1,0.0008583691087551415,23
797,6,28,0,0.0008583691087551415,24
797,6,29,1,0.024390242993831635,25
797,6,30,0,0.010893246158957481,26
797,6,31,0,0.0008583691087551415,27
797,6,32,0,0.22077922523021698,28
797,6,33,1,0.14705882966518402,29
797,6,34,1,0.0008583691087551415,30
797,6,35,0,0.0,31
797,6,36,0,0.0008583691087551415,32
797,6,37,0,0.0008583691087551415,33
797,6,38,0,0.0008583691087551415,34
797,6,39,1,0.14705882966518402,35
797,6,40,1,0.0,36
798,5,33,1,0.6000000238418579,1
798,5,34,0,0.024390242993831635,2
798,5,35,0,0.04210526496171951,3
798,5,36,1,0.024390242993831635,4
798,5,37,0,0.010893246158957481,5
798,5,38,0,0.14705882966518402,6
798,5,39,1,0.22077922523021698,7
798,5,40,0,0.14705882966518402,8
798,6,1,0,0.0008583691087551415,9
798,6,2,0,0.0008583691087551415,10
798,6,3,0,0.024390242993831635,11
798,6,4,0,0.04210526496171951,12
798,6,5,0,0.14705882966518402,13
798,6,6,0,0.04210526496171951,14
798,6,7,0,0.024390242993831635,15
798,6,8,0,0.04210526496171951,16
798,6,9,0,0.22077922523021698,17
798,6,10,0,0.22077922523021698,18
798,6,11,0,0.22077922523021698,19
798,6,12,0,0.14705882966518402,20
798,6,13,0,0.22077922523021698,21
798,6,14,0,0.22077922523021698,22
798,6,15,0,0.7027027010917664,23
798,6,16,0,0.22077922523021698,24
798,6,17,1,0.8055555820465088,25
798,6,18,1,0.8055555820465088,26
798,6,19,1,0.22077922523021698,27
798,6,20,1,0.04210526496171951,28
798,6,21,0,0.0008583691087551415,29
798,6,22,0,0.14705882966518402,30
798,6,23,0,0.04210526496171951,31
798,6,24,1,0.024390242993831635,32
798,6,25,1,0.024390242993831635,33
798,6,26,1,0.14705882966518402,34
798,6,27,1,0.010893246158957481,35
798,6,28,0,0.0008583691087551415,36
798,6,29,1,0.14705882966518402,37
798,6,30,0,0.010893246158957481,38
798,6,31,0,0.0008583691087551415,39
798,6,32,0,0.04210526496171951,40
798,6,33,1,0.22077922523021698,41
798,6,34,1,0.0008583691087551415,42
798,6,35,0,0.0,43
798,6,36,0,0.0008583691087551415,44
798,6,37,0,0.024390242993831635,45
798,6,38,0,0.010893246158957481,46
798,6,39,1,0.22077922523021698,47
798,6,40,1,0.0008583691087551415,48
799,5,33,1,0.6000000238418579,1
799,5,34,0,0.024390242993831635,2
799,5,35,0,0.04210526496171951,3
799,5,36,1,0.024390242993831635,4
799,5,37,0,0.010893246158957481,5
799,5,38,0,0.14705882966518402,6
799,5,39,1,0.22077922523021698,7
799,5,40,0,0.14705882966518402,8
799,6,1,0,0.0008583691087551415,9
799,6,2,0,0.0008583691087551415,10
799,6,3,0,0.024390242993831635,11
799,6,4,0,0.04210526496171951,12
799,6,5,0,0.14705882966518402,13
799,6,6,0,0.04210526496171951,14
799,6,7,0,0.024390242993831635,15
799,6,8,0,0.04210526496171951,16
799,6,9,0,0.22077922523021698,17
799,6,10,0,0.22077922523021698,18
799,6,11,0,0.22077922523021698,19
799,6,12,0,0.14705882966518402,20
799,6,13,0,0.22077922523021698,21
799,6,14,0,0.22077922523021698,22
799,6,15,0,0.7027027010917664,23
799,6,16,0,0.22077922523021698,24
799,6,17,1,0.8055555820465088,25
799,6,18,1,0.8055555820465088,26
799,6,19,1,0.22077922523021698,27
799,6,20,1,0.04210526496171951,28
799,6,21,0,0.0008583691087551415,29
799,6,22,0,0.14705882966518402,30
799,6,23,0,0.04210526496171951,31
799,6,24,1,0.024390242993831635,32
799,6,25,1,0.024390242993831635,33
799,6,26,1,0.14705882966518402,34
799,6,27,1,0.010893246158957481,35
799,6,28,0,0.0008583691087551415,36
799,6,29,1,0.14705882966518402,37
799,6,30,0,0.010893246158957481,38
799,6,31,0,0.0008583691087551415,39
799,6,32,0,0.04210526496171951,40
799,6,33,1,0.22077922523021698,41
799,6,34,1,0.0008583691087551415,42
799,6,35,0,0.0,43
799,6,36,0,0.0008583691087551415,44
799,6,37,0,0.024390242993831635,45
799,6,38,0,0.010893246158957481,46
799,6,39,1,0.22077922523021698,47
799,6,40,1,0.0008583691087551415,48
801,6,5,0,0.22077922523021698,1
801,6,6,0,0.6000000238418579,2
801,6,7,0,0.04210526496171951,3
801,6,8,0,0.04210526496171951,4
801,6,9,0,0.04210526496171951,5
801,6,10,0,0.14705882966518402,6
801,6,11,0,0.5749377012252808,7
801,6,12,0,0.04210526496171951,8
801,6,13,0,0.04210526496171951,9
801,6,14,0,0.22077922523021698,10
801,6,15,0,0.7027027010917664,11
801,6,16,0,0.22077922523021698,12
801,6,17,1,0.9682539701461792,13
801,6,18,1,0.931034505367279,14
801,6,19,1,0.9682539701461792,15
801,6,20,1,0.010893246158957481,16
801,6,21,0,0.0,17
801,6,22,0,0.010893246158957481,18
801,6,23,0,0.010893246158957481,19
801,6,24,1,0.0008583691087551415,20
801,6,25,1,0.024390242993831635,21
801,6,26,1,0.22077922523021698,22
801,6,27,1,0.0008583691087551415,23
801,6,28,0,0.0008583691087551415,24
801,6,29,1,0.024390242993831635,25
801,6,30,0,0.010893246158957481,26
801,6,31,0,0.0008583691087551415,27
801,6,32,0,0.22077922523021698,28
801,6,33,1,0.14705882966518402,29
801,6,34,1,0.0008583691087551415,30
801,6,35,0,0.0,31
801,6,36,0,0.0008583691087551415,32
801,6,37,0,0.0008583691087551415,33
801,6,38,0,0.0008583691087551415,34
801,6,39,1,0.14705882966518402,35
801,6,40,1,0.0,36
804,5,33,1,0.6000000238418579,1
804,5,34,0,0.024390242993831635,2
804,5,35,0,0.04210526496171951,3
804,5,36,1,0.024390242993831635,4
804,5,37,0,0.010893246158957481,5
804,5,38,0,0.14705882966518402,6
804,5,39,1,0.22077922523021698,7
804,5,40,0,0.14705882966518402,8
804,6,1,0,0.0008583691087551415,9
804,6,2,0,0.0008583691087551415,10
804,6,3,0,0.024390242993831635,11
804,6,4,0,0.04210526496171951,12
804,6,5,0,0.14705882966518402,13
804,6,6,0,0.04210526496171951,14
804,6,7,0,0.024390242993831635,15
804,6,8,0,0.04210526496171951,16
804,6,9,0,0.22077922523021698,17
804,6,10,0,0.22077922523021698,18
804,6,11,0,0.22077922523021698,19
804,6,12,0,0.14705882966518402,20
804,6,13,0,0.22077922523021698,21
804,6,14,0,0.22077922523021698,22
804,6,15,0,0.7027027010917664,23
804,6,16,0,0.22077922523021698,24
804,6,17,1,0.8055555820465088,25
804,6,18,1,0.8055555820465088,26
804,6,19,1,0.22077922523021698,27
804,6,20,1,0.04210526496171951,28
804,6,21,0,0.0008583691087551415,29
804,6,22,0,0.14705882966518402,30
804,6,23,0,0.04210526496171951,31
804,6,24,1,0.024390242993831635,32
804,6,25,1,0.024390242993831635,33
804,6,26,1,0.14705882966518402,34
804,6,27,1,0.010893246158957481,35
804,6,28,0,0.0008583691087551415,36
804,6,29,1,0.14705882966518402,37
804,6,30,0,0.010893246158957481,38
804,6,31,0,0.0008583691087551415,39
804,6,32,0,0.04210526496171951,40
804,6,33,1,0.22077922523021698,41
804,6,34,1,0.0008583691087551415,42
804,6,35,0,0.0,43
804,6,36,0,0.0008583691087551415,44
804,6,37,0,0.024390242993831635,45
804,6,38,0,0.010893246158957481,46
804,6,39,1,0.22077922523021698,47
804,6,40,1,0.0008583691087551415,48
805,6,5,0,0.4000000059604645,1
805,6,6,0,0.22077922523021698,2
805,6,7,0,0.010893246158957481,3
805,6,8,0,0.010893246158957481,4
805,6,9,0,0.010893246158957481,5
805,6,10,1,0.024390242993831635,6
805,6,11,0,0.14705882966518402,7
805,6,12,0,0.14705882966518402,8
805,6,13,1,0.04210526496171951,9
805,6,14,0,0.01149425283074379,10
805,6,15,0,0.04210526496171951,11
805,6,16,0,0.14705882966518402,12
805,6,17,0,0.22077922523021698,13
805,6,18,0,0.6000000238418579,14
805,6,19,1,0.7027027010917664,15
805,6,20,1,0.22077922523021698,16
805,6,21,0,0.0008583691087551415,17
805,6,22,0,0.22077922523021698,18
805,6,23,0,0.14705882966518402,19
805,6,24,1,0.22077922523021698,20
805,6,25,1,0.22077922523021698,21
805,6,26,1,0.04210526496171951,22
805,6,27,1,0.010893246158957481,23
805,6,28,0,0.0008583691087551415,24
805,6,29,1,0.010893246158957481,25
805,6,30,0,0.010893246158957481,26
805,6,31,1,0.0008583691087551415,27
805,6,32,0,0.0008583691087551415,28
805,6,33,1,0.01149425283074379,29
805,6,34,1,0.0,30
805,6,35,0,0.0,31
805,6,36,0,0.0,32
805,6,37,0,0.0008583691087551415,33
805,6,38,0,0.0008583691087551415,34
805,6,39,0,0.04210526496171951,35
805,6,40,1,0.0,36
808,6,5,0,0.4000000059604645,1
808,6,6,0,0.22077922523021698,2
808,6,7,0,0.010893246158957481,3
808,6,8,0,0.010893246158957481,4
808,6,9,0,0.010893246158957481,5
808,6,10,1,0.024390242993831635,6
808,6,11,0,0.14705882966518402,7
808,6,12,0,0.14705882966518402,8
808,6,13,1,0.04210526496171951,9
808,6,14,0,0.01149425283074379,10
808,6,15,0,0.04210526496171951,11
808,6,16,0,0.14705882966518402,12
808,6,17,0,0.22077922523021698,13
808,6,18,0,0.6000000238418579,14
808,6,19,1,0.7027027010917664,15
808,6,20,1,0.22077922523021698,16
808,6,21,0,0.0008583691087551415,17
808,6,22,0,0.22077922523021698,18
808,6,23,0,0.14705882966518402,19
808,6,24,1,0.22077922523021698,20
808,6,25,1,0.22077922523021698,21
808,6,26,1,0.04210526496171951,22
808,6,27,1,0.010893246158957481,23
808,6,28,0,0.0008583691087551415,24
808,6,29,1,0.010893246158957481,25
808,6,30,0,0.010893246158957481,26
808,6,31,1,0.0008583691087551415,27
808,6,32,0,0.0008583691087551415,28
808,6,33,1,0.01149425283074379,29
808,6,34,1,0.0,30
808,6,35,0,0.0,31
808,6,36,0,0.0,32
808,6,37,0,0.0008583691087551415,33
808,6,38,0,0.0008583691087551415,34
808,6,39,0,0.04210526496171951,35
808,6,40,1,0.0,36
