user_id,block_number,trial_number,classification_decision,stimulus_seen,dss_judgment,decision_time,correct_classification
5,1,1,noise,5.3,noise,7.354251,noise
5,1,2,noise,7.39,noise,1.196532,noise
5,1,3,noise,6.51,noise,2.25853,signal
5,1,4,signal,7.3,noise,3.21324,signal
5,1,5,signal,6.2,noise,1.386178,noise
5,1,6,signal,5.42,noise,1.149093,noise
5,1,7,signal,6.82,noise,1.526327,noise
5,1,8,signal,7.31,noise,2.117653,signal
5,1,9,signal,7.8,signal,1.980877,signal
5,1,10,signal,5.9,signal,1.168731,signal
5,2,1,signal,6.94,signal,6.211871,noise
5,2,2,signal,6.73,signal,2.367911,noise
5,2,3,signal,5.16,signal,1.988586,noise
5,2,4,signal,6.87,noise,1.896776,signal
5,2,5,signal,6.28,noise,2.229689,noise
5,2,6,signal,5.07,signal,1.459053,signal
5,2,7,signal,6.79,signal,1.465711,noise
5,2,8,signal,8.05,signal,1.444086,signal
5,2,9,signal,6.47,signal,1.605903,noise
5,2,10,signal,6.26,signal,1.501456,signal
5,3,1,noise,6.69,noise,4.336783,noise
5,3,2,noise,6.48,signal,1.369112,noise
5,3,3,noise,7.47,signal,1.226252,signal
5,3,4,noise,6.73,noise,1.931155,noise
5,3,5,noise,6.65,noise,1.775849,noise
5,3,6,noise,4.04,noise,1.624806,noise
5,3,7,signal,8.44,signal,2.222637,signal
5,3,8,noise,7.84,noise,1.653733,signal
5,3,9,noise,5.66,noise,1.14975,noise
5,3,10,noise,5.03,noise,1.100482,noise
5,3,11,noise,5.6,noise,1.084168,noise
5,3,12,signal,5.59,signal,2.326008,noise
5,3,13,signal,7.38,noise,3.157686,noise
5,3,14,noise,7.44,noise,2.143507,signal
5,3,15,noise,8.35,signal,1.982399,signal
5,3,16,signal,7.19,signal,2.859554,signal
5,3,17,signal,8.35,signal,1.975238,noise
5,3,18,noise,4.07,signal,2.24085,noise
5,3,19,noise,5.03,noise,1.710401,noise
5,3,20,noise,5.76,noise,1.923448,signal
5,3,21,signal,6.27,signal,3.413282,signal
5,3,22,noise,8.21,signal,1.369638,signal
5,3,23,noise,5.79,signal,1.170549,signal
5,3,24,noise,7.52,signal,1.325352,noise
5,3,25,noise,6.44,noise,1.144684,noise
5,3,26,noise,8.21,signal,1.055547,signal
5,3,27,noise,5.52,signal,2.035587,noise
5,3,28,noise,4.69,signal,1.256769,noise
5,3,29,noise,4.82,noise,1.205434,noise
5,3,30,noise,5.78,signal,1.241516,noise
5,3,31,noise,6.42,noise,2.075006,signal
5,3,32,noise,4.71,noise,2.42943,noise
5,3,33,noise,6.76,signal,1.426692,signal
5,3,34,noise,5.54,noise,1.199252,noise
5,3,35,noise,4.85,signal,1.068012,noise
5,3,36,noise,6.4,noise,1.122819,noise
5,3,37,noise,6.45,noise,1.304436,noise
5,3,38,noise,7.64,noise,1.143195,noise
5,3,39,noise,8.64,signal,1.507714,signal
5,3,40,noise,7.43,noise,1.903683,noise
5,3,41,noise,5.86,noise,1.335225,noise
5,3,42,noise,3.47,noise,1.226654,noise
5,3,43,noise,7.75,signal,1.378189,signal
5,3,44,noise,7.03,signal,1.612144,signal
5,3,45,noise,7.54,noise,1.39992,noise
5,3,46,noise,5.42,noise,1.537144,noise
5,3,47,noise,7.2,noise,1.287399,noise
5,3,48,noise,7.61,signal,1.438121,signal
5,3,49,noise,4.14,noise,1.223357,noise
5,3,50,noise,5.94,signal,2.737535,signal
5,3,51,signal,7.3,signal,3.398016,signal
5,3,52,signal,7.09,signal,1.854162,noise
5,3,53,signal,6.25,signal,1.727737,noise
5,3,54,signal,8.32,signal,1.16159,signal
5,3,55,signal,6.48,signal,3.085341,signal
5,3,56,noise,5.39,noise,2.785896,noise
5,3,57,signal,8.76,signal,3.3602,signal
5,3,58,noise,5.31,signal,2.534379,signal
5,3,59,signal,6.59,signal,2.641036,noise
5,3,60,signal,7.01,noise,2.579121,signal
5,3,61,noise,6.29,signal,2.7714,noise
5,3,62,noise,5.59,noise,1.091552,signal
5,3,63,noise,6.39,noise,2.313145,noise
5,3,64,noise,8.2,signal,1.137152,noise
5,3,65,noise,6.14,noise,2.625839,noise
5,3,66,noise,7.25,signal,1.533811,noise
5,3,67,noise,5.95,noise,1.16803,signal
5,3,68,noise,3.73,noise,1.462528,noise
5,3,69,noise,6.69,noise,1.434533,noise
5,3,70,signal,7.5,signal,2.983972,signal
5,3,71,noise,5.13,signal,1.950542,noise
5,3,72,noise,4.8,noise,2.266291,noise
5,3,73,noise,5.38,noise,2.042133,noise
5,3,74,signal,6.24,noise,4.451198,noise
5,3,75,noise,5.19,noise,1.150073,noise
5,3,76,noise,5.5,noise,1.912805,signal
5,3,77,noise,6.53,noise,2.21357,noise
5,3,78,noise,6.57,noise,2.451634,signal
5,3,79,noise,6.02,signal,1.227933,noise
5,3,80,noise,6.14,signal,1.227614,noise
5,3,81,noise,6.25,noise,2.349864,noise
5,3,82,noise,6.82,noise,2.299985,noise
5,3,83,noise,7.05,noise,1.048386,signal
5,3,84,noise,5.29,noise,1.125483,noise
5,3,85,noise,5.22,noise,1.054292,noise
5,3,86,noise,6.01,noise,1.156999,noise
5,3,87,noise,5.49,signal,1.472128,noise
5,3,88,noise,6.41,noise,1.156935,signal
5,3,89,noise,6.46,signal,1.482846,noise
5,3,90,noise,5.36,noise,1.442542,noise
5,3,91,noise,6.69,signal,1.474121,noise
5,3,92,noise,5.84,noise,1.221552,signal
5,3,93,noise,5.98,noise,1.526137,noise
5,3,94,noise,6.32,noise,1.408377,noise
5,3,95,noise,6.25,noise,1.205898,noise
5,3,96,noise,7.31,signal,1.361726,noise
5,3,97,noise,7.32,signal,2.289546,noise
5,3,98,noise,6.13,signal,1.55089,signal
5,3,99,noise,5.09,noise,1.522496,noise
5,3,100,noise,6.38,noise,2.925738,noise
6,1,1,noise,6.69,noise,10.180199,noise
6,1,2,noise,6.95,noise,4.2831,noise
6,1,3,noise,5.75,noise,4.296835,noise
6,1,4,noise,5.86,signal,1.829065,noise
6,1,5,noise,7.11,noise,1.217899,noise
6,1,6,noise,5.3,signal,1.688138,noise
6,1,7,noise,5.32,noise,1.103219,noise
6,1,8,noise,4.91,noise,1.399786,noise
6,1,9,noise,5.41,noise,1.229691,noise
6,1,10,noise,7.03,noise,2.706144,noise
6,2,1,noise,5.61,signal,3.293014,noise
6,2,2,noise,7.68,noise,1.047281,signal
6,2,3,noise,6.7,noise,2.33333,noise
6,2,4,noise,6.67,signal,1.020711,signal
6,2,5,noise,2.54,signal,1.554089,noise
6,2,6,noise,6.73,signal,2.032245,noise
6,2,7,noise,6.74,noise,2.160973,signal
6,2,8,noise,7.35,noise,3.388986,noise
6,2,9,noise,6.89,signal,2.060176,noise
6,2,10,noise,9.03,signal,2.559469,signal
6,3,1,noise,5.67,noise,3.345443,noise
6,3,2,signal,6.35,signal,4.935489,signal
6,3,3,noise,5.34,noise,2.510533,noise
6,3,4,noise,5.67,noise,2.183792,noise
6,3,5,signal,7.02,signal,2.109748,noise
6,3,6,signal,5.91,signal,2.728939,noise
6,3,7,noise,4.72,noise,2.080404,noise
6,3,8,noise,4.07,noise,2.516131,noise
6,3,9,noise,6.74,noise,1.910689,noise
6,3,10,signal,8.06,signal,2.188201,signal
6,3,11,noise,4.69,noise,2.05874,noise
6,3,12,noise,4.31,noise,1.926375,noise
6,3,13,signal,6.47,signal,2.452997,noise
6,3,14,signal,8.13,signal,2.142213,noise
6,3,15,noise,5.02,noise,2.009457,noise
6,3,16,noise,5.32,noise,1.938986,noise
6,3,17,signal,8.85,signal,2.190891,signal
6,3,18,noise,7.81,noise,2.050036,noise
6,3,19,noise,7.32,noise,2.061778,noise
6,3,20,noise,7.22,noise,1.812467,noise
6,3,21,signal,6.46,signal,2.115012,signal
6,3,22,noise,6.65,noise,2.146306,noise
6,3,23,noise,4.75,noise,3.966789,noise
6,3,24,noise,4.21,noise,2.014127,noise
6,3,25,noise,5.18,noise,2.021078,noise
6,3,26,signal,6.82,signal,2.30548,noise
6,3,27,noise,7.42,noise,2.069992,noise
6,3,28,noise,6.59,noise,2.084453,noise
6,3,29,signal,6.5,signal,2.068313,noise
6,3,30,noise,6.54,noise,1.994388,noise
6,3,31,signal,6.35,signal,1.929109,signal
6,3,32,signal,5.12,signal,2.370148,noise
6,3,33,signal,4.88,signal,1.973822,noise
6,3,34,signal,7.92,signal,2.165215,noise
6,3,35,noise,5.68,noise,2.125156,noise
6,3,36,noise,7.11,noise,2.393165,noise
6,3,37,noise,5.9,noise,1.997177,noise
6,3,38,signal,5.97,signal,2.212041,noise
6,3,39,noise,5.99,noise,2.067286,noise
6,3,40,noise,5.91,noise,2.148211,noise
6,3,41,signal,6.39,signal,2.062623,signal
6,3,42,noise,5.16,noise,1.984529,noise
6,3,43,noise,5.78,noise,1.846588,noise
6,3,44,signal,5.38,signal,2.375108,noise
6,3,45,signal,6.75,signal,2.229772,noise
6,3,46,noise,5.53,noise,2.038381,noise
6,3,47,signal,5.81,signal,2.202517,noise
6,3,48,noise,5.35,noise,2.114632,noise
6,3,49,signal,7.99,signal,2.039426,signal
6,3,50,noise,4.72,noise,1.906973,noise
6,3,51,noise,6.3,noise,2.142671,noise
6,3,52,noise,5.37,noise,2.104023,noise
6,3,53,noise,4.95,noise,1.981388,noise
6,3,54,noise,5.23,noise,2.049053,noise
6,3,55,noise,5.13,noise,2.383989,noise
6,3,56,noise,5.89,noise,2.215801,noise
6,3,57,signal,4.23,signal,2.103132,noise
6,3,58,noise,5.61,noise,2.146065,noise
6,3,59,signal,8.06,signal,2.064869,signal
6,3,60,noise,4.76,noise,2.23321,noise
6,3,61,noise,6.27,noise,2.088866,noise
6,3,62,noise,7.2,noise,2.227724,signal
6,3,63,signal,6.57,signal,2.234641,signal
6,3,64,signal,7.94,signal,2.099176,noise
6,3,65,signal,5.87,signal,2.584592,noise
6,3,66,noise,5.46,noise,2.112155,noise
6,3,67,signal,7.75,signal,2.155706,noise
6,3,68,signal,5.36,signal,2.018249,noise
6,3,69,noise,5.72,noise,2.038488,noise
6,3,70,noise,6.08,noise,1.80102,noise
6,3,71,noise,6.92,noise,1.636433,noise
6,3,72,noise,6.97,noise,2.105399,signal
6,3,73,signal,6.89,signal,2.048252,signal
6,3,74,noise,6.23,noise,1.96222,noise
6,3,75,signal,6.5,signal,2.0631,signal
6,3,76,signal,6.92,signal,2.04378,signal
6,3,77,noise,6.05,noise,2.063447,noise
6,3,78,noise,6.69,noise,2.194989,noise
6,3,79,signal,6.2,signal,2.081263,signal
6,3,80,noise,6.35,noise,2.008923,noise
6,3,81,noise,6.47,noise,1.90913,noise
6,3,82,noise,5.45,noise,2.074584,noise
6,3,83,noise,5.5,noise,1.966401,noise
6,3,84,signal,6.38,signal,2.080727,signal
6,3,85,noise,6.9,noise,1.958497,noise
6,3,86,noise,5.33,noise,1.991698,noise
6,3,87,noise,7.09,noise,2.061306,signal
6,3,88,signal,5.07,signal,2.16576,noise
6,3,89,signal,6.32,signal,1.890291,noise
6,3,90,noise,6.53,noise,1.976412,noise
6,3,91,signal,5.74,signal,2.054673,noise
6,3,92,signal,5.86,signal,2.09196,signal
6,3,93,noise,6.34,noise,2.109007,noise
6,3,94,noise,5.95,noise,1.966019,noise
6,3,95,noise,7.09,noise,2.04052,noise
6,3,96,signal,8.22,signal,2.161568,signal
6,3,97,noise,6.08,noise,1.954217,noise
6,3,98,noise,5.61,noise,2.012569,noise
6,3,99,noise,5.48,noise,1.958777,noise
6,3,100,signal,5.78,signal,2.143485,signal
8,1,1,signal,7.03,signal,11.088084,signal
8,1,2,signal,5.91,signal,2.921517,signal
8,1,3,signal,7.03,noise,1.583947,noise
8,1,4,signal,5.77,noise,2.522556,noise
8,1,5,noise,6.95,noise,1.747279,noise
8,1,6,noise,4.6,signal,2.562175,noise
8,1,7,signal,6.9,noise,1.81949,noise
8,1,8,noise,8.22,signal,0.922971,signal
8,1,9,signal,5.97,noise,1.140368,signal
8,1,10,signal,8.2,signal,1.560439,signal
8,2,1,noise,7.71,noise,3.704767,noise
8,2,2,noise,5.49,noise,1.482161,noise
8,2,3,noise,6.43,noise,1.320196,noise
8,2,4,noise,6.77,noise,1.357664,noise
8,2,5,noise,6.34,noise,1.378131,noise
8,2,6,noise,6.17,noise,1.247389,noise
8,2,7,noise,4.9,noise,1.409056,noise
8,2,8,signal,6.59,signal,1.46054,signal
8,2,9,noise,6.22,noise,1.431597,noise
8,2,10,noise,4.87,noise,1.478662,noise
8,3,1,signal,7.51,signal,5.830301,signal
8,3,2,signal,7.11,signal,0.891925,signal
8,3,3,noise,5.65,noise,1.4832,noise
8,3,4,noise,8.0,noise,1.520566,noise
8,3,5,signal,7.35,signal,1.795684,noise
8,3,6,signal,4.6,signal,1.477308,noise
8,3,7,signal,7.55,signal,1.791769,noise
8,3,8,signal,5.54,signal,1.389515,signal
8,3,9,noise,6.01,noise,1.355722,noise
8,3,10,noise,5.08,noise,1.449007,noise
8,3,11,signal,7.09,signal,1.500633,noise
8,3,12,noise,8.83,noise,1.411096,noise
8,3,13,signal,6.4,signal,1.314397,noise
8,3,14,noise,6.49,noise,1.273887,noise
8,3,15,noise,6.96,noise,1.714912,noise
8,3,16,noise,6.35,noise,1.301755,noise
8,3,17,noise,6.27,noise,1.387156,noise
8,3,18,noise,6.28,noise,1.44313,noise
8,3,19,noise,6.42,noise,1.275677,noise
8,3,20,noise,6.31,noise,1.315326,noise
8,3,21,noise,6.68,noise,1.477875,noise
8,3,22,noise,5.39,noise,1.827901,noise
8,3,23,signal,7.25,signal,1.577236,signal
8,3,24,noise,6.19,noise,2.909616,noise
8,3,25,noise,7.03,noise,1.326432,noise
8,3,26,signal,4.85,signal,1.3695,signal
8,3,27,noise,4.43,noise,1.386541,noise
8,3,28,noise,4.02,noise,1.362557,noise
8,3,29,noise,4.8,noise,1.319441,noise
8,3,30,noise,7.39,noise,1.2781,signal
8,3,31,signal,6.48,signal,1.413793,signal
8,3,32,noise,7.23,noise,2.31042,noise
8,3,33,noise,6.03,noise,1.547742,noise
10,1,1,signal,7.06,noise,4.760322,signal
8,3,34,noise,4.9,noise,1.382018,noise
8,3,35,noise,5.37,noise,1.233043,noise
8,3,36,noise,5.92,noise,1.255517,noise
8,3,37,signal,5.58,signal,1.405332,signal
10,1,2,signal,7.22,signal,5.682817,signal
8,3,38,signal,7.97,signal,2.770882,signal
10,1,3,signal,6.65,noise,2.754572,noise
8,3,39,noise,6.97,noise,1.302631,signal
10,1,4,noise,6.48,signal,1.278187,signal
8,3,40,signal,6.73,signal,1.401927,signal
10,1,5,noise,8.15,signal,1.179683,signal
8,3,41,signal,7.03,signal,1.413436,signal
8,3,42,signal,6.63,signal,1.283426,noise
8,3,43,noise,6.07,noise,1.298787,noise
8,3,44,noise,6.27,noise,1.345859,noise
8,3,45,noise,6.23,noise,1.274279,noise
10,1,6,signal,6.72,noise,8.554347,noise
8,3,46,signal,6.51,signal,1.412274,signal
8,3,47,signal,5.89,signal,1.356204,signal
9,1,1,signal,8.31,signal,5.15283,signal
10,1,7,noise,6.53,noise,3.287947,noise
8,3,48,noise,7.21,noise,1.750892,signal
8,3,49,noise,6.59,noise,1.629534,signal
9,1,2,noise,5.44,noise,2.702902,noise
8,3,50,noise,6.0,noise,1.566708,noise
9,1,3,noise,5.35,noise,1.81493,noise
8,3,51,noise,5.32,noise,1.391927,noise
9,1,4,signal,6.69,signal,2.020677,signal
8,3,52,noise,4.8,noise,1.624326,noise
9,1,5,noise,5.62,signal,2.151751,signal
8,3,53,noise,6.45,noise,1.371791,noise
8,3,54,noise,4.92,noise,1.323363,noise
9,1,6,signal,6.36,noise,2.072868,noise
8,3,55,noise,5.42,noise,1.261049,noise
9,1,7,signal,5.6,noise,2.128281,noise
8,3,56,signal,6.75,signal,1.335228,noise
10,1,8,signal,5.03,signal,3.907016,signal
8,3,57,noise,6.71,noise,1.859831,noise
9,1,8,signal,5.93,noise,2.246374,noise
8,3,58,signal,6.81,signal,1.425037,signal
9,1,9,signal,7.24,signal,1.669491,signal
8,3,59,noise,6.32,noise,1.347924,noise
9,1,10,signal,6.88,signal,2.370953,noise
8,3,60,noise,6.07,noise,1.405795,signal
10,1,9,signal,5.63,noise,4.943133,signal
8,3,61,noise,7.38,noise,1.260633,noise
10,1,10,signal,7.72,signal,2.128037,signal
8,3,62,noise,5.03,noise,1.271186,noise
8,3,63,signal,7.29,signal,1.565511,signal
8,3,64,noise,6.79,noise,2.05501,signal
8,3,65,noise,6.09,noise,2.135001,signal
9,2,1,signal,5.03,noise,4.889262,noise
9,2,2,signal,6.98,noise,1.924654,noise
12,1,1,signal,4.8,noise,5.620042,noise
9,2,3,noise,6.8,noise,1.747045,noise
9,2,4,noise,5.49,noise,1.468749,noise
12,1,2,signal,5.06,noise,2.583809,noise
8,3,66,noise,7.13,noise,7.612883,noise
9,2,5,signal,7.64,signal,1.745596,noise
12,1,3,signal,7.35,signal,2.476114,signal
9,2,6,noise,4.99,signal,1.820419,noise
8,3,67,signal,6.15,signal,2.635184,noise
10,2,1,noise,3.99,noise,2.537006,noise
12,1,4,noise,5.48,noise,2.089158,noise
9,2,7,noise,7.48,signal,1.62172,noise
8,3,68,noise,5.58,noise,1.943177,noise
9,2,8,noise,7.01,noise,1.637364,noise
8,3,69,signal,8.22,signal,2.908947,signal
10,2,2,signal,7.56,signal,4.213165,signal
9,2,9,noise,6.9,signal,2.75523,signal
10,2,3,signal,7.8,signal,1.951207,signal
9,2,10,noise,6.12,noise,1.837272,noise
8,3,70,noise,6.7,noise,2.991085,noise
8,3,71,noise,5.87,noise,1.453492,noise
8,3,72,noise,5.82,noise,1.343811,noise
9,3,1,noise,6.15,noise,3.301585,noise
8,3,73,signal,6.72,signal,2.386013,signal
12,1,5,signal,8.02,signal,13.139967,signal
9,3,2,noise,6.36,noise,1.558301,noise
8,3,74,signal,6.87,signal,1.884439,signal
10,2,4,noise,6.01,noise,9.461693,noise
12,1,6,noise,6.54,noise,2.802493,noise
11,1,1,signal,9.67,signal,21.283281,signal
9,3,3,signal,7.08,signal,2.799944,signal
10,2,5,noise,6.35,noise,1.029293,signal
8,3,75,signal,5.31,signal,1.639527,signal
10,2,6,noise,5.25,noise,1.049044,noise
12,1,7,noise,6.35,signal,1.779948,signal
11,1,2,signal,6.6,signal,1.880741,signal
9,3,4,noise,5.84,noise,1.913148,noise
10,2,7,noise,7.18,signal,0.972045,signal
8,3,76,noise,6.47,noise,1.437205,noise
11,1,3,signal,8.27,signal,1.635334,noise
12,1,8,signal,8.44,signal,2.389022,signal
8,3,77,noise,7.25,noise,1.338149,noise
9,3,5,signal,7.11,noise,2.264844,noise
11,1,4,signal,6.42,signal,1.643001,signal
9,3,6,noise,5.48,noise,1.090751,noise
8,3,78,noise,7.38,noise,1.361057,noise
11,1,5,signal,6.22,signal,1.464775,signal
9,3,7,signal,6.94,signal,1.595108,noise
8,3,79,signal,8.39,signal,1.589083,signal
12,1,9,signal,5.61,signal,3.368324,signal
11,1,6,noise,5.7,signal,1.7251,noise
8,3,80,signal,7.33,signal,1.726116,signal
12,1,10,noise,8.53,signal,2.322708,signal
9,3,8,signal,5.96,signal,2.623144,noise
11,1,7,signal,7.18,signal,1.453076,signal
8,3,81,noise,6.25,noise,1.845774,noise
9,3,9,signal,6.34,signal,1.845637,noise
10,2,8,noise,5.68,noise,9.847871,signal
11,1,8,signal,7.94,signal,2.017232,signal
8,3,82,noise,4.55,noise,1.964319,noise
9,3,10,signal,6.66,signal,1.65112,signal
10,2,9,noise,5.82,noise,1.599807,noise
10,2,10,noise,6.73,noise,1.096112,noise
8,3,83,signal,7.49,signal,1.698612,signal
9,3,11,signal,5.72,signal,1.582739,noise
11,1,9,signal,9.21,noise,2.993324,signal
8,3,84,noise,5.01,noise,1.665072,noise
9,3,12,noise,6.82,noise,2.047653,signal
11,1,10,signal,6.97,noise,1.721535,noise
12,2,1,signal,5.83,noise,5.976969,noise
10,3,1,noise,6.5,signal,2.001922,noise
9,3,13,noise,5.68,signal,2.096722,noise
10,3,2,noise,8.12,signal,1.005788,signal
8,3,85,signal,7.79,signal,4.050707,signal
12,2,2,signal,5.48,noise,2.982182,noise
9,3,14,noise,6.78,signal,1.911646,noise
8,3,86,signal,6.65,signal,1.560872,signal
9,3,15,signal,8.11,noise,1.740226,noise
12,2,3,signal,7.7,signal,2.18131,signal
10,3,3,noise,4.64,noise,3.793444,noise
8,3,87,noise,6.84,noise,1.708491,noise
9,3,16,noise,7.33,signal,1.525806,noise
10,3,4,noise,5.31,signal,1.223941,noise
12,2,4,noise,5.55,noise,2.464509,noise
8,3,88,signal,8.44,signal,1.601113,signal
9,3,17,noise,5.43,noise,1.416397,noise
10,3,5,noise,6.8,signal,1.328687,signal
10,3,6,noise,4.59,noise,1.110249,noise
12,2,5,signal,6.53,signal,1.678885,signal
9,3,18,noise,5.12,noise,1.558121,noise
8,3,89,noise,7.04,noise,1.808424,noise
10,3,7,noise,8.29,signal,1.617815,signal
12,2,6,signal,7.16,signal,1.537609,signal
9,3,19,noise,5.21,signal,1.739147,noise
12,2,7,noise,6.59,noise,1.657722,noise
9,3,20,noise,5.81,noise,1.468252,noise
10,3,8,noise,7.23,signal,1.930968,signal
8,3,90,noise,7.12,noise,3.321676,noise
11,2,1,noise,6.67,noise,3.362141,noise
10,3,9,noise,7.94,noise,1.059242,noise
9,3,21,noise,6.19,noise,1.61361,noise
12,2,8,signal,6.8,signal,1.889174,signal
8,3,91,noise,7.3,noise,2.216318,signal
9,3,22,noise,7.25,noise,1.447598,signal
12,2,9,signal,7.61,signal,1.51098,signal
11,2,2,noise,7.82,noise,2.903576,noise
8,3,92,signal,7.42,signal,1.641147,signal
10,3,10,noise,7.26,noise,3.4019,signal
13,1,1,noise,5.99,noise,6.973038,noise
14,1,1,signal,8.07,signal,8.324748,signal
11,2,3,noise,7.17,noise,1.321408,noise
12,2,10,signal,5.91,signal,1.660536,noise
9,3,23,noise,3.91,noise,2.688062,noise
8,3,93,signal,6.73,signal,1.756851,signal
10,3,11,noise,5.04,signal,2.000834,noise
9,3,24,noise,6.59,noise,1.787057,noise
14,1,2,noise,4.79,signal,3.245197,noise
8,3,94,noise,6.76,noise,1.954938,noise
13,1,2,signal,7.16,noise,3.945416,signal
9,3,25,noise,6.46,noise,1.507991,noise
8,3,95,signal,6.97,signal,1.656509,signal
11,2,4,noise,5.41,signal,6.022711,signal
9,3,26,noise,6.46,signal,1.829397,signal
14,1,3,signal,6.98,signal,2.750576,signal
13,1,3,noise,6.45,signal,2.511089,signal
12,3,1,noise,6.84,noise,4.991371,noise
8,3,96,noise,4.35,noise,1.900659,noise
10,3,12,noise,6.47,noise,6.103053,noise
11,2,5,noise,6.67,noise,2.138543,signal
12,3,2,signal,7.8,signal,1.513408,noise
9,3,27,signal,6.55,noise,2.44037,noise
14,1,4,signal,6.73,signal,2.457487,signal
8,3,97,noise,6.57,noise,1.39214,noise
13,1,4,signal,7.01,noise,2.357741,noise
9,3,28,noise,7.48,noise,1.525076,signal
11,2,6,signal,6.8,noise,1.952816,noise
8,3,98,noise,5.67,noise,1.543256,noise
14,1,5,signal,7.53,signal,2.153852,signal
12,3,3,signal,5.95,signal,3.091258,signal
13,1,5,signal,6.88,noise,2.660386,noise
11,2,7,noise,7.2,noise,1.66651,noise
9,3,29,signal,7.55,signal,1.912934,noise
8,3,99,signal,4.49,signal,1.733862,signal
10,3,13,noise,5.72,noise,5.202271,noise
14,1,6,noise,5.97,signal,1.729258,noise
11,2,8,noise,6.94,signal,2.065068,signal
12,3,4,signal,7.87,noise,2.578593,signal
8,3,100,signal,5.15,signal,1.557123,noise
13,1,6,noise,5.6,noise,2.981377,noise
14,1,7,signal,7.09,signal,1.852561,signal
9,3,30,noise,5.97,noise,3.468007,noise
11,2,9,noise,5.91,noise,1.690218,noise
12,3,5,signal,8.78,signal,2.048942,signal
13,1,7,noise,4.98,noise,1.985909,noise
9,3,31,noise,5.79,signal,1.445982,noise
10,3,14,noise,7.33,noise,4.664054,noise
14,1,8,noise,4.6,signal,2.934722,noise
11,2,10,signal,6.03,signal,2.403699,noise
10,3,15,noise,6.47,noise,0.893615,noise
9,3,32,noise,5.8,noise,1.496057,noise
12,3,6,signal,6.67,signal,2.612031,signal
13,1,8,signal,7.02,noise,2.347284,signal
14,1,9,signal,6.38,noise,1.673547,noise
10,3,16,noise,4.53,noise,1.080023,noise
9,3,33,noise,6.28,noise,1.694895,noise
12,3,7,noise,4.79,noise,1.501926,noise
10,3,17,noise,6.9,noise,1.023357,noise
13,1,9,noise,6.29,signal,2.013637,signal
14,1,10,noise,6.56,noise,2.496585,noise
9,3,34,noise,5.07,signal,1.642413,noise
12,3,8,noise,5.44,noise,2.427311,signal
11,3,1,signal,6.55,noise,2.505758,noise
9,3,35,noise,5.17,signal,1.610723,noise
13,1,10,noise,8.06,signal,2.618316,signal
12,3,9,signal,5.79,noise,1.664659,noise
11,3,2,signal,7.26,signal,1.298461,signal
9,3,36,noise,5.2,noise,2.061927,noise
11,3,3,noise,6.45,noise,1.337308,noise
12,3,10,signal,5.3,noise,2.711065,signal
10,3,18,noise,7.01,noise,7.133242,signal
9,3,37,noise,7.88,noise,1.820937,signal
10,3,19,noise,6.91,signal,1.406666,signal
9,3,38,noise,6.28,noise,2.041919,noise
10,3,20,noise,5.03,noise,1.142524,noise
12,3,11,noise,6.88,signal,3.037197,signal
11,3,4,signal,4.98,signal,5.615655,signal
9,3,39,signal,6.7,signal,2.263038,signal
12,3,12,noise,7.93,noise,2.420863,noise
11,3,5,signal,5.9,signal,1.324004,signal
9,3,40,noise,5.64,noise,1.827828,noise
11,3,6,signal,7.87,signal,1.307947,signal
9,3,41,noise,7.09,noise,2.104423,noise
12,3,13,signal,4.68,signal,3.383002,noise
11,3,7,signal,8.32,signal,1.741565,signal
13,2,1,signal,6.4,signal,3.49726,noise
12,3,14,signal,7.21,signal,1.558308,signal
9,3,42,noise,5.37,noise,2.186811,noise
13,2,2,signal,6.83,signal,2.591506,signal
11,3,8,noise,5.46,noise,4.015594,noise
12,3,15,noise,5.29,signal,2.635034,signal
9,3,43,signal,7.42,noise,2.48154,signal
13,2,3,noise,6.78,noise,2.122479,signal
11,3,9,noise,4.97,noise,1.868651,noise
9,3,44,noise,6.47,signal,1.779487,noise
14,2,1,noise,5.43,signal,5.524863,signal
12,3,16,noise,4.28,noise,3.757513,noise
10,3,21,signal,7.0,noise,14.446102,noise
9,3,45,noise,6.42,noise,1.786941,noise
11,3,10,noise,6.53,noise,2.108944,noise
13,2,4,noise,5.75,signal,3.094319,signal
9,3,46,noise,6.49,noise,1.612099,noise
12,3,17,signal,6.04,noise,2.086786,noise
14,2,2,signal,6.0,signal,2.815947,signal
10,3,22,signal,7.14,signal,2.313929,noise
13,2,5,noise,6.22,signal,2.271636,signal
11,3,11,signal,5.88,signal,3.421319,signal
12,3,18,signal,9.01,signal,1.861996,signal
14,2,3,noise,3.68,signal,1.624758,noise
9,3,47,noise,6.26,signal,2.870948,signal
11,3,12,signal,7.13,signal,1.827724,noise
10,3,23,signal,6.92,signal,3.516385,signal
13,2,6,noise,7.11,noise,3.636693,noise
9,3,48,noise,4.77,signal,1.695451,noise
14,2,4,noise,4.93,noise,2.63434,noise
11,3,13,signal,5.39,signal,1.338649,signal
10,3,24,signal,6.52,noise,1.266702,signal
9,3,49,noise,5.37,noise,1.670286,noise
10,3,25,signal,7.24,signal,1.034267,signal
11,3,14,signal,7.59,signal,1.614464,signal
13,2,7,signal,9.07,signal,2.32033,signal
14,2,5,noise,6.13,noise,1.930139,noise
10,3,26,signal,5.62,signal,1.326812,noise
9,3,50,noise,4.44,noise,2.049443,noise
14,2,6,noise,5.98,noise,1.722775,noise
11,3,15,noise,5.98,noise,1.989844,noise
12,3,19,signal,5.69,noise,7.089038,noise
13,2,8,noise,6.81,signal,2.641187,signal
9,3,51,noise,6.68,noise,1.773417,noise
14,2,7,noise,7.12,noise,1.672793,noise
10,3,27,signal,4.54,noise,3.607925,noise
12,3,20,noise,5.66,signal,2.33857,signal
11,3,16,signal,6.48,signal,2.479864,noise
13,2,9,noise,6.28,noise,2.534513,noise
14,2,8,noise,5.37,noise,1.50603,noise
9,3,52,signal,8.09,noise,2.205971,signal
10,3,28,signal,5.77,noise,1.057866,noise
10,3,29,signal,6.06,noise,1.053637,noise
11,3,17,noise,5.05,noise,2.189014,noise
14,2,9,noise,7.74,noise,1.602262,signal
9,3,53,noise,6.82,noise,1.929057,noise
13,2,10,noise,5.39,noise,2.46755,noise
12,3,21,noise,5.77,noise,4.239071,signal
11,3,18,signal,6.22,signal,2.257226,noise
9,3,54,noise,6.52,signal,1.89052,signal
14,2,10,signal,8.37,signal,2.725209,signal
12,3,22,signal,5.33,noise,1.565613,noise
11,3,19,signal,5.57,signal,1.569655,signal
9,3,55,noise,3.48,noise,1.65812,noise
10,3,30,noise,7.33,noise,4.402818,noise
10,3,31,noise,8.35,noise,0.915097,signal
9,3,56,noise,5.02,noise,1.8437,noise
11,3,20,noise,6.38,noise,2.193807,noise
12,3,23,noise,7.23,noise,3.596671,noise
10,3,32,noise,5.47,noise,1.820286,noise
9,3,57,noise,6.75,noise,2.425305,noise
10,3,33,noise,7.9,noise,1.623025,noise
14,3,1,signal,6.66,signal,2.469037,signal
11,3,21,signal,5.37,signal,3.266505,signal
12,3,24,signal,6.56,noise,3.049422,noise
10,3,34,noise,5.44,noise,1.300567,noise
9,3,58,signal,7.3,signal,1.76153,noise
14,3,2,signal,6.15,signal,2.078813,signal
11,3,22,noise,4.83,noise,1.917148,noise
10,3,35,noise,6.83,signal,1.578195,signal
12,3,25,signal,7.43,signal,1.677428,signal
9,3,59,noise,5.67,noise,1.927615,noise
11,3,23,noise,7.43,noise,1.360638,signal
14,3,3,noise,9.07,noise,2.080819,noise
12,3,26,noise,6.68,noise,1.51417,noise
10,3,36,noise,6.46,noise,1.649339,signal
9,3,60,noise,5.48,noise,1.677613,noise
11,3,24,noise,8.24,noise,1.472676,noise
10,3,37,noise,8.04,signal,1.214077,signal
12,3,27,signal,7.35,signal,1.605525,signal
14,3,4,noise,6.38,noise,2.09668,noise
9,3,61,noise,5.8,noise,1.791332,noise
11,3,25,signal,7.13,signal,1.675582,signal
10,3,38,noise,7.86,noise,1.687838,signal
12,3,28,noise,8.84,noise,1.578578,signal
13,3,1,noise,6.95,noise,2.44357,noise
9,3,62,noise,6.05,noise,1.664838,noise
11,3,26,noise,5.67,noise,1.50589,noise
14,3,5,noise,4.3,noise,2.327069,noise
10,3,39,noise,6.71,noise,1.642128,signal
9,3,63,noise,6.0,signal,1.494117,signal
12,3,29,signal,5.56,signal,2.431695,signal
10,3,40,signal,6.84,noise,0.956915,signal
11,3,27,signal,6.88,signal,1.613466,noise
14,3,6,signal,6.4,signal,1.355537,signal
13,3,2,noise,6.56,noise,2.745652,signal
10,3,41,signal,8.16,signal,1.197251,signal
12,3,30,signal,6.94,signal,1.577223,noise
9,3,64,signal,6.7,noise,2.045623,noise
14,3,7,noise,7.1,noise,1.724608,noise
11,3,28,noise,7.86,signal,2.33601,signal
14,3,8,signal,8.89,noise,1.210219,signal
10,3,42,signal,8.64,signal,2.07483,signal
9,3,65,noise,5.2,signal,1.895545,noise
12,3,31,signal,5.85,signal,2.199389,noise
11,3,29,signal,6.63,signal,1.58559,signal
13,3,3,signal,6.78,noise,3.86231,noise
14,3,9,noise,6.67,noise,1.080553,noise
10,3,43,noise,6.25,noise,0.978451,noise
9,3,66,noise,4.54,signal,1.743385,noise
11,3,30,noise,6.78,noise,1.745671,signal
12,3,32,signal,8.67,noise,2.235289,signal
10,3,44,signal,6.78,signal,1.544442,signal
14,3,10,signal,7.33,signal,2.080953,signal
13,3,4,signal,7.19,noise,2.367739,signal
9,3,67,noise,5.47,noise,1.704469,noise
10,3,45,signal,8.3,noise,0.959346,noise
11,3,31,signal,7.28,signal,2.117493,signal
14,3,11,noise,6.8,noise,1.560395,noise
13,3,5,noise,4.32,noise,2.210838,noise
12,3,33,noise,5.14,signal,3.198887,noise
9,3,68,signal,9.0,noise,2.260102,noise
14,3,12,signal,7.22,signal,1.505893,signal
9,3,69,noise,6.95,noise,1.568394,noise
12,3,34,signal,8.08,signal,1.859241,signal
14,3,13,signal,7.65,signal,1.653626,signal
11,3,32,signal,5.9,signal,3.586907,signal
13,3,6,signal,6.24,signal,2.963648,signal
9,3,70,noise,4.64,noise,1.601654,noise
11,3,33,signal,6.29,signal,1.296206,signal
14,3,14,signal,7.88,signal,1.401681,signal
12,3,35,signal,6.37,signal,2.200755,signal
11,3,34,signal,4.47,signal,1.230792,signal
9,3,71,noise,7.55,signal,1.782976,noise
14,3,15,signal,7.33,signal,1.459862,signal
13,3,7,noise,5.73,signal,2.467639,signal
17,1,1,signal,5.39,noise,11.687176,noise
12,3,36,noise,4.49,noise,2.013391,noise
10,3,46,noise,5.87,noise,8.327595,noise
14,3,16,signal,6.84,signal,1.22878,signal
9,3,72,noise,7.05,signal,1.600538,noise
11,3,35,noise,7.53,noise,1.820319,noise
14,3,17,signal,7.83,signal,1.07142,signal
13,3,8,noise,6.32,noise,2.514087,noise
17,1,2,noise,5.03,noise,2.377725,noise
9,3,73,noise,7.09,signal,1.566336,noise
11,3,36,noise,5.64,noise,1.561555,noise
12,3,37,signal,5.17,noise,2.982317,noise
10,3,47,signal,6.57,signal,3.038616,signal
11,3,37,noise,6.55,noise,1.339823,signal
9,3,74,noise,6.18,noise,1.657697,noise
10,3,48,signal,6.56,noise,1.013885,signal
13,3,9,noise,5.42,noise,2.441276,noise
12,3,38,signal,7.56,signal,1.644847,signal
11,3,38,noise,4.95,noise,1.258414,noise
10,3,49,signal,2.96,noise,0.989347,noise
9,3,75,signal,8.15,noise,1.852298,noise
12,3,39,signal,6.86,signal,2.207708,signal
13,3,10,signal,8.31,noise,2.556024,signal
9,3,76,noise,6.23,noise,1.676366,noise
17,1,3,noise,7.42,noise,5.711649,noise
11,3,39,signal,8.24,signal,3.524346,signal
12,3,40,signal,6.73,noise,2.104396,signal
9,3,77,noise,8.84,noise,1.453772,noise
13,3,11,noise,6.19,noise,2.218477,noise
17,1,4,signal,5.42,noise,1.699812,noise
17,1,5,noise,7.08,signal,1.387576,signal
9,3,78,noise,7.18,noise,1.961935,noise
13,3,12,signal,7.06,signal,3.014996,signal
12,3,41,noise,4.7,noise,3.668005,noise
11,3,40,noise,5.67,noise,4.348358,signal
9,3,79,noise,5.64,signal,1.91346,noise
10,3,50,noise,9.16,noise,8.095605,signal
10,3,51,noise,4.53,signal,1.303156,noise
9,3,80,noise,5.68,noise,1.465711,noise
13,3,13,signal,7.23,noise,2.227271,noise
12,3,42,signal,6.44,signal,2.703399,signal
11,3,41,signal,4.61,signal,2.583338,noise
10,3,52,noise,5.82,signal,1.032885,signal
9,3,81,noise,5.68,signal,1.412972,noise
11,3,42,signal,8.4,signal,1.248244,signal
9,3,82,noise,5.2,signal,1.640848,signal
13,3,14,noise,6.5,signal,3.083566,signal
12,3,43,signal,5.4,noise,3.691367,noise
9,3,83,noise,7.4,noise,1.608529,noise
13,3,15,signal,7.97,noise,2.262968,signal
12,3,44,signal,7.58,signal,1.601076,signal
11,3,43,signal,5.34,signal,4.471304,signal
9,3,84,noise,5.56,signal,1.926886,noise
13,3,16,noise,5.1,noise,2.152678,noise
9,3,85,noise,5.78,signal,1.461736,noise
12,3,45,signal,6.29,noise,3.181542,noise
11,3,44,signal,6.79,signal,3.600596,signal
9,3,86,noise,7.28,signal,2.491496,noise
13,3,17,signal,6.74,signal,2.84002,signal
12,3,46,noise,5.37,noise,1.782342,signal
10,3,53,signal,4.5,noise,10.773078,noise
11,3,45,signal,5.82,signal,1.495421,signal
9,3,87,noise,6.69,noise,1.679034,signal
12,3,47,signal,6.55,noise,2.063212,noise
11,3,46,signal,6.66,signal,1.612597,noise
13,3,18,noise,6.35,noise,2.475078,noise
10,3,54,noise,5.37,signal,2.312225,noise
9,3,88,noise,4.66,noise,1.528581,noise
11,3,47,signal,6.19,signal,1.34782,signal
12,3,48,signal,3.85,signal,2.11845,noise
10,3,55,noise,8.34,signal,1.740125,noise
13,3,19,signal,8.07,signal,2.341675,signal
9,3,89,noise,5.37,noise,1.829253,noise
12,3,49,signal,7.38,signal,1.563348,signal
10,3,56,signal,6.22,noise,0.941768,noise
9,3,90,noise,5.16,signal,1.38404,noise
13,3,20,noise,5.08,signal,2.184184,noise
11,3,48,signal,7.06,signal,3.703821,signal
10,3,57,signal,8.14,signal,1.982145,signal
9,3,91,signal,8.04,signal,2.210301,signal
11,3,49,noise,7.94,noise,1.734541,noise
9,3,92,noise,6.98,noise,1.51171,noise
12,3,50,noise,6.6,noise,4.79837,noise
13,3,21,noise,6.0,noise,3.366538,noise
9,3,93,noise,7.38,noise,1.633662,signal
12,3,51,signal,8.53,signal,2.287028,signal
13,3,22,noise,5.09,noise,2.183322,noise
9,3,94,noise,4.63,noise,1.626767,noise
13,3,23,noise,6.15,noise,2.201031,noise
9,3,95,noise,6.66,signal,2.229961,noise
9,3,96,noise,6.65,signal,1.326192,noise
13,3,24,signal,7.41,signal,1.943057,signal
12,3,52,noise,9.08,signal,5.071434,signal
9,3,97,noise,6.11,noise,1.638313,signal
13,3,25,noise,5.07,signal,2.097697,signal
17,1,6,noise,5.43,noise,36.252734,noise
9,3,98,noise,5.61,noise,1.696799,signal
12,3,53,noise,6.75,signal,2.825901,signal
11,3,50,noise,7.41,noise,13.433121,signal
12,3,54,noise,4.15,noise,1.630266,noise
9,3,99,signal,7.29,noise,2.083145,noise
13,3,26,noise,4.62,noise,3.811861,noise
17,1,7,noise,4.15,noise,4.825094,noise
12,3,55,signal,6.48,noise,3.135875,noise
11,3,51,noise,4.79,noise,3.442597,signal
13,3,27,noise,5.32,signal,2.890661,noise
11,3,52,noise,6.67,noise,3.348949,signal
17,1,8,signal,6.95,noise,5.352239,noise
13,3,28,noise,4.41,signal,2.796741,noise
11,3,53,noise,8.34,noise,1.423037,noise
10,3,58,noise,7.87,noise,25.174041,signal
11,3,54,signal,6.51,signal,1.786584,signal
13,3,29,signal,7.1,signal,2.472909,signal
10,3,59,noise,6.63,noise,0.974534,signal
11,3,55,signal,6.57,signal,1.820791,signal
10,3,60,noise,7.22,noise,1.063112,signal
12,3,56,signal,6.29,signal,9.218619,noise
13,3,30,signal,6.08,noise,2.442636,signal
10,3,61,noise,5.75,signal,1.017586,signal
9,3,100,noise,6.79,noise,9.167135,noise
12,3,57,noise,6.54,signal,1.227073,signal
10,3,62,noise,4.96,signal,0.95811,noise
17,1,9,noise,6.01,noise,6.911237,noise
12,3,58,noise,4.48,noise,1.722675,noise
10,3,63,noise,7.57,signal,1.019279,signal
13,3,31,signal,7.41,signal,2.229291,signal
17,1,10,noise,4.99,noise,0.929095,noise
10,3,64,signal,6.91,signal,1.351696,signal
11,3,56,noise,5.26,noise,5.227054,noise
13,3,32,signal,8.14,signal,1.980321,signal
12,3,59,noise,6.81,noise,3.153995,noise
11,3,57,noise,5.7,noise,1.442172,noise
10,3,65,signal,5.87,signal,1.808548,signal
16,1,1,signal,5.72,signal,17.289974,signal
13,3,33,noise,5.25,noise,2.282717,noise
12,3,60,noise,4.2,noise,1.732902,noise
10,3,66,signal,5.64,noise,1.657268,noise
11,3,58,signal,7.39,signal,1.869717,signal
10,3,67,signal,6.55,noise,0.946294,noise
12,3,61,signal,7.27,noise,1.705426,noise
10,3,68,signal,5.55,signal,1.004036,noise
13,3,34,noise,4.97,noise,2.545413,noise
12,3,62,noise,6.56,noise,1.851448,noise
13,3,35,signal,8.12,signal,2.114415,signal
10,3,69,signal,7.29,noise,3.110736,noise
12,3,63,noise,6.23,noise,1.839187,signal
11,3,59,noise,5.58,noise,5.548634,noise
13,3,36,noise,4.93,signal,2.165553,signal
11,3,60,signal,5.84,noise,1.401098,noise
10,3,70,signal,5.37,signal,1.609383,noise
12,3,64,signal,8.47,signal,2.511577,signal
10,3,71,signal,5.63,signal,0.959693,signal
13,3,37,signal,7.45,signal,1.972326,signal
10,3,72,signal,6.24,signal,1.035183,signal
17,2,1,noise,6.62,noise,8.101895,noise
11,3,61,signal,6.38,signal,3.100637,signal
16,1,2,signal,7.64,signal,11.537914,signal
10,3,73,signal,6.41,signal,0.972269,noise
13,3,38,signal,7.38,signal,2.100319,signal
12,3,65,signal,6.9,signal,3.62815,signal
10,3,74,signal,7.81,signal,1.036277,signal
16,1,3,signal,4.29,noise,2.105939,noise
11,3,62,signal,7.06,signal,2.521511,signal
10,3,75,signal,7.78,noise,0.944906,signal
12,3,66,noise,6.02,noise,2.30057,noise
13,3,39,signal,6.63,signal,2.670768,noise
10,3,76,signal,8.32,signal,1.080322,signal
16,1,4,signal,8.75,signal,1.874327,noise
11,3,63,noise,5.79,noise,1.990252,noise
15,1,1,noise,6.22,noise,26.073095,noise
10,3,77,signal,4.77,noise,1.134529,noise
12,3,67,noise,5.09,noise,2.345724,noise
16,1,5,signal,8.07,noise,2.025039,noise
13,3,40,noise,7.32,noise,2.733041,noise
11,3,64,signal,6.22,signal,2.17222,signal
10,3,78,signal,8.12,signal,1.859294,signal
10,3,79,signal,5.85,noise,0.961296,signal
10,3,80,signal,8.02,signal,0.903747,signal
17,2,2,noise,5.44,noise,9.412517,noise
13,3,41,noise,7.0,noise,2.532828,signal
12,3,68,signal,6.78,signal,3.325236,signal
10,3,81,signal,7.63,noise,1.745771,noise
11,3,65,noise,6.74,noise,4.729783,noise
15,1,2,noise,5.62,noise,7.005999,noise
16,1,6,noise,7.68,noise,5.85834,noise
13,3,42,noise,4.87,signal,2.735736,noise
10,3,82,signal,5.22,noise,1.862258,noise
13,3,43,signal,6.55,noise,2.057738,noise
12,3,69,signal,6.93,signal,5.516778,signal
17,2,3,noise,7.67,signal,6.564353,signal
10,3,83,signal,8.14,signal,2.93441,signal
11,3,66,noise,6.56,noise,4.153226,noise
13,3,44,noise,6.56,noise,2.208961,noise
10,3,84,signal,6.59,noise,1.017485,noise
17,2,4,signal,7.62,noise,1.310698,noise
12,3,70,signal,6.88,signal,2.467701,signal
10,3,85,signal,4.91,noise,0.8787,noise
15,1,3,noise,8.11,signal,6.002679,signal
12,3,71,signal,7.34,signal,1.71066,signal
10,3,86,signal,6.58,noise,1.19617,noise
13,3,45,signal,6.36,signal,2.630957,signal
11,3,67,noise,6.16,noise,4.221749,noise
17,2,5,signal,5.26,signal,3.356873,noise
10,3,87,signal,6.33,signal,1.708118,signal
17,2,6,noise,6.42,signal,0.94162,signal
12,3,72,signal,8.59,noise,2.256069,signal
13,3,46,noise,5.76,noise,2.125513,noise
11,3,68,noise,5.81,noise,1.806226,noise
15,1,4,signal,7.53,signal,4.145705,signal
10,3,88,signal,6.02,noise,1.151215,noise
17,2,7,noise,5.34,noise,1.102658,noise
11,3,69,noise,6.65,noise,1.292368,noise
10,3,89,signal,7.23,signal,0.968585,signal
16,1,7,noise,7.72,noise,11.886863,noise
13,3,47,noise,5.36,noise,2.562166,noise
12,3,73,noise,7.22,noise,2.981509,noise
10,3,90,signal,3.72,noise,1.311814,noise
16,1,8,noise,6.43,signal,1.088194,signal
17,2,8,signal,6.94,signal,2.216926,signal
10,3,91,signal,4.86,noise,0.951264,noise
15,1,5,noise,6.09,noise,3.762458,noise
17,2,9,noise,6.55,signal,1.026113,noise
16,1,9,noise,6.97,signal,1.128527,noise
12,3,74,noise,5.2,noise,2.191183,noise
17,2,10,noise,5.54,noise,1.069562,noise
13,3,48,noise,6.92,signal,2.878547,noise
16,1,10,noise,5.58,noise,1.237203,noise
10,3,92,signal,6.5,signal,1.796946,noise
11,3,70,noise,6.07,noise,4.561051,noise
10,3,93,signal,8.35,signal,0.981403,signal
11,3,71,noise,5.04,noise,1.670497,noise
12,3,75,noise,6.1,noise,2.859055,noise
10,3,94,signal,3.84,signal,0.98299,noise
13,3,49,noise,4.56,signal,2.337,noise
15,1,6,noise,6.69,noise,4.199181,noise
10,3,95,signal,7.56,signal,1.715554,signal
13,3,50,noise,5.19,signal,2.369947,signal
10,3,96,signal,3.77,noise,0.94444,noise
17,3,1,signal,5.61,noise,3.502923,noise
12,3,76,noise,6.2,signal,3.178624,signal
10,3,97,signal,8.85,signal,0.987474,signal
17,3,2,noise,7.75,signal,1.347037,noise
15,1,7,signal,7.37,signal,4.294478,signal
12,3,77,signal,6.81,noise,1.647685,noise
10,3,98,signal,5.31,noise,1.033803,signal
17,3,3,signal,6.47,noise,1.233871,noise
13,3,51,noise,5.87,signal,3.353096,signal
11,3,72,signal,7.12,signal,6.332331,signal
10,3,99,signal,6.58,signal,1.179923,signal
15,1,8,signal,8.56,signal,2.729191,signal
17,3,4,signal,7.43,signal,1.48353,signal
13,3,52,noise,4.99,noise,2.027953,noise
12,3,78,noise,5.83,noise,3.470204,noise
17,3,5,noise,5.15,noise,1.48499,noise
11,3,73,noise,5.5,noise,2.698969,noise
10,3,100,noise,6.05,signal,2.84116,noise
15,1,9,noise,5.62,noise,2.525224,noise
12,3,79,signal,8.14,signal,1.528447,signal
18,1,1,noise,5.3,noise,16.475279,noise
17,3,6,signal,5.76,noise,1.54831,noise
11,3,74,noise,5.4,noise,2.047625,noise
13,3,53,noise,6.34,signal,3.234936,signal
17,3,7,noise,4.82,noise,1.480539,noise
12,3,80,noise,5.55,noise,2.105455,noise
15,1,10,noise,5.2,signal,2.323115,noise
17,3,8,noise,5.03,noise,0.938755,noise
18,1,2,signal,5.75,noise,3.211093,noise
13,3,54,noise,6.02,signal,2.037365,noise
11,3,75,noise,5.35,noise,2.774442,noise
12,3,81,noise,4.73,noise,1.79241,noise
11,3,76,noise,4.94,noise,1.344112,noise
18,1,3,noise,6.24,signal,2.009124,noise
11,3,77,noise,7.6,noise,1.319934,signal
17,3,9,noise,5.69,noise,3.700582,noise
12,3,82,signal,6.69,noise,2.758999,noise
13,3,55,noise,6.25,noise,3.38385,noise
18,1,4,noise,4.86,noise,1.614269,noise
17,3,10,noise,6.59,signal,0.92902,signal
11,3,78,signal,8.66,signal,1.963657,noise
12,3,83,noise,6.16,signal,1.949561,signal
17,3,11,noise,7.04,signal,1.033872,signal
18,1,5,signal,6.07,signal,1.902377,signal
13,3,56,noise,5.04,noise,2.196528,noise
11,3,79,noise,4.85,noise,1.710637,noise
18,1,6,signal,7.69,signal,1.852048,signal
13,3,57,noise,5.92,noise,2.057172,noise
12,3,84,noise,5.01,noise,3.370746,noise
17,3,12,noise,7.92,noise,3.379421,noise
18,1,7,noise,5.54,noise,1.769944,noise
17,3,13,noise,5.6,noise,0.923427,noise
11,3,80,noise,5.23,noise,3.599893,noise
12,3,85,signal,7.2,noise,1.900139,noise
13,3,58,noise,5.84,noise,2.548766,signal
18,1,8,signal,7.03,signal,1.711687,signal
12,3,86,signal,7.22,signal,1.987625,signal
11,3,81,noise,5.97,noise,2.08881,noise
13,3,59,signal,7.67,signal,2.243881,signal
18,1,9,signal,7.5,signal,2.243707,signal
17,3,14,noise,5.99,noise,3.878069,noise
17,3,15,noise,3.21,noise,0.993941,noise
18,1,10,noise,5.74,signal,1.595832,noise
12,3,87,noise,6.39,noise,2.584058,noise
17,3,16,noise,6.74,noise,1.083479,noise
13,3,60,noise,6.22,noise,3.023656,noise
11,3,82,signal,6.77,signal,4.000061,signal
17,3,17,noise,5.88,noise,0.983911,noise
12,3,88,noise,6.05,noise,1.997273,noise
17,3,18,noise,6.8,signal,0.933473,signal
13,3,61,signal,7.6,noise,2.131666,noise
12,3,89,signal,7.64,signal,1.758638,signal
17,3,19,noise,7.35,noise,1.413311,noise
17,3,20,noise,4.85,noise,1.130238,noise
13,3,62,noise,6.58,signal,2.257895,signal
12,3,90,noise,6.42,signal,1.897078,signal
17,3,21,noise,4.03,noise,0.987023,noise
11,3,83,signal,8.12,signal,5.255974,signal
17,3,22,noise,5.66,noise,0.909661,noise
12,3,91,signal,6.42,signal,1.76239,noise
18,2,1,signal,7.88,signal,5.107006,signal
17,3,23,noise,5.85,noise,0.963381,noise
11,3,84,signal,5.26,signal,2.317828,noise
17,3,24,noise,6.6,noise,0.93067,noise
12,3,92,noise,6.8,signal,2.487523,signal
13,3,63,signal,6.76,signal,4.821842,noise
11,3,85,signal,5.77,signal,1.232811,signal
17,3,25,noise,6.14,noise,1.021811,noise
18,2,2,noise,6.93,noise,2.980107,noise
17,3,26,noise,8.27,noise,1.087864,noise
11,3,86,noise,7.13,noise,1.904216,noise
12,3,93,signal,7.33,signal,2.432137,signal
17,3,27,noise,9.66,signal,1.103261,signal
18,2,3,noise,5.2,noise,1.736931,noise
12,3,94,signal,8.91,signal,2.389713,signal
18,2,4,noise,6.46,noise,2.069916,noise
12,3,95,signal,6.43,signal,2.213927,noise
18,2,5,noise,5.26,signal,2.279338,signal
11,3,87,noise,6.26,noise,6.139312,noise
12,3,96,signal,6.71,signal,1.705704,noise
17,3,28,noise,5.5,signal,7.776908,noise
11,3,88,noise,7.62,noise,2.300233,signal
13,3,64,signal,7.52,signal,10.695295,signal
12,3,97,signal,6.85,noise,1.822428,noise
11,3,89,noise,5.6,noise,1.270945,noise
17,3,29,noise,5.5,noise,1.518565,noise
12,3,98,signal,7.66,signal,1.680068,signal
18,2,6,noise,3.83,noise,5.11946,noise
13,3,65,noise,6.92,noise,2.148392,noise
11,3,90,signal,7.43,noise,1.336654,noise
15,2,1,noise,6.67,noise,3.87028,signal
17,3,30,noise,7.06,signal,1.600922,signal
18,2,7,noise,4.91,noise,1.481522,noise
17,3,31,noise,6.51,noise,0.885875,noise
12,3,99,signal,7.36,noise,2.262284,signal
13,3,66,signal,9.01,signal,2.019119,signal
17,3,32,noise,4.32,noise,0.883587,noise
15,2,2,signal,4.72,signal,2.601798,noise
18,2,8,signal,4.88,signal,1.720212,noise
12,3,100,noise,2.57,noise,1.643042,noise
13,3,67,signal,7.88,noise,1.944364,signal
18,2,9,noise,8.04,noise,1.019207,signal
15,2,3,noise,6.34,signal,1.68129,signal
11,3,91,signal,6.62,signal,4.763986,signal
18,2,10,noise,5.45,noise,1.81061,noise
13,3,68,signal,8.45,signal,2.400379,signal
15,2,4,noise,7.72,signal,1.733913,signal
17,3,33,noise,4.97,noise,4.663408,noise
11,3,92,signal,5.82,signal,2.376045,signal
15,2,5,signal,7.86,signal,2.125444,signal
17,3,34,noise,6.66,noise,1.838549,noise
13,3,69,signal,6.99,signal,2.559304,noise
11,3,93,noise,6.5,noise,2.54545,noise
18,3,1,noise,5.98,signal,2.418485,signal
15,2,6,signal,7.49,signal,1.707531,signal
17,3,35,noise,5.78,noise,1.530361,noise
13,3,70,noise,6.56,signal,2.705114,signal
18,3,2,noise,4.21,noise,1.89463,noise
11,3,94,signal,5.96,signal,2.562986,signal
15,2,7,noise,4.02,noise,2.224507,noise
17,3,36,noise,7.92,noise,3.242509,noise
18,3,3,signal,6.14,signal,1.687807,signal
11,3,95,signal,7.86,signal,1.946718,signal
13,3,71,noise,5.56,noise,3.171967,noise
18,3,4,signal,8.4,signal,1.982254,signal
15,2,8,noise,4.98,noise,3.411592,noise
11,3,96,signal,8.08,signal,2.711202,signal
17,3,37,signal,5.19,signal,3.797045,noise
13,3,72,signal,7.11,noise,2.419875,signal
18,3,5,noise,4.95,noise,1.681718,noise
15,2,9,noise,5.11,noise,2.291761,noise
17,3,38,signal,5.51,noise,0.921691,noise
11,3,97,signal,7.42,signal,1.571031,signal
17,3,39,signal,5.19,noise,1.065115,noise
18,3,6,noise,5.26,noise,1.825681,noise
13,3,73,signal,6.72,signal,2.85828,signal
15,2,10,signal,7.59,signal,2.297968,noise
18,3,7,noise,5.93,noise,1.658096,noise
13,3,74,signal,7.29,signal,1.953865,signal
18,3,8,noise,5.88,noise,1.558633,noise
17,3,40,noise,7.14,noise,3.679244,noise
11,3,98,noise,5.89,noise,4.916129,noise
13,3,75,noise,5.93,noise,2.22039,signal
18,3,9,noise,6.89,noise,1.980238,noise
11,3,99,signal,6.8,signal,1.997221,noise
18,3,10,noise,7.09,noise,1.504219,noise
13,3,76,signal,7.51,noise,2.850359,signal
11,3,100,noise,5.05,noise,2.665366,signal
18,3,11,noise,6.31,noise,1.784436,noise
13,3,77,signal,7.61,noise,1.949421,signal
18,3,12,signal,5.45,signal,1.631812,signal
18,3,13,noise,5.19,noise,1.658288,noise
13,3,78,signal,5.63,signal,3.042386,signal
18,3,14,signal,7.46,signal,1.946137,signal
13,3,79,signal,6.3,signal,2.428782,noise
17,3,41,noise,4.66,signal,13.008693,noise
18,3,15,noise,5.78,noise,1.909162,noise
17,3,42,noise,8.31,signal,1.305192,signal
18,3,16,noise,5.49,noise,1.428941,noise
13,3,80,signal,6.66,signal,2.594295,noise
17,3,43,noise,5.33,noise,1.170893,noise
17,3,44,noise,5.65,noise,1.009343,noise
15,3,1,noise,6.11,signal,3.119391,signal
13,3,81,noise,6.26,noise,2.482545,noise
18,3,17,signal,8.26,signal,4.762877,signal
15,3,2,noise,8.33,noise,3.372648,signal
13,3,82,signal,8.24,noise,2.466516,signal
18,3,18,noise,6.71,noise,2.007895,noise
13,3,83,noise,4.58,noise,2.15195,noise
18,3,19,signal,7.38,signal,1.60029,signal
15,3,3,noise,5.49,noise,2.972244,noise
13,3,84,signal,7.25,noise,2.08251,noise
18,3,20,noise,5.95,noise,1.84551,noise
15,3,4,noise,4.85,noise,2.180881,noise
18,3,21,noise,6.03,noise,1.949368,noise
15,3,5,signal,7.46,noise,2.2637,signal
13,3,85,signal,6.13,noise,3.0647,noise
18,3,22,noise,5.42,noise,1.447773,noise
15,3,6,signal,8.45,signal,2.080282,signal
18,3,23,noise,5.23,noise,1.726616,noise
13,3,86,signal,8.34,signal,2.547651,signal
18,3,24,noise,5.78,noise,1.242695,noise
15,3,7,signal,7.93,signal,2.386872,signal
13,3,87,noise,6.27,signal,2.304086,signal
18,3,25,noise,5.64,noise,1.150883,noise
18,3,26,noise,7.73,noise,1.665181,noise
15,3,8,noise,5.96,signal,2.461744,noise
13,3,88,signal,6.72,noise,2.733846,signal
15,3,9,signal,8.06,signal,2.007369,signal
13,3,89,signal,7.3,noise,1.974324,noise
18,3,27,signal,5.88,signal,3.840839,noise
15,3,10,noise,5.71,noise,1.837043,signal
17,3,45,noise,5.16,noise,25.03069,noise
13,3,90,signal,8.63,signal,2.493956,noise
18,3,28,noise,4.68,noise,1.967003,noise
15,3,11,noise,4.66,noise,2.52514,signal
18,3,29,noise,6.06,noise,1.614075,noise
13,3,91,signal,7.27,signal,2.71545,signal
15,3,12,signal,6.06,noise,1.958205,noise
13,3,92,signal,7.28,signal,2.014894,noise
15,3,13,signal,7.97,signal,2.117865,signal
18,3,30,signal,5.02,signal,3.922054,noise
15,3,14,noise,4.49,signal,2.239779,noise
13,3,93,noise,5.55,signal,2.541973,noise
18,3,31,signal,8.55,signal,2.219989,signal
15,3,15,noise,4.96,noise,2.22981,noise
13,3,94,signal,7.54,signal,2.128152,signal
18,3,32,noise,6.69,noise,1.746631,noise
15,3,16,signal,5.84,noise,2.361219,noise
13,3,95,noise,6.14,signal,2.170736,signal
15,3,17,signal,6.96,signal,2.148956,signal
18,3,33,noise,6.16,noise,4.461627,noise
13,3,96,noise,5.96,noise,2.503682,noise
15,3,18,noise,5.42,noise,1.838482,noise
18,3,34,signal,6.19,signal,1.918787,signal
13,3,97,noise,5.65,noise,2.150335,noise
15,3,19,signal,6.24,signal,1.856195,signal
18,3,35,noise,6.11,noise,1.542031,noise
13,3,98,noise,5.43,noise,1.996268,noise
15,3,20,noise,5.73,signal,1.683885,signal
18,3,36,noise,4.55,noise,2.302758,noise
13,3,99,noise,4.92,signal,3.185799,signal
18,3,37,noise,6.29,noise,1.533019,noise
15,3,21,signal,8.13,signal,2.902754,noise
18,3,38,signal,8.31,signal,1.81947,signal
15,3,22,signal,6.64,noise,1.780168,noise
13,3,100,noise,7.61,noise,3.309786,signal
18,3,39,signal,6.29,noise,1.512004,noise
15,3,23,noise,5.88,signal,1.620139,noise
15,3,24,noise,5.5,noise,1.820578,signal
18,3,40,noise,6.62,noise,2.15838,noise
18,3,41,noise,5.19,noise,1.404117,noise
15,3,25,signal,8.58,signal,1.855874,signal
18,3,42,noise,4.99,noise,1.348991,noise
18,3,43,noise,5.4,noise,0.978237,noise
18,3,44,noise,3.62,noise,1.182912,noise
15,3,26,noise,6.78,signal,4.702671,signal
18,3,45,noise,6.74,signal,0.962807,signal
18,3,46,signal,7.87,signal,1.784575,signal
15,3,27,signal,6.41,signal,2.360758,noise
18,3,47,signal,9.57,signal,1.496792,signal
15,3,28,signal,7.67,signal,2.35992,noise
18,3,48,signal,7.57,signal,1.06534,signal
18,3,49,noise,6.19,noise,1.527544,noise
15,3,29,noise,6.64,noise,1.848866,noise
18,3,50,noise,4.85,noise,1.235053,noise
15,3,30,noise,3.96,noise,2.087892,noise
18,3,51,noise,5.53,noise,0.846846,noise
18,3,52,noise,5.93,noise,0.870232,noise
15,3,31,signal,8.28,noise,1.77461,signal
18,3,53,noise,3.61,noise,0.934007,noise
18,3,54,noise,5.84,noise,1.720012,noise
15,3,32,noise,4.96,signal,2.164484,noise
18,3,55,noise,5.03,noise,1.463713,noise
15,3,33,signal,8.34,noise,2.146757,signal
18,3,56,signal,7.48,signal,1.675894,signal
15,3,34,signal,8.13,signal,2.221091,signal
18,3,57,signal,5.49,noise,1.129009,noise
18,3,58,noise,7.53,signal,0.923418,signal
15,3,35,noise,6.62,signal,1.843448,signal
18,3,59,noise,6.65,noise,1.616654,noise
15,3,36,signal,6.82,noise,2.434407,noise
18,3,60,noise,4.13,noise,2.012719,noise
15,3,37,noise,6.7,signal,2.112599,noise
18,3,61,signal,8.72,signal,1.602468,signal
18,3,62,signal,5.35,signal,1.717186,noise
15,3,38,noise,6.02,signal,2.923438,noise
18,3,63,noise,5.89,noise,1.400694,noise
18,3,64,signal,5.65,signal,1.841047,noise
15,3,39,signal,6.29,signal,2.630838,signal
18,3,65,noise,8.27,noise,1.518219,signal
15,3,40,signal,7.17,signal,2.204622,signal
18,3,66,signal,7.91,signal,1.677381,signal
15,3,41,noise,6.6,signal,1.854038,noise
18,3,67,signal,6.98,signal,2.10173,signal
15,3,42,signal,7.42,noise,1.924738,signal
18,3,68,signal,7.44,signal,1.430396,signal
15,3,43,signal,6.6,noise,2.17266,signal
18,3,69,noise,6.51,noise,1.450144,noise
18,3,70,noise,5.36,noise,1.39018,noise
15,3,44,signal,7.27,noise,2.206637,signal
18,3,71,noise,6.44,noise,1.416622,noise
15,3,45,signal,7.55,signal,2.224465,signal
18,3,72,signal,8.03,signal,1.551289,signal
18,3,73,noise,6.75,noise,1.835708,noise
15,3,46,noise,6.61,signal,2.623814,signal
15,3,47,signal,6.72,signal,1.581563,signal
18,3,74,noise,4.67,noise,1.69466,noise
18,3,75,signal,7.07,signal,1.456501,signal
18,3,76,noise,5.67,noise,1.420726,signal
15,3,48,noise,7.36,noise,3.567898,signal
18,3,77,noise,5.16,noise,1.454915,noise
15,3,49,signal,6.12,signal,2.749986,noise
18,3,78,signal,8.05,signal,1.556612,signal
18,3,79,signal,9.15,signal,1.6252,signal
15,3,50,signal,9.72,signal,2.700199,signal
18,3,80,signal,7.08,signal,1.588776,signal
15,3,51,signal,6.04,signal,2.005481,noise
18,3,81,signal,5.96,signal,1.482224,noise
15,3,52,noise,5.84,noise,1.787661,noise
18,3,82,signal,7.33,noise,1.205013,noise
18,3,83,noise,6.64,noise,1.10388,signal
15,3,53,signal,6.88,noise,2.403922,signal
18,3,84,noise,4.8,noise,1.358579,noise
18,3,85,noise,8.23,noise,1.331726,signal
15,3,54,noise,5.46,signal,2.224081,noise
18,3,86,signal,7.25,signal,1.606285,signal
15,3,55,noise,5.66,noise,2.708846,noise
18,3,87,noise,6.23,noise,1.514221,signal
18,3,88,noise,4.65,noise,1.507305,noise
15,3,56,signal,7.43,signal,2.375119,signal
18,3,89,noise,6.74,noise,1.873882,noise
15,3,57,noise,4.84,noise,2.166523,noise
18,3,90,noise,3.98,noise,1.833567,noise
15,3,58,signal,6.46,signal,2.089025,signal
18,3,91,signal,6.39,signal,1.556726,signal
18,3,92,noise,6.47,noise,1.469883,noise
15,3,59,signal,6.29,noise,2.242148,noise
19,1,1,noise,3.84,noise,8.095781,noise
18,3,93,signal,6.9,signal,1.568457,signal
15,3,60,signal,6.85,signal,2.385373,signal
18,3,94,noise,5.25,noise,1.478412,noise
15,3,61,noise,5.85,noise,1.697459,noise
18,3,95,noise,6.59,noise,1.877593,noise
18,3,96,noise,6.07,noise,1.658206,noise
15,3,62,signal,7.42,noise,2.682493,signal
18,3,97,noise,5.0,noise,1.390115,noise
15,3,63,noise,5.23,noise,2.015588,noise
18,3,98,signal,7.3,signal,1.629124,signal
15,3,64,signal,6.34,noise,1.822138,signal
19,1,2,signal,6.53,noise,10.69184,noise
18,3,99,signal,7.06,signal,1.642777,signal
15,3,65,signal,7.29,noise,2.248932,noise
18,3,100,noise,6.7,noise,1.465642,noise
15,3,66,noise,6.19,noise,1.648537,noise
19,1,3,signal,7.99,signal,5.037512,signal
15,3,67,noise,5.32,signal,2.174981,noise
15,3,68,noise,5.78,signal,2.850932,signal
19,1,4,noise,4.5,noise,4.925335,noise
15,3,69,signal,5.8,signal,2.795732,noise
19,1,5,noise,5.67,signal,3.078575,signal
15,3,70,noise,5.45,noise,2.50786,noise
19,1,6,noise,5.86,signal,2.780104,noise
15,3,71,signal,6.74,signal,3.409497,signal
15,3,72,signal,7.19,noise,2.469889,signal
15,3,73,signal,5.13,noise,2.149611,noise
15,3,74,noise,6.11,noise,1.710773,noise
19,1,7,noise,6.69,signal,8.930895,signal
15,3,75,signal,7.25,noise,2.20406,signal
15,3,76,noise,6.46,noise,1.712389,signal
19,1,8,signal,7.13,signal,5.009643,signal
15,3,77,signal,9.03,signal,2.926856,signal
15,3,78,signal,6.58,noise,2.225789,signal
15,3,79,signal,7.21,noise,2.063371,noise
15,3,80,noise,6.28,noise,1.887791,signal
15,3,81,signal,6.79,signal,2.445467,signal
19,1,9,signal,6.6,signal,9.74827,signal
15,3,82,signal,5.66,signal,1.946129,noise
15,3,83,noise,5.88,noise,2.002366,noise
19,1,10,noise,6.2,noise,4.052641,signal
15,3,84,signal,7.17,noise,2.412802,signal
20,1,1,noise,9.05,noise,12.10004,signal
15,3,85,signal,6.6,signal,4.009607,signal
15,3,86,signal,7.85,noise,2.204612,signal
20,1,2,noise,6.28,signal,4.022476,signal
15,3,87,noise,4.24,signal,2.202768,noise
20,1,3,noise,5.19,noise,2.545508,noise
15,3,88,signal,6.09,noise,2.637472,noise
20,1,4,signal,4.91,noise,3.95829,noise
15,3,89,noise,6.07,signal,3.511882,signal
15,3,90,signal,7.58,signal,2.462656,signal
15,3,91,signal,6.28,signal,1.995222,noise
15,3,92,noise,5.42,signal,1.712871,noise
20,1,5,signal,4.81,noise,7.06311,noise
15,3,93,noise,5.74,noise,1.965337,noise
15,3,94,noise,4.83,noise,2.112447,noise
20,1,6,noise,6.0,noise,4.21223,noise
15,3,95,signal,6.29,noise,2.167643,noise
20,1,7,noise,7.2,signal,1.968832,signal
15,3,96,signal,7.35,noise,2.156851,signal
20,1,8,noise,5.01,noise,2.130011,noise
20,1,9,noise,7.71,noise,1.590148,signal
15,3,97,signal,7.28,signal,2.171309,noise
20,1,10,noise,5.84,noise,1.315398,noise
15,3,98,signal,6.74,signal,3.280181,signal
15,3,99,noise,6.25,noise,2.319128,noise
15,3,100,noise,5.84,signal,2.171449,noise
19,2,1,noise,4.97,signal,4.027704,noise
19,2,2,signal,7.72,noise,4.488362,signal
19,2,3,noise,5.24,signal,4.677086,noise
19,2,4,signal,6.49,noise,6.022925,noise
19,2,5,noise,5.14,noise,30.29527,noise
19,2,6,noise,5.72,signal,5.681313,noise
19,2,7,signal,5.61,signal,3.851787,noise
19,2,8,signal,6.45,signal,4.277878,noise
14,3,18,noise,7.42,noise,570.61742,signal
19,2,9,noise,4.79,signal,6.738143,signal
14,3,19,signal,6.71,signal,1.698721,signal
14,3,20,signal,6.5,signal,2.707627,noise
14,3,21,signal,6.83,signal,2.276449,signal
14,3,22,noise,5.46,noise,1.430088,signal
14,3,23,noise,6.31,noise,1.394222,noise
14,3,24,noise,8.34,noise,1.4505,signal
14,3,25,noise,6.18,noise,1.349038,signal
19,2,10,signal,8.78,signal,12.147971,signal
14,3,26,noise,5.64,noise,1.664128,noise
14,3,27,signal,9.52,signal,1.594591,signal
14,3,28,noise,6.2,noise,1.424699,noise
14,3,29,noise,8.89,noise,1.435565,signal
14,3,30,noise,7.41,noise,1.392691,noise
14,3,31,signal,5.85,signal,1.400256,signal
14,3,32,noise,6.39,noise,1.35547,noise
14,3,33,signal,7.31,signal,1.487653,signal
14,3,34,noise,5.37,noise,1.420527,noise
14,3,35,signal,7.35,signal,1.39832,signal
14,3,36,signal,5.15,noise,1.17798,signal
14,3,37,noise,6.39,noise,1.57775,noise
14,3,38,signal,7.59,signal,2.095879,signal
14,3,39,noise,6.09,noise,1.749029,noise
14,3,40,noise,5.5,noise,2.673587,noise
14,3,41,noise,4.91,noise,1.515978,noise
14,3,42,noise,6.54,noise,1.377367,noise
14,3,43,signal,6.68,signal,1.497707,signal
14,3,44,signal,7.41,signal,1.561089,signal
19,3,1,noise,5.13,signal,13.314608,noise
14,3,45,signal,5.06,signal,1.759039,noise
19,3,2,signal,6.18,noise,2.887649,noise
14,3,46,signal,2.9,signal,2.145367,noise
19,3,3,signal,8.07,noise,2.232586,noise
14,3,47,signal,6.91,signal,1.710764,noise
14,3,48,noise,5.36,noise,1.608013,noise
14,3,49,signal,7.73,signal,1.358031,signal
19,3,4,signal,6.18,signal,3.756523,signal
14,3,50,signal,8.11,signal,1.368301,signal
14,3,51,signal,6.79,signal,1.78605,signal
19,3,5,signal,6.73,noise,2.641587,noise
14,3,52,signal,6.52,signal,1.767699,signal
14,3,53,signal,6.3,noise,1.13044,noise
19,3,6,signal,5.75,noise,3.498835,noise
14,3,54,signal,8.09,signal,1.499008,signal
19,3,7,signal,7.71,noise,2.046139,signal
14,3,55,signal,6.97,noise,1.396475,noise
14,3,56,signal,8.16,signal,1.558201,signal
19,3,8,signal,6.63,noise,2.561051,noise
14,3,57,signal,6.93,signal,1.413817,signal
19,3,9,signal,6.84,signal,2.168942,signal
14,3,58,noise,6.92,noise,1.400166,signal
14,3,59,noise,6.55,noise,1.457179,noise
14,3,60,noise,5.5,noise,1.558648,noise
19,3,10,noise,3.96,signal,3.439389,noise
14,3,61,noise,5.62,noise,1.449354,noise
19,3,11,signal,5.88,signal,2.858443,signal
14,3,62,signal,8.19,signal,1.474504,signal
14,3,63,noise,5.46,noise,1.477081,noise
14,3,64,noise,5.48,noise,1.367345,noise
14,3,65,signal,7.2,signal,1.425498,signal
19,3,12,noise,6.92,signal,5.144884,signal
14,3,66,noise,6.55,noise,1.485501,noise
19,3,13,noise,6.48,signal,2.501124,signal
14,3,67,noise,6.23,noise,1.93576,noise
14,3,68,noise,5.89,noise,1.633874,noise
19,3,14,noise,6.58,signal,2.215524,noise
14,3,69,signal,7.02,signal,1.414458,signal
14,3,70,noise,5.86,noise,1.32689,noise
14,3,71,noise,6.02,noise,1.49528,noise
14,3,72,signal,7.21,signal,1.590684,signal
14,3,73,signal,5.41,noise,1.172976,noise
14,3,74,noise,4.26,noise,2.001649,signal
14,3,75,noise,6.4,noise,1.394413,noise
14,3,76,signal,8.06,signal,1.669186,signal
14,3,77,noise,5.81,noise,1.473207,noise
14,3,78,signal,5.99,signal,1.614459,signal
14,3,79,noise,5.23,noise,1.595807,noise
14,3,80,signal,7.82,signal,1.483653,signal
14,3,81,noise,6.08,noise,1.39053,signal
14,3,82,noise,4.68,noise,1.469233,noise
14,3,83,signal,7.99,signal,1.51112,signal
14,3,84,signal,7.82,signal,1.4268,signal
14,3,85,noise,5.86,noise,1.451022,noise
14,3,86,signal,8.01,signal,1.544242,signal
14,3,87,noise,5.01,noise,1.639573,noise
14,3,88,signal,6.89,signal,1.688911,signal
14,3,89,noise,7.25,noise,1.344567,noise
14,3,90,noise,5.99,noise,1.475124,noise
14,3,91,noise,7.33,noise,1.405483,noise
14,3,92,signal,7.12,signal,1.45369,signal
14,3,93,noise,5.51,noise,1.392312,noise
14,3,94,noise,5.21,noise,1.511854,noise
14,3,95,signal,6.65,signal,1.432362,signal
14,3,96,signal,6.5,signal,1.472794,signal
14,3,97,signal,6.14,signal,1.552438,signal
14,3,98,noise,5.5,noise,1.533008,noise
14,3,99,signal,5.02,signal,1.720224,noise
14,3,100,noise,3.04,noise,1.82627,noise
19,3,15,signal,6.7,noise,67.284837,signal
19,3,16,signal,6.81,noise,4.848849,signal
19,3,17,noise,6.48,signal,3.35889,noise
19,3,18,signal,7.01,noise,3.082107,noise
19,3,19,noise,6.31,signal,2.407072,signal
19,3,20,noise,5.77,noise,3.909399,noise
19,3,21,signal,7.82,signal,3.06664,signal
19,3,22,noise,6.18,noise,2.495193,signal
19,3,23,noise,6.46,signal,3.503118,signal
19,3,24,noise,5.79,noise,2.981668,noise
19,3,25,noise,6.81,signal,2.635594,noise
19,3,26,noise,6.63,signal,2.361375,signal
19,3,27,signal,7.27,signal,5.624531,signal
19,3,28,noise,5.52,noise,7.841423,noise
19,3,29,signal,7.22,noise,3.435449,signal
19,3,30,signal,7.32,signal,3.221253,signal
19,3,31,noise,6.82,noise,3.615063,noise
19,3,32,signal,8.9,noise,7.862555,signal
19,3,33,noise,6.18,noise,7.03694,signal
19,3,34,noise,5.12,noise,68.340035,noise
19,3,35,signal,7.29,noise,2.522367,signal
19,3,36,noise,5.98,noise,3.050824,noise
19,3,37,signal,7.83,noise,2.531186,signal
19,3,38,noise,6.22,signal,2.672297,signal
19,3,39,signal,8.54,noise,3.691089,signal
19,3,40,noise,5.93,signal,3.803644,signal
19,3,41,signal,6.88,signal,16.293003,signal
19,3,42,noise,5.13,noise,2.686788,noise
19,3,43,noise,6.08,signal,3.132723,signal
19,3,44,noise,6.38,noise,2.99247,noise
21,1,1,signal,5.82,noise,20.822272,noise
19,3,45,signal,8.79,signal,4.792698,signal
19,3,46,signal,7.1,noise,2.397353,noise
21,1,2,signal,7.25,signal,7.58049,signal
19,3,47,noise,4.59,signal,7.51974,noise
21,1,3,signal,6.51,signal,5.524435,signal
21,1,4,signal,6.23,noise,4.584512,noise
19,3,48,noise,6.04,signal,8.279102,signal
19,3,49,noise,5.79,noise,1.746714,noise
19,3,50,noise,5.43,noise,1.783965,noise
21,1,5,noise,6.21,signal,6.468581,noise
19,3,51,noise,6.93,noise,1.632357,signal
19,3,52,noise,7.66,noise,1.538678,signal
19,3,53,noise,7.07,noise,1.671349,signal
19,3,54,noise,6.84,signal,1.666482,signal
21,1,6,noise,6.18,noise,8.410161,noise
19,3,55,noise,5.29,signal,2.698587,noise
19,3,56,noise,7.11,signal,1.699962,signal
21,1,7,noise,6.04,noise,3.324698,noise
19,3,57,noise,4.46,noise,1.219349,noise
21,1,8,noise,6.21,signal,4.937592,signal
21,1,9,signal,6.27,noise,3.835861,noise
19,3,58,signal,6.9,signal,14.893666,noise
19,3,59,noise,5.44,noise,2.306039,noise
19,3,60,noise,5.87,noise,2.004965,noise
19,3,61,noise,6.28,noise,1.796753,noise
19,3,62,noise,7.01,signal,1.540488,noise
19,3,63,noise,5.66,noise,2.163122,noise
21,1,10,noise,6.49,noise,19.629375,noise
19,3,64,noise,7.76,noise,1.772906,noise
19,3,65,noise,5.54,noise,1.365314,noise
19,3,66,noise,5.83,signal,2.041827,noise
19,3,67,noise,4.8,noise,2.304919,noise
19,3,68,noise,6.16,noise,2.213378,noise
19,3,69,noise,7.0,signal,1.733288,signal
19,3,70,noise,6.78,noise,1.368788,signal
19,3,71,noise,7.64,signal,1.803699,signal
19,3,72,noise,4.57,signal,1.752264,noise
19,3,73,noise,5.56,signal,1.67883,noise
19,3,74,noise,6.71,signal,1.954768,signal
19,3,75,noise,7.22,noise,2.354127,signal
19,3,76,noise,6.78,signal,3.259562,noise
19,3,77,noise,6.37,noise,2.905829,signal
19,3,78,noise,7.82,signal,2.241434,signal
19,3,79,noise,6.91,noise,1.57052,noise
19,3,80,noise,8.7,signal,1.834027,signal
19,3,81,noise,4.88,signal,1.650474,noise
19,3,82,noise,7.43,noise,2.009937,signal
19,3,83,noise,8.2,signal,1.83533,signal
19,3,84,noise,6.03,noise,2.197827,noise
19,3,85,noise,7.66,noise,1.988848,noise
19,3,86,noise,6.21,signal,2.375543,noise
19,3,87,noise,6.24,noise,1.832862,noise
19,3,88,noise,6.49,signal,2.0395,signal
19,3,89,noise,8.32,signal,8.387355,signal
19,3,90,noise,4.54,signal,1.343597,noise
19,3,91,noise,5.22,signal,1.571153,signal
19,3,92,noise,6.75,signal,1.836441,noise
19,3,93,noise,8.81,noise,15.854063,signal
21,2,1,signal,7.84,signal,12.32308,signal
19,3,94,noise,8.21,noise,1.940178,signal
19,3,95,noise,4.89,signal,1.749089,signal
19,3,96,noise,6.94,signal,1.493012,noise
19,3,97,noise,8.55,noise,2.841596,signal
21,2,2,noise,6.61,noise,7.879223,noise
19,3,98,noise,7.31,noise,2.676096,signal
21,2,3,noise,4.11,signal,3.510748,noise
19,3,99,noise,6.76,noise,1.546006,signal
21,2,4,noise,3.75,signal,6.175723,signal
19,3,100,noise,7.82,signal,5.604989,noise
21,2,5,noise,6.22,noise,8.079139,noise
21,2,6,noise,5.38,noise,15.163681,noise
21,2,7,noise,6.94,noise,15.147682,noise
21,2,8,noise,5.27,noise,7.033676,noise
21,2,9,noise,6.78,noise,4.664629,noise
21,2,10,signal,7.24,signal,19.422766,noise
21,3,1,noise,6.93,noise,15.390227,noise
21,3,2,noise,5.41,noise,6.399863,noise
21,3,3,signal,7.12,noise,9.118439,noise
21,3,4,signal,7.49,noise,16.605962,noise
21,3,5,noise,6.47,noise,12.350177,noise
21,3,6,signal,8.93,signal,16.172384,signal
21,3,7,noise,6.15,noise,10.786288,noise
21,3,8,noise,5.08,noise,5.368226,noise
21,3,9,noise,5.79,noise,4.056218,noise
21,3,10,signal,4.87,noise,4.702035,noise
21,3,11,noise,5.63,noise,7.704995,noise
21,3,12,noise,6.8,signal,20.401365,signal
21,3,13,signal,4.09,noise,16.475102,noise
21,3,14,noise,7.03,noise,3.337485,noise
21,3,15,noise,4.57,noise,4.096353,noise
21,3,16,noise,6.82,noise,1.211997,noise
21,3,17,noise,6.44,noise,2.554344,noise
21,3,18,signal,7.27,signal,17.705447,noise
21,3,19,noise,5.98,noise,6.941133,noise
21,3,20,noise,7.59,noise,6.134155,noise
21,3,21,noise,7.08,noise,9.938702,noise
21,3,22,noise,6.31,signal,9.701179,noise
21,3,23,noise,6.02,noise,2.111809,noise
21,3,24,noise,6.97,noise,3.692682,noise
21,3,25,noise,6.8,noise,3.980018,noise
21,3,26,noise,4.38,signal,2.858852,noise
21,3,27,noise,6.25,signal,4.727321,signal
21,3,28,noise,6.4,noise,6.409601,noise
21,3,29,noise,5.15,signal,3.600788,noise
21,3,30,noise,6.96,noise,2.848264,noise
21,3,31,noise,6.56,noise,7.107937,noise
21,3,32,signal,8.17,signal,4.561938,noise
21,3,33,noise,5.05,noise,6.803941,noise
21,3,34,noise,5.99,noise,2.477181,noise
21,3,35,noise,5.67,noise,1.654577,noise
21,3,36,noise,6.59,noise,4.228131,noise
21,3,37,noise,7.32,noise,8.744835,noise
21,3,38,noise,5.08,noise,8.378296,noise
21,3,39,noise,5.09,noise,3.909878,noise
21,3,40,noise,6.09,noise,3.453433,noise
21,3,41,noise,5.99,signal,4.96877,signal
21,3,42,signal,6.04,noise,8.2568,signal
21,3,43,noise,6.69,noise,7.86013,noise
21,3,44,noise,7.03,signal,5.534146,signal
21,3,45,signal,4.48,noise,7.121903,noise
21,3,46,noise,5.08,noise,40.833695,noise
21,3,47,noise,6.49,noise,10.276173,noise
21,3,48,noise,5.43,noise,2.434206,noise
21,3,49,noise,5.51,noise,2.338431,noise
21,3,50,noise,6.31,signal,4.531365,noise
21,3,51,noise,6.5,noise,3.618885,noise
21,3,52,noise,7.81,noise,3.511438,noise
21,3,53,noise,6.92,noise,10.033361,noise
21,3,54,noise,5.95,signal,5.377677,signal
21,3,55,noise,6.78,noise,6.692422,noise
21,3,56,noise,4.02,noise,6.552932,noise
21,3,57,signal,8.13,noise,6.056606,noise
21,3,58,noise,5.6,signal,4.627695,signal
21,3,59,noise,5.89,noise,14.067942,noise
21,3,60,noise,5.15,noise,3.401412,noise
21,3,61,noise,6.55,noise,47.841926,noise
21,3,62,noise,6.58,noise,4.30411,noise
21,3,63,noise,6.39,noise,4.237411,noise
21,3,64,signal,8.28,signal,12.037393,signal
21,3,65,noise,6.54,signal,3.120553,signal
21,3,66,signal,5.03,noise,7.344552,noise
21,3,67,noise,7.05,noise,2.914921,noise
21,3,68,noise,6.69,noise,3.07987,noise
21,3,69,noise,5.4,noise,4.154193,noise
21,3,70,noise,5.62,noise,2.991358,noise
21,3,71,noise,7.42,signal,6.341479,signal
21,3,72,noise,6.63,noise,9.92521,noise
21,3,73,signal,7.05,noise,7.25085,noise
21,3,74,noise,6.95,noise,63.234017,noise
21,3,75,noise,5.87,noise,6.80322,noise
21,3,76,signal,7.89,noise,3.925106,noise
21,3,77,noise,7.16,noise,5.436649,noise
21,3,78,noise,6.03,noise,6.122106,noise
21,3,79,noise,5.93,noise,3.543641,noise
21,3,80,noise,7.38,noise,9.012028,noise
21,3,81,noise,5.99,noise,5.780779,noise
21,3,82,noise,7.71,noise,7.390202,signal
21,3,83,signal,8.32,signal,12.652153,signal
21,3,84,noise,6.71,signal,4.496522,signal
21,3,85,noise,6.71,noise,16.497959,signal
21,3,86,noise,5.96,noise,5.959134,noise
21,3,87,signal,7.59,signal,4.874302,signal
21,3,88,noise,5.36,signal,11.020372,signal
21,3,89,noise,6.15,signal,16.718458,noise
21,3,90,noise,7.06,noise,14.94859,noise
21,3,91,noise,5.44,noise,6.876803,noise
21,3,92,noise,5.54,signal,7.690486,signal
21,3,93,noise,5.65,noise,3.727256,noise
21,3,94,signal,7.13,noise,7.818487,noise
21,3,95,signal,7.68,signal,8.652871,signal
21,3,96,noise,6.6,noise,6.80956,noise
21,3,97,signal,8.35,noise,5.899209,noise
21,3,98,noise,6.82,noise,7.513,noise
21,3,99,noise,7.77,noise,9.294823,noise
21,3,100,noise,5.52,noise,10.420284,noise
22,1,1,signal,5.31,signal,6.217993,signal
22,1,2,signal,5.23,noise,2.000689,noise
22,1,3,signal,7.16,signal,1.929416,noise
22,1,4,noise,6.29,signal,2.008826,noise
22,1,5,noise,6.48,signal,1.503669,signal
22,1,6,signal,5.61,signal,1.457287,signal
22,1,7,signal,6.82,noise,1.874049,noise
22,1,8,signal,6.92,signal,1.564153,noise
22,1,9,signal,7.82,noise,1.321522,signal
22,1,10,signal,6.88,signal,1.806682,signal
22,2,1,signal,7.36,signal,3.018167,noise
22,2,2,noise,8.37,signal,1.360212,signal
22,2,3,signal,6.25,noise,0.983897,noise
22,2,4,signal,6.45,noise,1.29354,noise
22,2,5,signal,6.32,noise,1.278088,noise
22,2,6,signal,6.64,noise,1.59528,noise
22,2,7,noise,6.64,signal,2.262528,signal
22,2,8,noise,5.35,noise,1.667602,noise
22,2,9,noise,5.49,noise,1.478981,noise
22,2,10,noise,7.18,noise,1.503465,noise
22,3,1,noise,5.56,noise,2.12312,noise
22,3,2,signal,5.69,signal,1.697759,noise
22,3,3,noise,6.92,signal,3.0188,noise
22,3,4,noise,6.27,noise,1.61633,noise
22,3,5,noise,5.4,noise,1.474675,noise
22,3,6,noise,5.48,noise,1.449431,noise
22,3,7,signal,6.96,signal,2.11012,noise
22,3,8,noise,6.56,signal,1.322612,noise
22,3,9,noise,6.05,signal,1.302924,noise
22,3,10,noise,4.29,noise,1.429079,signal
22,3,11,noise,5.31,signal,1.302188,noise
22,3,12,noise,5.93,signal,1.285334,signal
22,3,13,noise,7.69,signal,1.217552,signal
22,3,14,noise,4.88,noise,1.21502,noise
22,3,15,noise,6.45,noise,1.252382,noise
22,3,16,noise,6.42,noise,1.327849,noise
22,3,17,noise,7.15,noise,1.338164,signal
22,3,18,noise,5.85,signal,1.275336,signal
22,3,19,noise,5.88,noise,1.699168,noise
22,3,20,noise,5.41,noise,1.60956,noise
22,3,21,signal,5.34,signal,2.097795,signal
22,3,22,noise,7.28,noise,1.729565,noise
22,3,23,signal,7.53,signal,1.67522,signal
22,3,24,signal,6.38,signal,1.626364,signal
22,3,25,signal,6.29,signal,1.509053,noise
22,3,26,noise,6.56,signal,1.369402,signal
22,3,27,noise,8.62,signal,1.5507,signal
22,3,28,signal,6.57,signal,1.395051,signal
22,3,29,noise,6.5,noise,1.59301,signal
22,3,30,signal,5.32,signal,1.521459,signal
22,3,31,signal,7.11,noise,1.462823,signal
22,3,32,noise,7.07,signal,1.814273,noise
22,3,33,signal,6.83,signal,2.040661,signal
22,3,34,noise,6.96,signal,2.179461,signal
22,3,35,signal,5.7,signal,1.8605,signal
22,3,36,noise,6.25,noise,1.70812,signal
22,3,37,signal,6.99,signal,1.457874,noise
22,3,38,signal,6.28,noise,1.15223,noise
22,3,39,noise,7.33,noise,1.052901,noise
22,3,40,signal,6.63,signal,1.849279,signal
22,3,41,signal,7.53,noise,4.000773,noise
22,3,42,noise,6.21,signal,1.397251,noise
22,3,43,noise,7.5,noise,1.443634,signal
22,3,44,noise,6.57,noise,1.130634,noise
22,3,45,noise,6.69,noise,1.294949,noise
22,3,46,noise,6.01,noise,1.23967,signal
22,3,47,noise,9.45,noise,0.993118,signal
22,3,48,noise,6.53,noise,1.135996,signal
22,3,49,signal,6.31,signal,1.856334,noise
22,3,50,noise,5.21,noise,1.309046,noise
22,3,51,signal,6.53,signal,1.664279,signal
22,3,52,noise,6.91,noise,1.909529,signal
22,3,53,signal,5.81,signal,1.370678,noise
22,3,54,noise,4.13,noise,1.384103,noise
22,3,55,noise,8.07,signal,1.447959,signal
22,3,56,noise,7.38,signal,1.887772,signal
22,3,57,noise,4.27,noise,1.66266,noise
22,3,58,noise,4.48,noise,1.315881,noise
22,3,59,noise,6.26,noise,1.224624,noise
22,3,60,noise,8.23,noise,1.26976,noise
22,3,61,signal,5.14,signal,1.670559,noise
22,3,62,noise,5.92,noise,1.265824,noise
23,1,1,signal,5.72,signal,8.061822,noise
22,3,63,noise,6.26,noise,1.278807,noise
22,3,64,noise,7.38,noise,1.429447,signal
22,3,65,noise,6.07,noise,1.438593,noise
23,1,2,noise,8.41,noise,5.099649,signal
22,3,66,noise,7.05,noise,1.601368,noise
22,3,67,signal,7.67,signal,1.682981,noise
22,3,68,noise,8.32,noise,1.284187,noise
22,3,69,noise,6.06,noise,1.259348,noise
23,1,3,signal,5.7,noise,6.561688,noise
22,3,70,signal,7.8,signal,1.482538,noise
22,3,71,noise,4.32,noise,1.396918,noise
23,1,4,noise,6.57,signal,3.189816,noise
22,3,72,noise,5.14,noise,1.358573,noise
22,3,73,noise,7.12,signal,1.302561,noise
23,1,5,noise,6.89,noise,2.733471,noise
22,3,74,noise,5.79,signal,1.229437,noise
23,1,6,noise,4.88,noise,1.913783,noise
22,3,75,noise,3.56,signal,1.320281,noise
22,3,76,noise,7.41,noise,1.418561,noise
23,1,7,noise,3.08,noise,2.09564,noise
22,3,77,noise,5.77,noise,1.381079,noise
22,3,78,noise,7.06,signal,1.246882,signal
23,1,8,noise,6.12,noise,3.259738,noise
22,3,79,noise,7.1,noise,1.210257,noise
22,3,80,noise,5.06,noise,1.240686,signal
23,1,9,noise,5.79,noise,2.166383,noise
22,3,81,noise,7.5,noise,1.15651,noise
23,1,10,noise,4.17,signal,1.626549,noise
22,3,82,noise,8.21,signal,1.379238,signal
22,3,83,signal,6.91,signal,1.341167,noise
22,3,84,noise,7.43,signal,1.064605,signal
22,3,85,signal,5.97,signal,0.900729,signal
22,3,86,signal,6.49,noise,1.041606,noise
22,3,87,noise,5.79,noise,1.007597,noise
22,3,88,noise,6.59,signal,1.986165,signal
23,2,1,noise,4.73,noise,4.482041,noise
22,3,89,noise,6.98,signal,1.631233,noise
22,3,90,noise,7.12,noise,1.607475,signal
23,2,2,signal,5.16,signal,3.201893,noise
22,3,91,noise,6.11,noise,1.278557,noise
22,3,92,noise,7.68,noise,1.68557,noise
23,2,3,noise,8.22,noise,3.159611,signal
22,3,93,noise,7.11,signal,1.592673,noise
22,3,94,noise,5.56,noise,1.703556,noise
23,2,4,signal,6.19,noise,4.430104,noise
22,3,95,noise,6.46,noise,1.414947,noise
22,3,96,noise,4.92,noise,1.369271,noise
23,2,5,noise,4.09,noise,3.171979,noise
22,3,97,signal,7.29,signal,1.822825,noise
22,3,98,noise,4.54,noise,1.52301,noise
23,2,6,noise,5.82,signal,2.598446,signal
22,3,99,noise,5.46,noise,2.161815,noise
23,2,7,signal,6.79,signal,1.98694,noise
22,3,100,noise,6.56,noise,1.177249,noise
23,2,8,signal,4.0,signal,4.487961,noise
23,2,9,noise,5.06,noise,2.34007,noise
23,2,10,noise,5.77,noise,1.726758,noise
23,3,1,noise,4.21,signal,3.24735,noise
23,3,2,noise,7.9,signal,1.389161,signal
23,3,3,signal,6.47,noise,1.444822,noise
23,3,4,noise,7.81,noise,2.853172,signal
23,3,5,noise,5.91,noise,2.009612,noise
23,3,6,noise,3.95,signal,2.670741,noise
23,3,7,noise,6.7,signal,1.910426,signal
23,3,8,noise,4.53,noise,1.522903,noise
23,3,9,noise,5.11,noise,1.663622,noise
23,3,10,noise,4.25,signal,1.694715,noise
23,3,11,noise,4.88,noise,1.850166,noise
23,3,12,noise,5.24,noise,1.721735,noise
23,3,13,noise,4.79,noise,1.548313,noise
23,3,14,noise,6.15,noise,2.58143,noise
23,3,15,noise,6.14,noise,1.355524,noise
23,3,16,noise,8.71,signal,4.535438,signal
23,3,17,signal,3.84,noise,1.262684,noise
23,3,18,noise,5.43,noise,1.813324,noise
23,3,19,signal,5.62,signal,2.555916,noise
23,3,20,noise,4.06,signal,1.574112,noise
23,3,21,noise,5.94,signal,1.424039,noise
23,3,22,noise,4.01,signal,1.147077,noise
23,3,23,noise,4.98,noise,2.301405,noise
23,3,24,noise,5.88,noise,1.887653,noise
23,3,25,noise,2.76,noise,1.711195,noise
23,3,26,noise,4.73,noise,1.421551,noise
23,3,27,noise,7.39,signal,1.862652,signal
23,3,28,noise,4.84,noise,2.548571,noise
23,3,29,noise,4.82,noise,1.53182,noise
23,3,30,noise,6.55,noise,3.01902,signal
23,3,31,noise,8.12,signal,1.688428,signal
23,3,32,noise,4.88,signal,1.703051,noise
23,3,33,noise,5.17,noise,3.396259,noise
23,3,34,noise,8.04,signal,1.993221,signal
23,3,35,noise,5.46,noise,2.044704,noise
23,3,36,noise,5.37,noise,1.400738,noise
23,3,37,noise,7.39,signal,1.187077,noise
23,3,38,noise,8.42,signal,2.293364,signal
23,3,39,noise,6.87,signal,1.990333,noise
23,3,40,noise,6.93,signal,1.436994,signal
23,3,41,signal,6.5,signal,1.727303,noise
23,3,42,noise,5.54,noise,1.614231,noise
23,3,43,noise,4.24,noise,1.593188,noise
23,3,44,noise,7.46,signal,2.701542,signal
23,3,45,noise,5.88,signal,1.816633,noise
23,3,46,signal,4.36,noise,1.494476,noise
23,3,47,noise,5.63,signal,1.639582,noise
23,3,48,noise,5.39,noise,2.90302,noise
23,3,49,noise,5.69,signal,2.110217,noise
23,3,50,noise,4.83,signal,2.004515,noise
23,3,51,noise,5.63,noise,1.49994,noise
23,3,52,noise,5.75,signal,1.86919,noise
23,3,53,noise,4.72,noise,1.719054,noise
23,3,54,noise,4.45,signal,2.411728,noise
23,3,55,noise,5.48,noise,2.580844,noise
23,3,56,noise,5.62,noise,1.68694,noise
23,3,57,noise,5.61,signal,2.160566,noise
23,3,58,noise,8.28,signal,1.91455,signal
23,3,59,noise,4.67,noise,1.846075,noise
23,3,60,noise,8.21,signal,1.505794,signal
23,3,61,noise,7.99,signal,1.628264,signal
23,3,62,noise,6.45,noise,1.714595,noise
23,3,63,noise,5.24,noise,1.560258,noise
23,3,64,noise,4.65,noise,2.39176,noise
23,3,65,noise,4.59,noise,1.484566,noise
23,3,66,noise,7.38,noise,2.023303,noise
23,3,67,noise,6.19,noise,2.032646,noise
23,3,68,noise,5.59,noise,1.870836,noise
23,3,69,noise,8.22,signal,1.568418,signal
23,3,70,noise,2.96,signal,1.892686,noise
26,1,1,noise,3.58,noise,10.441291,noise
23,3,71,noise,8.27,signal,2.397152,signal
23,3,72,noise,6.52,noise,1.276395,noise
23,3,73,noise,6.14,noise,1.504211,noise
26,1,2,noise,5.33,noise,3.447668,noise
23,3,74,noise,5.69,noise,2.163749,noise
26,1,3,noise,6.21,noise,2.194965,noise
23,3,75,noise,5.09,signal,1.31238,noise
23,3,76,noise,6.32,noise,1.496628,noise
23,3,77,noise,4.73,noise,1.330272,noise
26,1,4,noise,7.13,noise,4.687003,noise
23,3,78,noise,3.58,noise,1.556394,noise
23,3,79,noise,7.72,signal,1.418696,signal
23,3,80,noise,6.96,noise,1.537778,noise
23,3,81,noise,6.04,signal,1.283876,noise
23,3,82,noise,4.43,signal,1.323834,noise
23,3,83,noise,6.19,noise,1.455421,noise
26,1,5,noise,6.54,noise,9.585321,signal
23,3,84,noise,7.87,noise,2.02077,signal
26,1,6,signal,6.84,noise,2.388054,noise
23,3,85,noise,5.59,noise,1.608693,noise
26,1,7,noise,6.52,signal,2.20701,signal
23,3,86,noise,7.28,signal,1.864034,signal
23,3,87,noise,4.55,noise,2.081785,noise
26,1,8,signal,6.03,noise,2.195274,noise
23,3,88,noise,2.96,signal,1.703829,noise
23,3,89,noise,3.95,noise,2.319198,noise
23,3,90,noise,4.66,noise,2.18726,noise
23,3,91,noise,5.05,noise,1.507122,noise
23,3,92,noise,6.14,noise,1.858718,noise
23,3,93,noise,5.65,noise,1.422247,noise
23,3,94,noise,8.68,signal,1.84256,signal
23,3,95,noise,4.32,signal,1.178574,noise
23,3,96,noise,4.72,noise,1.266167,noise
23,3,97,noise,7.0,noise,1.101336,signal
23,3,98,noise,5.16,noise,1.420986,noise
23,3,99,noise,6.01,noise,1.812056,noise
23,3,100,noise,6.13,signal,2.189301,noise
26,1,9,noise,6.54,signal,46.407071,signal
26,1,10,noise,7.23,signal,3.283957,signal
26,2,1,noise,8.4,signal,5.14082,signal
26,2,2,signal,6.57,signal,1.92145,signal
26,2,3,noise,6.29,signal,12.697271,signal
26,2,4,signal,6.88,signal,2.163512,signal
26,2,5,noise,6.11,noise,3.456983,signal
26,2,6,signal,7.58,signal,2.071456,signal
26,2,7,signal,5.51,signal,2.286952,signal
26,2,8,signal,5.23,noise,2.382253,noise
26,2,9,signal,7.25,signal,2.312871,signal
26,2,10,noise,7.03,noise,3.427813,signal
26,3,1,signal,5.88,noise,2.442273,noise
26,3,2,noise,9.2,signal,1.626517,signal
26,3,3,signal,5.62,noise,1.468048,noise
26,3,4,noise,4.91,noise,1.627079,noise
26,3,5,noise,7.44,signal,2.29428,signal
26,3,6,signal,7.6,signal,1.504725,signal
26,3,7,noise,7.44,noise,2.088353,signal
26,3,8,signal,5.35,noise,1.958985,noise
26,3,9,noise,8.98,noise,4.379378,noise
26,3,10,signal,6.56,signal,1.678518,signal
26,3,11,noise,7.48,noise,3.55947,noise
26,3,12,signal,6.58,noise,1.682927,noise
26,3,13,noise,6.95,signal,1.526157,signal
26,3,14,signal,5.04,noise,1.801182,noise
26,3,15,noise,5.97,noise,2.520281,noise
26,3,16,noise,8.07,signal,1.672035,signal
26,3,17,signal,4.32,noise,1.756534,noise
26,3,18,noise,6.08,signal,1.636617,signal
26,3,19,signal,5.88,noise,2.142079,noise
26,3,20,noise,6.69,signal,3.894433,signal
26,3,21,signal,5.9,noise,1.631914,noise
26,3,22,noise,6.68,signal,1.682452,signal
26,3,23,signal,4.8,signal,1.841668,signal
26,3,24,signal,8.8,noise,1.604403,signal
26,3,25,noise,5.43,noise,1.699393,noise
26,3,26,signal,6.42,signal,1.669803,signal
26,3,27,signal,5.68,noise,1.754193,noise
26,3,28,noise,5.74,noise,1.53624,noise
26,3,29,noise,7.32,signal,2.279124,signal
26,3,30,signal,6.13,noise,2.814934,noise
26,3,31,noise,5.11,noise,1.737934,noise
26,3,32,noise,7.62,signal,2.013445,signal
26,3,33,signal,7.37,signal,1.497971,signal
26,3,34,signal,5.97,signal,1.726165,noise
26,3,35,noise,6.99,noise,7.080891,noise
26,3,36,noise,6.1,noise,6.573626,noise
26,3,37,signal,6.54,noise,1.980923,noise
26,3,38,noise,8.26,signal,2.384215,signal
26,3,39,signal,4.71,noise,1.434215,noise
26,3,40,noise,4.56,signal,1.570484,signal
26,3,41,noise,6.88,signal,1.700568,signal
26,3,42,signal,6.78,signal,1.507652,signal
26,3,43,noise,7.66,signal,1.703681,signal
26,3,44,noise,7.5,signal,1.616749,signal
26,3,45,signal,7.74,noise,1.446717,noise
26,3,46,noise,8.04,signal,1.835775,signal
26,3,47,signal,5.62,noise,1.4901,noise
26,3,48,noise,6.82,signal,1.619628,signal
26,3,49,signal,7.0,signal,1.44757,signal
26,3,50,signal,6.39,signal,1.72985,signal
26,3,51,noise,5.91,signal,2.050969,signal
26,3,52,signal,8.51,signal,1.764165,noise
26,3,53,noise,7.51,noise,2.165177,noise
26,3,54,noise,5.95,signal,2.357068,signal
26,3,55,signal,7.18,signal,1.421036,signal
26,3,56,signal,6.77,signal,7.586956,signal
26,3,57,noise,7.04,noise,1.842654,noise
26,3,58,signal,7.57,signal,3.848333,signal
26,3,59,noise,7.59,signal,1.75885,signal
26,3,60,signal,7.3,noise,1.282021,noise
26,3,61,noise,6.14,signal,1.221672,signal
26,3,62,signal,6.49,signal,1.368068,signal
26,3,63,signal,5.96,signal,2.459685,signal
26,3,64,signal,6.98,noise,2.060402,noise
26,3,65,noise,4.16,noise,1.463863,noise
26,3,66,noise,5.84,signal,1.854042,signal
26,3,67,signal,7.03,signal,1.292103,signal
26,3,68,signal,6.04,noise,1.857897,noise
26,3,69,noise,4.18,noise,1.393875,noise
26,3,70,signal,5.78,signal,1.733048,signal
26,3,71,noise,6.21,noise,1.615503,noise
26,3,72,signal,5.92,noise,2.36691,noise
26,3,73,noise,5.5,noise,1.701933,noise
26,3,74,signal,5.35,noise,1.935064,noise
26,3,75,noise,7.67,noise,1.483253,noise
26,3,76,noise,6.98,signal,1.885304,signal
26,3,77,signal,7.8,signal,2.017412,signal
26,3,78,signal,5.76,noise,1.845081,noise
26,3,79,noise,5.23,signal,1.524844,signal
26,3,80,signal,6.17,noise,1.694967,noise
26,3,81,noise,5.81,noise,2.355223,noise
26,3,82,noise,8.17,signal,1.840853,signal
26,3,83,signal,6.84,signal,1.859929,signal
26,3,84,signal,6.27,noise,2.323199,noise
26,3,85,noise,5.91,noise,1.727628,noise
26,3,86,noise,7.01,noise,2.21668,noise
26,3,87,signal,5.95,noise,1.479414,noise
26,3,88,noise,5.33,noise,1.62938,noise
26,3,89,noise,8.44,signal,1.810674,signal
26,3,90,signal,7.14,noise,1.853105,noise
26,3,91,noise,6.39,noise,1.562866,noise
26,3,92,signal,6.16,signal,1.864358,signal
26,3,93,noise,5.62,noise,2.216118,noise
28,1,1,noise,6.2,noise,12.500732,noise
26,3,94,signal,4.76,noise,1.795697,noise
26,3,95,noise,5.47,noise,1.778062,noise
28,1,2,noise,5.43,noise,4.364268,noise
26,3,96,noise,5.8,noise,2.273868,noise
26,3,97,signal,8.61,signal,1.828864,signal
28,1,3,noise,4.84,noise,4.01174,noise
26,3,98,noise,6.77,noise,1.544119,noise
28,1,4,noise,5.78,noise,3.263518,noise
26,3,99,signal,6.4,noise,2.060401,noise
26,3,100,noise,7.21,signal,1.801814,signal
28,1,5,noise,6.59,noise,2.663624,noise
28,1,6,noise,4.66,noise,2.64505,noise
28,1,7,noise,4.87,signal,2.942266,noise
28,1,8,noise,5.11,noise,2.767194,noise
28,1,9,noise,6.0,noise,4.999556,noise
28,1,10,noise,4.86,noise,2.651145,noise
28,2,1,noise,5.19,noise,6.410517,noise
28,2,2,noise,6.33,noise,4.426095,noise
28,2,3,noise,6.23,noise,3.557767,noise
28,2,4,signal,7.78,noise,3.782349,noise
28,2,5,noise,5.24,noise,4.374254,noise
28,2,6,noise,7.62,noise,3.659776,signal
28,2,7,noise,5.39,noise,2.515971,noise
28,2,8,noise,6.07,noise,3.014766,noise
28,2,9,noise,5.07,noise,2.535617,noise
28,2,10,noise,5.59,signal,8.074283,noise
28,3,1,noise,6.54,noise,6.272889,noise
29,1,1,noise,4.0,signal,3.56872,noise
28,3,2,noise,5.03,noise,3.156119,noise
29,1,2,noise,5.66,noise,1.650441,noise
29,1,3,noise,7.16,signal,1.704854,signal
28,3,3,noise,4.7,signal,4.374931,noise
29,1,4,noise,6.49,signal,3.024959,signal
28,3,4,noise,5.95,noise,2.839397,noise
29,1,5,noise,5.33,signal,1.437846,noise
28,3,5,signal,7.9,signal,3.19822,signal
28,3,6,noise,5.39,signal,3.599028,noise
29,1,6,noise,6.95,signal,6.512432,noise
28,3,7,noise,4.51,signal,2.508007,noise
29,1,7,noise,5.99,noise,1.872099,signal
28,3,8,noise,5.15,noise,2.797687,noise
28,3,9,noise,6.81,signal,4.980847,signal
28,3,10,noise,6.38,noise,3.105359,noise
28,3,11,noise,5.53,signal,2.82066,noise
28,3,12,noise,5.2,noise,2.713245,noise
28,3,13,noise,5.99,signal,3.049131,signal
28,3,14,signal,7.32,noise,2.806567,signal
28,3,15,noise,5.38,noise,2.575794,noise
28,3,16,noise,6.45,noise,3.3461,noise
28,3,17,noise,6.05,noise,2.337899,noise
28,3,18,signal,8.29,noise,2.642712,signal
28,3,19,signal,7.69,signal,2.534535,noise
28,3,20,signal,7.37,noise,2.628936,signal
28,3,21,signal,6.95,signal,2.81663,noise
28,3,22,noise,5.7,noise,2.452869,noise
28,3,23,noise,5.82,signal,2.599103,noise
28,3,24,signal,6.61,noise,3.510195,noise
28,3,25,noise,5.26,signal,2.494038,signal
28,3,26,noise,6.96,noise,2.913952,noise
28,3,27,noise,6.63,noise,2.501045,noise
28,3,28,signal,7.7,noise,2.817068,noise
28,3,29,noise,5.54,signal,2.251098,signal
28,3,30,noise,5.36,signal,2.999225,noise
28,3,31,noise,6.23,signal,2.605545,signal
28,3,32,noise,5.41,noise,2.320982,noise
28,3,33,noise,5.26,noise,2.188712,noise
28,3,34,signal,8.79,signal,2.844031,signal
28,3,35,noise,6.77,noise,3.582377,noise
28,3,36,signal,7.53,signal,2.903548,signal
28,3,37,noise,4.29,noise,2.677524,noise
28,3,38,noise,4.67,signal,2.496002,noise
28,3,39,noise,6.49,noise,2.583008,signal
28,3,40,noise,5.37,signal,2.363375,signal
28,3,41,signal,6.71,noise,3.083891,noise
28,3,42,noise,6.03,noise,2.369298,signal
28,3,43,noise,6.53,noise,2.906827,noise
28,3,44,noise,4.4,noise,1.933428,noise
28,3,45,noise,6.35,signal,3.761411,signal
28,3,46,noise,5.77,noise,2.310675,noise
28,3,47,noise,6.16,signal,3.369302,signal
28,3,48,signal,7.25,noise,2.638599,noise
28,3,49,noise,4.69,noise,1.825731,noise
28,3,50,noise,4.34,signal,2.216344,noise
28,3,51,noise,4.36,noise,2.295308,noise
28,3,52,noise,4.55,signal,2.695265,noise
28,3,53,signal,7.55,signal,2.947538,noise
28,3,54,signal,7.84,signal,3.137615,signal
28,3,55,signal,6.93,signal,2.932,noise
28,3,56,noise,5.65,signal,2.377387,noise
28,3,57,signal,8.01,signal,2.437288,signal
28,3,58,signal,8.94,signal,2.023407,signal
28,3,59,noise,6.11,noise,2.648152,noise
28,3,60,noise,6.04,noise,1.929208,noise
28,3,61,signal,7.71,signal,2.474046,noise
28,3,62,noise,5.38,noise,2.249153,noise
28,3,63,signal,6.76,noise,2.618622,noise
28,3,64,signal,7.78,noise,2.175444,noise
28,3,65,noise,5.85,noise,2.227628,noise
31,1,1,signal,9.3,signal,12.765674,signal
28,3,66,signal,7.13,noise,2.514889,noise
28,3,67,noise,6.9,noise,2.278031,signal
28,3,68,noise,5.58,signal,2.562347,noise
28,3,69,signal,7.54,signal,2.682755,noise
31,1,2,signal,7.35,noise,7.953991,noise
28,3,70,noise,6.21,signal,2.098592,noise
31,1,3,noise,5.7,signal,2.901671,noise
28,3,71,noise,5.65,noise,2.107403,noise
28,3,72,noise,6.48,noise,2.493853,noise
31,1,4,noise,7.47,noise,3.70438,signal
28,3,73,noise,6.22,noise,2.042308,noise
31,1,5,noise,5.72,signal,2.315413,noise
28,3,74,noise,6.51,signal,2.532953,noise
31,1,6,noise,5.83,noise,2.229399,noise
31,1,7,noise,6.06,noise,2.04382,noise
28,3,75,signal,7.01,signal,3.274921,noise
31,1,8,noise,4.05,signal,2.126304,noise
28,3,76,noise,6.56,signal,1.899074,noise
28,3,77,noise,5.93,signal,2.104099,signal
31,1,9,signal,7.37,signal,2.55934,signal
28,3,78,signal,7.16,noise,2.502527,noise
31,1,10,noise,6.11,noise,2.034329,noise
28,3,79,signal,8.77,signal,2.204073,signal
28,3,80,noise,5.16,noise,2.211267,noise
28,3,81,noise,5.48,noise,1.80311,noise
28,3,82,noise,6.57,signal,3.091924,noise
28,3,83,noise,7.48,noise,2.996142,noise
28,3,84,noise,5.4,noise,1.85953,noise
28,3,85,noise,6.69,noise,2.200949,noise
28,3,86,noise,5.06,noise,2.222375,noise
28,3,87,noise,3.89,noise,2.157923,noise
28,3,88,noise,4.94,noise,2.07312,noise
28,3,89,signal,7.75,noise,3.112404,signal
28,3,90,noise,5.57,signal,2.127996,noise
28,3,91,noise,5.86,noise,2.19603,noise
28,3,92,noise,6.8,noise,3.376145,noise
28,3,93,noise,6.48,signal,2.834754,noise
28,3,94,noise,6.64,noise,2.134405,noise
28,3,95,noise,6.71,noise,2.368319,noise
31,2,1,signal,7.22,signal,5.379171,signal
28,3,96,noise,6.2,noise,1.871176,noise
28,3,97,signal,7.67,noise,3.356609,noise
28,3,98,noise,4.02,signal,1.891577,noise
31,2,2,noise,5.12,signal,7.17796,noise
28,3,99,noise,6.48,signal,3.156339,noise
28,3,100,noise,6.35,signal,1.888373,noise
31,2,3,signal,6.36,signal,4.475881,signal
31,2,4,noise,4.14,signal,2.475939,noise
31,2,5,noise,4.95,noise,2.488609,noise
31,2,6,noise,3.02,signal,2.425004,noise
31,2,7,noise,6.05,noise,2.963663,noise
31,2,8,noise,4.86,signal,3.46648,noise
31,2,9,noise,6.11,noise,2.726864,noise
31,2,10,signal,6.44,noise,4.864858,noise
31,3,1,noise,5.34,noise,5.710915,noise
31,3,2,noise,5.5,noise,2.844455,noise
31,3,3,signal,7.64,signal,2.890897,signal
31,3,4,signal,9.21,noise,2.432421,signal
31,3,5,noise,6.27,signal,3.269273,noise
31,3,6,signal,9.7,signal,2.558596,signal
31,3,7,noise,6.09,signal,2.43741,signal
31,3,8,signal,6.46,signal,4.495698,signal
31,3,9,signal,6.3,noise,3.281361,signal
31,3,10,noise,3.63,noise,2.153022,noise
31,3,11,signal,6.36,noise,2.93841,noise
31,3,12,noise,5.6,noise,2.317994,noise
31,3,13,noise,4.42,signal,2.408109,noise
31,3,14,noise,4.86,noise,2.760821,noise
31,3,15,noise,4.54,signal,2.065678,noise
31,3,16,signal,7.32,signal,4.546003,signal
31,3,17,signal,8.83,signal,2.12357,signal
31,3,18,noise,4.49,noise,2.066071,noise
31,3,19,noise,4.71,noise,2.455798,noise
31,3,20,signal,7.74,signal,2.304684,signal
31,3,21,signal,8.19,noise,2.154708,signal
31,3,22,noise,4.08,signal,1.973307,noise
31,3,23,noise,5.94,noise,2.265484,noise
31,3,24,signal,6.72,noise,2.636415,signal
31,3,25,noise,5.61,signal,2.305245,noise
31,3,26,signal,7.04,noise,2.161111,signal
31,3,27,signal,6.97,noise,3.292846,signal
31,3,28,noise,4.95,noise,2.403267,noise
31,3,29,noise,3.85,signal,2.342052,noise
31,3,30,noise,5.14,noise,2.307001,noise
31,3,31,noise,5.4,signal,2.484535,noise
31,3,32,noise,5.24,signal,3.075523,noise
31,3,33,noise,5.54,noise,1.859143,noise
31,3,34,noise,6.35,noise,4.83898,noise
31,3,35,noise,6.1,signal,4.593084,noise
31,3,36,signal,8.22,signal,2.272956,signal
31,3,37,noise,3.95,noise,2.113349,noise
31,3,38,noise,5.13,noise,2.867937,noise
31,3,39,noise,4.65,noise,1.939761,noise
31,3,40,signal,6.86,noise,2.970919,signal
31,3,41,noise,6.11,noise,2.682889,noise
31,3,42,signal,7.47,noise,2.479184,signal
31,3,43,signal,9.88,noise,2.124859,signal
31,3,44,noise,4.9,signal,2.096784,noise
31,3,45,signal,7.84,signal,2.370561,signal
31,3,46,signal,7.06,signal,2.300208,signal
31,3,47,signal,6.84,signal,2.658333,signal
31,3,48,signal,6.7,signal,2.97762,signal
31,3,49,noise,5.09,noise,2.814618,noise
31,3,50,noise,6.17,noise,2.177393,noise
31,3,51,signal,6.66,signal,2.548436,noise
31,3,52,noise,6.34,noise,3.872385,noise
31,3,53,signal,6.98,signal,2.461441,signal
31,3,54,signal,7.1,noise,2.327146,noise
31,3,55,noise,5.97,signal,6.693267,noise
31,3,56,noise,4.1,signal,2.968294,noise
31,3,57,signal,9.48,noise,3.147124,signal
31,3,58,noise,3.38,signal,2.538547,noise
31,3,59,noise,5.95,noise,2.732713,noise
31,3,60,signal,7.61,signal,2.827401,signal
31,3,61,signal,7.39,signal,2.687572,signal
31,3,62,noise,3.97,noise,2.628214,noise
31,3,63,signal,10.11,noise,3.429929,signal
31,3,64,noise,6.14,noise,2.922924,noise
31,3,65,noise,5.99,signal,2.123618,noise
31,3,66,noise,6.57,signal,2.569451,noise
31,3,67,noise,5.23,noise,2.129264,noise
31,3,68,noise,6.65,noise,4.496406,signal
31,3,69,signal,8.08,signal,3.310398,signal
31,3,70,noise,6.06,signal,2.720064,signal
31,3,71,noise,4.83,noise,2.536232,noise
31,3,72,signal,7.7,signal,2.490416,signal
31,3,73,signal,7.61,signal,2.62828,signal
31,3,74,signal,8.72,signal,2.339927,signal
31,3,75,signal,7.18,signal,2.28845,signal
31,3,76,noise,4.52,noise,2.091008,noise
31,3,77,noise,4.43,noise,3.860888,noise
31,3,78,noise,4.32,noise,2.070478,noise
31,3,79,noise,6.1,noise,2.476088,signal
31,3,80,noise,4.88,noise,5.206216,noise
31,3,81,noise,4.91,noise,2.880267,noise
31,3,82,noise,4.81,noise,2.74249,noise
31,3,83,noise,5.07,noise,2.349234,noise
31,3,84,signal,9.09,signal,3.635482,signal
31,3,85,noise,4.02,noise,3.335068,noise
31,3,86,signal,7.83,noise,3.466611,noise
31,3,87,noise,5.76,noise,3.131169,noise
31,3,88,noise,4.8,noise,2.301495,noise
31,3,89,noise,5.12,signal,5.607006,noise
31,3,90,signal,7.53,noise,3.834459,signal
31,3,91,noise,5.22,noise,2.889031,noise
31,3,92,signal,5.99,signal,3.777773,noise
31,3,93,signal,6.68,noise,2.977454,noise
31,3,94,noise,5.89,noise,2.53312,noise
31,3,95,noise,5.59,signal,2.149302,noise
31,3,96,noise,5.79,signal,2.963396,noise
31,3,97,noise,5.89,noise,3.704759,noise
31,3,98,noise,7.11,noise,3.967664,noise
31,3,99,signal,8.22,noise,5.422049,signal
31,3,100,noise,5.01,signal,3.478317,noise
32,1,1,noise,6.11,signal,33.714811,signal
32,1,2,signal,6.51,signal,3.183222,signal
32,1,3,noise,5.36,signal,2.087329,noise
32,1,4,signal,8.22,noise,2.002801,signal
32,1,5,noise,6.43,noise,3.49659,signal
32,1,6,noise,4.18,noise,1.916765,noise
32,1,7,noise,7.27,noise,1.953317,noise
32,1,8,signal,4.22,noise,2.216662,noise
32,1,9,noise,5.25,noise,1.457229,noise
32,1,10,noise,4.26,noise,1.159722,noise
33,1,1,noise,7.97,noise,7.409889,signal
33,1,2,signal,7.22,noise,1.483286,signal
33,1,3,signal,5.53,signal,2.631835,noise
33,1,4,signal,4.76,noise,1.751288,noise
33,1,5,noise,3.85,signal,1.710267,noise
33,1,6,signal,4.25,signal,1.804026,noise
33,1,7,signal,5.66,noise,2.597242,noise
33,1,8,signal,6.67,signal,1.725835,noise
33,1,9,noise,6.22,noise,1.121698,noise
33,1,10,signal,7.7,signal,1.69525,signal
33,2,1,noise,6.68,noise,2.798032,signal
33,2,2,noise,7.92,signal,5.926295,signal
33,2,3,signal,5.65,noise,4.321878,noise
33,2,4,noise,4.33,noise,2.070153,noise
33,2,5,signal,5.84,signal,3.87399,signal
33,2,6,noise,7.32,signal,6.540823,signal
33,2,7,signal,8.63,signal,1.556455,signal
33,2,8,noise,5.18,signal,1.978387,noise
33,2,9,signal,6.02,noise,1.818801,noise
33,2,10,noise,6.12,signal,1.553873,noise
33,3,1,noise,7.4,signal,2.560646,signal
33,3,2,noise,5.25,signal,1.910071,noise
33,3,3,signal,6.86,signal,2.26418,noise
33,3,4,noise,5.91,noise,1.394089,signal
33,3,5,noise,9.2,signal,1.483295,signal
33,3,6,signal,4.3,noise,1.128831,noise
33,3,7,noise,9.35,signal,0.993437,signal
33,3,8,signal,6.65,signal,1.387329,signal
33,3,9,signal,8.36,signal,1.518787,signal
33,3,10,noise,4.39,noise,1.549941,noise
33,3,11,signal,8.03,noise,1.506441,signal
33,3,12,noise,4.11,noise,1.551818,noise
33,3,13,noise,6.11,noise,1.972068,noise
33,3,14,signal,4.66,noise,2.043031,noise
33,3,15,signal,8.11,signal,3.044815,signal
33,3,16,signal,5.04,noise,6.160456,noise
33,3,17,noise,6.88,signal,1.35044,signal
33,3,18,noise,8.52,noise,1.340101,signal
33,3,19,signal,4.06,noise,1.526801,noise
33,3,20,noise,5.34,signal,1.67617,noise
33,3,21,noise,5.94,noise,1.446739,noise
34,1,1,signal,9.95,signal,12.949647,signal
33,3,22,noise,6.35,signal,1.597565,signal
33,3,23,noise,4.39,signal,1.582832,noise
34,1,2,signal,8.31,signal,1.822863,signal
33,3,24,signal,7.38,noise,1.52064,noise
34,1,3,signal,4.01,noise,1.951608,noise
33,3,25,noise,4.69,noise,1.551962,noise
34,1,4,signal,5.14,noise,2.155443,noise
33,3,26,signal,7.38,noise,1.578803,signal
33,3,27,signal,7.52,signal,1.860227,signal
32,2,1,signal,6.36,signal,3.299206,noise
33,3,28,signal,7.3,signal,1.879071,signal
33,3,29,noise,5.83,noise,1.557028,noise
32,2,2,noise,8.04,noise,2.044883,noise
34,1,5,signal,6.43,noise,7.207909,noise
33,3,30,noise,5.9,noise,1.555884,signal
32,2,3,noise,7.33,noise,2.066717,signal
33,3,31,signal,7.51,signal,1.581472,signal
34,1,6,noise,5.31,noise,2.87181,noise
32,2,4,noise,5.46,noise,1.860331,noise
33,3,32,noise,4.48,signal,1.48125,noise
34,1,7,signal,7.35,signal,1.95139,signal
32,2,5,noise,6.82,noise,1.719598,noise
33,3,33,signal,6.95,signal,1.533218,signal
32,2,6,signal,6.6,signal,1.710872,signal
34,1,8,noise,4.39,noise,1.861977,noise
33,3,34,signal,7.35,noise,1.479922,signal
34,1,9,noise,4.96,noise,1.595738,noise
32,2,7,noise,6.52,noise,1.718398,noise
33,3,35,signal,6.52,signal,1.883879,signal
34,1,10,noise,5.32,noise,2.041921,noise
33,3,36,signal,6.28,noise,1.619182,noise
32,2,8,signal,7.19,signal,3.26874,signal
33,3,37,signal,6.46,noise,1.598075,noise
32,2,9,noise,7.6,noise,1.609063,signal
33,3,38,signal,7.54,signal,1.500928,signal
32,2,10,noise,5.01,noise,1.681274,noise
33,3,39,noise,4.83,noise,1.590433,noise
33,3,40,noise,5.83,signal,1.808121,noise
33,3,41,signal,7.73,signal,1.462441,signal
32,3,1,signal,7.27,signal,2.373901,signal
33,3,42,noise,6.18,noise,1.892867,noise
32,3,2,signal,8.2,signal,2.082876,signal
33,3,43,signal,3.53,noise,1.601966,noise
32,3,3,signal,5.6,signal,1.667602,signal
33,3,44,noise,6.24,noise,1.764004,noise
36,1,1,signal,5.54,noise,4.570585,noise
32,3,4,signal,7.37,signal,1.614018,signal
33,3,45,signal,8.62,signal,1.670467,signal
32,3,5,noise,4.54,noise,1.822442,noise
33,3,46,noise,6.6,noise,1.56957,noise
34,2,1,signal,3.34,signal,2.568117,noise
32,3,6,signal,5.67,signal,1.663429,noise
33,3,47,noise,5.16,signal,1.710557,noise
32,3,7,noise,6.83,noise,1.64553,noise
33,3,48,signal,7.69,signal,1.650237,signal
34,2,2,noise,6.31,signal,3.099296,signal
32,3,8,signal,8.36,signal,1.685184,signal
34,2,3,noise,6.68,noise,1.877767,signal
33,3,49,noise,4.21,noise,3.313259,noise
32,3,9,noise,6.96,noise,1.839662,signal
34,2,4,noise,4.09,noise,2.320647,noise
33,3,50,noise,6.68,noise,1.908303,noise
32,3,10,signal,6.85,signal,1.849266,signal
33,3,51,signal,8.29,signal,1.573778,signal
34,2,5,signal,6.84,noise,2.073891,signal
32,3,11,noise,5.44,noise,1.798822,noise
33,3,52,signal,8.83,noise,1.519785,signal
32,3,12,noise,5.04,noise,1.742308,noise
34,2,6,signal,5.58,signal,2.494898,signal
33,3,53,noise,6.28,signal,1.52013,signal
32,3,13,signal,8.21,signal,1.688136,signal
32,3,14,signal,7.03,signal,2.303566,signal
34,2,7,noise,7.31,signal,5.027837,signal
33,3,54,noise,6.57,noise,5.469492,noise
32,3,15,signal,8.71,signal,2.685846,signal
37,1,1,noise,7.43,signal,9.070951,signal
34,2,8,signal,6.72,noise,2.663021,noise
33,3,55,noise,6.32,noise,1.925149,noise
32,3,16,noise,6.75,noise,1.687923,signal
33,3,56,signal,7.98,noise,1.515079,signal
32,3,17,signal,7.31,signal,1.747975,signal
33,3,57,signal,7.07,noise,1.775815,noise
34,2,9,noise,7.2,signal,3.613398,signal
32,3,18,noise,5.33,noise,1.884538,noise
33,3,58,noise,6.47,noise,1.451356,signal
34,2,10,signal,7.31,signal,2.186802,signal
32,3,19,noise,4.41,noise,1.784744,noise
33,3,59,noise,5.27,noise,1.429494,noise
33,3,60,signal,8.74,signal,1.520942,signal
32,3,20,signal,6.55,signal,1.861503,signal
33,3,61,noise,4.9,noise,1.47693,noise
32,3,21,noise,4.93,noise,1.829419,noise
33,3,62,noise,4.99,signal,1.587776,noise
32,3,22,noise,4.06,noise,1.718172,noise
33,3,63,noise,4.26,noise,1.560639,noise
34,3,1,signal,7.66,signal,6.529591,signal
32,3,23,signal,5.64,signal,1.769537,noise
33,3,64,signal,7.46,signal,1.45488,noise
34,3,2,noise,5.04,noise,1.652577,noise
32,3,24,noise,8.9,noise,1.900175,signal
33,3,65,signal,7.04,signal,1.455246,signal
34,3,3,noise,6.68,noise,1.655319,noise
32,3,25,signal,7.01,signal,1.799604,signal
33,3,66,noise,7.16,noise,1.795117,signal
34,3,4,signal,7.08,signal,1.624526,signal
32,3,26,signal,6.59,signal,1.835948,signal
33,3,67,signal,6.7,noise,1.843737,noise
34,3,5,signal,6.13,signal,2.025923,signal
37,1,2,signal,3.98,noise,21.266631,noise
33,3,68,noise,5.77,noise,1.49015,signal
32,3,27,signal,6.38,signal,1.782213,signal
34,3,6,noise,3.76,noise,1.561224,noise
37,1,3,noise,5.17,signal,1.918595,noise
33,3,69,noise,8.19,signal,1.357669,signal
32,3,28,noise,6.38,noise,1.389521,noise
34,3,7,noise,5.8,noise,1.568707,signal
33,3,70,noise,4.98,noise,1.641807,noise
37,1,4,signal,5.69,noise,2.044229,noise
32,3,29,noise,6.03,noise,1.782627,noise
33,3,71,noise,4.46,noise,1.481382,noise
34,3,8,signal,6.83,noise,2.426306,noise
37,1,5,noise,8.69,signal,1.87426,signal
32,3,30,signal,5.74,signal,1.833811,noise
34,3,9,signal,7.16,signal,1.639017,signal
33,3,72,signal,7.62,noise,1.74016,signal
32,3,31,noise,5.69,noise,1.716996,signal
33,3,73,noise,5.52,noise,1.573695,noise
34,3,10,signal,6.77,signal,1.857219,noise
37,1,6,signal,6.96,noise,3.543471,noise
32,3,32,signal,6.11,signal,1.744842,signal
33,3,74,noise,5.89,noise,1.574491,noise
37,1,7,noise,4.16,noise,1.233692,noise
32,3,33,signal,6.52,signal,1.788169,noise
37,1,8,noise,5.36,noise,1.306732,noise
33,3,75,noise,4.71,noise,1.677045,noise
34,3,11,noise,5.93,noise,3.666068,noise
32,3,34,signal,7.76,signal,1.686401,signal
37,1,9,noise,7.96,signal,1.741621,signal
33,3,76,signal,7.49,signal,1.606922,signal
34,3,12,noise,6.77,noise,1.645262,noise
37,1,10,signal,6.26,signal,1.329006,noise
32,3,35,signal,7.54,signal,1.575442,signal
33,3,77,signal,8.12,noise,1.800881,signal
34,3,13,signal,6.01,signal,1.877679,noise
32,3,36,signal,6.89,signal,1.679846,signal
33,3,78,noise,6.72,signal,1.706648,signal
34,3,14,noise,6.67,noise,1.603145,noise
32,3,37,signal,5.81,signal,1.358354,signal
33,3,79,signal,8.06,noise,1.620103,signal
34,3,15,noise,7.14,noise,2.042133,noise
32,3,38,noise,5.57,noise,1.7067,noise
33,3,80,noise,6.61,noise,1.664185,noise
32,3,39,signal,7.45,signal,1.647847,noise
34,3,16,noise,6.0,signal,2.51607,signal
33,3,81,noise,4.45,signal,1.866689,noise
37,2,1,signal,7.0,noise,5.875053,noise
32,3,40,signal,7.73,signal,1.739133,signal
34,3,17,noise,7.55,noise,1.611334,signal
33,3,82,noise,4.41,signal,1.503887,noise
32,3,41,signal,5.49,signal,1.659018,noise
34,3,18,signal,7.13,signal,1.556932,signal
33,3,83,signal,7.06,noise,1.567127,signal
37,2,2,signal,4.87,noise,2.851668,noise
32,3,42,noise,6.03,noise,1.60027,signal
37,2,3,noise,5.23,signal,0.96879,noise
33,3,84,signal,7.27,signal,1.793879,signal
34,3,19,signal,8.81,noise,2.770678,signal
37,2,4,noise,7.21,noise,1.09189,noise
32,3,43,noise,6.8,noise,1.663008,noise
33,3,85,signal,8.11,noise,1.744024,signal
37,2,5,noise,5.67,signal,1.394227,noise
34,3,20,signal,7.03,signal,2.128801,signal
32,3,44,noise,7.25,noise,1.757191,noise
33,3,86,signal,8.98,signal,1.929412,signal
37,2,6,noise,6.26,noise,1.386695,noise
34,3,21,signal,5.58,signal,1.609548,signal
32,3,45,noise,6.2,noise,1.911577,noise
33,3,87,noise,5.98,noise,1.692798,noise
37,2,7,noise,8.16,signal,1.633588,signal
34,3,22,signal,6.88,signal,1.795447,signal
37,2,8,signal,4.84,signal,0.991001,noise
32,3,46,signal,8.41,signal,1.809896,noise
33,3,88,signal,8.06,signal,1.654377,signal
34,3,23,signal,6.31,signal,1.599095,signal
37,2,9,noise,7.44,signal,1.611202,noise
32,3,47,signal,7.91,signal,1.688264,signal
33,3,89,noise,6.35,signal,1.691284,signal
37,2,10,noise,7.54,signal,1.603281,signal
32,3,48,noise,6.93,noise,1.677032,signal
34,3,24,signal,7.79,signal,2.678609,signal
33,3,90,signal,6.24,noise,2.021021,noise
32,3,49,noise,5.91,noise,1.604445,signal
34,3,25,signal,7.06,signal,1.545059,signal
33,3,91,noise,5.72,noise,1.98481,noise
34,3,26,signal,6.46,signal,1.622586,signal
32,3,50,signal,5.94,signal,1.746783,noise
33,3,92,signal,7.88,signal,1.811088,signal
32,3,51,signal,6.38,signal,1.681754,noise
34,3,27,noise,5.67,noise,1.887393,noise
33,3,93,signal,7.16,signal,1.482049,signal
37,3,1,signal,7.57,signal,3.750844,signal
34,3,28,noise,5.91,noise,1.53287,noise
37,3,2,noise,5.67,noise,1.053114,noise
33,3,94,signal,8.66,signal,1.723253,signal
32,3,52,signal,9.2,signal,3.309894,signal
37,3,3,noise,7.99,signal,1.419095,signal
34,3,29,noise,6.75,noise,1.933445,signal
33,3,95,signal,8.17,noise,1.582551,signal
37,3,4,noise,5.35,noise,1.36316,noise
32,3,53,signal,6.67,signal,1.734163,noise
34,3,30,noise,4.56,signal,1.601802,noise
33,3,96,signal,7.41,noise,1.697653,signal
37,3,5,signal,7.79,noise,1.645993,signal
32,3,54,noise,6.4,noise,1.644154,signal
33,3,97,signal,8.84,noise,1.742232,signal
37,3,6,signal,4.03,signal,1.191342,noise
32,3,55,noise,4.61,noise,1.558413,noise
34,3,31,signal,5.67,signal,3.344093,signal
33,3,98,signal,7.81,noise,1.666011,signal
32,3,56,signal,4.81,signal,1.788488,noise
34,3,32,signal,6.6,signal,1.704026,signal
33,3,99,noise,5.45,signal,1.515506,noise
32,3,57,signal,6.96,signal,1.809426,signal
37,3,7,noise,5.19,noise,3.856384,noise
33,3,100,noise,6.43,signal,1.618044,signal
37,3,8,noise,4.86,noise,1.584068,noise
32,3,58,signal,7.64,signal,1.800477,signal
37,3,9,noise,8.17,noise,1.149712,signal
34,3,33,signal,4.99,noise,5.087959,noise
32,3,59,noise,6.69,noise,1.847316,noise
37,3,10,noise,6.37,signal,1.633852,noise
34,3,34,signal,7.16,signal,1.921468,signal
32,3,60,noise,6.58,noise,1.580028,noise
37,3,11,noise,5.74,noise,2.082395,noise
34,3,35,noise,4.78,noise,2.436361,noise
32,3,61,noise,6.94,noise,2.252838,signal
37,3,12,noise,5.12,noise,2.735338,noise
32,3,62,noise,6.35,noise,1.580217,noise
34,3,36,signal,7.21,signal,3.159539,noise
32,3,63,noise,6.65,noise,1.576492,noise
34,3,37,noise,8.0,signal,2.568922,signal
32,3,64,signal,8.61,signal,1.786495,signal
34,3,38,signal,5.34,noise,1.648434,noise
32,3,65,signal,8.11,signal,3.151044,noise
37,3,13,signal,4.37,signal,2.560356,noise
34,3,39,noise,9.28,signal,2.642894,signal
32,3,66,signal,6.38,signal,1.779647,signal
37,3,14,signal,4.88,noise,1.667453,noise
32,3,67,noise,6.1,noise,1.657215,noise
34,3,40,signal,8.27,signal,3.048318,signal
37,3,15,signal,3.95,signal,1.883471,noise
32,3,68,signal,7.34,signal,1.844892,signal
34,3,41,signal,9.1,signal,2.090317,signal
32,3,69,noise,4.68,noise,1.832686,noise
37,3,16,noise,5.28,noise,4.011599,noise
34,3,42,noise,5.64,signal,2.848326,noise
32,3,70,signal,7.82,signal,1.760884,signal
37,3,17,noise,4.99,noise,2.000178,noise
34,3,43,noise,5.62,noise,1.610306,noise
37,3,18,noise,6.05,noise,1.271491,noise
34,3,44,noise,5.97,noise,1.436764,signal
32,3,71,noise,7.12,noise,3.088485,noise
37,3,19,noise,4.15,noise,1.621953,noise
32,3,72,noise,5.15,noise,1.706887,noise
37,3,20,noise,8.71,signal,1.051311,signal
34,3,45,signal,5.88,noise,2.586424,noise
32,3,73,noise,5.7,noise,1.65983,signal
37,3,21,signal,7.57,signal,1.230307,signal
37,3,22,signal,7.2,signal,1.572024,signal
34,3,46,signal,7.19,signal,3.004569,noise
32,3,74,signal,8.91,signal,1.898663,signal
32,3,75,noise,6.08,noise,1.669525,signal
37,3,23,noise,7.58,noise,1.920979,signal
34,3,47,signal,9.08,noise,2.268502,signal
37,3,24,noise,6.03,noise,1.110213,signal
32,3,76,noise,5.92,noise,1.599064,noise
34,3,48,noise,6.85,signal,1.657207,signal
37,3,25,noise,5.8,noise,1.482245,noise
32,3,77,noise,6.51,noise,1.627457,noise
38,1,1,noise,5.42,noise,19.302032,noise
34,3,49,signal,8.08,signal,1.645764,signal
32,3,78,noise,7.53,noise,1.534593,noise
37,3,26,signal,6.04,signal,2.053023,noise
34,3,50,signal,8.92,noise,1.716989,signal
32,3,79,noise,6.42,noise,1.58143,noise
37,3,27,noise,6.52,noise,1.945553,signal
34,3,51,signal,7.46,noise,1.771749,signal
38,1,2,signal,7.76,signal,4.523111,noise
32,3,80,noise,6.4,noise,1.73261,noise
34,3,52,signal,8.69,noise,1.386667,signal
37,3,28,noise,8.35,noise,2.117449,signal
32,3,81,signal,7.27,signal,1.769946,signal
34,3,53,signal,7.71,noise,1.497259,signal
32,3,82,signal,6.33,signal,1.505765,signal
38,1,3,signal,5.94,noise,4.27432,noise
34,3,54,signal,6.27,signal,1.830128,noise
32,3,83,signal,6.29,noise,1.43034,signal
34,3,55,noise,6.07,noise,1.371436,noise
37,3,29,noise,6.31,noise,4.937965,noise
32,3,84,noise,4.18,signal,1.421938,noise
34,3,56,noise,5.81,signal,1.540105,noise
37,3,30,noise,8.4,signal,1.351499,signal
38,1,4,signal,6.66,noise,4.241084,noise
34,3,57,noise,6.29,noise,1.468662,noise
32,3,85,noise,5.59,noise,1.983366,noise
37,3,31,signal,7.29,signal,1.037903,signal
34,3,58,noise,6.02,noise,1.400967,noise
38,1,5,signal,4.8,signal,2.621116,noise
32,3,86,signal,6.18,signal,1.705869,signal
37,3,32,noise,4.89,noise,2.207903,noise
34,3,59,noise,5.7,noise,2.044366,noise
32,3,87,signal,6.38,signal,1.78046,noise
38,1,6,noise,3.25,noise,3.105619,noise
34,3,60,noise,4.42,signal,1.802792,noise
37,3,33,signal,5.86,signal,2.139222,noise
32,3,88,signal,5.09,signal,2.115035,signal
37,3,34,signal,6.26,signal,1.810532,noise
32,3,89,signal,6.27,signal,1.757202,signal
38,1,7,noise,5.59,noise,3.305689,noise
34,3,61,signal,7.27,noise,3.719105,signal
37,3,35,noise,5.41,noise,2.364536,noise
32,3,90,signal,6.11,signal,1.699489,noise
34,3,62,noise,5.92,signal,1.672398,signal
32,3,91,signal,6.07,signal,1.694022,noise
38,1,8,noise,7.96,signal,3.620773,signal
34,3,63,signal,9.19,signal,1.765029,signal
32,3,92,signal,6.83,signal,1.582193,noise
37,3,36,noise,4.56,noise,4.216738,noise
34,3,64,signal,5.7,signal,1.702291,noise
38,1,9,signal,8.24,noise,2.143727,signal
36,1,2,signal,5.05,signal,176.183892,noise
32,3,93,noise,6.23,noise,1.734378,noise
34,3,65,noise,5.18,noise,1.40512,noise
32,3,94,noise,6.52,signal,1.351967,signal
38,1,10,noise,5.92,noise,2.46637,noise
37,3,37,noise,7.59,noise,2.995025,signal
34,3,66,signal,7.38,noise,1.987539,signal
32,3,95,noise,6.66,noise,2.225658,signal
34,3,67,signal,7.8,signal,1.671065,signal
37,3,38,noise,5.18,noise,2.243841,noise
32,3,96,signal,6.37,signal,1.728235,signal
37,3,39,noise,5.45,noise,1.443582,noise
34,3,68,noise,4.24,signal,1.661637,noise
32,3,97,signal,7.43,signal,1.701819,signal
37,3,40,noise,5.21,noise,1.561587,noise
34,3,69,noise,6.87,signal,2.58925,signal
32,3,98,signal,4.49,signal,1.716344,noise
37,3,41,signal,5.81,signal,1.831477,noise
34,3,70,signal,6.57,noise,1.728676,noise
32,3,99,signal,7.45,signal,1.82192,signal
37,3,42,signal,8.29,signal,1.270289,signal
34,3,71,signal,7.61,noise,1.734831,noise
32,3,100,signal,8.81,signal,1.692177,signal
37,3,43,signal,7.34,signal,2.566458,signal
34,3,72,noise,7.69,noise,1.832176,noise
38,2,1,noise,6.74,signal,6.597831,noise
36,1,3,noise,4.43,signal,15.610421,noise
37,3,44,noise,6.2,noise,1.942744,noise
34,3,73,noise,5.51,noise,1.983986,noise
38,2,2,noise,6.46,noise,2.641427,noise
34,3,74,noise,7.55,noise,1.749403,noise
37,3,45,noise,4.84,noise,1.900359,noise
34,3,75,noise,4.72,noise,2.047766,noise
37,3,46,noise,3.97,noise,1.642535,noise
38,2,3,signal,4.56,signal,4.453193,signal
37,3,47,noise,5.59,noise,1.605401,noise
34,3,76,signal,8.34,signal,2.083046,signal
34,3,77,noise,4.47,signal,1.602869,noise
37,3,48,noise,5.44,noise,2.039887,noise
34,3,78,noise,4.46,signal,1.442854,noise
36,1,4,signal,4.71,signal,11.587378,noise
34,3,79,noise,5.75,noise,2.091667,signal
38,2,4,noise,8.34,noise,6.455194,noise
37,3,49,noise,6.62,noise,4.048628,noise
36,1,5,noise,6.45,signal,2.984057,noise
34,3,80,signal,6.65,noise,2.637324,noise
37,3,50,signal,7.42,signal,2.16678,signal
36,1,6,signal,6.1,signal,3.146846,noise
34,3,81,signal,7.48,signal,2.828846,signal
37,3,51,signal,4.14,signal,2.9319,noise
38,2,5,noise,5.82,noise,7.292624,noise
36,1,7,signal,5.5,signal,2.799882,noise
34,3,82,noise,5.71,noise,2.245005,noise
34,3,83,noise,5.37,signal,1.974345,noise
39,1,1,noise,5.15,noise,11.3443,noise
36,1,8,signal,6.53,noise,2.912595,noise
34,3,84,noise,5.95,signal,1.620857,noise
38,2,6,noise,4.94,noise,4.058975,noise
36,1,9,signal,5.76,signal,1.345714,noise
39,1,2,noise,7.74,noise,3.059904,signal
34,3,85,noise,6.57,signal,1.671275,signal
38,2,7,noise,6.58,noise,2.926984,noise
36,1,10,signal,3.86,noise,2.548368,noise
34,3,86,noise,4.71,noise,1.53276,noise
34,3,87,noise,5.87,noise,1.660569,signal
37,3,52,noise,8.84,noise,11.684132,signal
34,3,88,signal,6.49,noise,1.409881,noise
38,2,8,noise,7.95,signal,4.406261,noise
37,3,53,noise,4.47,noise,2.086517,noise
34,3,89,signal,8.89,signal,2.2336,signal
37,3,54,noise,5.48,signal,1.481399,noise
36,2,1,noise,6.4,signal,3.465102,noise
38,2,9,noise,4.06,signal,3.884252,noise
37,3,55,noise,5.3,noise,2.701241,noise
36,2,2,noise,7.47,signal,1.326427,signal
34,3,90,signal,6.02,noise,3.968447,noise
36,2,3,noise,7.03,signal,1.34546,signal
34,3,91,signal,7.93,noise,1.896244,signal
36,2,4,signal,5.65,signal,1.648209,noise
39,1,3,signal,6.49,signal,14.0344,noise
38,2,10,noise,4.97,noise,4.589937,noise
37,3,56,noise,6.94,noise,3.839157,noise
34,3,92,signal,6.94,signal,1.818419,noise
36,2,5,noise,6.27,signal,1.588088,signal
34,3,93,noise,5.96,signal,1.258047,noise
36,2,6,noise,6.97,signal,1.350076,noise
39,1,4,noise,6.58,noise,3.369333,noise
34,3,94,noise,6.73,signal,1.515508,signal
39,1,5,noise,5.56,noise,2.790782,noise
34,3,95,signal,6.5,signal,2.379658,signal
36,2,7,noise,8.55,noise,3.880698,signal
34,3,96,signal,6.55,signal,1.489598,noise
39,1,6,noise,5.26,signal,2.750284,noise
34,3,97,noise,6.3,noise,1.459724,noise
36,2,8,signal,5.72,signal,3.121203,noise
34,3,98,noise,7.23,noise,2.023997,signal
34,3,99,noise,5.96,signal,1.80482,signal
34,3,100,signal,6.46,signal,1.354004,signal
36,2,9,noise,6.56,noise,5.741701,noise
39,1,7,noise,4.86,signal,7.34923,noise
39,1,8,noise,3.2,noise,1.790374,noise
36,2,10,noise,4.78,noise,2.372978,noise
37,3,57,signal,6.98,signal,19.993559,signal
38,3,1,noise,5.33,noise,4.369474,noise
39,1,9,signal,8.54,noise,2.866667,signal
38,3,2,noise,5.69,signal,2.009012,noise
37,3,58,signal,4.89,signal,2.478751,noise
35,1,1,signal,6.59,signal,181.597722,signal
36,3,1,noise,5.5,noise,3.516352,noise
38,3,3,noise,7.77,noise,2.034363,noise
37,3,59,signal,5.2,signal,2.412889,noise
35,1,2,signal,6.84,signal,3.130375,noise
38,3,4,signal,6.1,signal,2.220431,signal
37,3,60,signal,6.39,signal,1.985032,signal
39,1,10,noise,5.24,signal,5.962899,noise
36,3,2,signal,6.26,signal,3.034019,noise
40,1,1,signal,6.52,signal,8.414085,noise
37,3,61,signal,8.15,signal,1.907246,signal
38,3,5,noise,4.36,noise,3.176779,noise
35,1,3,signal,5.97,noise,3.677496,noise
36,3,3,noise,4.39,noise,3.394439,noise
40,1,2,noise,6.91,noise,2.306502,noise
37,3,62,noise,3.67,noise,2.182852,noise
38,3,6,noise,8.73,signal,2.313201,signal
35,1,4,signal,6.09,signal,3.079528,noise
40,1,3,noise,7.01,noise,2.175129,noise
37,3,63,noise,5.45,noise,1.816336,noise
36,3,4,noise,4.52,noise,2.995574,noise
38,3,7,noise,7.04,noise,2.249909,noise
40,1,4,noise,5.08,noise,2.023242,noise
35,1,5,noise,5.99,noise,2.403848,signal
37,3,64,noise,7.46,noise,2.046359,signal
36,3,5,noise,5.6,signal,2.123179,noise
40,1,5,noise,4.92,noise,1.614266,noise
38,3,8,signal,7.87,noise,2.672395,noise
37,3,65,noise,3.67,noise,2.094567,noise
36,3,6,signal,7.72,noise,1.900309,signal
35,1,6,signal,6.57,noise,2.979834,signal
40,1,6,noise,6.61,signal,1.533895,noise
37,3,66,noise,6.2,noise,2.118729,noise
38,3,9,signal,5.11,noise,2.470477,noise
40,1,7,noise,6.84,noise,1.376273,noise
35,1,7,noise,4.82,noise,2.725062,noise
36,3,7,noise,5.66,noise,3.592288,noise
40,1,8,noise,6.13,noise,1.419771,noise
37,3,67,noise,8.6,noise,2.409345,signal
40,1,9,noise,5.04,noise,1.502739,noise
38,3,10,noise,5.84,noise,3.585851,noise
35,1,8,noise,3.81,noise,2.820592,noise
36,3,8,signal,7.14,signal,2.848445,signal
37,3,68,noise,4.34,noise,1.927524,noise
40,1,10,noise,5.79,noise,1.334968,noise
39,2,1,signal,6.44,signal,11.103562,noise
35,1,9,signal,6.43,noise,2.297291,noise
38,3,11,noise,5.31,signal,3.071984,noise
36,3,9,noise,7.53,noise,3.034848,signal
37,3,69,noise,4.15,noise,2.56078,noise
35,1,10,noise,3.87,noise,2.666973,noise
38,3,12,noise,7.71,noise,2.648484,noise
36,3,10,noise,7.12,noise,2.54381,signal
40,2,1,signal,6.55,noise,2.890319,noise
39,2,2,noise,5.49,noise,4.10304,noise
42,1,1,noise,6.94,signal,6.547553,signal
40,2,2,noise,6.15,noise,1.288906,noise
38,3,13,noise,5.36,noise,2.347675,noise
37,3,70,noise,6.38,noise,2.520879,noise
40,2,3,noise,6.23,noise,1.313659,noise
42,1,2,signal,6.32,noise,2.30195,noise
36,3,11,signal,5.6,signal,3.503445,signal
39,2,3,noise,5.68,noise,3.17219,noise
38,3,14,signal,5.4,signal,2.212995,noise
42,1,3,noise,5.95,noise,2.080982,noise
41,1,1,noise,4.68,noise,7.989414,noise
40,2,4,noise,8.17,signal,2.611386,signal
37,3,71,signal,8.44,signal,4.652885,signal
38,3,15,noise,7.14,noise,2.473824,noise
36,3,12,noise,5.61,noise,3.177022,signal
40,2,5,noise,5.17,noise,1.568803,noise
41,1,2,noise,4.36,signal,2.077059,noise
42,1,4,signal,7.69,signal,2.269985,signal
39,2,4,noise,5.05,noise,4.651327,noise
44,1,1,noise,6.28,signal,3.724522,signal
37,3,72,noise,4.95,noise,2.148008,noise
40,2,6,noise,5.38,noise,1.431219,noise
38,3,16,signal,4.9,noise,2.436987,noise
36,3,13,noise,6.18,noise,2.485964,signal
41,1,3,signal,6.88,signal,1.674168,noise
44,1,2,signal,6.18,noise,1.540445,signal
42,1,5,noise,6.12,noise,2.197625,noise
40,2,7,noise,5.15,noise,1.618821,noise
37,3,73,noise,4.64,noise,2.338412,noise
44,1,3,noise,7.17,noise,1.086158,noise
36,3,14,noise,5.38,noise,2.431543,noise
44,1,4,signal,5.93,noise,1.05901,noise
42,1,6,signal,6.86,signal,2.144473,signal
40,2,8,noise,5.16,noise,1.738501,noise
37,3,74,signal,9.84,signal,1.950886,signal
38,3,17,noise,7.38,noise,5.260583,noise
44,1,5,noise,6.53,noise,2.041986,signal
40,2,9,signal,4.91,signal,1.80923,noise
36,3,15,noise,7.71,noise,2.96819,noise
42,1,7,noise,7.02,signal,2.333868,signal
39,2,5,signal,6.52,noise,6.965665,noise
44,1,6,signal,5.69,noise,1.096494,signal
37,3,75,signal,7.9,signal,2.628778,signal
38,3,18,noise,5.85,noise,1.855038,noise
40,2,10,noise,5.85,signal,1.944153,noise
44,1,7,signal,6.0,signal,0.882832,signal
42,1,8,signal,6.27,signal,2.063691,signal
37,3,76,signal,7.52,signal,1.823454,signal
44,1,8,noise,7.79,noise,1.127638,noise
36,3,16,signal,6.02,signal,3.2357,noise
38,3,19,signal,9.13,signal,2.182585,signal
44,1,9,signal,7.93,signal,0.857031,signal
42,1,9,signal,6.72,noise,1.935087,noise
37,3,77,signal,6.3,signal,2.152096,noise
44,1,10,signal,5.99,noise,1.395817,noise
38,3,20,noise,7.19,noise,2.085019,noise
39,2,6,noise,6.33,signal,6.086273,noise
42,1,10,noise,6.23,noise,1.828658,noise
36,3,17,signal,8.0,signal,2.9558,signal
40,3,1,noise,5.26,noise,4.071166,noise
37,3,78,noise,4.55,noise,2.597435,noise
38,3,21,noise,3.85,noise,2.10784,signal
36,3,18,noise,6.52,noise,2.843177,noise
37,3,79,signal,6.64,signal,1.914397,signal
40,3,2,noise,4.16,noise,2.546891,noise
39,2,7,noise,6.23,noise,5.124516,noise
38,3,22,noise,7.05,noise,2.970743,noise
37,3,80,signal,8.6,signal,1.999893,signal
40,3,3,noise,7.17,noise,1.645566,signal
42,2,1,noise,5.6,signal,2.417,signal
38,3,23,signal,6.26,signal,1.910614,noise
39,2,8,noise,5.6,noise,2.368401,noise
40,3,4,noise,5.07,noise,1.767759,noise
42,2,2,signal,6.96,signal,1.675435,signal
37,3,81,noise,7.08,noise,2.302657,signal
36,3,19,noise,6.59,noise,5.224709,noise
42,2,3,noise,4.59,noise,1.64207,noise
40,3,5,signal,6.76,signal,1.728961,signal
39,2,9,noise,5.15,noise,2.034866,noise
37,3,82,signal,5.21,signal,2.083407,noise
36,3,20,noise,5.04,noise,2.63372,noise
40,3,6,noise,5.53,noise,1.467893,noise
37,3,83,noise,7.1,noise,1.904686,signal
39,2,10,noise,4.02,noise,2.835852,noise
35,2,1,signal,7.43,signal,3.822141,noise
38,3,24,noise,6.12,signal,5.787679,noise
42,2,4,noise,5.17,noise,3.524995,noise
40,3,7,signal,6.99,signal,2.021163,signal
36,3,21,signal,6.87,signal,2.972166,noise
37,3,84,signal,4.68,signal,2.008514,noise
40,3,8,noise,3.79,noise,1.642245,noise
35,2,2,noise,5.7,noise,2.769365,noise
42,2,5,noise,7.27,noise,2.291273,noise
37,3,85,noise,3.33,noise,1.76201,noise
38,3,25,signal,5.41,noise,3.610503,noise
40,3,9,signal,7.58,signal,1.804658,signal
36,3,22,noise,7.45,noise,3.10366,signal
35,2,3,signal,6.26,signal,2.261723,signal
42,2,6,noise,5.77,noise,2.268822,noise
40,3,10,noise,5.05,signal,1.958802,noise
37,3,86,noise,7.76,noise,2.792902,signal
36,3,23,noise,7.88,noise,2.650404,noise
42,2,7,noise,6.71,noise,2.074462,signal
38,3,26,noise,6.76,noise,4.393638,noise
40,3,11,signal,6.08,signal,2.23917,noise
37,3,87,noise,2.97,noise,1.904893,noise
35,2,4,signal,5.4,signal,3.684436,noise
42,2,8,noise,5.07,noise,1.995726,noise
36,3,24,signal,7.94,signal,2.679946,signal
40,3,12,noise,5.51,noise,1.442686,noise
37,3,88,noise,5.46,noise,1.893141,noise
38,3,27,signal,6.9,noise,2.457132,noise
42,2,9,signal,7.15,signal,1.972635,noise
35,2,5,noise,8.6,noise,2.781053,signal
36,3,25,signal,5.47,signal,2.328943,noise
40,3,13,noise,6.76,noise,2.270784,noise
38,3,28,noise,5.76,noise,1.754827,noise
44,2,1,noise,5.33,noise,23.200634,noise
37,3,89,noise,3.36,noise,2.384077,noise
42,2,10,signal,6.69,signal,1.756697,signal
44,2,2,signal,6.78,noise,0.920976,signal
35,2,6,signal,7.02,signal,2.769944,noise
40,3,14,noise,7.4,noise,2.05359,noise
38,3,29,noise,5.49,noise,2.13782,noise
36,3,26,noise,7.2,noise,2.998786,signal
37,3,90,noise,4.01,noise,2.076555,noise
44,2,3,noise,5.64,noise,1.641501,signal
40,3,15,signal,3.74,signal,2.064045,noise
44,2,4,signal,5.69,noise,1.365297,noise
38,3,30,noise,6.25,noise,2.142969,noise
37,3,91,signal,8.74,signal,1.85227,signal
42,3,1,signal,7.39,signal,2.294099,signal
36,3,27,noise,5.13,noise,2.500006,noise
40,3,16,noise,5.15,noise,1.373431,noise
52,1,1,noise,5.56,signal,6.000362,noise
35,2,7,noise,5.2,signal,4.107154,noise
44,2,5,signal,6.08,noise,1.388395,noise
37,3,92,noise,5.46,noise,1.906326,noise
42,3,2,signal,6.73,signal,1.560602,signal
44,2,6,noise,8.46,signal,1.246459,signal
38,3,31,signal,8.33,signal,3.026654,noise
40,3,17,noise,5.14,noise,1.700891,noise
42,3,3,noise,6.77,noise,1.675057,noise
37,3,93,signal,4.3,signal,2.048597,noise
44,2,7,noise,3.91,noise,1.1957,noise
35,2,8,noise,5.35,noise,2.928719,noise
38,3,32,noise,6.85,noise,1.50281,noise
40,3,18,noise,6.88,noise,1.565712,noise
36,3,28,noise,5.41,noise,4.488338,noise
42,3,4,noise,6.97,noise,1.570861,noise
53,1,1,noise,5.79,noise,3.085494,noise
44,2,8,noise,5.93,noise,1.89578,noise
37,3,94,signal,7.62,signal,2.194564,noise
40,3,19,noise,6.4,noise,1.580216,noise
42,3,5,signal,8.78,signal,1.762796,signal
48,1,1,noise,8.95,noise,11.554545,noise
36,3,29,signal,6.32,signal,2.520441,signal
35,2,9,noise,4.71,noise,3.627337,noise
44,2,9,noise,8.18,signal,1.982151,signal
40,3,20,signal,6.55,signal,1.823673,signal
44,2,10,signal,7.07,noise,0.972275,noise
42,3,6,signal,6.59,signal,1.890571,signal
37,3,95,signal,7.22,signal,3.059072,signal
52,1,2,noise,5.76,noise,8.524335,noise
38,3,33,signal,8.27,signal,5.673906,signal
53,1,2,noise,6.42,noise,5.323384,noise
35,2,10,signal,6.25,signal,2.803073,noise
40,3,21,signal,4.64,signal,2.483588,noise
42,3,7,signal,6.49,signal,1.95654,signal
36,3,30,signal,6.91,signal,4.023018,noise
40,3,22,noise,4.13,noise,1.189368,noise
53,1,3,signal,7.05,signal,1.80771,signal
48,1,2,signal,6.29,noise,5.631422,noise
38,3,34,noise,4.92,noise,2.807141,noise
37,3,96,signal,4.57,signal,3.872509,noise
42,3,8,signal,6.39,signal,1.763225,signal
52,1,3,noise,7.24,signal,4.301748,signal
40,3,23,signal,7.86,signal,2.011863,signal
36,3,31,noise,6.33,noise,3.261739,noise
53,1,4,signal,6.74,noise,2.213082,noise
42,3,9,noise,6.88,noise,1.657024,signal
37,3,97,signal,6.97,signal,2.099999,signal
48,1,3,signal,5.74,signal,2.597777,noise
38,3,35,noise,5.21,signal,2.68212,noise
39,3,1,signal,7.12,noise,10.967303,signal
40,3,24,noise,5.55,signal,1.865338,noise
53,1,5,noise,7.3,signal,1.458288,signal
42,3,10,signal,6.6,signal,1.53923,signal
36,3,32,noise,6.39,noise,2.100459,noise
37,3,98,noise,8.43,noise,2.100903,signal
52,1,4,signal,7.69,signal,3.546438,signal
40,3,25,noise,5.57,noise,1.659716,noise
48,1,4,noise,6.67,noise,2.598135,noise
53,1,6,signal,5.37,noise,1.983153,noise
38,3,36,noise,7.1,signal,2.730868,signal
42,3,11,signal,5.15,signal,2.032469,noise
39,3,2,noise,4.68,noise,3.832932,noise
40,3,26,noise,5.45,noise,1.690574,noise
53,1,7,noise,5.14,signal,1.748674,noise
36,3,33,noise,6.03,noise,3.347645,signal
48,1,5,noise,5.56,noise,2.479897,noise
46,1,1,signal,5.91,signal,12.801655,noise
37,3,99,noise,6.23,noise,3.964706,noise
52,1,5,signal,8.83,noise,3.95999,signal
42,3,12,signal,8.98,signal,2.815625,signal
40,3,27,signal,4.44,signal,1.804869,noise
53,1,8,noise,7.6,signal,1.776559,signal
57,1,1,noise,5.89,noise,8.322348,noise
38,3,37,noise,7.58,noise,4.542868,noise
40,3,28,noise,5.38,noise,1.274559,noise
42,3,13,noise,5.69,noise,1.594927,noise
48,1,6,noise,7.35,noise,2.823679,signal
53,1,9,signal,5.48,noise,1.482833,noise
36,3,34,signal,6.65,signal,3.630584,noise
52,1,6,signal,7.07,noise,2.580057,signal
37,3,100,noise,7.24,noise,3.584501,signal
38,3,38,noise,6.45,noise,1.947363,noise
53,1,10,noise,5.7,noise,1.455307,noise
40,3,29,noise,6.59,noise,2.013865,signal
57,1,2,noise,7.32,signal,3.319452,signal
42,3,14,signal,6.36,signal,1.794071,signal
46,1,2,signal,6.47,signal,4.186699,noise
44,3,1,noise,6.82,signal,11.829245,noise
48,1,7,signal,5.8,noise,2.526037,noise
52,1,7,signal,7.66,signal,2.181346,signal
44,3,2,signal,5.49,noise,1.604857,noise
40,3,30,noise,6.88,noise,2.222198,noise
42,3,15,signal,9.73,signal,2.090881,signal
56,1,1,noise,7.58,signal,11.928958,signal
57,1,3,signal,9.11,signal,2.548526,signal
38,3,39,noise,6.09,signal,2.976427,noise
46,1,3,noise,8.74,noise,2.781885,signal
48,1,8,signal,6.61,noise,2.300235,noise
35,3,1,noise,5.92,noise,3.159653,noise
39,3,3,noise,5.14,noise,9.233098,noise
58,1,1,signal,6.39,noise,4.670961,noise
44,3,3,noise,7.14,noise,2.114779,noise
52,1,8,noise,5.27,noise,3.165402,noise
38,3,40,noise,6.22,noise,1.773215,noise
40,3,31,noise,8.08,noise,2.308175,signal
42,3,16,signal,7.95,signal,2.284969,signal
56,1,2,signal,4.73,noise,2.434483,noise
57,1,4,noise,5.8,noise,2.395655,noise
46,1,4,signal,6.52,noise,2.299009,noise
48,1,9,noise,6.2,noise,2.407381,noise
44,3,4,signal,8.2,signal,1.672102,signal
52,1,9,noise,6.21,noise,1.842318,noise
35,3,2,signal,7.76,signal,2.789117,signal
39,3,4,signal,7.06,signal,2.888536,noise
40,3,32,noise,5.54,noise,1.670108,noise
49,1,1,signal,9.02,signal,4.625981,signal
38,3,41,noise,5.92,signal,2.188721,noise
42,3,17,signal,5.93,signal,2.206358,signal
44,3,5,noise,5.19,noise,1.487371,noise
60,1,1,noise,9.0,noise,2.631205,signal
57,1,5,signal,7.24,signal,2.384556,signal
48,1,10,noise,4.87,noise,2.291175,noise
46,1,5,signal,4.13,noise,2.362876,noise
40,3,33,noise,7.74,noise,1.486248,noise
52,1,10,signal,7.45,signal,2.136661,signal
60,1,2,signal,5.98,signal,1.126187,noise
42,3,18,noise,6.27,noise,1.59802,noise
44,3,6,noise,7.89,noise,1.445891,signal
38,3,42,noise,5.38,noise,1.884672,noise
53,2,1,signal,7.52,signal,7.311149,noise
35,3,3,noise,4.37,noise,2.996247,noise
57,1,6,signal,6.67,signal,1.653561,noise
46,1,6,noise,5.09,signal,1.350543,noise
49,1,2,signal,7.21,noise,2.964233,noise
40,3,34,signal,6.87,signal,1.875035,signal
44,3,7,signal,5.4,signal,1.298567,noise
42,3,19,signal,7.62,signal,1.629288,signal
38,3,43,noise,6.44,noise,1.652122,noise
39,3,5,signal,6.15,noise,4.426466,noise
57,1,7,signal,7.78,noise,1.463424,signal
58,1,2,noise,6.38,signal,7.828412,signal
46,1,7,noise,5.73,noise,2.07304,noise
60,1,3,noise,5.8,signal,3.149915,noise
44,3,8,noise,5.99,noise,1.725735,noise
35,3,4,noise,3.6,noise,2.829104,noise
40,3,35,noise,4.86,noise,2.179641,noise
50,1,1,noise,8.56,signal,8.071706,signal
42,3,20,noise,5.97,noise,1.910028,noise
38,3,44,noise,6.21,noise,1.848085,noise
57,1,8,noise,6.5,signal,1.584502,noise
49,1,3,signal,7.8,signal,3.049418,signal
36,3,35,signal,4.5,signal,14.953894,noise
58,1,3,noise,5.62,noise,1.840001,noise
44,3,9,signal,7.99,signal,1.557251,signal
57,1,9,signal,3.32,noise,1.453886,noise
40,3,36,signal,6.86,noise,1.832982,noise
60,1,4,noise,3.73,noise,2.211238,noise
42,3,21,noise,4.73,noise,1.668878,noise
39,3,6,noise,6.43,signal,4.224658,signal
35,3,5,signal,6.64,noise,2.833437,noise
44,3,10,signal,6.01,signal,1.478565,signal
53,2,2,noise,8.2,noise,6.374196,noise
49,1,4,noise,4.85,noise,2.614041,noise
57,1,10,signal,5.53,signal,1.429851,noise
56,1,3,noise,4.08,noise,11.208132,noise
60,1,5,noise,4.75,noise,1.478423,noise
40,3,37,noise,6.06,signal,1.598346,noise
38,3,45,signal,6.3,signal,3.518095,noise
42,3,22,signal,6.67,signal,1.673695,signal
58,1,4,signal,5.79,signal,3.060443,noise
50,1,2,signal,6.03,noise,3.873512,noise
46,1,8,noise,5.27,signal,4.67121,noise
44,3,11,signal,5.54,signal,1.611119,noise
53,2,3,noise,7.81,noise,1.623644,signal
60,1,6,noise,3.8,signal,1.546438,noise
39,3,7,noise,5.27,noise,2.883679,noise
49,1,5,noise,6.08,signal,2.249671,signal
35,3,6,noise,5.83,noise,2.765577,noise
38,3,46,noise,6.33,noise,1.774834,noise
40,3,38,noise,7.28,noise,1.802396,noise
53,2,4,signal,4.33,signal,1.493957,noise
44,3,12,signal,5.7,signal,1.600269,noise
42,3,23,signal,5.79,signal,2.333001,noise
36,3,36,noise,5.39,signal,6.148048,signal
46,1,9,noise,5.22,noise,2.245216,noise
56,1,4,noise,5.64,noise,3.270491,noise
60,1,7,noise,7.09,noise,1.511383,noise
58,1,5,noise,5.85,noise,3.350415,noise
44,3,13,signal,6.82,signal,1.366186,noise
50,1,3,noise,6.54,noise,3.631606,noise
39,3,8,noise,5.27,noise,2.502739,noise
53,2,5,noise,5.17,signal,1.702359,signal
38,3,47,noise,5.49,noise,2.404462,noise
42,3,24,noise,3.8,noise,1.645973,noise
40,3,39,signal,6.05,signal,2.33287,noise
35,3,7,signal,6.54,noise,2.637659,noise
46,1,10,noise,5.54,noise,2.078227,noise
60,1,8,noise,8.59,signal,1.892936,signal
44,3,14,signal,6.73,noise,1.198035,noise
56,1,5,noise,4.21,noise,2.308097,noise
47,1,1,noise,4.05,signal,15.418977,noise
36,3,37,signal,6.04,signal,2.666298,signal
45,1,1,noise,6.8,signal,11.062369,noise
53,2,6,signal,6.02,noise,1.504938,noise
38,3,48,noise,6.64,noise,1.412706,noise
57,2,1,noise,8.52,signal,4.024352,signal
49,1,6,noise,3.75,signal,4.574335,noise
42,3,25,signal,6.72,signal,1.813297,signal
40,3,40,noise,5.18,signal,1.791762,noise
58,1,6,noise,4.38,noise,2.821317,noise
39,3,9,noise,4.77,noise,2.580344,noise
53,2,7,noise,6.46,signal,0.939805,noise
50,1,4,signal,6.6,noise,3.083773,noise
60,1,9,noise,5.76,signal,1.702871,noise
47,1,2,noise,4.41,signal,2.335511,noise
57,2,2,noise,9.26,signal,1.594932,signal
35,3,8,signal,6.41,signal,3.462696,noise
56,1,6,noise,6.74,noise,2.36928,noise
42,3,26,noise,4.55,noise,1.789045,noise
40,3,41,noise,7.82,noise,1.847574,signal
36,3,38,noise,6.91,noise,2.961089,noise
38,3,49,noise,7.4,signal,2.750585,noise
49,1,7,noise,4.16,noise,2.425212,noise
53,2,8,signal,6.85,noise,1.643471,noise
60,1,10,noise,4.72,noise,1.631865,noise
58,1,7,signal,6.19,noise,2.309682,noise
48,2,1,noise,6.37,noise,15.378909,noise
40,3,42,noise,7.21,noise,1.551316,noise
42,3,27,noise,4.95,noise,1.778359,noise
50,1,5,signal,4.46,noise,3.275887,noise
64,1,1,noise,4.4,signal,6.949432,noise
53,2,9,noise,4.62,noise,1.519646,noise
56,1,7,noise,4.59,noise,2.198717,noise
35,3,9,noise,5.5,noise,2.563534,noise
58,1,8,noise,5.45,noise,1.832222,noise
47,1,3,signal,5.2,signal,2.969115,noise
39,3,10,signal,6.83,noise,4.196139,noise
45,1,2,noise,8.18,signal,5.735824,signal
49,1,8,noise,7.74,signal,2.448153,signal
36,3,39,signal,7.41,signal,2.7368,signal
48,2,2,noise,6.56,noise,2.310439,noise
57,2,3,noise,5.18,noise,3.738533,noise
44,3,15,noise,6.61,noise,6.690731,noise
42,3,28,noise,7.33,noise,1.700717,noise
40,3,43,noise,5.5,noise,1.933524,noise
65,1,1,noise,6.26,signal,6.012772,signal
53,2,10,noise,8.19,signal,1.756853,signal
56,1,8,noise,7.68,noise,1.909014,signal
38,3,50,signal,8.23,noise,3.906738,signal
58,1,9,noise,5.12,noise,1.898493,noise
50,1,6,noise,7.9,signal,2.870911,signal
47,1,4,signal,5.76,noise,2.398365,noise
44,3,16,noise,5.99,noise,1.484455,signal
35,3,10,noise,5.3,noise,2.721465,noise
49,1,9,noise,6.26,signal,2.304132,signal
39,3,11,noise,5.09,noise,2.524767,noise
42,3,29,signal,7.66,signal,1.805438,signal
57,2,4,noise,7.93,noise,2.156667,signal
40,3,44,noise,5.05,noise,1.92524,noise
60,2,1,noise,5.97,noise,3.055725,noise
64,1,2,noise,6.98,noise,3.96778,signal
65,1,2,signal,5.29,signal,2.419055,noise
44,3,17,signal,6.17,noise,1.323062,signal
47,1,5,noise,4.2,noise,1.803571,noise
38,3,51,noise,6.17,signal,2.582975,noise
56,1,9,noise,5.66,noise,2.763733,noise
48,2,3,noise,6.38,noise,3.944382,noise
42,3,30,noise,6.69,noise,1.571794,noise
58,1,10,noise,6.1,noise,2.681846,noise
60,2,2,signal,5.67,signal,1.877755,noise
40,3,45,signal,6.03,signal,2.031038,noise
36,3,40,noise,4.53,signal,4.682608,noise
44,3,18,noise,6.71,noise,1.292037,signal
50,1,7,signal,8.26,signal,3.322862,signal
57,2,5,signal,5.88,noise,2.395178,signal
35,3,11,noise,4.5,noise,2.848761,noise
52,2,1,signal,4.62,signal,7.486142,noise
49,1,10,noise,7.0,signal,2.856408,signal
65,1,3,noise,6.91,noise,2.304974,signal
43,1,1,signal,6.19,noise,9.179969,noise
47,1,6,signal,7.49,signal,1.842524,signal
39,3,12,signal,6.94,signal,3.549068,signal
42,3,31,noise,5.44,noise,1.785059,noise
44,3,19,signal,5.22,noise,1.068865,noise
60,2,3,noise,4.05,noise,1.414687,noise
38,3,52,noise,6.43,signal,2.42537,noise
40,3,46,noise,6.53,noise,1.677914,noise
36,3,41,noise,5.98,noise,1.619598,noise
56,1,10,signal,8.05,signal,2.694467,signal
52,2,2,noise,7.42,signal,1.726633,signal
48,2,4,signal,7.67,noise,3.09025,noise
60,2,4,noise,6.6,signal,0.90445,noise
53,3,1,noise,5.06,noise,5.727781,noise
64,1,3,signal,5.79,signal,4.728578,noise
47,1,7,signal,6.52,noise,1.816135,noise
50,1,8,signal,8.67,signal,2.585984,signal
44,3,20,signal,4.23,signal,1.693108,signal
42,3,32,noise,7.24,noise,1.929964,noise
38,3,53,noise,6.32,signal,1.719326,noise
36,3,42,noise,8.82,signal,1.538608,signal
57,2,6,noise,7.79,signal,2.984665,signal
35,3,12,noise,4.28,signal,3.012969,noise
40,3,47,noise,6.24,noise,1.976087,noise
60,2,5,noise,8.29,signal,1.304741,signal
44,3,21,noise,5.96,noise,0.90334,noise
68,1,1,noise,7.22,signal,8.818981,signal
45,1,3,noise,6.72,noise,9.481198,noise
64,1,4,noise,5.69,noise,1.644968,noise
53,3,2,signal,5.95,noise,1.946471,noise
39,3,13,signal,6.58,noise,4.103457,noise
44,3,22,noise,7.18,noise,1.137004,signal
50,1,9,noise,5.37,noise,2.279959,noise
47,1,8,signal,7.84,signal,2.062147,signal
60,2,6,noise,5.74,noise,1.586695,noise
42,3,33,noise,4.66,noise,2.204215,noise
52,2,3,noise,5.19,noise,3.386481,noise
53,3,3,noise,5.07,signal,1.231735,noise
65,1,4,noise,5.23,noise,5.426955,noise
68,1,2,signal,7.6,signal,1.87602,signal
43,1,2,signal,7.57,signal,5.474873,signal
57,2,7,signal,7.09,signal,2.69544,signal
38,3,54,noise,7.53,noise,2.85723,signal
40,3,48,noise,7.84,noise,2.60853,noise
35,3,13,noise,4.66,noise,2.909985,noise
64,1,5,noise,5.76,noise,2.34846,noise
36,3,43,noise,8.51,signal,3.362328,signal
44,3,23,signal,7.7,noise,1.622431,signal
60,2,7,signal,5.57,signal,1.408845,noise
47,1,9,noise,2.68,noise,1.631272,noise
53,3,4,noise,7.65,signal,1.561272,signal
42,3,34,noise,6.05,noise,1.755211,noise
68,1,3,signal,5.79,signal,1.384139,signal
50,1,10,noise,4.64,noise,2.551863,noise
52,2,4,signal,5.11,signal,2.013287,signal
56,2,1,noise,6.83,signal,2.68207,signal
54,1,1,signal,7.89,signal,34.196338,noise
57,2,8,signal,6.29,signal,1.945219,signal
60,2,8,noise,4.89,noise,1.344948,noise
47,1,10,noise,4.53,noise,1.347486,noise
53,3,5,noise,6.27,noise,1.044777,noise
44,3,24,signal,5.64,signal,1.759135,signal
40,3,49,signal,3.75,signal,2.31128,noise
38,3,55,noise,5.8,noise,2.569311,noise
45,1,4,noise,6.7,signal,5.054068,noise
43,1,3,signal,7.01,noise,3.109034,noise
39,3,14,noise,3.36,signal,4.391762,noise
60,2,9,noise,3.07,noise,0.943923,noise
65,1,5,signal,6.2,signal,3.615084,noise
42,3,35,noise,5.02,noise,1.84022,noise
35,3,14,noise,5.81,signal,3.097461,noise
52,2,5,noise,4.54,noise,1.71294,noise
58,2,1,noise,5.5,noise,3.438694,noise
44,3,25,signal,6.08,noise,1.055864,noise
68,1,4,signal,6.76,signal,2.13101,signal
53,3,6,signal,6.66,noise,1.433576,noise
57,2,9,signal,6.74,signal,1.94636,noise
36,3,44,noise,6.65,noise,3.57846,noise
54,1,2,noise,5.88,noise,2.320915,signal
56,2,2,signal,4.88,signal,2.420913,signal
64,1,6,signal,7.26,noise,3.953091,signal
40,3,50,noise,6.09,noise,2.006146,noise
38,3,56,noise,5.69,noise,2.140226,noise
60,2,10,noise,4.3,noise,1.450188,noise
42,3,36,signal,5.12,signal,1.731585,noise
52,2,6,noise,5.24,noise,1.675725,noise
44,3,26,noise,6.03,noise,1.535234,noise
43,1,4,noise,6.09,signal,2.705528,noise
53,3,7,noise,5.57,noise,1.87635,noise
58,2,2,noise,6.29,noise,2.199621,noise
57,2,10,noise,7.44,signal,1.651862,signal
54,1,3,signal,5.01,signal,1.682635,noise
70,1,1,noise,6.21,signal,12.446265,noise
64,1,7,noise,6.61,signal,1.80983,noise
44,3,27,noise,6.93,noise,0.934364,noise
35,3,15,signal,6.99,noise,2.929496,noise
56,2,3,signal,5.15,noise,2.219724,noise
36,3,45,noise,8.38,signal,2.7515,signal
42,3,37,noise,6.1,noise,1.550606,noise
68,1,5,signal,8.34,signal,3.08137,signal
52,2,7,signal,7.15,signal,1.651387,signal
40,3,51,noise,5.57,noise,2.807339,noise
53,3,8,noise,5.41,noise,1.372868,noise
38,3,57,noise,6.31,noise,2.955943,noise
65,1,6,noise,7.44,signal,4.708992,signal
43,1,5,signal,7.73,signal,2.421127,signal
44,3,28,noise,4.22,noise,1.621243,noise
58,2,3,noise,6.04,noise,2.169102,noise
56,2,4,noise,6.39,signal,1.637521,noise
54,1,4,signal,7.39,noise,2.331283,signal
63,1,1,signal,8.68,signal,8.517432,signal
68,1,6,signal,5.83,noise,1.617245,noise
45,1,5,noise,7.44,signal,6.299812,signal
42,3,38,noise,6.75,noise,1.920716,noise
39,3,15,signal,6.85,noise,5.840444,noise
53,3,9,noise,5.87,noise,1.595573,noise
52,2,8,noise,4.58,noise,1.936018,noise
64,1,8,signal,8.21,signal,2.894764,signal
35,3,16,noise,5.78,signal,3.260029,signal
44,3,29,noise,7.82,noise,1.522596,signal
60,3,1,signal,3.99,signal,3.042673,noise
57,3,1,noise,6.65,signal,2.480199,noise
54,1,5,signal,6.4,noise,1.587069,noise
38,3,58,noise,5.65,signal,2.578434,signal
58,2,4,signal,6.23,signal,1.82208,noise
68,1,7,signal,8.06,signal,1.522919,signal
70,1,2,noise,5.94,signal,4.364066,noise
43,1,6,noise,4.95,signal,2.453854,noise
42,3,39,noise,6.54,noise,1.636641,noise
40,3,52,noise,5.85,noise,3.528793,noise
52,2,9,noise,5.33,noise,1.725495,noise
53,3,10,noise,6.83,noise,1.846766,noise
56,2,5,signal,8.82,signal,2.41112,signal
65,1,7,noise,8.52,signal,3.153805,signal
64,1,9,noise,6.08,signal,2.207956,signal
54,1,6,noise,5.04,noise,1.323798,noise
60,3,2,noise,6.81,signal,1.620337,noise
68,1,8,noise,6.13,signal,1.328346,signal
45,1,6,noise,6.28,signal,3.140465,signal
36,3,46,noise,8.87,signal,5.636422,noise
58,2,5,noise,6.16,noise,2.13087,noise
39,3,16,noise,5.3,noise,3.106369,noise
42,3,40,signal,4.9,signal,1.696364,noise
53,3,11,noise,4.77,noise,1.615636,noise
60,3,3,noise,7.6,noise,0.947933,noise
63,1,2,signal,5.44,noise,4.152065,noise
52,2,10,signal,6.75,signal,1.939137,noise
35,3,17,noise,5.26,noise,3.200031,noise
43,1,7,noise,6.62,signal,2.277005,signal
49,2,1,signal,6.89,signal,5.666316,signal
57,3,2,noise,6.62,signal,3.207879,signal
54,1,7,noise,6.94,signal,1.869699,signal
56,2,6,noise,6.49,noise,2.413766,noise
68,1,9,signal,5.12,noise,1.709234,noise
40,3,53,noise,4.7,signal,2.925151,noise
65,1,8,signal,6.02,noise,2.593985,noise
50,2,1,noise,6.47,noise,6.772435,noise
38,3,59,noise,6.23,noise,3.770986,noise
36,3,47,noise,4.95,noise,1.552936,noise
53,3,12,noise,6.19,noise,1.365284,noise
60,3,4,noise,5.46,noise,1.390358,noise
70,1,3,noise,7.89,signal,3.834459,signal
64,1,10,signal,6.08,noise,3.346528,noise
45,1,7,signal,7.11,signal,2.919555,noise
57,3,3,signal,6.63,noise,1.28024,noise
58,2,6,noise,7.53,signal,2.330576,signal
54,1,8,signal,5.63,signal,1.51775,signal
60,3,5,noise,7.01,signal,0.950088,noise
42,3,41,signal,7.8,signal,2.923828,signal
43,1,8,signal,7.09,signal,2.648689,signal
36,3,48,noise,7.39,noise,1.826763,signal
70,1,4,noise,4.62,noise,1.553491,noise
63,1,3,signal,8.27,signal,3.081663,signal
51,1,1,noise,8.56,signal,26.606106,signal
49,2,2,noise,4.78,noise,2.802411,noise
35,3,18,signal,9.15,signal,3.197723,signal
39,3,17,signal,7.3,signal,3.802247,noise
56,2,7,noise,7.7,signal,2.701376,signal
57,3,4,signal,6.69,noise,1.474557,signal
60,3,6,signal,5.53,noise,1.25153,noise
53,3,13,signal,4.77,signal,2.542963,noise
58,2,7,noise,5.36,noise,1.767813,noise
50,2,2,signal,8.2,signal,2.989436,signal
68,1,10,signal,5.43,noise,3.222849,noise
65,1,9,signal,6.04,signal,3.286235,noise
54,1,9,signal,5.16,signal,1.853632,noise
40,3,54,noise,2.97,noise,3.19578,noise
36,3,49,noise,7.88,signal,1.45427,signal
38,3,60,signal,8.2,signal,3.701542,signal
42,3,42,noise,6.94,noise,2.027766,noise
43,1,9,signal,8.22,noise,2.029745,noise
57,3,5,signal,3.29,signal,1.229806,noise
70,1,5,noise,5.27,noise,2.051102,noise
56,2,8,signal,4.64,noise,1.76819,noise
45,1,8,noise,8.99,noise,3.914484,signal
53,3,14,noise,6.12,signal,1.853373,signal
57,3,6,noise,4.95,signal,1.191039,noise
54,1,10,noise,5.53,signal,1.924271,noise
36,3,50,noise,5.34,noise,1.601152,signal
58,2,8,noise,7.22,noise,2.182786,noise
50,2,3,noise,4.47,noise,2.308812,noise
63,1,4,noise,7.9,signal,3.363819,signal
56,2,9,noise,4.21,noise,1.180929,noise
42,3,43,signal,7.39,signal,1.832302,signal
49,2,3,signal,7.79,signal,3.343825,signal
65,1,10,signal,5.76,signal,2.623407,noise
53,3,15,signal,5.13,noise,1.25352,noise
43,1,10,noise,5.39,noise,2.499009,noise
52,3,1,signal,7.09,signal,2.938338,signal
69,1,1,signal,5.88,signal,12.458837,noise
48,2,5,noise,7.53,signal,25.87253,noise
57,3,7,signal,8.26,signal,1.583418,signal
47,2,1,noise,5.62,noise,5.997173,noise
40,3,55,noise,5.87,noise,3.760418,noise
53,3,16,noise,3.94,noise,0.914608,noise
38,3,61,noise,5.15,signal,3.468004,signal
58,2,9,noise,5.68,noise,1.791559,noise
39,3,18,noise,7.45,signal,5.081468,signal
56,2,10,noise,6.12,noise,1.757443,noise
70,1,6,noise,8.09,noise,3.531132,noise
42,3,44,signal,7.02,signal,1.914865,signal
50,2,4,noise,5.25,noise,2.427424,noise
36,3,51,noise,5.97,signal,2.682427,noise
52,3,2,noise,7.09,noise,1.652191,noise
53,3,17,noise,5.91,noise,1.156739,noise
69,1,2,noise,5.41,noise,1.841771,noise
45,1,9,signal,8.14,signal,4.017109,signal
57,3,8,noise,6.52,noise,1.942105,noise
63,1,5,signal,7.28,signal,3.199963,signal
49,2,4,noise,6.3,signal,3.069608,signal
48,2,6,noise,6.93,signal,2.344047,signal
47,2,2,noise,4.71,noise,2.001204,noise
58,2,10,signal,7.3,signal,1.875688,signal
70,1,7,signal,7.14,noise,1.566159,noise
39,3,19,noise,9.39,signal,2.151899,signal
42,3,45,signal,6.82,signal,1.594539,signal
35,3,19,noise,4.09,noise,7.59717,noise
53,3,18,noise,8.81,signal,1.603091,signal
52,3,3,noise,6.78,noise,1.935342,noise
36,3,52,signal,4.93,noise,2.123744,noise
50,2,5,signal,4.06,noise,2.278823,noise
57,3,9,signal,7.85,signal,1.229797,signal
40,3,56,signal,4.28,signal,3.633718,noise
38,3,62,signal,6.01,signal,3.724016,noise
42,3,46,noise,5.61,noise,1.601989,noise
68,2,1,signal,5.24,noise,4.838987,noise
52,3,4,noise,6.46,noise,1.196548,noise
57,3,10,noise,7.54,signal,1.121309,signal
48,2,7,noise,6.07,signal,2.526488,noise
53,3,19,noise,4.47,signal,1.821056,noise
49,2,5,noise,4.18,signal,2.828469,noise
47,2,3,signal,8.54,signal,2.761391,signal
70,1,8,noise,5.49,signal,2.566851,signal
45,1,10,noise,6.52,noise,3.293813,noise
66,1,1,signal,7.03,noise,8.983024,noise
39,3,20,noise,4.45,noise,2.801567,noise
63,1,6,noise,6.96,signal,3.45104,signal
51,1,2,noise,6.03,noise,10.75891,noise
56,3,1,noise,7.13,signal,3.237538,signal
40,3,57,noise,6.03,noise,1.895225,noise
57,3,11,noise,5.34,noise,1.031994,noise
35,3,20,noise,3.34,noise,2.988868,noise
69,1,3,noise,5.62,noise,4.736006,noise
52,3,5,signal,7.06,signal,1.701912,signal
42,3,47,noise,8.18,noise,2.137452,signal
50,2,6,signal,7.14,noise,3.561008,noise
47,2,4,noise,4.41,noise,1.709739,noise
53,3,20,noise,6.25,noise,1.800328,noise
70,1,9,noise,6.21,noise,1.770712,noise
57,3,12,signal,5.91,signal,1.205976,signal
54,2,1,signal,6.35,noise,3.650671,noise
38,3,63,noise,5.67,noise,3.507715,noise
56,3,2,signal,4.7,noise,1.577374,noise
68,2,2,noise,6.48,noise,2.98278,noise
44,3,30,signal,8.03,signal,19.668795,signal
48,2,8,signal,7.7,signal,2.590026,signal
49,2,6,noise,5.99,signal,2.756927,signal
65,2,1,noise,3.66,noise,5.952886,noise
52,3,6,signal,5.56,signal,1.523661,noise
53,3,21,noise,5.41,noise,1.062265,noise
42,3,48,signal,6.9,signal,1.512223,signal
66,1,2,noise,7.71,noise,2.987632,signal
69,1,4,signal,6.67,noise,2.302594,noise
44,3,31,signal,8.07,signal,0.872154,signal
57,3,13,noise,6.79,signal,1.23999,signal
68,2,3,noise,5.7,noise,1.089035,noise
70,1,10,signal,5.53,noise,1.638194,noise
47,2,5,noise,4.85,noise,1.902567,noise
50,2,7,signal,7.63,signal,2.152669,signal
35,3,21,noise,5.75,noise,3.004611,noise
56,3,3,noise,7.11,signal,1.520799,signal
63,1,7,noise,5.97,noise,4.166515,noise
53,3,22,noise,5.88,noise,1.515625,noise
52,3,7,noise,6.06,noise,1.701279,noise
69,1,5,noise,6.92,signal,1.203408,signal
57,3,14,noise,5.0,noise,1.062506,noise
42,3,49,noise,6.48,noise,1.705872,noise
38,3,64,noise,6.64,noise,2.519476,noise
48,2,9,noise,5.86,signal,2.384351,noise
54,2,2,signal,5.47,signal,2.862607,noise
44,3,32,noise,5.45,noise,1.856931,noise
39,3,21,signal,6.12,signal,5.318316,noise
65,2,2,noise,6.08,noise,2.857164,noise
68,2,4,noise,3.81,noise,1.843308,noise
40,3,58,noise,5.02,noise,5.136541,noise
66,1,3,noise,5.34,signal,2.457372,noise
47,2,6,signal,9.66,signal,1.958267,signal
53,3,23,noise,6.44,noise,1.188995,noise
57,3,15,signal,7.38,noise,1.004742,noise
50,2,8,signal,8.98,noise,2.22752,signal
49,2,7,noise,6.17,noise,3.561804,signal
56,3,4,signal,7.46,signal,2.259103,signal
44,3,33,noise,7.31,signal,0.999434,signal
35,3,22,noise,5.47,signal,2.842541,signal
54,2,3,signal,7.49,signal,1.620157,noise
42,3,50,noise,5.83,noise,1.991174,noise
52,3,8,noise,6.24,noise,2.349924,noise
69,1,6,noise,5.34,signal,2.410694,noise
53,3,24,noise,5.47,noise,1.414467,noise
57,3,16,signal,5.53,noise,1.228218,noise
51,1,3,noise,6.54,noise,7.441448,noise
44,3,34,signal,7.52,noise,1.061563,signal
63,1,8,noise,5.94,signal,3.424963,signal
38,3,65,noise,7.33,signal,2.732511,signal
40,3,59,signal,4.59,signal,2.041335,noise
47,2,7,noise,6.65,noise,2.065121,noise
56,3,5,signal,5.64,signal,1.639516,noise
65,2,3,noise,6.4,signal,2.366576,noise
48,2,10,noise,4.73,noise,3.156673,noise
57,3,17,noise,7.32,signal,1.025134,signal
66,1,4,noise,6.19,signal,2.748734,noise
49,2,8,noise,3.82,noise,2.454967,noise
58,3,1,noise,4.27,noise,2.015362,noise
54,2,4,noise,4.49,noise,1.836424,noise
42,3,51,signal,8.61,signal,1.708146,signal
50,2,9,noise,5.79,noise,2.871321,noise
52,3,9,signal,7.17,signal,1.715726,signal
55,1,1,signal,7.96,signal,43.770274,signal
44,3,35,noise,6.1,noise,1.3221,noise
53,3,25,noise,3.99,signal,2.03152,noise
39,3,22,signal,8.72,noise,4.024511,signal
35,3,23,signal,5.71,noise,3.095732,noise
57,3,18,noise,5.87,noise,1.197241,noise
56,3,6,noise,5.62,noise,1.774663,noise
40,3,60,noise,8.96,signal,1.864128,signal
65,2,4,noise,8.77,noise,2.153269,signal
38,3,66,noise,7.4,noise,2.516788,signal
47,2,8,noise,5.23,noise,2.423506,noise
54,2,5,signal,7.45,signal,1.663187,signal
70,2,1,noise,8.87,signal,2.569174,signal
53,3,26,noise,7.08,signal,1.325029,signal
51,1,4,noise,6.6,noise,3.253868,noise
58,3,2,signal,8.12,signal,2.210891,noise
42,3,52,signal,8.01,signal,2.073567,signal
52,3,10,signal,6.72,signal,2.210611,signal
66,1,5,noise,5.59,noise,2.813231,noise
68,2,5,noise,7.01,signal,6.147056,signal
57,3,19,signal,9.07,signal,1.785313,signal
50,2,10,noise,5.2,noise,2.671623,noise
40,3,61,noise,6.59,noise,1.824901,noise
36,3,53,noise,6.49,signal,14.740859,noise
56,3,7,signal,6.92,signal,2.171582,signal
49,2,9,noise,4.89,signal,3.514624,noise
69,1,7,noise,7.25,noise,5.138903,signal
55,1,2,noise,3.95,noise,3.288323,noise
54,2,6,noise,6.38,noise,1.650247,noise
47,2,9,noise,6.73,noise,2.357874,noise
53,3,27,noise,4.58,noise,1.723163,noise
58,3,3,noise,5.96,noise,1.647102,noise
35,3,24,noise,5.31,signal,3.151288,noise
42,3,53,signal,7.35,signal,1.7027,noise
57,3,20,signal,7.62,noise,1.273519,signal
70,2,2,noise,4.57,noise,2.333718,noise
52,3,11,signal,5.35,signal,1.904329,signal
68,2,6,signal,5.07,noise,1.904961,noise
63,1,9,noise,6.34,noise,6.452487,noise
46,2,1,signal,6.38,signal,4.129229,noise
38,3,67,signal,5.8,noise,3.949549,noise
39,3,23,signal,6.25,noise,4.946231,noise
65,2,5,noise,7.1,signal,4.259617,noise
54,2,7,noise,7.14,noise,1.690598,noise
56,3,8,noise,5.19,noise,2.238069,noise
47,2,10,noise,3.86,noise,2.080234,noise
69,1,8,noise,4.15,noise,2.389709,noise
57,3,21,noise,9.61,signal,1.322334,signal
51,1,5,signal,4.46,noise,3.860737,noise
58,3,4,noise,5.67,noise,1.920075,noise
55,1,3,signal,7.49,signal,2.591062,noise
72,1,1,signal,7.77,noise,10.636301,signal
66,1,6,signal,7.38,signal,3.656667,noise
44,3,36,noise,5.62,signal,6.533729,noise
42,3,54,noise,4.71,noise,1.896765,noise
53,3,28,noise,5.01,noise,2.90616,noise
70,2,3,noise,9.07,noise,2.296061,signal
52,3,12,signal,6.91,signal,2.27116,signal
54,2,8,signal,4.85,signal,1.734323,noise
40,3,62,noise,5.82,noise,4.367362,noise
49,2,10,noise,6.93,noise,4.20529,noise
36,3,54,signal,7.52,signal,4.578283,noise
35,3,25,signal,6.51,signal,3.386055,noise
38,3,68,noise,5.06,noise,2.572862,noise
57,3,22,signal,6.01,noise,1.702963,noise
56,3,9,noise,5.88,noise,2.363993,signal
69,1,9,noise,5.37,noise,2.189751,noise
46,2,2,noise,6.2,noise,2.775416,signal
53,3,29,noise,4.19,noise,1.265499,noise
65,2,6,signal,7.25,noise,3.02924,noise
63,1,10,noise,6.81,signal,3.359318,signal
48,3,1,noise,6.29,signal,3.132682,noise
39,3,24,signal,8.36,signal,3.205931,signal
58,3,5,signal,5.69,signal,2.247351,noise
42,3,55,signal,7.89,signal,1.984192,signal
68,2,7,signal,7.69,signal,3.812517,signal
66,1,7,noise,6.53,noise,2.391136,noise
54,2,9,noise,6.31,noise,1.850614,signal
51,1,6,signal,7.9,signal,2.946406,signal
57,3,23,signal,4.18,noise,1.428923,noise
55,1,4,noise,4.08,noise,3.240993,noise
52,3,13,signal,5.42,signal,2.58145,signal
64,2,1,signal,7.01,signal,4.0075,signal
44,3,37,noise,4.43,noise,3.333382,noise
65,2,7,noise,5.04,noise,1.409194,noise
70,2,4,noise,7.19,noise,3.066703,noise
38,3,69,noise,6.47,noise,2.35805,noise
53,3,30,noise,7.53,signal,2.039631,noise
56,3,10,signal,7.64,signal,2.334396,noise
57,3,24,noise,5.42,noise,1.196155,noise
40,3,63,noise,5.56,noise,3.542384,noise
46,2,3,signal,7.27,noise,2.172387,noise
35,3,26,noise,6.96,noise,3.235004,noise
68,2,8,signal,6.08,noise,1.874147,noise
69,1,10,signal,6.0,noise,2.943524,signal
54,2,10,signal,6.45,signal,1.949324,noise
42,3,56,signal,6.98,signal,2.302447,signal
48,3,2,noise,5.8,noise,2.784659,noise
58,3,6,signal,8.19,signal,2.607478,signal
66,1,8,noise,5.84,signal,2.443495,signal
44,3,38,noise,6.63,noise,1.432676,signal
51,1,7,signal,8.26,signal,2.627409,signal
52,3,14,signal,6.87,signal,1.982958,noise
53,3,31,noise,6.87,noise,1.362033,noise
64,2,2,noise,5.74,noise,2.203858,noise
57,3,25,noise,6.4,noise,1.519656,noise
70,2,5,signal,7.68,signal,2.193665,noise
55,1,5,noise,6.06,noise,2.918636,noise
36,3,55,signal,5.35,signal,5.417633,signal
72,1,2,noise,7.34,signal,6.461467,signal
65,2,8,noise,5.36,noise,2.710473,noise
68,2,9,noise,8.05,noise,1.691303,signal
42,3,57,noise,6.66,noise,1.612841,signal
50,3,1,noise,4.4,noise,3.330295,noise
47,3,1,noise,4.13,noise,2.715663,noise
56,3,11,noise,7.91,noise,2.519974,noise
52,3,15,noise,7.18,noise,1.635071,noise
40,3,64,signal,5.37,signal,2.951114,noise
51,1,8,signal,8.67,signal,2.069693,signal
39,3,25,noise,6.81,signal,5.763069,noise
46,2,4,noise,4.6,signal,2.892637,noise
44,3,39,signal,7.33,signal,2.698942,signal
57,3,26,noise,7.29,noise,1.7421,signal
35,3,27,noise,5.65,noise,3.71513,noise
48,3,3,signal,7.0,noise,3.340304,noise
38,3,70,noise,4.12,noise,5.027581,noise
53,3,32,noise,5.03,noise,2.687124,noise
66,1,9,signal,7.49,signal,3.411632,noise
70,2,6,signal,7.72,signal,2.499976,signal
36,3,56,signal,8.03,signal,2.476623,signal
42,3,58,noise,7.08,noise,2.066458,signal
55,1,6,noise,4.51,noise,2.70826,noise
72,1,3,noise,3.81,noise,2.823005,noise
47,3,2,noise,5.9,signal,2.254364,noise
56,3,12,noise,5.49,noise,2.268694,noise
57,3,27,noise,5.29,signal,1.366565,noise
40,3,65,noise,5.09,noise,2.037035,noise
54,3,1,noise,5.2,noise,2.595175,noise
50,3,2,signal,8.32,signal,2.692879,signal
65,2,9,noise,6.62,noise,3.272236,noise
44,3,40,signal,5.88,noise,1.83891,noise
64,2,3,noise,5.07,noise,3.872496,noise
58,3,7,noise,4.24,noise,4.982367,noise
52,3,16,noise,5.09,noise,3.067544,noise
46,2,5,noise,6.13,signal,2.534538,noise
68,2,10,signal,6.6,signal,4.097435,signal
48,3,4,noise,5.75,noise,2.405638,noise
53,3,33,noise,4.68,noise,1.889177,noise
70,2,7,signal,7.36,signal,1.921198,signal
35,3,28,signal,6.14,noise,3.108795,noise
38,3,71,noise,6.82,noise,2.520079,signal
51,1,9,noise,5.37,noise,4.010752,noise
42,3,59,noise,5.21,noise,2.196473,noise
66,1,10,signal,8.04,signal,2.609035,signal
54,3,2,noise,5.74,noise,1.760015,noise
47,3,3,signal,7.08,noise,2.17998,noise
40,3,66,noise,5.86,noise,1.931964,noise
57,3,28,signal,4.85,noise,2.087567,noise
64,2,4,noise,6.1,noise,1.8285,noise
56,3,13,signal,6.11,signal,2.326297,signal
39,3,26,noise,6.84,noise,4.993148,signal
65,2,10,noise,4.02,noise,2.196678,noise
36,3,57,noise,6.69,noise,3.558052,signal
63,2,1,noise,5.61,noise,5.619228,noise
70,2,8,signal,6.71,signal,1.727825,noise
55,1,7,noise,6.66,noise,2.925405,noise
46,2,6,noise,6.41,signal,2.057821,signal
58,3,8,noise,4.02,noise,2.487998,noise
72,1,4,noise,5.72,noise,3.061093,noise
42,3,60,noise,5.47,noise,1.53387,noise
50,3,3,noise,6.04,noise,3.109325,noise
54,3,3,noise,4.72,noise,1.530696,noise
52,3,17,signal,8.52,noise,3.116785,signal
48,3,5,signal,8.79,signal,3.154926,signal
57,3,29,signal,8.05,signal,1.558026,signal
47,3,4,noise,6.84,noise,1.91623,noise
64,2,5,noise,4.47,noise,1.555379,noise
35,3,29,noise,5.33,noise,2.924278,noise
40,3,67,noise,6.45,noise,2.18192,noise
38,3,72,noise,4.96,signal,3.154497,signal
56,3,14,noise,6.74,noise,1.969248,noise
51,1,10,signal,4.64,noise,3.274553,noise
42,3,61,noise,7.11,noise,1.508292,noise
70,2,9,signal,4.64,signal,2.101314,signal
54,3,4,noise,5.82,noise,1.503996,noise
39,3,27,noise,5.67,noise,2.517618,noise
74,1,1,signal,5.42,noise,5.335835,noise
55,1,8,noise,4.46,signal,2.478341,noise
72,1,5,signal,7.32,signal,2.080636,signal
58,3,9,noise,5.14,noise,2.456506,noise
47,3,5,noise,5.22,noise,1.610588,noise
57,3,30,noise,7.53,signal,1.702187,signal
50,3,4,noise,4.35,noise,2.222927,noise
49,3,1,noise,5.67,signal,4.161182,signal
36,3,58,noise,6.41,noise,3.092183,noise
52,3,18,noise,4.65,noise,2.460299,noise
53,3,34,noise,6.36,signal,5.536389,noise
64,2,6,noise,4.8,noise,2.162736,noise
46,2,7,noise,4.99,noise,3.203433,noise
63,2,2,noise,6.09,noise,3.663941,noise
48,3,6,noise,4.4,noise,2.680017,noise
54,3,5,noise,4.33,signal,1.302467,noise
62,1,1,signal,6.46,signal,7.357548,signal
40,3,68,signal,7.31,signal,2.208647,signal
70,2,10,noise,6.67,noise,1.731208,noise
35,3,30,signal,7.44,noise,2.777429,noise
56,3,15,signal,7.37,signal,2.300765,signal
42,3,62,noise,4.16,noise,1.967029,noise
57,3,31,noise,6.82,signal,1.245492,signal
45,2,1,noise,6.97,noise,6.559001,signal
68,3,1,signal,8.8,signal,3.981765,signal
47,3,6,noise,4.86,noise,1.810878,noise
72,1,6,signal,7.74,signal,2.005864,signal
71,1,1,signal,7.24,signal,43.802337,noise
53,3,35,noise,6.81,noise,1.601137,noise
38,3,73,noise,3.73,noise,3.427766,noise
50,3,5,signal,7.22,noise,2.200523,signal
64,2,7,noise,6.82,noise,1.701281,signal
54,3,6,signal,7.79,signal,1.583494,signal
39,3,28,noise,6.05,noise,2.562986,signal
52,3,19,signal,7.11,noise,2.301346,noise
58,3,10,noise,4.93,noise,2.851418,noise
55,1,9,signal,8.32,signal,3.007999,signal
42,3,63,noise,5.66,noise,1.592416,noise
57,3,32,signal,6.26,noise,1.777298,noise
40,3,69,signal,6.58,signal,2.168757,signal
56,3,16,noise,5.4,noise,1.859788,noise
74,1,2,noise,6.31,signal,4.210941,signal
53,3,36,noise,7.33,signal,1.524929,signal
35,3,31,noise,5.47,noise,2.398126,noise
46,2,8,signal,5.72,noise,2.810731,noise
72,1,7,signal,8.55,signal,1.909745,signal
49,3,2,noise,7.4,noise,3.840786,noise
47,3,7,signal,7.66,signal,2.178812,signal
68,3,2,noise,6.05,noise,2.377442,noise
57,3,33,signal,6.38,noise,1.091359,noise
62,1,2,signal,4.9,noise,3.502796,noise
63,2,3,signal,8.0,signal,4.019141,noise
69,2,1,signal,3.83,signal,3.122112,noise
64,2,8,signal,3.74,signal,2.336565,noise
54,3,7,noise,5.52,noise,2.359429,noise
58,3,11,signal,8.56,signal,2.231562,signal
45,2,2,noise,6.75,signal,3.519084,signal
42,3,64,noise,5.92,noise,1.801684,noise
55,1,10,noise,6.28,noise,2.371042,noise
40,3,70,noise,3.26,noise,1.943073,noise
52,3,20,noise,5.9,signal,2.727092,signal
53,3,37,noise,7.84,signal,1.911643,signal
38,3,74,noise,6.8,noise,3.316427,noise
57,3,34,signal,3.98,noise,1.055039,noise
74,1,3,noise,4.21,noise,2.334004,noise
56,3,17,noise,5.2,noise,2.547368,noise
39,3,29,signal,6.37,signal,3.378221,noise
72,1,8,signal,8.94,noise,1.970485,signal
46,2,9,noise,5.52,signal,2.087967,noise
50,3,6,signal,7.22,signal,3.795713,signal
47,3,8,noise,6.52,signal,1.825827,signal
62,1,3,noise,4.21,signal,1.703046,signal
68,3,3,signal,5.19,signal,2.267102,noise
35,3,32,noise,5.53,signal,2.960408,noise
54,3,8,signal,7.91,signal,1.644549,signal
64,2,9,noise,5.96,noise,2.035001,noise
42,3,65,signal,7.96,signal,1.683862,signal
69,2,2,noise,5.03,signal,2.345176,noise
53,3,38,noise,4.65,noise,1.542492,noise
49,3,3,noise,7.43,signal,3.211093,signal
48,3,7,noise,5.39,noise,6.842029,noise
57,3,35,noise,6.22,noise,1.518153,noise
40,3,71,signal,8.07,signal,1.963583,signal
58,3,12,noise,4.91,noise,2.662526,noise
52,3,21,signal,6.41,signal,2.301204,signal
74,1,4,noise,4.08,noise,1.868525,noise
46,2,10,noise,6.78,noise,1.62993,noise
63,2,4,noise,6.49,noise,3.575552,noise
36,3,59,noise,6.8,noise,8.366482,noise
56,3,18,signal,7.66,signal,2.064752,signal
38,3,75,signal,7.21,signal,2.811832,noise
47,3,9,noise,4.27,noise,2.085879,noise
68,3,4,signal,6.18,noise,1.92534,noise
54,3,9,noise,5.12,noise,1.80976,noise
62,1,4,signal,6.73,signal,2.244558,signal
57,3,36,noise,4.09,noise,1.359946,noise
72,1,9,signal,7.26,signal,2.468986,signal
50,3,7,signal,6.95,noise,2.886869,noise
35,3,33,noise,5.46,noise,2.444133,noise
42,3,66,signal,5.74,signal,2.108811,noise
45,2,3,noise,7.71,signal,4.486697,noise
40,3,72,noise,4.12,noise,2.108955,noise
70,3,1,signal,4.34,signal,3.613062,noise
53,3,39,noise,5.47,noise,2.577419,noise
49,3,4,noise,7.61,noise,2.637761,noise
64,2,10,signal,4.81,signal,3.12628,noise
74,1,5,signal,7.25,noise,1.953063,noise
47,3,10,noise,4.83,noise,1.508317,noise
57,3,37,noise,6.24,noise,1.204963,noise
39,3,30,noise,5.38,signal,3.968962,noise
66,2,1,signal,7.24,signal,3.17079,noise
71,1,2,noise,7.23,noise,9.002369,signal
52,3,22,noise,5.66,noise,2.680655,signal
62,1,5,noise,5.26,noise,1.817493,noise
56,3,19,signal,6.84,signal,2.573717,signal
72,1,10,noise,5.77,noise,2.137103,noise
40,3,73,noise,5.26,noise,1.567211,noise
36,3,60,noise,4.25,noise,2.951988,noise
42,3,67,signal,7.24,signal,2.181837,signal
50,3,8,signal,7.15,noise,2.43664,signal
70,3,2,noise,4.63,signal,1.821643,noise
53,3,40,noise,7.4,signal,1.873163,signal
69,2,3,noise,4.81,noise,4.819771,noise
67,1,1,signal,5.62,noise,7.902558,noise
35,3,34,noise,5.89,signal,2.976109,noise
49,3,5,noise,5.31,noise,2.425587,noise
68,3,5,noise,6.1,noise,3.697485,noise
38,3,76,noise,5.39,signal,4.07782,signal
57,3,38,noise,8.01,noise,2.131133,noise
66,2,2,signal,7.51,signal,2.038755,noise
52,3,23,signal,6.02,signal,2.188181,signal
62,1,6,signal,7.27,signal,1.930978,signal
56,3,20,noise,4.09,noise,2.001552,noise
47,3,11,signal,7.26,signal,2.850611,noise
53,3,41,noise,6.5,noise,1.508316,noise
54,3,10,signal,5.23,signal,4.648534,noise
40,3,74,noise,5.37,noise,2.114355,noise
63,2,5,signal,8.8,signal,5.604366,signal
42,3,68,noise,7.45,noise,2.095062,noise
74,1,6,signal,6.72,noise,3.630821,noise
70,3,3,noise,5.92,noise,2.172446,signal
57,3,39,noise,7.46,noise,1.183162,signal
50,3,9,signal,7.74,signal,2.51701,signal
68,3,6,noise,7.26,noise,1.770863,noise
62,1,7,signal,6.61,signal,1.529634,signal
69,2,4,noise,5.08,noise,2.830033,noise
52,3,24,signal,6.48,signal,1.891047,noise
35,3,35,noise,6.19,signal,2.853378,noise
38,3,77,noise,5.18,signal,2.340617,noise
45,2,4,signal,4.71,signal,5.769026,noise
40,3,75,signal,6.82,signal,1.523621,signal
57,3,40,signal,5.8,noise,1.224264,noise
53,3,42,noise,6.48,signal,2.001634,noise
54,3,11,noise,6.87,noise,1.962184,noise
56,3,21,noise,3.96,noise,2.382752,noise
66,2,3,noise,5.82,noise,2.896393,noise
47,3,12,noise,4.7,noise,2.037822,noise
67,1,2,signal,6.52,noise,3.728837,noise
42,3,69,signal,5.12,signal,1.933139,noise
49,3,6,signal,7.42,signal,3.658731,signal
62,1,8,signal,8.37,noise,1.630773,noise
74,1,7,signal,7.64,signal,2.800489,signal
70,3,4,signal,6.19,signal,2.802062,signal
57,3,41,noise,4.19,noise,1.482476,noise
48,3,8,noise,6.94,signal,10.242358,noise
68,3,7,noise,4.01,noise,2.7513,noise
67,1,3,noise,4.88,noise,1.195532,noise
64,3,1,noise,8.12,signal,2.832767,signal
50,3,10,signal,6.72,signal,3.365819,signal
63,2,6,signal,7.28,noise,3.745842,noise
53,3,43,noise,5.27,signal,2.071759,noise
42,3,70,noise,5.13,noise,1.787614,noise
35,3,36,noise,5.24,noise,2.934252,noise
47,3,13,noise,6.51,signal,1.809851,noise
56,3,22,signal,4.16,signal,2.233553,noise
38,3,78,noise,6.71,noise,3.276581,noise
66,2,4,noise,6.74,noise,2.392876,noise
62,1,9,noise,5.39,signal,2.035854,noise
73,1,1,signal,5.54,noise,4.494362,noise
57,3,42,signal,6.68,signal,1.468038,signal
54,3,12,noise,4.61,noise,3.233847,noise
70,3,5,signal,8.03,signal,1.91887,signal
36,3,61,noise,5.2,noise,7.799816,noise
39,3,31,noise,4.68,noise,8.911292,noise
52,3,25,noise,6.09,noise,4.239776,signal
69,2,5,signal,4.95,noise,4.610186,noise
74,1,8,noise,6.42,noise,2.540176,noise
45,2,5,noise,5.85,noise,4.461235,noise
40,3,76,noise,7.61,signal,4.451268,signal
49,3,7,noise,4.47,noise,3.795778,noise
68,3,8,noise,5.7,signal,2.442368,signal
64,3,2,noise,7.68,signal,2.365448,signal
44,3,41,noise,5.93,noise,27.277988,noise
47,3,14,noise,4.29,noise,1.987155,noise
42,3,71,signal,9.12,signal,2.014596,signal
67,1,4,signal,6.56,signal,3.045293,noise
53,3,44,noise,5.09,noise,2.75897,noise
62,1,10,noise,4.44,signal,1.756566,signal
57,3,43,noise,5.66,noise,1.736716,noise
35,3,37,signal,6.82,signal,2.852335,signal
50,3,11,noise,6.41,noise,4.003658,noise
56,3,23,signal,7.53,noise,2.651827,noise
70,3,6,noise,6.16,noise,2.179588,signal
38,3,79,noise,4.4,noise,2.991458,noise
63,2,7,noise,7.48,signal,4.052352,signal
64,3,3,signal,4.44,noise,1.392314,noise
74,1,9,noise,5.6,noise,2.073518,noise
69,2,6,noise,4.96,signal,2.172784,noise
44,3,42,noise,6.75,noise,1.708265,signal
66,2,5,noise,6.06,noise,3.413072,noise
47,3,15,noise,6.13,noise,1.890272,noise
40,3,77,noise,4.58,noise,2.501757,noise
57,3,44,signal,7.66,signal,1.730092,signal
53,3,45,noise,4.69,noise,2.163462,noise
42,3,72,signal,5.56,signal,2.381177,signal
73,1,2,noise,5.05,signal,3.955474,noise
68,3,9,signal,6.32,signal,2.878274,signal
54,3,13,noise,4.63,noise,4.110548,noise
49,3,8,signal,7.86,noise,3.194429,signal
67,1,5,noise,8.39,signal,2.657062,signal
45,2,6,noise,6.51,noise,3.700043,noise
36,3,62,noise,6.26,signal,4.548531,noise
64,3,4,noise,6.97,signal,1.680549,signal
56,3,24,noise,7.09,signal,2.227374,signal
70,3,7,signal,6.55,noise,2.197364,noise
35,3,38,signal,6.89,noise,3.306257,signal
71,1,3,signal,6.95,signal,14.46945,noise
38,3,80,noise,6.89,noise,2.525956,noise
47,3,16,noise,4.42,noise,1.800614,noise
57,3,45,signal,4.8,noise,1.709579,noise
44,3,43,signal,6.14,signal,2.284283,signal
74,1,10,noise,6.47,noise,2.617528,noise
52,3,26,signal,6.97,noise,5.568072,signal
68,3,10,signal,6.18,signal,1.61061,signal
53,3,46,noise,7.54,noise,1.83334,signal
66,2,6,signal,7.89,signal,2.726117,signal
69,2,7,signal,9.11,signal,3.020627,signal
42,3,73,noise,5.16,noise,2.098144,noise
63,2,8,signal,7.31,signal,3.641105,signal
36,3,63,signal,6.35,noise,1.629434,noise
54,3,14,signal,4.58,signal,2.358644,noise
40,3,78,noise,5.63,noise,3.079347,noise
50,3,12,noise,6.53,signal,4.589439,signal
64,3,5,signal,8.08,signal,1.626866,signal
73,1,3,signal,4.43,signal,2.904911,noise
70,3,8,noise,6.69,noise,2.048165,signal
44,3,44,signal,6.55,noise,1.437671,noise
49,3,9,signal,7.68,signal,3.235006,signal
57,3,46,noise,8.34,signal,1.558696,signal
48,3,9,noise,6.18,signal,10.336909,noise
47,3,17,signal,7.46,signal,2.125509,signal
67,1,6,signal,7.24,noise,3.399191,noise
53,3,47,noise,5.77,noise,1.540239,signal
43,2,1,signal,6.58,signal,3.416617,signal
52,3,27,signal,6.78,noise,1.879948,noise
56,3,25,signal,5.89,signal,2.743818,signal
39,3,32,signal,6.5,noise,8.564393,noise
35,3,39,signal,6.13,signal,2.945312,signal
42,3,74,noise,6.06,noise,1.678825,signal
58,3,13,signal,5.51,signal,21.412991,noise
66,2,7,noise,4.54,signal,2.131566,noise
38,3,81,noise,5.97,noise,3.318541,noise
71,1,4,noise,7.91,noise,2.999698,noise
45,2,7,noise,5.62,noise,4.571133,noise
68,3,11,signal,7.21,signal,3.021608,signal
57,3,47,signal,7.42,noise,1.384211,signal
64,3,6,signal,6.64,noise,2.151215,signal
70,3,9,signal,6.96,signal,2.011439,noise
50,3,13,signal,7.15,signal,2.547588,signal
73,1,4,noise,4.71,signal,2.336187,noise
47,3,18,noise,4.9,noise,1.751182,noise
63,2,9,signal,7.11,noise,3.135132,noise
44,3,45,signal,8.79,signal,2.586199,signal
69,2,8,signal,6.46,signal,3.628182,noise
40,3,79,noise,8.01,noise,3.361364,signal
49,3,10,noise,6.85,signal,2.830812,noise
43,2,2,signal,6.53,signal,2.31287,signal
53,3,48,noise,5.3,noise,2.477876,noise
42,3,75,signal,8.28,signal,1.813979,signal
52,3,28,noise,5.83,noise,2.315487,signal
56,3,26,noise,5.41,noise,2.14077,noise
58,3,14,noise,4.5,noise,2.04302,noise
67,1,7,signal,8.57,signal,2.913932,signal
35,3,40,noise,5.45,noise,2.755065,noise
57,3,48,noise,8.09,signal,2.038475,signal
66,2,8,noise,5.98,noise,2.840135,noise
44,3,46,signal,5.68,signal,1.729449,noise
47,3,19,noise,4.91,noise,1.926523,noise
50,3,14,signal,7.08,signal,2.227135,signal
73,1,5,noise,6.45,signal,2.221397,noise
40,3,80,noise,7.97,noise,1.928633,signal
68,3,12,noise,4.95,noise,2.775297,noise
69,2,9,noise,5.42,noise,2.31714,noise
70,3,10,noise,8.72,noise,2.851364,signal
53,3,49,noise,5.59,noise,1.989313,noise
56,3,27,signal,6.96,signal,1.675614,signal
52,3,29,signal,7.75,signal,2.133635,noise
38,3,82,noise,6.52,noise,4.111459,noise
49,3,11,noise,6.63,noise,2.913175,noise
39,3,33,noise,6.72,noise,4.94593,noise
48,3,10,signal,7.67,signal,5.745074,signal
42,3,76,signal,8.04,signal,2.744479,signal
44,3,47,noise,6.93,signal,1.73847,signal
55,2,1,noise,3.92,noise,6.426585,noise
58,3,15,noise,5.59,noise,2.885474,noise
63,2,10,signal,8.02,signal,3.999567,signal
47,3,20,noise,4.19,noise,1.90237,noise
43,2,3,signal,6.14,signal,3.605805,noise
40,3,81,noise,4.13,signal,1.779237,noise
57,3,49,signal,7.86,signal,2.509843,signal
54,3,15,noise,8.36,noise,7.777868,signal
35,3,41,noise,5.15,noise,3.023417,noise
66,2,9,noise,6.08,noise,2.754156,noise
50,3,15,signal,8.98,signal,2.605029,signal
70,3,11,noise,7.72,noise,2.049737,signal
73,1,6,noise,6.1,signal,2.681246,noise
36,3,64,signal,5.41,noise,8.525009,noise
53,3,50,noise,7.93,noise,2.359616,signal
56,3,28,noise,4.36,noise,2.350932,noise
62,2,1,signal,7.8,signal,6.603496,noise
45,2,8,noise,6.88,signal,6.348174,signal
44,3,48,signal,5.79,noise,1.482674,noise
78,1,1,noise,5.81,noise,10.499352,noise
52,3,30,signal,6.1,signal,2.912696,signal
71,1,5,noise,5.92,noise,6.601061,noise
42,3,77,signal,8.35,signal,2.383765,signal
68,3,13,noise,6.58,noise,4.007268,noise
69,2,10,noise,4.98,noise,3.912169,noise
54,3,16,noise,6.64,noise,1.598868,signal
40,3,82,noise,5.63,noise,1.978822,noise
47,3,21,noise,6.0,signal,2.339494,noise
58,3,16,noise,6.89,noise,2.629352,noise
35,3,42,noise,5.91,signal,1.898513,noise
49,3,12,signal,7.52,noise,3.504478,signal
48,3,11,signal,7.25,noise,3.175142,noise
57,3,50,signal,7.25,signal,2.003243,signal
38,3,83,noise,7.74,noise,4.210186,noise
39,3,34,signal,7.29,signal,3.746948,noise
66,2,10,signal,8.28,signal,2.374292,noise
73,1,7,noise,5.5,signal,2.271772,noise
55,2,2,signal,8.74,signal,3.784605,signal
43,2,4,noise,6.24,signal,3.3806,signal
70,3,12,noise,6.63,noise,2.611268,signal
50,3,16,noise,4.02,noise,2.892047,noise
44,3,49,noise,5.79,noise,2.213398,noise
56,3,29,noise,5.27,noise,2.691746,noise
53,3,51,noise,3.86,noise,2.893718,noise
42,3,78,noise,6.31,noise,2.052769,noise
52,3,31,signal,7.7,signal,2.506148,signal
54,3,17,noise,5.77,noise,1.823297,noise
40,3,83,signal,4.51,signal,1.849146,noise
57,3,51,signal,8.5,signal,1.704633,signal
78,1,2,noise,4.84,noise,2.975853,noise
46,3,1,signal,6.81,noise,3.686533,noise
68,3,14,signal,5.15,signal,2.591255,signal
45,2,9,signal,7.21,noise,3.54107,noise
44,3,50,noise,6.96,signal,0.883843,noise
62,2,2,signal,6.43,noise,4.021205,signal
51,2,1,noise,6.47,noise,3.121005,noise
49,3,13,noise,6.63,signal,2.637899,signal
70,3,13,signal,6.47,noise,1.515042,noise
42,3,79,signal,6.48,signal,1.504089,signal
35,3,43,noise,5.99,noise,3.297317,noise
56,3,30,signal,7.3,signal,1.817314,signal
54,3,18,signal,5.48,signal,1.746509,noise
50,3,17,noise,5.64,noise,2.514766,noise
53,3,52,noise,5.21,noise,2.256049,noise
38,3,84,noise,7.4,noise,3.698613,noise
40,3,84,noise,8.1,noise,2.006972,signal
71,1,6,noise,7.91,noise,5.02274,noise
47,3,22,noise,5.46,signal,4.416281,noise
43,2,5,signal,8.31,signal,3.275248,signal
46,3,2,noise,4.71,noise,2.003006,noise
57,3,52,noise,3.97,noise,2.36583,noise
48,3,12,noise,7.05,noise,4.507061,noise
70,3,14,noise,7.02,signal,1.775148,signal
78,1,3,noise,5.42,noise,2.556987,noise
63,3,1,signal,10.13,noise,3.691039,signal
55,2,3,noise,6.53,noise,3.824566,noise
52,3,32,signal,8.46,signal,3.413157,noise
68,3,15,noise,6.74,noise,2.759872,noise
51,2,2,signal,8.2,signal,2.432728,signal
45,2,10,noise,6.27,signal,2.843787,noise
42,3,80,noise,5.0,noise,2.105204,noise
56,3,31,noise,5.8,noise,1.979433,noise
73,1,8,noise,6.53,noise,4.706243,noise
39,3,35,noise,6.61,signal,5.771587,noise
62,2,3,signal,8.11,noise,3.518662,noise
54,3,19,signal,5.18,signal,2.689223,noise
57,3,53,noise,4.96,noise,1.582784,noise
35,3,44,noise,5.41,noise,3.116987,noise
40,3,85,noise,5.85,noise,2.493882,noise
49,3,14,signal,8.28,signal,4.176654,signal
53,3,53,noise,8.65,signal,3.057094,signal
50,3,18,signal,6.37,noise,3.163449,noise
47,3,23,noise,6.12,signal,2.698346,noise
78,1,4,signal,5.01,signal,2.017791,noise
46,3,3,noise,6.03,noise,2.603896,signal
70,3,15,signal,5.09,signal,2.51005,noise
48,3,13,noise,6.58,noise,2.802801,noise
74,2,1,signal,6.83,noise,4.841867,noise
42,3,81,signal,7.48,signal,2.221031,signal
36,3,65,signal,6.06,signal,10.260772,signal
52,3,33,signal,5.69,signal,2.720942,noise
56,3,32,signal,6.2,signal,2.40798,noise
73,1,9,noise,5.76,signal,2.317855,noise
63,3,2,noise,6.48,signal,3.300009,signal
57,3,54,noise,5.4,noise,1.245369,noise
68,3,16,noise,4.64,noise,3.134622,noise
38,3,85,noise,6.96,signal,4.695486,signal
39,3,36,noise,6.67,noise,1.376463,noise
54,3,20,signal,5.66,signal,1.820832,noise
55,2,4,noise,5.49,signal,3.76905,noise
51,2,3,noise,4.47,noise,3.709053,noise
62,2,4,noise,5.08,noise,2.232966,noise
53,3,54,noise,3.65,noise,1.694654,noise
79,1,1,noise,5.49,noise,5.972306,noise
43,2,6,noise,5.62,noise,5.480595,noise
78,1,5,noise,5.75,noise,2.052162,noise
70,3,16,noise,6.71,signal,1.846898,noise
42,3,82,noise,6.14,noise,1.690611,noise
40,3,86,noise,5.09,noise,2.621273,noise
47,3,24,signal,7.77,signal,2.471867,signal
74,2,2,noise,5.22,noise,2.041949,noise
56,3,33,noise,7.09,noise,1.577894,noise
52,3,34,noise,8.06,noise,2.089964,signal
38,3,86,signal,8.06,signal,1.472852,signal
54,3,21,signal,4.83,noise,1.467567,noise
35,3,45,noise,5.66,signal,3.311338,noise
66,3,1,noise,6.23,noise,3.776301,noise
46,3,4,signal,6.1,signal,3.019123,noise
71,1,7,noise,5.37,noise,6.876047,noise
72,2,1,noise,5.63,noise,4.649076,noise
49,3,15,noise,6.76,noise,3.991576,noise
73,1,10,signal,3.86,noise,2.922632,noise
53,3,55,noise,5.16,noise,2.072767,noise
50,3,19,signal,6.29,signal,4.107226,signal
62,2,5,signal,6.01,noise,2.281106,noise
69,3,1,noise,6.45,noise,3.897571,noise
68,3,17,noise,6.11,noise,3.004873,noise
70,3,17,signal,5.52,noise,1.986281,signal
78,1,6,noise,7.93,signal,2.315256,signal
57,3,55,signal,6.55,signal,3.638723,noise
51,2,4,noise,5.25,noise,3.080607,noise
63,3,3,signal,8.26,noise,3.926941,signal
74,2,3,noise,4.39,signal,1.902507,noise
54,3,22,noise,4.48,noise,1.682243,noise
39,3,37,noise,3.83,noise,3.748624,noise
44,3,51,noise,6.06,noise,10.746129,signal
40,3,87,signal,7.36,signal,2.612732,signal
42,3,83,noise,7.71,noise,2.716352,signal
55,2,5,noise,5.36,noise,3.741231,noise
46,3,5,noise,8.22,signal,2.058939,signal
43,2,7,noise,6.65,signal,3.384785,signal
66,3,2,signal,7.07,noise,2.291839,noise
48,3,14,noise,7.4,noise,5.418637,signal
56,3,34,noise,5.8,noise,2.618608,noise
53,3,56,noise,6.54,noise,1.826755,noise
47,3,25,noise,6.04,noise,3.290718,noise
38,3,87,noise,5.81,noise,3.208811,noise
72,2,2,noise,6.84,noise,2.694185,noise
50,3,20,noise,4.91,noise,2.280162,noise
70,3,18,signal,4.56,noise,1.820738,noise
35,3,46,noise,3.9,signal,3.465651,noise
54,3,23,noise,6.92,noise,1.521132,noise
49,3,16,noise,7.05,signal,3.353452,signal
69,3,2,noise,5.17,signal,2.852403,noise
67,1,8,signal,6.01,noise,22.449538,noise
68,3,18,noise,6.22,noise,3.033203,noise
42,3,84,signal,5.09,signal,1.654002,signal
57,3,56,noise,5.14,noise,2.558201,noise
51,2,5,noise,4.06,noise,2.709371,noise
46,3,6,noise,5.42,noise,1.734468,noise
52,3,35,signal,7.43,noise,4.999998,signal
66,3,3,noise,6.17,noise,2.076152,noise
53,3,57,noise,4.43,noise,2.10928,noise
56,3,35,noise,5.82,noise,2.186421,noise
43,2,8,noise,4.55,noise,2.493528,noise
47,3,26,noise,6.97,signal,2.305384,signal
70,3,19,noise,4.6,signal,1.966456,signal
40,3,88,noise,6.0,noise,2.922848,noise
62,2,6,noise,5.77,noise,4.631218,signal
39,3,38,noise,4.47,noise,3.538945,noise
79,1,2,signal,6.64,noise,7.028049,noise
78,1,7,noise,6.25,noise,4.434833,noise
74,2,4,noise,6.08,signal,3.955973,noise
63,3,4,signal,6.96,signal,4.113836,signal
50,3,21,signal,8.39,signal,2.916683,signal
55,2,6,noise,5.08,signal,3.679946,noise
57,3,57,noise,6.92,signal,1.876137,signal
42,3,85,noise,6.7,noise,2.200108,noise
72,2,3,signal,7.24,signal,3.39166,signal
49,3,17,noise,6.44,noise,2.829143,noise
35,3,47,signal,6.12,noise,3.365824,noise
48,3,15,signal,7.37,noise,4.259091,signal
71,1,8,noise,5.77,noise,6.891111,noise
46,3,7,noise,5.3,signal,2.193783,noise
68,3,19,noise,5.2,noise,2.878956,noise
69,3,3,noise,3.33,noise,3.16008,noise
67,1,9,signal,6.04,noise,3.078249,noise
51,2,6,noise,7.14,noise,3.012034,noise
53,3,58,noise,6.78,noise,2.414385,noise
52,3,36,noise,4.89,signal,2.85379,signal
56,3,36,signal,6.48,signal,2.418527,signal
62,2,7,signal,6.18,noise,1.767142,noise
70,3,20,signal,5.69,signal,2.109832,noise
66,3,4,noise,6.52,noise,3.320137,noise
38,3,88,signal,6.59,signal,5.395221,noise
74,2,5,noise,5.39,signal,2.048354,noise
57,3,58,signal,7.42,signal,1.754769,signal
40,3,89,noise,5.27,noise,2.879489,noise
43,2,9,signal,6.73,signal,3.02504,signal
50,3,22,signal,8.1,noise,2.362306,signal
42,3,86,signal,8.21,signal,2.173915,signal
47,3,27,noise,4.36,noise,3.737343,noise
63,3,5,noise,5.47,noise,2.734291,noise
44,3,52,signal,5.32,signal,7.574409,noise
54,3,24,noise,6.53,noise,6.181999,noise
46,3,8,noise,3.42,noise,1.943788,noise
49,3,18,signal,9.24,signal,2.572099,signal
79,1,3,noise,7.23,signal,3.571711,signal
72,2,4,signal,7.48,signal,2.674922,signal
67,1,10,signal,6.76,noise,2.274451,noise
56,3,37,noise,4.95,noise,1.828734,noise
38,3,89,noise,6.1,noise,1.393866,noise
52,3,37,signal,6.76,signal,2.273646,signal
70,3,21,noise,7.68,noise,1.804102,signal
62,2,8,noise,5.19,noise,1.909345,noise
51,2,7,signal,7.63,signal,2.552303,signal
35,3,48,signal,7.76,noise,3.295725,noise
57,3,59,signal,7.68,signal,1.735986,signal
48,3,16,signal,5.45,noise,3.379226,noise
69,3,4,signal,8.66,noise,3.223158,signal
78,1,8,signal,5.86,noise,4.307887,noise
66,3,5,noise,4.96,noise,2.322605,noise
68,3,20,signal,7.71,signal,3.3337,signal
71,1,9,noise,4.96,noise,3.692895,noise
74,2,6,noise,5.38,signal,2.528857,signal
42,3,87,noise,4.84,noise,2.160287,noise
47,3,28,noise,4.89,signal,2.336512,noise
43,2,10,noise,5.82,noise,2.77257,noise
55,2,7,noise,3.51,signal,5.116645,noise
50,3,23,noise,5.84,noise,2.809497,noise
40,3,90,signal,5.79,signal,3.132977,noise
63,3,6,signal,6.44,signal,2.965486,noise
46,3,9,noise,5.1,noise,2.409204,noise
49,3,19,noise,3.66,noise,2.704702,noise
70,3,22,noise,7.48,signal,1.642123,signal
36,3,66,noise,6.09,noise,16.165235,noise
57,3,60,signal,5.5,noise,1.503311,noise
39,3,39,noise,6.93,signal,6.898536,noise
62,2,9,signal,6.34,noise,1.922658,noise
52,3,38,noise,6.96,noise,2.206374,signal
56,3,38,signal,6.53,signal,2.379073,signal
78,1,9,noise,5.44,noise,1.994651,noise
72,2,5,noise,5.68,noise,2.906758,signal
51,2,8,noise,8.98,noise,2.523766,signal
66,3,6,noise,6.39,noise,2.202115,signal
48,3,17,noise,5.92,noise,2.557732,noise
38,3,90,noise,5.38,signal,3.07584,noise
42,3,88,signal,5.48,signal,1.926428,signal
68,3,21,signal,7.02,signal,2.467341,signal
47,3,29,signal,8.01,signal,2.123806,signal
40,3,91,noise,6.55,noise,1.995308,noise
74,2,7,signal,8.15,signal,2.464348,signal
79,1,4,noise,5.63,noise,4.135024,noise
35,3,49,noise,6.9,noise,3.427975,noise
58,3,17,noise,5.01,noise,26.93738,noise
50,3,24,noise,5.5,signal,2.736286,noise
53,3,59,noise,6.35,noise,7.282682,noise
69,3,5,noise,3.91,noise,3.572373,noise
62,2,10,noise,7.91,noise,1.755965,noise
78,1,10,noise,3.62,signal,1.540005,noise
46,3,10,noise,6.91,noise,2.329937,noise
57,3,61,noise,5.96,noise,2.001936,noise
56,3,39,noise,7.37,noise,1.730172,noise
39,3,40,noise,5.6,noise,2.590006,noise
49,3,20,signal,6.92,signal,2.761168,signal
70,3,23,noise,4.71,noise,2.983905,noise
55,2,8,noise,5.64,signal,3.794778,noise
52,3,39,noise,5.28,noise,2.784103,noise
47,3,30,noise,4.44,noise,1.730069,noise
48,3,18,noise,6.99,signal,2.294852,noise
45,3,1,signal,4.14,signal,4.019886,noise
66,3,7,noise,7.23,noise,2.547746,noise
38,3,91,noise,5.51,noise,2.629297,signal
68,3,22,signal,5.14,signal,2.388284,signal
42,3,89,signal,6.09,signal,2.604435,signal
79,1,5,signal,5.34,signal,2.048631,noise
63,3,7,signal,4.96,noise,4.330428,noise
40,3,92,signal,7.27,signal,2.585305,signal
72,2,6,signal,6.07,noise,3.476651,noise
74,2,8,signal,7.37,noise,2.694377,noise
50,3,25,signal,6.53,noise,2.541225,signal
57,3,62,signal,7.03,noise,2.097594,signal
35,3,50,noise,7.16,noise,2.820643,noise
58,3,18,noise,5.95,noise,2.801105,noise
69,3,6,noise,4.68,noise,2.797541,noise
71,1,10,noise,7.0,noise,6.596286,noise
56,3,40,noise,6.22,noise,2.441627,noise
47,3,31,noise,5.16,noise,1.880987,noise
70,3,24,noise,5.11,noise,2.253419,noise
51,2,9,noise,5.79,noise,4.664502,noise
46,3,11,noise,7.13,noise,3.022119,noise
49,3,21,noise,5.41,noise,2.570557,noise
52,3,40,signal,6.7,signal,2.560008,noise
53,3,60,noise,6.23,noise,3.850363,noise
55,2,9,noise,4.76,signal,2.816486,noise
48,3,19,signal,8.83,signal,2.587573,signal
36,3,67,noise,6.09,noise,6.435472,signal
40,3,93,noise,4.76,noise,1.936791,noise
79,1,6,signal,7.42,noise,2.227321,signal
68,3,23,signal,7.67,signal,2.491305,signal
42,3,90,signal,7.63,signal,2.519373,signal
39,3,41,noise,5.95,signal,3.95722,signal
74,2,9,noise,5.82,signal,1.998048,signal
50,3,26,noise,4.49,noise,2.103055,noise
66,3,8,noise,6.19,noise,3.243698,noise
47,3,32,noise,6.21,noise,1.631567,noise
70,3,25,noise,8.09,noise,1.735122,signal
56,3,41,signal,6.37,signal,1.871631,noise
45,3,2,noise,6.35,signal,4.001651,noise
63,3,8,noise,5.11,noise,3.622028,noise
57,3,63,noise,5.75,noise,2.836067,noise
72,2,7,signal,7.02,signal,3.217081,signal
69,3,7,signal,8.2,noise,2.540322,signal
53,3,61,noise,6.02,noise,1.89269,noise
46,3,12,noise,6.44,noise,2.295868,noise
51,2,10,noise,5.2,noise,2.428561,noise
35,3,51,noise,7.64,noise,3.127953,signal
58,3,19,signal,9.44,signal,3.104574,signal
38,3,92,noise,6.73,noise,4.563168,noise
52,3,41,signal,7.92,signal,2.749937,signal
42,3,91,noise,5.73,noise,2.012742,signal
48,3,20,noise,6.83,noise,2.648943,noise
49,3,22,signal,7.24,signal,2.86857,signal
40,3,94,signal,8.13,signal,2.431268,signal
68,3,24,signal,6.44,signal,2.500733,signal
39,3,42,noise,3.97,noise,2.691255,noise
70,3,26,signal,6.85,noise,1.97704,noise
47,3,33,noise,4.07,noise,2.107449,noise
56,3,42,noise,5.69,noise,2.062182,noise
50,3,27,signal,9.13,signal,2.63667,signal
66,3,9,noise,5.42,noise,2.419737,noise
55,2,10,noise,4.21,noise,3.616557,noise
57,3,64,noise,5.5,noise,1.806311,noise
78,2,1,signal,7.06,signal,4.461027,noise
79,1,7,signal,9.03,signal,3.679718,signal
46,3,13,noise,6.97,signal,2.107401,noise
74,2,10,signal,6.58,noise,3.889196,noise
53,3,62,signal,6.57,noise,2.548483,noise
40,3,95,noise,6.54,noise,1.781307,noise
42,3,92,noise,6.63,noise,2.038003,noise
35,3,52,signal,7.46,noise,2.662964,noise
58,3,20,noise,5.57,noise,2.490224,noise
72,2,8,signal,7.57,signal,2.99341,signal
49,3,23,noise,5.23,noise,2.323049,noise
48,3,21,signal,7.15,noise,2.547426,noise
38,3,93,noise,6.97,noise,2.97526,noise
47,3,34,noise,5.93,signal,2.107272,signal
68,3,25,signal,7.05,signal,2.463246,noise
56,3,43,noise,5.7,noise,2.046951,noise
57,3,65,signal,7.71,signal,1.977131,signal
69,3,8,noise,5.79,signal,3.944343,noise
53,3,63,noise,6.25,noise,1.42025,noise
79,1,8,signal,8.02,signal,2.144485,signal
66,3,10,noise,7.0,noise,2.459813,noise
45,3,3,noise,7.22,noise,4.755771,signal
78,2,2,signal,6.37,signal,2.525858,signal
36,3,68,signal,7.31,signal,6.825805,noise
50,3,28,signal,6.6,noise,2.895178,signal
52,3,42,noise,6.44,noise,4.058307,signal
70,3,27,noise,6.65,signal,3.284526,signal
63,3,9,noise,5.59,noise,4.989627,noise
46,3,14,noise,4.38,noise,2.429504,noise
72,2,9,signal,7.21,signal,2.174558,signal
43,3,1,noise,5.31,noise,3.376955,noise
35,3,53,noise,5.43,noise,2.573864,noise
58,3,21,noise,4.97,noise,2.560658,signal
48,3,22,noise,6.66,signal,2.44099,signal
40,3,96,signal,6.15,signal,2.974508,signal
49,3,24,noise,6.05,noise,2.746382,noise
39,3,43,noise,5.9,noise,5.13907,noise
68,3,26,noise,5.42,noise,2.564546,noise
56,3,44,noise,6.65,noise,2.446828,noise
53,3,64,signal,7.54,noise,2.359611,signal
57,3,66,noise,2.54,signal,2.654953,noise
66,3,11,noise,6.04,noise,2.21644,noise
79,1,9,noise,5.41,signal,2.56276,noise
50,3,29,signal,7.27,signal,2.231367,signal
46,3,15,noise,6.82,signal,1.864596,noise
52,3,43,signal,6.44,signal,2.438233,noise
78,2,3,noise,5.27,noise,2.645532,noise
58,3,22,noise,5.26,noise,1.69037,noise
47,3,35,noise,5.61,noise,4.066666,noise
70,3,28,noise,8.63,noise,2.780191,signal
40,3,97,noise,4.68,noise,1.698091,noise
48,3,23,noise,6.23,noise,2.187033,noise
72,2,10,noise,6.52,signal,2.859595,signal
35,3,54,signal,7.13,signal,2.75233,noise
57,3,67,signal,7.64,signal,1.772848,signal
81,1,1,signal,7.83,signal,8.21335,noise
69,3,9,noise,5.84,signal,4.573124,noise
66,3,12,noise,6.43,noise,1.85662,noise
74,3,1,signal,7.67,signal,2.979523,signal
42,3,93,signal,6.09,signal,6.366339,signal
43,3,2,signal,7.77,signal,3.198521,signal
63,3,10,noise,5.66,noise,4.221419,noise
68,3,27,signal,7.95,signal,2.645238,signal
38,3,94,noise,6.79,noise,6.179606,noise
46,3,16,noise,6.55,noise,2.192916,noise
50,3,30,signal,7.69,noise,2.527824,signal
45,3,4,signal,5.96,noise,5.044087,noise
52,3,44,noise,5.83,noise,2.433085,noise
56,3,45,noise,7.28,noise,3.031906,noise
49,3,25,signal,7.94,signal,3.956633,signal
53,3,65,noise,4.83,noise,3.406835,noise
47,3,36,signal,8.85,signal,2.495724,signal
70,3,29,noise,5.0,noise,2.530668,noise
39,3,44,signal,6.87,signal,4.046296,noise
79,1,10,noise,5.81,signal,3.382222,noise
54,3,25,noise,9.58,noise,23.747372,signal
78,2,4,noise,5.33,noise,3.329002,noise
62,3,1,signal,7.04,noise,6.002536,noise
40,3,98,signal,4.5,signal,2.731161,noise
58,3,23,noise,7.43,noise,3.571358,noise
81,1,2,noise,7.52,signal,2.551544,signal
57,3,68,signal,6.44,signal,2.716978,signal
74,3,2,signal,7.44,signal,2.329983,signal
35,3,55,signal,8.65,noise,3.052207,signal
68,3,28,signal,8.25,signal,1.818418,signal
69,3,10,signal,3.91,noise,2.824302,noise
43,3,3,noise,5.62,noise,2.678022,noise
44,3,53,noise,6.65,noise,25.458462,noise
49,3,26,signal,7.57,signal,1.644579,signal
42,3,94,signal,5.47,signal,2.925587,noise
53,3,66,signal,5.4,signal,1.736692,noise
56,3,46,noise,5.32,noise,2.044094,noise
63,3,11,noise,6.35,noise,3.293348,noise
70,3,30,noise,8.88,noise,1.837138,signal
47,3,37,noise,5.98,noise,2.094148,noise
46,3,17,noise,7.41,signal,2.477124,signal
52,3,45,signal,8.12,signal,2.910676,signal
66,3,13,signal,7.46,signal,4.178041,noise
40,3,99,noise,5.87,noise,1.856218,noise
48,3,24,signal,8.1,signal,5.302264,noise
73,2,1,signal,6.4,signal,3.880048,noise
50,3,31,signal,6.29,signal,3.473179,signal
78,2,5,signal,6.52,signal,2.450779,noise
58,3,24,signal,6.22,signal,2.415443,noise
62,3,2,signal,8.33,noise,2.606267,noise
39,3,45,signal,7.38,noise,3.256004,signal
57,3,69,noise,4.5,noise,2.624455,noise
68,3,29,signal,7.22,signal,2.455588,noise
74,3,3,signal,6.03,noise,2.779785,noise
44,3,54,signal,6.42,signal,2.112144,signal
35,3,56,signal,6.05,signal,2.821043,noise
69,3,11,noise,7.97,signal,2.364407,signal
81,1,3,signal,8.12,noise,3.267667,signal
45,3,5,noise,5.53,signal,4.641641,noise
83,1,1,signal,9.44,signal,11.945963,signal
42,3,95,signal,6.76,signal,2.51408,signal
73,2,2,noise,7.47,signal,1.432444,signal
47,3,38,noise,5.77,noise,2.05752,noise
56,3,47,noise,7.05,noise,2.160556,noise
49,3,27,noise,6.43,noise,2.70398,noise
52,3,46,signal,7.53,signal,2.144978,signal
53,3,67,signal,6.8,signal,2.80707,signal
43,3,4,noise,6.61,noise,3.646525,noise
70,3,31,noise,5.66,noise,2.637512,noise
40,3,100,signal,4.66,signal,2.422691,noise
62,3,3,noise,3.54,noise,1.927151,noise
46,3,18,noise,5.62,noise,2.746387,noise
66,3,14,noise,5.94,signal,2.767497,signal
55,3,1,noise,5.38,noise,3.608523,noise
78,2,6,signal,5.76,signal,2.596909,noise
50,3,32,signal,6.72,signal,2.780449,signal
72,3,1,signal,7.37,signal,4.612658,signal
48,3,25,noise,5.62,signal,3.117679,signal
74,3,4,noise,4.48,signal,2.089956,noise
67,2,1,noise,6.9,noise,5.918864,signal
63,3,12,signal,3.98,signal,3.976652,noise
58,3,25,noise,5.85,noise,3.200419,noise
69,3,12,noise,7.37,signal,2.303964,signal
57,3,70,noise,5.34,signal,2.807684,noise
44,3,55,signal,8.63,signal,2.723025,signal
38,3,95,noise,5.88,signal,8.136944,noise
45,3,6,noise,5.34,signal,2.518719,noise
68,3,30,signal,6.55,signal,3.184504,signal
47,3,39,noise,7.55,signal,2.243446,signal
42,3,96,signal,7.17,signal,2.558175,signal
39,3,46,noise,5.32,noise,3.917784,noise
73,2,3,noise,7.03,signal,2.796328,signal
56,3,48,signal,6.1,signal,2.606248,noise
70,3,32,signal,7.49,noise,1.954817,signal
35,3,57,noise,4.5,signal,3.623281,noise
49,3,28,noise,5.33,signal,2.871383,signal
78,2,7,noise,5.14,noise,1.658996,noise
52,3,47,signal,6.21,signal,2.872841,noise
62,3,4,signal,6.8,signal,2.334392,signal
81,1,4,noise,6.79,signal,4.278108,signal
72,3,2,signal,3.28,noise,1.587861,noise
43,3,5,noise,6.42,noise,2.991014,noise
53,3,68,signal,6.21,signal,3.293632,noise
66,3,15,noise,4.71,signal,2.591849,signal
79,2,1,noise,4.3,signal,2.244855,noise
54,3,26,noise,9.61,noise,8.808156,signal
58,3,26,noise,7.66,noise,1.997676,noise
46,3,19,signal,7.28,noise,3.126224,signal
69,3,13,noise,6.34,noise,2.149401,noise
68,3,31,signal,8.48,signal,1.841882,signal
42,3,97,noise,5.9,noise,1.788369,noise
74,3,5,noise,6.6,noise,3.026099,noise
57,3,71,signal,5.65,signal,2.423073,signal
44,3,56,signal,5.33,signal,2.386744,noise
73,2,4,signal,5.65,signal,2.135675,noise
48,3,26,signal,7.36,noise,3.513734,noise
55,3,2,noise,6.44,noise,3.812879,noise
56,3,49,noise,4.52,noise,2.173389,noise
70,3,33,noise,5.14,noise,2.238955,noise
78,2,8,noise,6.05,noise,2.107369,noise
50,3,33,noise,5.95,signal,4.344107,signal
53,3,69,signal,8.86,signal,1.426401,signal
62,3,5,signal,7.24,signal,1.837909,signal
38,3,96,noise,6.46,noise,3.311391,noise
47,3,40,signal,7.43,signal,3.200023,signal
45,3,7,noise,4.18,noise,3.341389,noise
35,3,58,signal,8.28,signal,3.06919,signal
81,1,5,signal,8.08,noise,2.23963,signal
68,3,32,signal,7.56,noise,1.431202,noise
83,1,2,signal,4.34,noise,6.92835,noise
43,3,6,noise,6.11,noise,2.542144,noise
58,3,27,noise,5.59,noise,2.231647,noise
39,3,47,noise,5.81,signal,3.925182,noise
72,3,3,noise,3.8,signal,2.627348,noise
66,3,16,signal,8.42,noise,2.685199,noise
49,3,29,signal,8.35,signal,3.779547,signal
79,2,2,signal,7.94,signal,2.845954,signal
67,2,2,signal,4.99,noise,5.459532,noise
42,3,98,signal,7.54,signal,2.232087,signal
69,3,14,noise,4.91,signal,2.571588,noise
57,3,72,signal,6.57,signal,2.204909,signal
74,3,6,noise,6.74,signal,2.356464,noise
78,2,9,noise,6.5,signal,1.753331,noise
70,3,34,noise,6.31,noise,2.016214,noise
62,3,6,noise,6.25,signal,1.74789,signal
52,3,48,noise,6.0,noise,4.508375,noise
46,3,20,signal,6.99,signal,3.357811,noise
81,1,6,signal,3.44,noise,1.634166,noise
56,3,50,noise,5.56,noise,2.536727,noise
63,3,13,signal,4.87,noise,6.612051,noise
83,1,3,noise,7.97,signal,1.602314,signal
53,3,70,noise,7.85,signal,2.427897,noise
73,2,5,signal,6.27,signal,3.427131,signal
55,3,3,noise,4.38,signal,3.199816,noise
36,3,69,noise,5.16,noise,20.988929,noise
45,3,8,noise,6.37,noise,2.764606,noise
35,3,59,signal,7.51,signal,2.786075,signal
58,3,28,noise,4.23,noise,2.400523,noise
43,3,7,signal,7.64,noise,2.688373,noise
78,2,10,signal,4.93,signal,1.267671,signal
79,2,3,signal,9.25,noise,1.981574,signal
42,3,99,signal,7.4,signal,2.146337,signal
68,3,33,noise,6.85,signal,3.116799,signal
66,3,17,noise,4.45,signal,2.650016,noise
70,3,35,signal,7.21,signal,1.591089,signal
69,3,15,noise,5.56,noise,2.363106,noise
74,3,7,noise,6.17,signal,1.997803,signal
67,2,3,signal,7.82,signal,2.592522,signal
50,3,34,signal,5.52,signal,4.523019,noise
38,3,97,noise,7.03,noise,4.285868,noise
62,3,7,signal,7.56,noise,1.887841,noise
57,3,73,signal,7.54,noise,2.66428,noise
46,3,21,noise,4.7,signal,2.22642,noise
56,3,51,noise,6.11,noise,2.083152,noise
52,3,49,signal,9.57,noise,2.546882,signal
73,2,6,signal,6.97,signal,2.227814,noise
53,3,71,signal,5.22,noise,2.379224,noise
81,1,7,noise,5.04,signal,2.79787,noise
72,3,4,signal,6.09,signal,4.320262,noise
49,3,30,signal,8.12,signal,4.016348,signal
42,3,100,noise,6.12,noise,1.861853,noise
58,3,29,noise,6.33,noise,2.221615,noise
79,2,4,signal,8.44,noise,2.03721,signal
43,3,8,noise,5.28,noise,2.363507,noise
68,3,34,signal,7.22,signal,2.078333,signal
45,3,9,noise,3.21,noise,2.57661,noise
35,3,60,noise,3.8,noise,2.823383,noise
70,3,36,noise,6.47,noise,1.956394,signal
55,3,4,noise,5.96,noise,3.100706,noise
44,3,57,noise,5.68,signal,7.6684,noise
62,3,8,signal,6.82,noise,1.671523,noise
50,3,35,signal,8.2,signal,2.06609,signal
67,2,4,noise,6.97,noise,2.173007,noise
69,3,16,noise,3.04,noise,2.321261,noise
66,3,18,noise,6.44,noise,2.533874,noise
63,3,14,signal,6.36,signal,4.495594,signal
57,3,74,signal,6.37,signal,2.202779,signal
56,3,52,noise,5.96,noise,1.883515,noise
46,3,22,noise,6.22,noise,2.039214,signal
52,3,50,noise,5.41,signal,2.131453,signal
53,3,72,noise,4.92,noise,2.079535,noise
36,3,70,signal,4.92,noise,4.534975,noise
39,3,48,noise,6.69,signal,6.844891,signal
72,3,5,signal,7.52,signal,1.907818,signal
74,3,8,noise,6.87,noise,3.376759,noise
79,2,5,noise,3.37,noise,1.827454,noise
58,3,30,signal,5.75,signal,2.076415,noise
44,3,58,signal,5.09,noise,1.620529,noise
73,2,7,noise,8.55,noise,2.98488,signal
43,3,9,noise,5.39,noise,2.420282,noise
68,3,35,signal,5.71,signal,2.377992,noise
38,3,98,noise,6.55,signal,4.140423,signal
62,3,9,signal,7.38,signal,1.795621,signal
45,3,10,signal,6.4,signal,2.691045,noise
53,3,73,signal,5.03,noise,1.326374,noise
35,3,61,noise,5.51,noise,2.836872,noise
50,3,36,signal,6.59,signal,2.367646,signal
44,3,59,noise,7.39,noise,0.892055,noise
69,3,17,signal,8.59,signal,2.417549,signal
67,2,5,noise,5.84,noise,2.520947,noise
56,3,53,noise,6.09,noise,2.09392,noise
49,3,31,noise,7.28,noise,3.975893,noise
57,3,75,noise,7.64,signal,2.435308,signal
81,1,8,signal,7.3,signal,4.519119,noise
46,3,23,signal,6.57,noise,2.263692,noise
55,3,5,noise,5.1,noise,3.179303,noise
66,3,19,signal,7.39,signal,2.983469,noise
74,3,9,noise,6.61,noise,2.115366,noise
58,3,31,noise,6.13,noise,1.967592,noise
79,2,6,noise,4.61,noise,2.110778,noise
52,3,51,signal,6.22,signal,2.84289,signal
53,3,74,noise,5.06,noise,1.38014,noise
68,3,36,signal,6.85,noise,1.803597,noise
62,3,10,noise,5.18,noise,1.817708,noise
72,3,6,noise,4.06,signal,2.686395,noise
80,1,1,noise,4.93,signal,9.740962,noise
73,2,8,signal,5.72,signal,2.505917,noise
43,3,10,noise,4.9,noise,2.425656,noise
63,3,15,noise,7.05,signal,3.978701,signal
45,3,11,noise,6.22,noise,2.524807,noise
51,3,1,noise,4.4,noise,3.273966,noise
44,3,60,signal,7.02,signal,2.065936,signal
50,3,37,signal,7.31,signal,2.283832,signal
39,3,49,signal,8.59,noise,4.1094,signal
83,1,4,signal,6.94,signal,9.607571,signal
67,2,6,noise,5.07,noise,2.125174,signal
35,3,62,signal,9.14,signal,2.954235,signal
81,1,9,signal,4.95,signal,2.001323,signal
56,3,54,signal,8.78,signal,2.24747,signal
79,2,7,noise,4.99,signal,1.783615,noise
58,3,32,noise,5.51,noise,1.978714,noise
74,3,10,noise,5.93,noise,2.164132,noise
46,3,24,signal,6.87,noise,2.261254,noise
47,3,41,noise,4.27,signal,13.230072,noise
57,3,76,noise,4.23,noise,2.836981,noise
62,3,11,signal,7.06,noise,1.888519,signal
52,3,52,noise,4.03,signal,2.200402,signal
53,3,75,noise,4.03,noise,2.386974,noise
49,3,32,signal,7.16,signal,3.249641,signal
69,3,18,noise,5.93,signal,3.731357,noise
43,3,11,noise,5.97,noise,2.388431,signal
68,3,37,signal,7.49,signal,2.754003,signal
55,3,6,noise,6.03,noise,3.394396,noise
66,3,20,noise,4.16,noise,2.040139,noise
44,3,61,signal,5.85,signal,2.213195,signal
73,2,9,noise,6.56,noise,3.064149,noise
56,3,55,noise,6.8,noise,1.695668,noise
51,3,2,signal,8.32,signal,2.697675,signal
50,3,38,signal,8.24,noise,2.406436,noise
72,3,7,signal,6.97,signal,3.371901,noise
80,1,2,noise,5.9,noise,3.597566,noise
81,1,10,signal,6.17,noise,2.251054,noise
45,3,12,noise,7.66,signal,3.414613,signal
79,2,8,signal,8.62,signal,2.160257,signal
83,1,5,signal,7.52,signal,2.755571,signal
63,3,16,signal,6.68,noise,3.732694,signal
53,3,76,noise,8.22,noise,1.71949,noise
58,3,33,noise,6.46,noise,2.765182,noise
39,3,50,noise,5.59,signal,3.532002,noise
35,3,63,signal,6.88,noise,3.34749,noise
78,3,1,signal,5.94,signal,3.442402,noise
57,3,77,signal,5.13,signal,2.600493,noise
38,3,99,signal,5.11,signal,7.379842,noise
62,3,12,noise,6.0,noise,2.764585,noise
67,2,7,signal,7.28,noise,3.838619,signal
47,3,42,signal,7.49,signal,3.166346,signal
68,3,38,signal,6.07,noise,2.399352,signal
52,3,53,signal,7.39,signal,3.012129,signal
74,3,11,noise,4.6,noise,3.432155,noise
46,3,25,signal,7.63,signal,3.102329,signal
77,1,1,noise,5.49,noise,12.195346,noise
69,3,19,noise,5.41,signal,3.057295,noise
49,3,33,noise,6.64,signal,3.374706,signal
66,3,21,noise,6.89,noise,2.461932,signal
43,3,12,signal,7.27,noise,3.466431,noise
56,3,56,signal,5.23,signal,2.436891,noise
80,1,3,noise,6.14,noise,1.893371,noise
45,3,13,signal,8.07,signal,1.593029,noise
50,3,39,signal,7.63,signal,2.573533,signal
51,3,3,noise,6.04,noise,2.977833,noise
53,3,77,noise,4.82,noise,1.597967,noise
58,3,34,noise,4.62,noise,1.734379,noise
72,3,8,signal,7.02,noise,3.260847,signal
55,3,7,signal,8.0,signal,4.561114,signal
78,3,2,signal,5.67,signal,1.938479,signal
73,2,10,signal,4.78,noise,4.239447,noise
36,3,71,noise,6.72,noise,11.396027,noise
48,3,27,noise,6.22,signal,20.433725,noise
57,3,78,signal,8.6,signal,2.074533,signal
47,3,43,noise,6.21,signal,2.039665,noise
62,3,13,noise,6.03,signal,2.208552,noise
80,1,4,noise,7.02,signal,1.315853,noise
68,3,39,noise,6.82,signal,2.161655,signal
35,3,64,signal,7.47,signal,2.762034,signal
79,2,9,noise,7.33,signal,3.663359,signal
74,3,12,noise,6.37,noise,2.329798,noise
69,3,20,noise,6.14,noise,2.32513,noise
52,3,54,noise,6.59,noise,2.651509,noise
46,3,26,noise,4.98,noise,2.625906,noise
66,3,22,noise,7.1,noise,2.62236,noise
63,3,17,signal,5.51,noise,4.139112,noise
53,3,78,signal,6.78,signal,2.191048,noise
36,3,72,noise,7.23,noise,1.499686,signal
45,3,14,noise,4.86,signal,2.634869,noise
50,3,40,noise,5.26,signal,2.645095,noise
39,3,51,noise,3.77,noise,4.229503,noise
38,3,100,noise,6.71,signal,3.974043,signal
58,3,35,noise,5.21,signal,2.547747,signal
80,1,5,noise,5.71,noise,1.336968,noise
56,3,57,noise,6.51,noise,3.136914,noise
49,3,34,noise,6.1,signal,3.476973,signal
67,2,8,signal,6.67,signal,4.366229,signal
78,3,3,noise,6.5,noise,2.514389,noise
62,3,14,signal,7.08,noise,2.022373,noise
81,2,1,signal,5.77,signal,3.607042,noise
51,3,4,noise,4.35,noise,3.642866,noise
72,3,9,noise,5.31,noise,3.219389,noise
43,3,13,noise,6.3,noise,4.135207,noise
83,1,6,noise,7.83,noise,6.017174,signal
57,3,79,signal,6.2,signal,2.786406,signal
52,3,55,noise,6.14,noise,2.02206,noise
68,3,40,noise,5.14,noise,2.581851,noise
79,2,10,signal,8.37,signal,2.41671,signal
69,3,21,noise,5.33,noise,2.443511,noise
36,3,73,noise,7.82,noise,1.761607,noise
74,3,13,signal,7.21,signal,2.776529,signal
80,1,6,noise,8.81,noise,1.386347,noise
55,3,8,noise,7.42,signal,3.671528,signal
66,3,23,noise,4.42,noise,2.629019,noise
35,3,65,noise,6.06,noise,3.352574,noise
44,3,62,noise,6.48,noise,8.952168,signal
47,3,44,signal,7.33,signal,4.070105,signal
53,3,79,noise,5.78,noise,2.966533,noise
77,1,2,noise,8.13,signal,6.251791,signal
50,3,41,noise,4.38,noise,2.579319,noise
46,3,27,signal,7.13,signal,3.327504,signal
56,3,58,noise,5.11,noise,2.365037,noise
63,3,18,signal,6.77,noise,3.390586,noise
39,3,52,noise,5.22,noise,2.855432,noise
58,3,36,noise,7.54,noise,2.847542,signal
62,3,15,noise,5.79,noise,2.10799,noise
45,3,15,noise,5.56,noise,3.272988,noise
78,3,4,signal,6.24,signal,2.37278,signal
49,3,35,signal,6.42,signal,2.993726,signal
43,3,14,noise,6.65,noise,2.55431,noise
72,3,10,noise,5.65,noise,2.386963,noise
52,3,56,noise,5.72,noise,2.097683,noise
57,3,80,signal,7.6,signal,2.499132,signal
83,1,7,noise,8.61,noise,2.811948,signal
68,3,41,signal,6.48,signal,2.317797,signal
74,3,14,noise,6.51,signal,2.134288,signal
66,3,24,noise,6.0,noise,1.957278,noise
44,3,63,signal,5.4,noise,1.751974,noise
67,2,9,signal,7.2,signal,3.877473,noise
36,3,74,noise,7.43,signal,2.678771,signal
47,3,45,signal,8.73,noise,1.831546,signal
81,2,2,signal,8.97,noise,3.932563,signal
62,3,16,noise,6.46,signal,1.493337,signal
80,1,7,noise,6.99,noise,2.942306,signal
35,3,66,noise,6.45,noise,2.584637,noise
73,3,1,noise,5.5,noise,5.142425,noise
58,3,37,noise,6.66,noise,2.073958,noise
53,3,80,noise,6.19,noise,2.512044,noise
50,3,42,noise,4.57,noise,2.540485,noise
83,1,8,noise,7.12,noise,1.297716,signal
78,3,5,noise,4.68,noise,2.156373,noise
69,3,22,noise,5.58,noise,3.999042,noise
44,3,64,noise,7.0,noise,1.313691,noise
46,3,28,noise,6.69,signal,2.709955,noise
67,2,10,noise,6.55,noise,1.28107,noise
45,3,16,noise,6.98,signal,2.778208,signal
55,3,9,noise,5.19,noise,3.481489,signal
77,1,3,signal,4.44,noise,3.389593,noise
43,3,15,noise,6.85,signal,2.871964,signal
56,3,59,noise,7.37,noise,3.502016,noise
72,3,11,signal,8.58,signal,2.800781,signal
49,3,36,signal,5.93,signal,3.222152,noise
63,3,19,signal,7.04,signal,3.743631,signal
39,3,53,noise,6.87,signal,3.734843,signal
74,3,15,noise,5.46,noise,2.469012,noise
66,3,25,noise,5.52,noise,2.537981,noise
47,3,46,noise,6.15,noise,2.194665,noise
62,3,17,signal,7.64,noise,2.105299,noise
36,3,75,signal,5.3,noise,2.512183,noise
52,3,57,signal,5.21,signal,3.757015,signal
57,3,81,noise,5.39,noise,3.756148,noise
83,1,9,signal,7.67,noise,1.974571,signal
53,3,81,noise,5.7,noise,2.278314,noise
80,1,8,signal,6.65,signal,2.756379,noise
73,3,2,noise,6.26,signal,2.612231,noise
51,3,5,signal,7.22,noise,7.451365,signal
58,3,38,signal,7.26,noise,2.714297,noise
68,3,42,signal,6.95,signal,4.055314,signal
35,3,67,noise,6.02,noise,3.164892,noise
50,3,43,signal,6.95,noise,2.906541,noise
69,3,23,noise,5.5,noise,2.39604,noise
81,2,3,signal,5.46,noise,3.953387,noise
78,3,6,noise,6.43,noise,2.630417,noise
77,1,4,noise,5.74,noise,1.919585,noise
54,3,27,signal,6.22,signal,33.540678,noise
79,3,1,signal,6.16,noise,5.340796,noise
48,3,28,noise,6.14,signal,11.910186,noise
46,3,29,signal,7.25,noise,2.77958,noise
56,3,60,noise,4.98,noise,2.418653,noise
66,3,26,noise,5.37,noise,2.220453,noise
39,3,54,noise,4.34,noise,2.620821,noise
45,3,17,signal,6.62,noise,3.354789,noise
74,3,16,noise,6.42,noise,2.518402,noise
62,3,18,signal,7.23,noise,2.426323,noise
47,3,47,noise,6.66,noise,2.904772,noise
53,3,82,noise,6.12,noise,2.214375,noise
80,1,9,noise,5.02,signal,2.310784,noise
43,3,16,signal,8.71,noise,3.959803,noise
63,3,20,noise,5.19,noise,3.64371,noise
73,3,3,noise,4.39,noise,2.48193,noise
55,3,10,noise,5.67,signal,4.23983,noise
58,3,39,noise,6.77,noise,2.368017,noise
49,3,37,noise,6.26,noise,4.098489,signal
52,3,58,noise,6.93,noise,3.238654,noise
78,3,7,noise,7.98,signal,1.894765,signal
54,3,28,signal,4.76,noise,1.922557,noise
57,3,82,signal,5.55,noise,3.506898,noise
69,3,24,noise,3.87,noise,2.718436,noise
50,3,44,signal,7.3,signal,3.007995,signal
72,3,12,noise,6.82,noise,4.853139,noise
35,3,68,signal,6.91,signal,3.300941,noise
39,3,55,noise,4.56,noise,1.722849,noise
68,3,43,noise,6.84,noise,3.551433,noise
56,3,61,noise,7.48,noise,2.14629,noise
46,3,30,noise,4.93,signal,2.31025,noise
81,2,4,noise,5.55,noise,4.088105,noise
77,1,5,signal,4.59,noise,3.953877,noise
66,3,27,noise,6.22,noise,2.874371,noise
79,3,2,noise,6.82,signal,3.808229,signal
47,3,48,noise,5.15,noise,2.403296,noise
71,2,1,noise,4.21,noise,6.141362,noise
45,3,18,noise,5.85,signal,3.207443,noise
53,3,83,noise,4.95,noise,2.488311,noise
48,3,29,signal,5.62,signal,3.808162,noise
62,3,19,noise,5.48,signal,3.013009,noise
74,3,17,signal,7.0,signal,3.413036,signal
67,3,1,signal,7.84,signal,4.115984,signal
58,3,40,noise,6.07,noise,2.297651,noise
43,3,17,noise,4.55,noise,2.965796,noise
57,3,83,signal,7.54,noise,2.189309,signal
78,3,8,noise,6.29,noise,2.468282,noise
73,3,4,noise,4.52,noise,2.997987,noise
80,1,10,noise,6.85,signal,3.538234,noise
51,3,6,signal,7.22,signal,6.446885,signal
52,3,59,signal,5.96,signal,2.919386,signal
69,3,25,noise,5.92,signal,2.705252,signal
56,3,62,noise,4.98,noise,1.78427,noise
63,3,21,signal,4.59,noise,3.848264,noise
55,3,11,noise,4.14,noise,3.675886,noise
47,3,49,noise,5.32,signal,1.548428,noise
68,3,44,noise,5.37,noise,2.60543,noise
72,3,13,noise,5.05,noise,2.933798,noise
35,3,69,noise,4.46,signal,2.951017,noise
50,3,45,noise,5.54,signal,3.76616,signal
79,3,3,noise,4.74,noise,2.14977,noise
66,3,28,noise,6.22,signal,2.377925,noise
74,3,18,noise,5.41,signal,1.788083,noise
62,3,20,noise,6.08,signal,2.092616,signal
77,1,6,signal,5.28,signal,2.94593,noise
53,3,84,noise,7.36,signal,2.483712,noise
83,1,10,signal,6.27,signal,8.920966,signal
81,2,5,noise,6.55,signal,3.017039,signal
46,3,31,noise,5.92,noise,3.048989,noise
45,3,19,noise,5.19,noise,2.824271,noise
67,3,2,noise,5.11,signal,2.405929,signal
58,3,41,signal,7.89,signal,2.511424,signal
49,3,38,noise,6.49,noise,5.637417,noise
73,3,5,noise,5.6,signal,2.344368,noise
57,3,84,noise,4.95,noise,2.378867,noise
78,3,9,noise,6.07,noise,2.525562,noise
47,3,50,noise,4.29,noise,1.75594,noise
43,3,18,signal,7.22,signal,2.893964,noise
56,3,63,signal,6.11,signal,2.423883,noise
69,3,26,signal,9.21,signal,2.604029,signal
79,3,4,noise,5.18,noise,1.80302,noise
77,1,7,noise,5.97,noise,1.341127,noise
48,3,30,noise,5.77,noise,4.359865,noise
50,3,46,signal,6.73,noise,2.40255,signal
66,3,29,signal,7.67,signal,2.2387,noise
68,3,45,signal,6.99,signal,2.820557,signal
62,3,21,signal,7.51,signal,2.15782,noise
51,3,7,noise,6.95,noise,3.842679,noise
35,3,70,noise,4.74,noise,2.889568,noise
55,3,12,noise,6.27,noise,3.218059,noise
74,3,19,noise,6.46,noise,3.207443,noise
52,3,60,signal,6.21,signal,4.548886,noise
45,3,20,noise,4.65,noise,2.591163,noise
39,3,56,noise,6.11,noise,7.042651,noise
67,3,3,signal,6.15,noise,2.498822,noise
47,3,51,noise,6.23,noise,2.236551,noise
81,2,6,noise,4.56,noise,3.14708,noise
58,3,42,noise,5.43,noise,2.630418,noise
56,3,64,noise,4.99,noise,2.296597,noise
84,1,1,signal,7.35,noise,10.372005,noise
73,3,6,noise,7.72,noise,2.731433,signal
53,3,85,noise,7.18,signal,4.127489,signal
79,3,5,signal,3.94,signal,2.748778,noise
63,3,22,noise,6.92,signal,5.689187,signal
57,3,85,signal,7.63,signal,3.36002,signal
43,3,19,noise,5.94,noise,3.396973,noise
69,3,27,noise,9.61,signal,3.39908,signal
46,3,32,noise,5.63,signal,3.517411,noise
71,2,2,noise,6.26,noise,8.038446,noise
49,3,39,signal,7.53,signal,4.103743,signal
72,3,14,signal,8.12,noise,6.131464,signal
50,3,47,signal,8.41,signal,3.16737,signal
48,3,31,signal,6.88,noise,3.561399,noise
36,3,76,signal,5.05,signal,15.064474,noise
77,1,8,signal,9.81,signal,3.590328,signal
62,3,22,signal,6.43,noise,2.941917,noise
66,3,30,noise,5.17,noise,2.515894,noise
68,3,46,noise,6.23,noise,3.224416,noise
45,3,21,signal,7.17,noise,1.890772,noise
78,3,10,noise,4.71,noise,5.270115,noise
35,3,71,signal,6.33,noise,3.283494,noise
52,3,61,signal,9.62,signal,2.841547,signal
74,3,20,signal,7.93,signal,2.983813,signal
84,1,2,noise,6.04,signal,2.071532,noise
58,3,43,noise,5.1,noise,2.292946,noise
67,3,4,noise,6.76,signal,2.502421,noise
47,3,52,noise,5.94,noise,2.572253,noise
51,3,8,signal,7.15,noise,4.236621,signal
55,3,13,noise,4.63,noise,3.62706,noise
81,2,7,signal,8.64,signal,2.685056,noise
56,3,65,noise,6.51,signal,2.799776,signal
73,3,7,noise,5.66,noise,2.866121,noise
39,3,57,signal,9.04,noise,3.772555,signal
53,3,86,noise,4.71,noise,2.886973,noise
62,3,23,signal,6.52,noise,1.614078,noise
69,3,28,noise,5.48,noise,2.58198,noise
77,1,9,noise,8.05,signal,2.3069,signal
43,3,20,noise,6.71,noise,2.967231,noise
75,1,1,noise,5.43,noise,17.159288,noise
68,3,47,noise,5.92,noise,2.005264,noise
79,3,6,noise,4.36,signal,3.314755,noise
50,3,48,signal,6.76,noise,2.928044,noise
58,3,44,noise,7.22,noise,1.416634,noise
44,3,65,signal,5.55,signal,20.760286,signal
66,3,31,noise,7.03,signal,2.520623,noise
57,3,86,noise,5.11,noise,3.749952,noise
78,3,11,signal,5.08,signal,2.317199,noise
49,3,40,noise,5.06,noise,3.130393,noise
47,3,53,noise,4.15,noise,1.817762,noise
84,1,3,noise,6.32,signal,2.18512,signal
46,3,33,signal,7.54,signal,3.434908,signal
45,3,22,noise,4.23,noise,3.017713,noise
72,3,15,noise,5.11,noise,3.746329,noise
63,3,23,signal,7.81,signal,4.473134,signal
67,3,5,noise,6.0,noise,2.460856,noise
74,3,21,noise,6.76,noise,2.758124,noise
62,3,24,noise,6.65,noise,1.838827,noise
35,3,72,noise,5.18,signal,3.197399,noise
56,3,66,signal,6.08,signal,2.108579,signal
36,3,77,signal,7.78,signal,4.432802,signal
51,3,9,signal,7.74,signal,2.809746,signal
81,2,8,noise,6.05,signal,2.705994,signal
52,3,62,signal,7.47,noise,3.351828,noise
69,3,29,noise,6.55,noise,2.430222,noise
53,3,87,noise,5.74,noise,2.948594,noise
44,3,66,signal,5.83,signal,1.666335,noise
73,3,8,noise,7.14,signal,3.180349,signal
79,3,7,noise,5.04,noise,1.915354,noise
47,3,54,noise,3.93,noise,1.64051,noise
66,3,32,noise,6.47,signal,1.828505,signal
68,3,48,noise,7.05,noise,2.340237,noise
39,3,58,noise,4.37,signal,3.698001,noise
43,3,21,noise,7.14,signal,2.846546,signal
45,3,23,noise,4.66,noise,1.519449,noise
77,1,10,signal,4.65,noise,3.239655,noise
50,3,49,noise,5.31,noise,2.848377,noise
58,3,45,signal,9.57,signal,2.85948,signal
80,2,1,noise,7.32,noise,3.91055,noise
81,2,9,signal,6.26,noise,1.596545,noise
57,3,87,signal,7.54,noise,2.696952,signal
49,3,41,signal,7.78,signal,2.83185,signal
78,3,12,noise,5.13,noise,2.942291,noise
74,3,22,noise,5.19,noise,2.286653,noise
44,3,67,signal,7.25,noise,1.58137,noise
62,3,25,signal,7.11,noise,2.389542,noise
67,3,6,noise,5.65,signal,2.593655,signal
36,3,78,noise,7.5,noise,2.504843,noise
48,3,32,noise,6.75,noise,7.513811,signal
46,3,34,signal,8.32,noise,2.720109,signal
56,3,67,signal,6.61,signal,2.716844,noise
52,3,63,noise,6.41,noise,2.681057,signal
51,3,10,noise,6.72,signal,3.106812,signal
83,2,1,signal,6.88,signal,5.850126,signal
72,3,16,signal,8.28,noise,3.438156,signal
71,2,3,noise,8.35,noise,8.686922,noise
35,3,73,signal,6.41,signal,3.661651,noise
53,3,88,noise,4.9,noise,3.069665,noise
55,3,14,noise,6.18,signal,6.664669,signal
73,3,9,noise,7.53,noise,3.241452,signal
63,3,24,signal,9.63,signal,4.573691,signal
79,3,8,signal,6.85,signal,3.101599,signal
47,3,55,signal,10.47,signal,3.105561,signal
54,3,29,noise,5.44,noise,20.682612,noise
68,3,49,noise,4.66,noise,3.568009,noise
69,3,30,signal,8.2,signal,4.430887,signal
75,1,2,signal,6.3,signal,7.040181,signal
50,3,50,noise,5.42,signal,3.381404,noise
58,3,46,noise,5.88,noise,3.381813,noise
43,3,22,noise,6.32,signal,3.866266,signal
80,2,2,signal,6.53,noise,3.30016,noise
62,3,26,noise,5.85,noise,2.691148,noise
74,3,23,noise,5.87,noise,2.920702,noise
78,3,13,signal,5.38,signal,3.122433,noise
45,3,24,signal,2.71,signal,4.154373,noise
81,2,10,noise,6.95,noise,3.661996,noise
49,3,42,signal,6.75,signal,3.872786,signal
66,3,33,noise,5.51,noise,4.99337,noise
67,3,7,signal,5.89,noise,3.28463,noise
57,3,88,signal,5.88,noise,4.114985,noise
56,3,68,noise,5.88,signal,3.132879,signal
46,3,35,noise,5.71,signal,3.156697,noise
52,3,64,noise,5.92,signal,3.379522,noise
83,2,2,noise,5.85,noise,3.004874,noise
53,3,89,noise,4.08,noise,2.270852,noise
48,3,33,signal,7.45,signal,4.154776,signal
51,3,11,noise,6.41,noise,3.442902,noise
39,3,59,noise,5.73,noise,6.299224,noise
84,1,4,noise,8.02,signal,8.914197,signal
73,3,10,signal,7.12,noise,2.958032,signal
72,3,17,noise,5.65,noise,3.513129,noise
79,3,9,signal,6.72,noise,2.993967,signal
47,3,56,noise,4.78,noise,3.025861,noise
80,2,3,noise,6.28,noise,2.010865,noise
35,3,74,noise,4.42,signal,3.844571,noise
58,3,47,noise,3.66,noise,2.421683,noise
45,3,25,noise,7.05,signal,2.06241,noise
36,3,79,noise,8.88,noise,6.041775,signal
55,3,15,noise,5.43,noise,3.567795,noise
76,1,1,signal,7.7,noise,15.179689,noise
68,3,50,noise,5.01,noise,3.308283,noise
63,3,25,noise,5.2,signal,4.118851,noise
62,3,27,noise,6.49,noise,2.802963,noise
69,3,31,noise,8.04,noise,3.506649,signal
74,3,24,signal,7.72,signal,2.959063,signal
71,2,4,noise,6.95,noise,5.216072,noise
57,3,89,noise,8.1,noise,2.515222,signal
78,3,14,noise,7.32,noise,3.140509,noise
43,3,23,noise,5.13,noise,3.684984,noise
83,2,3,noise,5.38,noise,2.332005,noise
50,3,51,signal,6.16,noise,4.312601,noise
66,3,34,noise,5.0,signal,3.39085,signal
46,3,36,noise,6.39,signal,3.146189,noise
67,3,8,noise,5.66,noise,3.748442,signal
52,3,65,signal,8.24,signal,3.422168,signal
56,3,69,signal,8.06,signal,3.81801,signal
54,3,30,noise,6.51,noise,6.193965,noise
39,3,60,noise,5.58,noise,3.090961,noise
80,2,4,noise,6.05,signal,2.272968,signal
53,3,90,noise,4.73,noise,3.939159,noise
75,1,3,signal,7.48,noise,6.088898,noise
58,3,48,noise,6.32,signal,2.257256,signal
49,3,43,signal,7.55,noise,5.231024,noise
73,3,11,noise,5.6,signal,3.340425,signal
47,3,57,noise,6.12,signal,3.189144,signal
51,3,12,noise,6.53,signal,4.128623,signal
61,1,1,noise,5.17,noise,9.019104,noise
79,3,10,noise,8.23,signal,3.877793,signal
35,3,75,noise,5.75,signal,3.532862,noise
44,3,68,noise,6.37,noise,10.845613,noise
72,3,18,noise,6.35,signal,3.888667,noise
74,3,25,noise,5.24,noise,2.42081,noise
69,3,32,noise,6.38,noise,2.904997,signal
68,3,51,signal,7.88,signal,3.19058,signal
84,1,5,noise,5.59,noise,5.221423,noise
78,3,15,signal,6.84,signal,2.594594,signal
83,2,4,signal,8.67,signal,2.601368,signal
62,3,28,signal,6.52,signal,3.38783,signal
63,3,26,noise,5.94,signal,3.724004,signal
76,1,2,noise,7.37,signal,4.170503,signal
57,3,90,signal,7.48,signal,2.990915,signal
50,3,52,signal,5.93,signal,2.775911,signal
46,3,37,noise,7.85,signal,2.403517,noise
56,3,70,signal,7.4,signal,2.258686,signal
45,3,26,signal,5.47,noise,4.851131,noise
67,3,9,signal,7.68,noise,2.599469,signal
66,3,35,noise,7.43,noise,3.104297,signal
58,3,49,noise,5.21,noise,2.15674,noise
55,3,16,noise,5.02,signal,4.659755,noise
53,3,91,noise,7.58,signal,2.454182,signal
80,2,5,noise,8.38,noise,2.673721,signal
43,3,24,noise,7.67,noise,4.1663,signal
47,3,58,noise,5.53,noise,2.310397,noise
73,3,12,signal,5.61,noise,2.650979,signal
71,2,5,noise,7.49,noise,4.688526,signal
48,3,34,noise,5.84,noise,7.845249,noise
68,3,52,signal,6.69,noise,1.663394,noise
51,3,13,signal,7.15,signal,2.853192,signal
74,3,26,noise,4.08,noise,1.977213,noise
83,2,5,signal,7.97,signal,1.607137,signal
79,3,11,signal,6.78,noise,2.474501,noise
49,3,44,noise,5.73,noise,3.388643,noise
78,3,16,signal,8.19,signal,2.241229,signal
45,3,27,noise,8.04,signal,1.231795,signal
62,3,29,noise,4.36,noise,2.261919,noise
75,1,4,noise,7.55,noise,4.167724,noise
50,3,53,signal,6.29,noise,1.98915,noise
77,2,1,noise,5.38,noise,8.330991,noise
35,3,76,signal,6.38,signal,3.312338,noise
69,3,33,noise,5.69,noise,3.028558,noise
61,1,2,noise,3.81,noise,3.775023,noise
67,3,10,signal,6.61,noise,2.175701,noise
57,3,91,signal,8.63,signal,2.664763,signal
39,3,61,signal,7.48,signal,5.142116,noise
72,3,19,noise,6.61,noise,3.436706,signal
46,3,38,noise,5.75,noise,2.370391,noise
58,3,50,noise,4.72,noise,2.425158,noise
80,2,6,signal,6.43,signal,2.46661,signal
47,3,59,noise,6.77,noise,2.313396,noise
84,1,6,noise,6.43,noise,3.878487,noise
66,3,36,noise,6.72,signal,2.987521,signal
71,2,6,noise,6.01,noise,2.274186,signal
56,3,71,noise,7.19,noise,3.520353,signal
63,3,27,signal,6.61,signal,3.990542,signal
79,3,12,signal,9.58,noise,2.223721,signal
85,1,1,signal,8.11,noise,13.728199,noise
68,3,53,signal,7.53,signal,2.592282,signal
49,3,45,signal,6.73,signal,2.50933,noise
48,3,35,noise,5.37,noise,2.770581,noise
73,3,13,signal,6.18,noise,3.045538,signal
43,3,25,signal,6.71,noise,3.611034,noise
45,3,28,noise,4.88,noise,2.342627,noise
82,1,1,signal,8.81,signal,15.243293,signal
51,3,14,signal,7.08,signal,3.110983,signal
55,3,17,signal,8.68,noise,3.912949,signal
78,3,17,noise,4.63,noise,2.655404,noise
54,3,31,noise,6.86,noise,7.607349,signal
83,2,6,signal,2.9,signal,3.53423,noise
50,3,54,signal,7.78,signal,2.98671,signal
44,3,69,noise,6.37,noise,6.706371,signal
47,3,60,noise,6.46,noise,2.035089,noise
35,3,77,noise,6.11,signal,3.066071,noise
58,3,51,noise,5.11,noise,2.560171,noise
62,3,30,noise,5.22,noise,3.811074,noise
67,3,11,noise,6.98,signal,3.068784,signal
46,3,39,noise,6.21,noise,2.614718,noise
66,3,37,noise,6.41,noise,2.438435,noise
69,3,34,signal,9.07,signal,3.547176,signal
57,3,92,signal,6.19,noise,3.326941,noise
77,2,2,signal,7.42,signal,3.878589,signal
75,1,5,noise,5.54,noise,4.420089,noise
80,2,7,noise,6.39,noise,3.362713,noise
61,1,3,noise,7.83,signal,4.027732,signal
45,3,29,noise,7.36,signal,1.885273,noise
68,3,54,signal,8.35,noise,2.375919,noise
39,3,62,noise,5.34,signal,3.916671,noise
84,1,7,noise,6.6,noise,3.820813,noise
73,3,14,signal,5.38,noise,2.495569,noise
49,3,46,noise,5.83,noise,3.031884,noise
43,3,26,noise,5.39,noise,2.717875,noise
51,3,15,signal,8.98,signal,2.546755,signal
58,3,52,noise,5.17,noise,1.447987,noise
76,1,3,noise,5.18,noise,8.112425,noise
47,3,61,noise,6.39,noise,1.908835,noise
71,2,7,noise,5.19,noise,4.438713,noise
54,3,32,signal,6.7,signal,2.617073,noise
56,3,72,signal,6.76,signal,4.062659,noise
72,3,20,noise,5.79,noise,5.543971,noise
83,2,7,noise,3.28,noise,2.860992,noise
44,3,70,noise,5.51,noise,2.570836,noise
67,3,12,signal,7.12,signal,2.06476,signal
63,3,28,noise,4.67,noise,4.574891,signal
62,3,31,signal,6.87,signal,2.402052,noise
78,3,18,signal,6.5,signal,3.636006,noise
46,3,40,noise,5.78,noise,2.432388,noise
35,3,78,noise,5.12,noise,2.998951,noise
50,3,55,noise,5.73,signal,3.463465,signal
74,3,27,signal,7.87,signal,8.156545,noise
66,3,38,noise,6.2,noise,2.687712,noise
57,3,93,signal,7.76,signal,2.508081,signal
82,1,2,noise,5.27,noise,4.53567,noise
79,3,13,noise,4.13,noise,5.465424,noise
55,3,18,noise,8.32,signal,4.668986,signal
80,2,8,signal,6.72,signal,2.787774,signal
77,2,3,noise,4.77,noise,3.117113,noise
68,3,55,signal,7.3,signal,2.825545,signal
43,3,27,noise,6.53,noise,2.202603,noise
85,1,2,noise,4.88,noise,6.061458,noise
69,3,35,noise,5.5,signal,3.795234,noise
49,3,47,signal,9.08,signal,2.643779,signal
47,3,62,noise,5.17,noise,2.084718,noise
61,1,4,signal,6.39,noise,3.533724,noise
58,3,53,signal,7.95,signal,2.521441,signal
56,3,73,noise,5.48,noise,2.158151,noise
73,3,15,noise,7.71,noise,3.362693,noise
45,3,30,noise,7.33,noise,3.803746,noise
51,3,16,noise,4.02,noise,3.001872,noise
75,1,6,signal,7.44,noise,4.312675,signal
72,3,21,noise,5.76,noise,2.510703,noise
84,1,8,noise,6.47,noise,3.758482,noise
67,3,13,signal,7.38,noise,2.266257,noise
78,3,19,noise,8.35,noise,2.326736,signal
83,2,8,noise,5.18,noise,2.941762,noise
62,3,32,signal,6.24,noise,2.498101,noise
66,3,39,noise,7.14,noise,2.19995,noise
80,2,9,noise,4.03,noise,1.669595,noise
46,3,41,noise,7.77,signal,2.334171,signal
74,3,28,noise,4.96,noise,2.652019,noise
57,3,94,noise,5.01,noise,2.416374,noise
79,3,14,signal,7.27,signal,2.278883,signal
50,3,56,signal,7.0,noise,2.915675,noise
68,3,56,signal,6.17,signal,2.105769,noise
63,3,29,signal,7.44,signal,3.519823,signal
35,3,79,noise,5.58,noise,3.275017,noise
39,3,63,signal,8.81,signal,5.68986,signal
43,3,28,noise,5.28,noise,2.479668,noise
44,3,71,signal,7.23,signal,4.528222,signal
82,1,3,noise,4.97,noise,3.334236,noise
72,3,22,noise,4.97,noise,1.575859,noise
47,3,63,noise,4.65,signal,2.131967,noise
81,3,1,signal,5.27,signal,4.370151,noise
71,2,8,noise,6.63,noise,5.186036,signal
67,3,14,signal,5.49,noise,1.782418,noise
56,3,74,noise,6.88,signal,2.30561,signal
51,3,17,noise,5.64,noise,2.42378,noise
49,3,48,noise,7.04,noise,3.079204,signal
77,2,4,noise,6.56,noise,3.720955,noise
78,3,20,signal,8.35,signal,2.177806,signal
45,3,31,noise,5.75,noise,2.766157,noise
83,2,9,signal,6.42,signal,2.27138,noise
62,3,33,signal,7.52,signal,2.245768,signal
66,3,40,noise,6.83,noise,2.088526,noise
73,3,16,signal,6.02,signal,3.303134,noise
55,3,19,noise,3.07,noise,4.64434,noise
69,3,36,signal,7.34,signal,4.022046,signal
79,3,15,signal,7.58,signal,2.063511,signal
80,2,10,signal,5.82,noise,2.391885,noise
75,1,7,noise,5.57,signal,3.500151,noise
46,3,42,noise,5.06,noise,2.619555,noise
84,1,9,noise,6.49,noise,3.597031,noise
36,3,80,signal,5.01,signal,21.549152,noise
68,3,57,signal,4.62,noise,2.599771,noise
50,3,57,signal,6.52,signal,2.880405,signal
61,1,5,signal,6.0,signal,4.677241,noise
63,3,30,signal,7.25,signal,2.893737,signal
67,3,15,signal,7.68,signal,1.976453,signal
57,3,95,signal,9.97,signal,3.176243,signal
43,3,29,noise,4.39,noise,3.0601,noise
35,3,80,noise,3.99,signal,3.290972,noise
47,3,64,noise,7.14,noise,2.632256,noise
49,3,49,noise,5.23,noise,2.256894,noise
81,3,2,signal,7.36,signal,2.805433,signal
56,3,75,noise,4.79,noise,2.635212,noise
72,3,23,signal,8.14,signal,3.003713,signal
39,3,64,signal,8.29,noise,3.787869,noise
78,3,21,noise,5.07,noise,2.335884,noise
58,3,54,signal,7.4,signal,5.768938,noise
82,1,4,noise,4.6,noise,3.761898,noise
73,3,17,noise,8.0,signal,2.073966,signal
85,1,3,noise,6.97,signal,6.780549,signal
66,3,41,noise,7.19,noise,2.417041,noise
45,3,32,noise,6.16,noise,2.81115,noise
83,2,10,signal,7.09,signal,2.826865,signal
77,2,5,noise,6.45,noise,3.449902,noise
51,3,18,noise,6.37,noise,3.694374,noise
62,3,34,noise,6.56,noise,2.879282,noise
79,3,16,noise,4.67,signal,2.235186,noise
76,1,4,noise,4.09,noise,9.942114,noise
68,3,58,noise,7.79,signal,2.003719,signal
71,2,9,noise,4.39,noise,4.475191,noise
74,3,29,noise,7.32,noise,5.811118,noise
69,3,37,noise,5.41,noise,3.058535,noise
67,3,16,signal,6.14,noise,2.330014,noise
46,3,43,signal,6.42,signal,2.825898,noise
57,3,96,noise,5.1,noise,2.599829,noise
47,3,65,noise,5.3,noise,2.042322,noise
50,3,58,signal,6.01,signal,3.075058,noise
49,3,50,noise,5.56,noise,2.418764,noise
35,3,81,signal,7.84,noise,2.727841,signal
56,3,76,signal,8.03,signal,2.393211,signal
84,1,10,noise,4.87,signal,3.528283,noise
61,1,6,noise,5.95,noise,3.452925,noise
75,1,8,signal,7.9,signal,3.991249,signal
78,3,22,signal,7.74,signal,2.541165,noise
55,3,20,noise,4.92,noise,4.338236,noise
81,3,3,signal,6.64,noise,3.034419,signal
63,3,31,signal,5.19,noise,3.780877,noise
73,3,18,signal,6.52,noise,2.428747,noise
66,3,42,noise,5.67,noise,2.249034,noise
85,1,4,noise,5.58,noise,2.262245,noise
36,3,81,noise,6.51,noise,4.606002,noise
79,3,17,signal,9.15,noise,2.066324,signal
72,3,24,signal,7.29,signal,3.444122,signal
45,3,33,noise,4.42,noise,2.788402,noise
43,3,30,signal,5.38,signal,4.662889,noise
68,3,59,signal,7.51,signal,2.600313,signal
82,1,5,noise,4.61,noise,3.959127,noise
71,2,10,noise,6.87,noise,2.662446,signal
74,3,30,noise,4.96,noise,2.626094,noise
62,3,35,signal,7.89,signal,3.400757,signal
47,3,66,noise,3.74,noise,2.080002,noise
51,3,19,noise,6.29,signal,3.494615,signal
46,3,44,noise,7.33,signal,2.646535,noise
69,3,38,noise,7.34,noise,2.923598,noise
67,3,17,signal,5.71,noise,2.845667,noise
57,3,97,signal,7.34,signal,2.682117,signal
77,2,6,noise,3.89,noise,4.070171,noise
49,3,51,signal,8.51,signal,2.714504,signal
48,3,36,noise,4.65,noise,18.654705,noise
56,3,77,signal,5.83,signal,2.428376,noise
61,1,7,noise,6.38,noise,2.665177,noise
73,3,19,noise,6.59,noise,2.137242,noise
78,3,23,noise,3.82,noise,2.652495,noise
35,3,82,noise,5.31,signal,3.195466,noise
75,1,9,noise,4.61,noise,3.110893,noise
66,3,43,signal,6.54,signal,2.629012,noise
36,3,82,noise,5.3,signal,2.645361,noise
63,3,32,signal,4.28,noise,3.115867,noise
55,3,21,noise,5.98,noise,3.455178,noise
72,3,25,signal,8.4,signal,2.368901,signal
47,3,67,noise,4.07,noise,1.734215,noise
39,3,65,noise,7.5,signal,6.448444,signal
57,3,98,signal,3.76,signal,1.252,noise
68,3,60,signal,7.83,signal,2.219976,signal
50,3,59,signal,6.51,noise,4.829013,noise
79,3,18,signal,8.01,signal,3.281149,signal
62,3,36,signal,6.72,noise,2.246732,noise
83,3,1,noise,5.92,noise,3.261101,noise
43,3,31,noise,7.77,noise,2.883665,noise
81,3,4,noise,7.74,noise,4.620743,noise
46,3,45,noise,5.51,noise,2.244064,noise
53,3,92,noise,4.26,noise,25.787532,noise
67,3,18,noise,5.57,signal,2.422465,noise
51,3,20,noise,4.91,noise,2.95301,noise
80,3,1,noise,4.25,noise,5.852173,noise
56,3,78,noise,8.81,signal,2.126169,signal
69,3,39,noise,5.53,noise,2.997764,noise
45,3,34,signal,5.1,signal,4.176621,noise
82,1,6,signal,8.5,signal,3.778842,signal
73,3,20,noise,5.04,noise,2.632041,noise
61,1,8,signal,5.86,noise,2.815256,noise
78,3,24,noise,6.86,noise,2.680514,noise
35,3,83,signal,8.31,signal,2.669194,signal
77,2,7,noise,6.08,noise,3.361739,noise
72,3,26,noise,5.27,noise,2.154275,noise
49,3,52,signal,6.66,signal,3.46001,signal
48,3,37,noise,7.74,signal,3.51394,signal
47,3,68,noise,5.28,signal,2.421743,noise
39,3,66,noise,3.71,noise,2.443809,noise
63,3,33,noise,6.98,noise,2.979217,noise
66,3,44,noise,5.35,noise,3.449096,noise
79,3,19,noise,6.06,noise,2.1278,noise
50,3,60,signal,6.52,signal,2.431923,signal
85,1,5,signal,8.6,signal,6.590274,signal
53,3,93,noise,5.62,noise,1.798888,noise
83,3,2,signal,6.27,signal,2.356137,signal
36,3,83,signal,6.08,signal,3.994813,noise
57,3,99,noise,5.49,signal,3.123295,noise
68,3,61,signal,7.27,signal,3.069799,signal
43,3,32,noise,5.49,noise,2.647337,noise
61,1,9,noise,3.9,noise,1.407471,noise
75,1,10,noise,6.09,signal,4.598626,signal
81,3,5,signal,6.11,noise,2.767042,noise
76,1,5,noise,4.23,signal,9.999579,noise
46,3,46,noise,5.55,signal,2.727817,noise
56,3,79,signal,7.71,signal,2.323837,noise
74,3,31,noise,5.3,noise,6.478419,noise
80,3,2,signal,6.12,noise,2.825833,noise
78,3,25,noise,5.69,noise,2.158498,noise
45,3,35,noise,6.41,noise,2.520772,noise
55,3,22,noise,5.27,signal,5.007433,noise
67,3,19,noise,4.41,signal,3.310852,noise
47,3,69,noise,3.79,noise,1.956564,noise
73,3,21,noise,6.87,signal,2.849794,noise
49,3,53,noise,3.95,noise,2.494439,noise
48,3,38,noise,5.09,signal,2.592515,signal
69,3,40,noise,6.18,noise,3.417134,noise
66,3,45,noise,5.63,signal,2.249891,signal
53,3,94,noise,7.19,noise,1.937365,noise
79,3,20,signal,5.57,noise,2.425482,signal
77,2,8,noise,5.05,noise,3.176206,noise
35,3,84,signal,7.8,signal,3.390225,noise
72,3,27,signal,7.5,signal,3.035098,signal
68,3,62,signal,6.73,signal,2.081102,signal
50,3,61,signal,6.71,noise,2.754627,noise
51,3,21,signal,8.39,signal,4.733214,signal
61,1,10,noise,5.96,noise,2.137261,noise
80,3,3,noise,5.91,noise,1.498492,noise
62,3,37,noise,5.95,noise,6.030084,signal
57,3,100,signal,7.63,signal,2.426129,signal
63,3,34,noise,5.08,signal,3.738929,noise
74,3,32,noise,6.61,noise,2.011061,noise
47,3,70,noise,4.58,noise,1.546166,noise
36,3,84,noise,4.98,signal,3.374049,noise
39,3,67,noise,6.13,signal,4.382509,noise
46,3,47,noise,4.92,signal,2.218055,noise
43,3,33,noise,6.62,noise,3.377028,noise
45,3,36,noise,6.77,noise,2.26891,noise
81,3,6,signal,6.59,noise,2.735321,noise
56,3,80,signal,8.05,signal,2.962305,signal
73,3,22,signal,7.45,noise,2.192352,signal
78,3,26,noise,6.59,noise,2.644357,noise
53,3,95,noise,6.16,signal,1.95089,signal
48,3,39,signal,5.97,signal,2.32568,noise
66,3,46,signal,7.52,signal,2.318489,noise
72,3,28,signal,8.81,signal,1.916077,signal
86,1,1,noise,5.63,signal,17.976455,noise
77,2,9,noise,4.34,noise,2.34548,noise
62,3,38,noise,6.51,noise,1.704746,noise
83,3,3,signal,6.24,signal,5.006111,signal
68,3,63,signal,5.65,signal,2.321495,signal
49,3,54,noise,7.26,noise,3.306285,noise
55,3,23,signal,6.16,noise,3.696622,noise
50,3,62,signal,7.76,signal,2.653209,signal
35,3,85,noise,5.54,noise,3.009203,noise
79,3,21,signal,6.96,noise,3.237334,signal
80,3,4,noise,5.55,noise,2.593163,noise
47,3,71,noise,8.28,signal,1.975995,signal
82,1,7,signal,6.72,noise,7.729029,noise
69,3,41,noise,5.37,noise,4.084554,noise
46,3,48,noise,7.44,signal,2.145709,noise
73,3,23,signal,7.88,noise,2.131886,noise
45,3,37,noise,5.43,noise,2.418616,noise
39,3,68,noise,6.98,signal,2.737765,signal
43,3,34,noise,6.71,signal,2.748976,signal
78,3,27,noise,5.41,noise,2.450712,noise
53,3,96,noise,7.03,signal,2.537961,signal
67,3,20,noise,5.92,noise,5.28394,noise
72,3,29,noise,5.98,signal,2.321312,signal
48,3,40,signal,5.99,signal,2.608298,noise
81,3,7,noise,6.78,noise,3.184716,noise
63,3,35,signal,7.88,signal,3.981117,signal
62,3,39,signal,8.38,signal,2.1474,signal
66,3,47,signal,8.01,noise,3.112529,noise
56,3,81,signal,6.88,signal,3.692208,signal
77,2,10,noise,4.82,noise,2.966144,noise
54,3,33,signal,3.77,signal,28.503115,noise
83,3,4,signal,8.78,signal,2.848674,signal
68,3,64,signal,8.19,signal,2.649032,signal
47,3,72,noise,6.1,noise,2.161879,noise
79,3,22,signal,5.54,noise,2.393761,noise
55,3,24,noise,4.44,noise,2.957296,noise
35,3,86,noise,5.79,noise,3.0065,noise
36,3,85,signal,6.96,signal,5.373772,signal
73,3,24,noise,7.94,signal,2.40201,signal
51,3,22,noise,8.1,noise,6.456891,signal
80,3,5,signal,7.58,signal,3.417901,signal
58,3,55,signal,6.73,signal,20.672503,signal
46,3,49,noise,4.73,signal,2.299651,noise
49,3,55,noise,4.46,noise,4.041364,noise
69,3,42,signal,8.28,signal,3.302219,signal
53,3,97,noise,5.7,noise,2.351354,noise
67,3,21,noise,5.64,noise,2.319714,noise
39,3,69,noise,5.04,signal,2.532104,noise
72,3,30,signal,9.39,signal,2.424411,signal
82,1,8,noise,6.41,signal,3.965121,noise
43,3,35,noise,5.72,signal,3.002183,signal
50,3,63,signal,8.22,signal,4.708301,signal
81,3,8,noise,7.38,noise,2.588815,signal
48,3,41,signal,6.83,noise,2.813245,noise
62,3,40,noise,7.1,noise,2.493156,noise
74,3,33,noise,4.22,noise,7.347222,noise
56,3,82,noise,6.09,noise,2.422211,noise
79,3,23,noise,7.44,signal,2.004318,signal
44,3,72,noise,3.74,noise,26.653647,noise
68,3,65,signal,5.78,noise,2.489729,noise
47,3,73,signal,8.13,signal,2.274199,signal
45,3,38,noise,6.12,noise,4.075077,noise
78,3,28,noise,5.26,noise,3.992577,noise
66,3,48,noise,4.57,noise,3.164972,noise
63,3,36,signal,8.3,signal,3.6504,signal
73,3,25,noise,5.47,signal,2.154258,noise
83,3,5,signal,6.34,signal,3.164461,signal
86,1,2,noise,5.94,noise,7.138109,noise
58,3,56,signal,6.15,signal,2.298692,noise
46,3,50,noise,6.98,noise,2.097023,signal
35,3,87,signal,6.48,signal,3.07202,noise
55,3,25,signal,6.62,noise,3.192905,noise
53,3,98,noise,7.01,noise,2.028248,noise
49,3,56,noise,5.38,noise,2.434471,noise
36,3,86,noise,7.16,noise,3.360005,noise
67,3,22,signal,7.4,signal,2.263118,noise
74,3,34,noise,5.35,noise,1.556327,signal
80,3,6,signal,7.38,signal,3.478459,signal
47,3,74,noise,5.84,signal,1.403687,noise
71,3,1,signal,7.67,signal,5.113042,noise
50,3,64,noise,4.72,signal,2.442855,signal
56,3,83,noise,5.76,noise,1.855388,noise
79,3,24,signal,5.93,signal,1.803076,signal
43,3,36,noise,4.19,noise,2.814364,noise
76,1,6,noise,7.13,signal,13.319053,signal
68,3,66,noise,5.68,noise,2.066195,noise
48,3,42,signal,7.68,signal,2.641498,noise
62,3,41,signal,5.74,noise,2.703801,noise
69,3,43,noise,5.45,noise,3.750401,noise
72,3,31,noise,5.62,signal,3.432402,noise
82,1,9,noise,5.42,signal,3.466017,noise
66,3,49,noise,5.2,signal,2.441609,noise
83,3,6,noise,4.95,noise,2.405728,noise
81,3,9,signal,7.01,noise,3.518224,noise
78,3,29,signal,7.59,signal,2.783707,signal
73,3,26,signal,7.2,noise,2.808982,signal
46,3,51,noise,4.04,signal,2.354492,noise
44,3,73,noise,8.28,noise,3.56104,signal
51,3,23,noise,5.84,noise,5.741546,noise
45,3,39,noise,6.52,signal,3.491926,noise
67,3,23,noise,7.29,signal,2.479609,signal
58,3,57,noise,4.72,noise,3.276409,noise
74,3,35,noise,7.51,noise,2.60867,noise
63,3,37,noise,5.06,signal,3.810895,noise
35,3,88,noise,6.37,noise,3.391625,noise
47,3,75,noise,3.15,noise,2.579939,noise
80,3,7,noise,6.55,noise,2.81934,noise
79,3,25,signal,5.59,noise,2.391342,noise
77,3,1,noise,5.85,noise,4.22007,noise
55,3,26,noise,6.16,signal,3.756199,noise
39,3,70,signal,7.31,noise,6.012871,noise
50,3,65,signal,6.51,signal,3.090743,signal
56,3,84,noise,5.88,noise,2.960587,noise
62,3,42,noise,4.81,noise,2.377953,noise
71,3,2,noise,6.61,noise,3.392318,noise
36,3,87,noise,5.88,noise,4.203833,noise
43,3,37,noise,4.96,noise,3.09945,noise
53,3,99,noise,4.51,noise,4.598665,noise
49,3,57,signal,6.48,signal,4.601292,signal
68,3,67,noise,5.04,noise,3.335751,noise
66,3,50,noise,7.11,noise,2.835467,noise
72,3,32,signal,7.07,signal,2.848795,signal
81,3,10,noise,5.9,noise,2.658301,noise
78,3,30,noise,5.36,noise,2.547172,noise
73,3,27,noise,5.13,noise,2.709242,noise
67,3,24,signal,7.4,signal,1.727569,signal
74,3,36,noise,5.38,noise,1.667086,noise
45,3,40,noise,5.17,noise,2.091311,noise
82,1,10,signal,8.63,signal,3.847273,signal
46,3,52,noise,7.12,signal,2.734291,signal
83,3,7,noise,5.37,noise,3.618795,noise
47,3,76,noise,5.62,noise,1.98246,noise
77,3,2,noise,5.25,noise,1.728735,noise
79,3,26,noise,8.05,signal,2.027745,signal
51,3,24,noise,5.5,signal,3.350702,noise
56,3,85,noise,7.38,noise,1.933382,signal
63,3,38,signal,8.82,signal,3.041812,signal
62,3,43,signal,8.11,signal,2.074314,signal
35,3,89,noise,5.03,noise,3.147741,noise
50,3,66,signal,8.15,noise,2.508058,signal
80,3,8,noise,4.79,noise,2.908191,noise
71,3,3,signal,5.79,noise,2.354627,noise
48,3,43,signal,5.49,signal,6.081392,noise
67,3,25,signal,3.68,signal,1.456332,signal
83,3,8,noise,9.14,signal,1.366362,signal
49,3,58,noise,5.23,noise,2.571705,noise
68,3,68,noise,8.66,signal,2.494801,signal
39,3,71,noise,4.27,noise,3.43925,noise
58,3,58,noise,6.8,noise,4.238865,noise
66,3,51,signal,7.76,signal,2.530317,signal
72,3,33,signal,6.32,noise,2.532324,noise
69,3,44,noise,6.77,signal,6.648847,signal
81,3,11,noise,4.89,noise,2.63023,noise
43,3,38,noise,6.09,noise,3.446973,noise
78,3,31,noise,5.55,noise,2.718129,noise
73,3,28,noise,5.41,noise,2.865362,noise
45,3,41,noise,4.01,noise,2.694079,noise
55,3,27,noise,6.68,signal,4.479348,signal
46,3,53,signal,7.07,signal,2.601466,noise
77,3,3,noise,5.45,noise,2.453851,noise
79,3,27,noise,4.67,noise,2.208725,signal
47,3,77,noise,4.94,signal,2.897307,noise
62,3,44,signal,7.29,signal,2.111991,signal
36,3,88,signal,5.72,signal,4.951889,signal
74,3,37,noise,6.42,noise,3.760111,noise
56,3,86,noise,7.65,signal,2.564088,signal
80,3,9,signal,7.04,signal,2.411138,signal
53,3,100,noise,6.41,noise,5.214479,noise
71,3,4,noise,9.17,signal,2.512821,signal
51,3,25,noise,6.53,noise,3.176521,signal
35,3,90,noise,5.2,signal,2.980266,signal
58,3,59,signal,7.07,signal,1.989924,signal
63,3,39,signal,6.93,signal,3.284691,signal
68,3,69,signal,4.84,noise,2.240573,noise
49,3,59,noise,5.15,signal,2.759397,signal
50,3,67,noise,5.66,noise,3.453082,noise
66,3,52,noise,5.61,noise,2.357288,noise
39,3,72,noise,5.34,signal,2.764612,noise
69,3,45,noise,7.53,signal,2.234978,signal
81,3,12,signal,4.33,noise,2.465755,signal
78,3,32,signal,5.5,signal,2.279379,noise
47,3,78,noise,6.95,signal,1.584392,noise
67,3,26,signal,5.2,noise,3.700212,noise
62,3,45,noise,6.75,signal,1.738255,signal
48,3,44,signal,6.91,noise,4.110939,noise
79,3,28,signal,9.3,signal,2.003103,signal
46,3,54,noise,5.0,signal,2.344523,noise
83,3,9,signal,7.47,signal,4.127743,signal
77,3,4,signal,5.02,signal,2.622539,noise
56,3,87,signal,7.06,signal,2.041385,noise
45,3,42,noise,5.66,noise,3.035059,noise
74,3,38,signal,8.2,signal,2.312006,signal
55,3,28,noise,4.58,noise,3.108993,noise
71,3,5,signal,5.19,noise,2.219165,noise
68,3,70,noise,8.16,noise,1.771993,noise
72,3,34,noise,6.27,noise,4.052374,noise
58,3,60,noise,5.56,noise,2.19746,noise
51,3,26,noise,4.49,noise,2.528066,noise
43,3,39,noise,7.3,noise,4.209188,noise
66,3,53,noise,5.93,signal,2.023813,noise
69,3,46,noise,5.89,noise,1.980905,noise
50,3,68,noise,4.97,signal,2.356203,signal
80,3,10,signal,5.36,signal,3.493986,noise
36,3,89,signal,6.99,signal,3.865271,signal
39,3,73,noise,4.52,noise,2.040104,noise
73,3,29,signal,6.32,signal,4.802721,signal
62,3,46,noise,5.38,noise,2.108093,noise
78,3,33,signal,8.42,signal,2.390971,signal
49,3,60,signal,7.0,signal,3.190772,signal
35,3,91,signal,5.6,signal,3.754623,noise
81,3,13,signal,6.89,noise,2.809354,noise
74,3,39,signal,8.38,signal,1.916265,signal
83,3,10,noise,5.37,noise,2.314952,noise
56,3,88,noise,5.85,noise,2.205119,noise
67,3,27,noise,7.88,signal,2.694401,signal
47,3,79,noise,6.9,noise,3.077634,noise
46,3,55,noise,6.97,signal,2.487055,noise
79,3,29,signal,4.39,noise,2.797335,noise
63,3,40,noise,5.48,noise,4.426649,noise
84,2,1,noise,7.97,signal,7.639507,signal
77,3,5,noise,5.07,noise,2.976418,noise
71,3,6,noise,5.97,signal,2.424178,noise
76,1,7,noise,2.78,signal,14.808867,noise
58,3,61,noise,5.82,noise,2.458915,noise
68,3,71,signal,6.25,signal,2.670581,signal
55,3,29,noise,5.52,noise,2.936684,noise
80,3,11,noise,7.27,noise,2.066779,noise
66,3,54,noise,5.1,signal,2.432034,noise
45,3,43,noise,5.33,noise,3.558516,noise
62,3,47,noise,7.95,noise,1.863614,signal
81,3,14,noise,5.41,noise,1.461691,noise
73,3,30,signal,6.91,signal,2.17128,noise
44,3,74,noise,5.99,noise,14.190709,noise
50,3,69,signal,7.18,noise,3.050027,noise
51,3,27,signal,9.13,signal,3.559188,signal
69,3,47,signal,7.14,signal,3.297328,signal
43,3,40,signal,6.37,signal,3.529723,signal
78,3,34,noise,4.79,noise,2.726013,noise
47,3,80,noise,5.49,noise,1.99067,noise
56,3,89,noise,5.42,noise,2.000834,noise
83,3,11,noise,4.83,noise,2.26136,noise
36,3,90,noise,6.8,noise,3.861521,signal
79,3,30,noise,6.25,signal,2.222057,signal
35,3,92,signal,7.67,signal,2.9722,signal
39,3,74,noise,6.08,noise,3.758228,noise
46,3,56,noise,6.1,signal,2.401233,signal
74,3,40,noise,7.01,noise,2.857295,noise
77,3,6,noise,4.93,noise,2.324743,noise
67,3,28,signal,5.79,signal,2.839925,signal
68,3,72,signal,6.71,signal,2.238734,signal
58,3,62,signal,5.41,signal,2.457726,noise
49,3,61,noise,6.3,noise,4.022,noise
44,3,75,noise,5.51,noise,1.767937,signal
63,3,41,signal,10.03,noise,3.174097,signal
89,1,1,noise,6.57,noise,14.225082,noise
80,3,12,signal,6.2,signal,2.833684,signal
66,3,55,noise,6.98,noise,2.714145,noise
62,3,48,signal,6.91,noise,2.834442,noise
45,3,44,noise,5.07,noise,2.863861,noise
73,3,31,noise,6.33,noise,2.637056,noise
72,3,35,noise,4.99,noise,6.405769,noise
81,3,15,noise,5.54,noise,2.770904,noise
84,2,2,signal,8.47,signal,4.082284,signal
50,3,70,noise,4.2,noise,2.818195,noise
47,3,81,noise,5.1,noise,2.027906,noise
76,1,8,noise,5.08,signal,4.211651,noise
55,3,30,noise,5.18,noise,3.967935,noise
43,3,41,signal,8.47,signal,3.08474,noise
36,3,91,signal,6.74,noise,2.320285,noise
51,3,28,signal,6.6,noise,3.486531,signal
78,3,35,signal,6.6,signal,3.27754,noise
83,3,12,noise,6.53,noise,2.680831,noise
69,3,48,noise,5.6,signal,3.636706,noise
79,3,31,signal,7.94,signal,2.612045,noise
44,3,76,signal,7.65,signal,1.810903,signal
39,3,75,noise,4.99,noise,2.772362,noise
86,1,3,noise,6.59,noise,22.757348,noise
74,3,41,noise,5.06,noise,2.728017,noise
56,3,90,signal,6.34,signal,3.392832,signal
71,3,7,noise,7.18,signal,5.796754,signal
46,3,57,noise,6.55,noise,2.889003,noise
58,3,63,noise,6.49,signal,2.607718,noise
35,3,93,signal,8.25,signal,3.521055,signal
49,3,62,noise,6.84,noise,2.777693,noise
67,3,29,signal,7.33,signal,2.877551,signal
62,3,49,signal,6.84,signal,2.251995,signal
68,3,73,signal,5.11,noise,3.367511,noise
77,3,7,noise,7.79,noise,3.769245,signal
66,3,56,noise,7.28,noise,2.845249,noise
47,3,82,noise,6.11,noise,2.100988,noise
73,3,32,noise,6.39,noise,2.678295,noise
72,3,36,noise,5.53,noise,2.730777,noise
81,3,16,signal,6.6,noise,2.758156,noise
50,3,71,signal,6.71,signal,2.683994,signal
80,3,13,noise,4.45,noise,3.729599,noise
63,3,42,signal,4.28,signal,4.140716,noise
36,3,92,noise,7.72,signal,2.297448,signal
69,3,49,noise,7.45,signal,1.885941,signal
44,3,77,signal,7.26,signal,1.947001,signal
78,3,36,signal,6.19,signal,2.331835,signal
51,3,29,signal,7.27,signal,2.744694,signal
55,3,31,noise,4.77,noise,3.125106,noise
62,3,50,noise,5.45,noise,1.368375,noise
84,2,3,signal,8.35,noise,3.874816,signal
79,3,32,signal,5.97,noise,2.618175,noise
58,3,64,noise,5.92,noise,2.105585,noise
71,3,8,noise,6.79,noise,2.253196,noise
76,1,9,noise,5.44,noise,3.748102,noise
56,3,91,signal,7.79,signal,2.405145,signal
39,3,76,noise,5.61,noise,2.775219,noise
47,3,83,noise,6.91,signal,1.760586,signal
68,3,74,noise,6.21,noise,2.178827,noise
67,3,30,signal,7.69,signal,2.511495,noise
73,3,33,noise,6.03,noise,2.094958,signal
35,3,94,noise,4.71,noise,2.893781,noise
66,3,57,noise,6.58,noise,2.345566,noise
46,3,58,noise,5.64,noise,2.998907,noise
49,3,63,noise,4.95,noise,2.909623,noise
74,3,42,signal,5.25,signal,3.508678,noise
43,3,42,signal,5.63,signal,4.758077,signal
45,3,45,noise,7.04,signal,5.753233,noise
83,3,13,noise,5.05,noise,4.696776,noise
81,3,17,noise,6.78,signal,2.705411,signal
36,3,93,signal,6.05,signal,2.528078,signal
50,3,72,noise,5.32,noise,2.798513,noise
72,3,37,signal,7.72,signal,2.953485,signal
80,3,14,noise,5.98,noise,2.951345,noise
78,3,37,noise,5.66,noise,2.507798,noise
62,3,51,noise,5.58,noise,2.051235,noise
51,3,30,signal,7.69,noise,2.591365,signal
58,3,65,noise,7.19,noise,1.965861,noise
63,3,43,noise,5.16,signal,3.373035,noise
79,3,33,noise,4.79,noise,2.08187,noise
77,3,8,signal,7.1,noise,4.324164,noise
68,3,75,noise,6.37,noise,1.592615,noise
91,1,1,signal,5.52,noise,8.471205,noise
47,3,84,noise,4.76,noise,1.859674,noise
55,3,32,noise,4.88,noise,2.979745,noise
69,3,50,noise,7.66,signal,3.858803,signal
56,3,92,signal,8.05,signal,2.218615,signal
89,1,2,noise,6.04,noise,8.702194,noise
73,3,34,signal,6.65,signal,2.199368,noise
66,3,58,noise,6.57,noise,2.059709,noise
39,3,77,noise,5.76,noise,2.839298,noise
71,3,9,noise,6.2,noise,3.330179,noise
74,3,43,noise,6.27,noise,2.096193,noise
67,3,31,signal,7.95,noise,2.609468,signal
46,3,59,noise,3.39,noise,2.386491,noise
35,3,95,signal,6.36,noise,2.766129,noise
83,3,14,signal,7.64,signal,2.294337,signal
76,1,10,noise,6.39,noise,3.77107,noise
36,3,94,signal,5.61,noise,2.226996,noise
45,3,46,noise,4.92,signal,2.628677,noise
91,1,2,noise,5.24,noise,1.267155,noise
49,3,64,signal,8.18,noise,2.995923,noise
84,2,4,signal,7.62,signal,4.505449,signal
50,3,73,noise,4.77,noise,2.622423,noise
81,3,18,signal,5.07,noise,2.648418,noise
58,3,66,noise,6.6,noise,2.157179,noise
77,3,9,noise,5.14,signal,1.994454,noise
62,3,52,noise,6.02,signal,2.613071,signal
86,1,4,noise,8.63,signal,7.915767,signal
47,3,85,noise,3.47,noise,2.103786,noise
78,3,38,signal,6.23,signal,2.875779,noise
79,3,34,noise,6.19,signal,2.491242,noise
56,3,93,signal,4.69,signal,2.243296,noise
73,3,35,noise,4.5,signal,1.964687,noise
68,3,76,signal,5.01,signal,2.8668,signal
51,3,31,noise,6.29,signal,3.530968,signal
74,3,44,noise,7.57,noise,2.02611,noise
69,3,51,signal,8.16,noise,2.742541,signal
43,3,43,noise,7.4,signal,4.60978,signal
66,3,59,noise,2.07,noise,2.516587,noise
71,3,10,signal,7.1,signal,2.466546,signal
72,3,38,signal,7.3,signal,4.146985,signal
83,3,15,noise,5.03,noise,2.162155,noise
89,1,3,noise,6.13,noise,3.191096,signal
63,3,44,noise,6.99,signal,4.084278,signal
67,3,32,noise,2.91,signal,2.856764,noise
46,3,60,signal,6.3,signal,2.619091,signal
36,3,95,noise,6.42,signal,2.364489,noise
35,3,96,noise,4.2,signal,2.896246,noise
55,3,33,noise,4.12,noise,4.19921,noise
47,3,86,noise,8.18,noise,1.658744,signal
91,1,3,noise,6.44,noise,2.457282,noise
81,3,19,signal,5.23,signal,2.04673,noise
58,3,67,noise,7.46,signal,2.39781,signal
62,3,53,noise,4.12,noise,2.411186,noise
49,3,65,noise,5.83,signal,3.0289,signal
56,3,94,noise,4.19,noise,1.826966,noise
79,3,35,noise,6.9,noise,1.990181,noise
68,3,77,signal,7.86,signal,1.814938,signal
73,3,36,noise,5.39,signal,1.948083,signal
77,3,10,signal,4.53,signal,2.938138,noise
44,3,78,signal,8.14,signal,9.5253,noise
50,3,74,signal,8.7,signal,3.416225,signal
84,2,5,noise,5.58,noise,3.497317,noise
86,1,5,noise,5.93,signal,3.197724,signal
39,3,78,noise,6.64,signal,5.118275,noise
66,3,60,noise,6.38,noise,2.234394,noise
45,3,47,noise,4.72,signal,3.980041,noise
78,3,39,noise,5.75,noise,3.381052,noise
74,3,45,noise,5.91,noise,2.982052,noise
72,3,39,noise,5.26,signal,2.596273,noise
69,3,52,noise,3.89,noise,3.061101,noise
43,3,44,signal,4.23,noise,3.21653,noise
47,3,87,noise,6.37,noise,2.153142,noise
51,3,32,signal,6.72,signal,3.65548,signal
71,3,11,noise,4.22,noise,3.320781,noise
83,3,16,signal,7.63,signal,3.021188,signal
91,1,4,noise,8.26,signal,2.293207,signal
81,3,20,noise,4.93,noise,2.553081,noise
46,3,61,signal,7.68,noise,2.846718,noise
58,3,68,noise,5.42,noise,2.582248,noise
35,3,97,noise,4.99,noise,3.131499,noise
63,3,45,signal,6.58,noise,3.851198,signal
62,3,54,signal,6.12,signal,2.636314,signal
36,3,96,noise,6.38,noise,3.699784,noise
44,3,79,noise,6.45,noise,2.12484,noise
68,3,78,signal,5.71,noise,2.53565,noise
56,3,95,signal,7.86,signal,2.834002,signal
49,3,66,signal,8.9,signal,3.271141,signal
79,3,36,signal,2.23,noise,2.9597,noise
73,3,37,signal,6.04,signal,2.715023,signal
67,3,33,noise,5.35,noise,4.404826,noise
77,3,11,noise,6.0,noise,2.996295,noise
66,3,61,noise,3.67,noise,2.427637,noise
39,3,79,noise,4.92,noise,2.735171,noise
55,3,34,noise,6.23,noise,4.829327,noise
78,3,40,signal,7.57,signal,2.489676,signal
50,3,75,signal,6.99,signal,3.504893,signal
72,3,40,noise,5.21,noise,2.236473,noise
47,3,88,noise,4.64,noise,2.2286,noise
84,2,6,noise,6.95,noise,3.797522,noise
45,3,48,noise,5.84,noise,3.108094,noise
43,3,45,noise,6.39,noise,2.916754,signal
91,1,5,signal,5.77,noise,2.127781,signal
58,3,69,noise,5.01,noise,1.983661,noise
69,3,53,signal,7.29,signal,3.268313,signal
44,3,80,signal,5.39,signal,1.741622,signal
46,3,62,noise,6.71,noise,2.4355,noise
68,3,79,noise,4.62,noise,1.728545,noise
83,3,17,noise,5.83,noise,2.975408,noise
62,3,55,signal,7.22,noise,2.027944,signal
81,3,21,signal,6.74,signal,2.926889,noise
36,3,97,noise,7.98,signal,2.378885,signal
71,3,12,noise,6.15,noise,3.484541,noise
79,3,37,noise,8.13,signal,1.99951,signal
74,3,46,signal,8.25,signal,4.333797,signal
51,3,33,noise,5.95,signal,3.81032,signal
73,3,38,noise,6.91,noise,2.291652,noise
35,3,98,noise,3.74,noise,3.242354,noise
47,3,89,noise,4.77,noise,1.831669,noise
66,3,62,signal,9.44,signal,2.270467,signal
39,3,80,noise,5.3,signal,2.299276,noise
56,3,96,signal,8.09,signal,3.227812,signal
49,3,67,noise,5.55,noise,3.499139,noise
78,3,41,noise,6.09,noise,2.508828,noise
77,3,12,noise,5.38,noise,3.028163,noise
50,3,76,noise,5.17,signal,2.759834,signal
67,3,34,noise,4.81,noise,3.128994,noise
72,3,41,noise,6.15,noise,2.842857,noise
44,3,81,noise,6.96,signal,1.66112,noise
91,1,6,noise,6.68,noise,2.08405,noise
55,3,35,noise,3.87,noise,3.261329,noise
83,3,18,noise,5.72,signal,1.673134,noise
68,3,80,noise,7.04,signal,1.801804,signal
63,3,46,signal,5.73,noise,4.765367,signal
58,3,70,noise,7.11,noise,2.497013,noise
45,3,49,noise,4.97,signal,3.353746,signal
46,3,63,noise,4.89,noise,2.470049,noise
74,3,47,signal,7.9,signal,2.223465,signal
69,3,54,noise,7.35,signal,2.868366,signal
79,3,38,signal,5.57,noise,2.321716,noise
73,3,39,signal,7.41,signal,2.318463,signal
48,3,45,noise,6.62,noise,31.491761,signal
43,3,46,signal,5.76,noise,3.657346,noise
62,3,56,noise,5.79,signal,2.806715,signal
84,2,7,noise,6.26,noise,4.147966,noise
81,3,22,noise,4.97,signal,3.126823,noise
66,3,63,noise,6.22,noise,2.150591,noise
36,3,98,noise,5.86,noise,3.256131,noise
47,3,90,noise,6.7,signal,2.142732,signal
44,3,82,signal,7.74,signal,1.530928,noise
51,3,34,signal,5.52,signal,3.440242,noise
35,3,99,signal,8.42,signal,3.248219,signal
68,3,81,signal,7.84,noise,1.605115,signal
56,3,97,noise,4.26,noise,2.213804,noise
91,1,7,signal,6.84,signal,1.948453,noise
71,3,13,noise,8.8,noise,4.093381,noise
50,3,77,signal,6.91,noise,2.465772,noise
77,3,13,noise,5.74,noise,2.49986,noise
78,3,42,noise,3.82,noise,2.638661,noise
58,3,71,noise,5.89,signal,1.863205,noise
67,3,35,signal,7.39,noise,2.690721,noise
49,3,68,signal,6.4,signal,3.282375,noise
83,3,19,noise,5.22,noise,2.626908,noise
79,3,39,noise,6.82,signal,1.721142,signal
39,3,81,noise,6.41,noise,3.955955,noise
74,3,48,signal,8.31,signal,2.181169,signal
72,3,42,noise,5.54,noise,3.167992,noise
55,3,36,noise,5.11,noise,3.210516,noise
69,3,55,noise,7.97,noise,2.431419,signal
73,3,40,noise,4.53,signal,2.464232,noise
46,3,64,noise,5.05,signal,2.596766,noise
44,3,83,noise,6.77,signal,1.737525,signal
81,3,23,noise,7.57,noise,2.65941,noise
66,3,64,noise,6.21,signal,2.661525,noise
62,3,57,noise,6.62,noise,2.864824,noise
48,3,46,noise,5.75,signal,3.205096,noise
47,3,91,noise,5.91,noise,2.680976,noise
43,3,47,noise,7.4,noise,3.47389,noise
88,1,1,signal,7.84,signal,8.710855,signal
68,3,82,noise,8.01,signal,2.651001,signal
91,1,8,noise,4.76,noise,2.403778,noise
36,3,99,noise,6.16,noise,3.248132,noise
63,3,47,noise,4.34,signal,4.883975,noise
51,3,35,signal,8.2,signal,3.156753,signal
56,3,98,noise,5.02,noise,2.657365,noise
86,1,6,signal,7.39,signal,12.961091,signal
35,3,100,noise,5.86,signal,3.441403,noise
50,3,78,noise,4.85,noise,2.869035,noise
58,3,72,noise,6.42,noise,2.498019,noise
77,3,14,noise,5.62,noise,2.786076,noise
45,3,50,noise,7.81,signal,5.271223,signal
67,3,36,noise,5.78,noise,2.733814,noise
74,3,49,noise,5.37,signal,2.176912,noise
44,3,84,signal,7.1,signal,1.797888,signal
83,3,20,signal,6.58,signal,2.491963,signal
72,3,43,noise,5.87,noise,2.299737,noise
69,3,56,noise,6.09,signal,2.194624,signal
49,3,69,noise,5.01,noise,3.481081,noise
73,3,41,noise,5.98,noise,2.31998,noise
46,3,65,noise,5.15,noise,2.321586,noise
79,3,40,signal,9.84,noise,3.100146,signal
47,3,92,noise,5.78,noise,1.857782,noise
39,3,82,noise,6.39,signal,3.65962,signal
81,3,24,noise,6.6,noise,2.363809,noise
66,3,65,noise,4.79,noise,2.322833,noise
78,3,43,noise,5.79,noise,4.596699,noise
68,3,83,signal,4.55,noise,1.809067,noise
63,3,48,noise,6.47,noise,1.786955,signal
44,3,85,signal,5.37,signal,1.156811,signal
43,3,48,signal,8.08,signal,2.723737,signal
84,2,8,noise,7.77,signal,7.009474,noise
56,3,99,signal,8.54,signal,2.188382,signal
55,3,37,signal,8.62,signal,4.13326,signal
91,1,9,noise,6.83,noise,2.659984,noise
36,3,100,noise,5.92,noise,2.815161,noise
74,3,50,noise,4.54,noise,1.886423,noise
50,3,79,signal,7.18,signal,3.10707,signal
58,3,73,noise,6.86,signal,2.849478,signal
62,3,58,signal,6.93,noise,4.210685,noise
86,1,7,signal,7.1,signal,3.441299,signal
77,3,15,signal,9.81,signal,3.427594,signal
83,3,21,noise,4.91,noise,2.886789,noise
88,1,2,noise,3.54,noise,4.418083,noise
79,3,41,noise,8.16,signal,2.322341,signal
51,3,36,signal,6.59,signal,4.097176,signal
72,3,44,noise,6.07,noise,3.074018,noise
69,3,57,noise,6.3,noise,2.997812,noise
44,3,86,signal,6.52,noise,2.003988,signal
71,3,14,noise,5.54,noise,7.952662,noise
45,3,51,noise,5.47,noise,3.810196,noise
67,3,37,noise,6.29,noise,4.097284,noise
47,3,93,noise,4.41,noise,3.235692,noise
49,3,70,signal,7.49,signal,3.678982,signal
66,3,66,noise,6.11,signal,3.094739,noise
46,3,66,noise,6.26,noise,3.340496,noise
39,3,83,noise,5.62,noise,3.578775,noise
73,3,42,signal,8.82,signal,4.069627,signal
68,3,84,noise,8.49,signal,3.494724,signal
81,3,25,noise,8.6,noise,3.934004,noise
76,2,1,noise,4.42,noise,17.453383,noise
43,3,49,signal,7.63,signal,4.199845,signal
74,3,51,noise,5.7,noise,3.195377,noise
78,3,44,noise,5.57,noise,5.012068,noise
56,3,100,noise,6.9,noise,3.79334,noise
63,3,49,signal,7.38,signal,5.23848,signal
91,1,10,noise,4.85,noise,3.909903,noise
79,3,42,signal,7.1,noise,2.108791,signal
62,3,59,noise,5.25,noise,2.903365,noise
50,3,80,signal,6.28,noise,3.24023,noise
58,3,74,noise,5.56,noise,3.334875,noise
44,3,87,noise,6.58,signal,2.537338,noise
83,3,22,signal,7.64,signal,3.081839,signal
86,1,8,signal,7.52,noise,3.441217,signal
77,3,16,noise,5.38,noise,3.324777,noise
69,3,58,noise,3.27,noise,3.141968,noise
88,1,3,signal,8.46,signal,3.551822,signal
93,1,1,signal,5.52,noise,7.077022,noise
47,3,94,noise,4.87,noise,2.984637,noise
51,3,37,signal,7.31,signal,3.542474,signal
67,3,38,noise,8.3,signal,3.323583,noise
45,3,52,noise,4.13,noise,3.528169,noise
55,3,38,noise,5.94,noise,5.85174,noise
72,3,45,noise,6.25,signal,3.720529,noise
84,2,9,noise,7.28,signal,6.562169,signal
66,3,67,noise,7.07,signal,3.037636,signal
68,3,85,signal,7.04,noise,2.772228,noise
81,3,26,noise,4.48,noise,3.148481,noise
73,3,43,signal,8.51,signal,3.594047,signal
49,3,71,noise,6.15,noise,4.080132,noise
46,3,67,noise,4.9,noise,3.807515,noise
39,3,84,noise,4.63,noise,3.880195,noise
74,3,52,noise,6.25,noise,2.941598,noise
63,3,50,signal,6.44,signal,2.652848,signal
78,3,45,noise,7.18,noise,2.802749,noise
58,3,75,noise,7.04,signal,1.892126,noise
62,3,60,noise,4.45,noise,2.372899,noise
44,3,88,noise,7.94,noise,2.046905,signal
83,3,23,signal,4.39,noise,2.259308,noise
71,3,15,noise,5.6,noise,6.241486,noise
43,3,50,signal,5.7,signal,4.248629,signal
47,3,95,noise,4.26,noise,1.780663,noise
86,1,9,noise,5.98,noise,2.564962,noise
77,3,17,signal,9.14,signal,2.692316,signal
93,1,2,noise,5.24,noise,2.038419,noise
69,3,59,signal,8.43,signal,2.869033,signal
68,3,86,noise,6.9,signal,1.695317,signal
88,1,4,signal,5.89,noise,3.050688,noise
66,3,68,noise,6.84,noise,1.947956,signal
51,3,38,signal,8.24,noise,2.58878,noise
81,3,27,noise,6.71,noise,1.832469,noise
72,3,46,noise,3.8,signal,2.282018,noise
74,3,53,noise,7.03,noise,1.696663,noise
44,3,89,signal,8.01,signal,1.535751,signal
83,3,24,noise,5.29,noise,1.451219,noise
73,3,44,noise,6.65,noise,2.285284,noise
50,3,81,signal,6.51,noise,4.795979,noise
67,3,39,noise,7.47,noise,3.438508,noise
62,3,61,signal,8.48,noise,2.122664,noise
58,3,76,noise,4.73,noise,2.301035,signal
55,3,39,signal,6.66,signal,3.571821,signal
46,3,68,noise,6.9,noise,2.794576,noise
78,3,46,noise,5.71,noise,2.689482,noise
39,3,85,noise,5.84,noise,3.158311,noise
45,3,53,noise,8.17,signal,4.285512,signal
63,3,51,signal,6.17,noise,3.163454,noise
47,3,96,noise,4.6,noise,2.734205,noise
84,2,10,noise,5.92,signal,4.290714,signal
93,1,3,noise,6.44,noise,2.493343,noise
49,3,72,noise,4.87,signal,3.97665,signal
43,3,51,noise,7.4,noise,3.23586,noise
76,2,2,noise,6.4,signal,8.3313,signal
68,3,87,signal,8.03,signal,2.645468,signal
44,3,90,signal,5.36,signal,1.71344,noise
79,3,43,noise,7.17,signal,7.024932,signal
86,1,10,noise,6.55,noise,3.757623,signal
66,3,69,noise,5.29,noise,2.889512,noise
77,3,18,noise,5.21,noise,3.573273,noise
81,3,28,noise,6.98,signal,2.701093,noise
67,3,40,noise,6.59,signal,1.871504,signal
69,3,60,noise,5.05,noise,3.741576,noise
72,3,47,signal,7.4,signal,2.924754,signal
88,1,5,noise,5.8,noise,3.625209,signal
73,3,45,signal,8.38,signal,2.419041,signal
62,3,62,noise,6.44,signal,2.277294,signal
83,3,25,signal,8.85,signal,2.715648,signal
91,2,1,signal,8.02,signal,5.241512,signal
50,3,82,signal,5.29,noise,3.026017,noise
58,3,77,noise,7.25,noise,3.064922,noise
78,3,47,noise,6.21,noise,2.644176,noise
93,1,4,noise,8.26,signal,2.002412,signal
74,3,54,noise,6.19,noise,4.258969,noise
47,3,97,noise,5.03,noise,2.185737,noise
39,3,86,noise,5.18,noise,2.880536,noise
46,3,69,noise,6.22,signal,3.06217,noise
68,3,88,signal,7.52,signal,1.91401,signal
44,3,91,noise,8.16,signal,1.853298,signal
55,3,40,noise,5.49,noise,3.368798,noise
63,3,52,signal,6.37,noise,3.081054,noise
45,3,54,signal,5.93,signal,3.019458,noise
48,3,47,noise,6.08,noise,20.221973,noise
81,3,29,noise,7.63,signal,1.939154,signal
79,3,44,signal,7.2,signal,2.553283,signal
62,3,63,noise,6.58,noise,1.740963,noise
71,3,16,signal,5.61,signal,7.52143,signal
49,3,73,signal,7.99,signal,3.331423,signal
73,3,46,signal,8.87,signal,2.236525,noise
72,3,48,noise,4.13,noise,2.174593,noise
83,3,26,noise,7.7,noise,2.226115,signal
69,3,61,noise,5.56,noise,2.686605,noise
66,3,70,noise,7.04,noise,2.853839,noise
77,3,19,signal,8.44,signal,3.052808,signal
93,1,5,signal,5.77,noise,1.649597,signal
91,2,2,noise,5.81,noise,2.221305,noise
88,1,6,signal,4.99,noise,3.056677,noise
43,3,52,signal,6.99,signal,4.228017,signal
68,3,89,signal,6.59,signal,1.673822,signal
74,3,55,noise,3.92,signal,2.173016,noise
58,3,78,signal,5.59,signal,2.35846,signal
82,2,1,signal,7.3,noise,5.561501,noise
45,3,55,noise,4.65,noise,1.655544,noise
78,3,48,noise,6.51,noise,2.591012,noise
39,3,87,noise,4.39,noise,2.625898,noise
50,3,83,signal,5.75,noise,3.150523,noise
79,3,45,signal,7.12,signal,1.922504,signal
46,3,70,noise,6.38,noise,2.606585,noise
62,3,64,signal,7.15,signal,1.849891,signal
81,3,30,noise,8.03,signal,2.265652,signal
47,3,98,noise,5.48,noise,3.19738,noise
93,1,6,signal,6.68,noise,1.349623,noise
55,3,41,noise,5.3,noise,3.097238,noise
49,3,74,noise,5.6,noise,2.447129,noise
73,3,47,noise,4.95,noise,2.154268,noise
66,3,71,noise,4.92,noise,2.135154,noise
72,3,49,noise,6.73,noise,2.706397,noise
69,3,62,noise,5.55,noise,2.406135,noise
68,3,90,signal,6.71,noise,1.636967,signal
58,3,79,noise,4.79,noise,1.722116,noise
74,3,56,noise,5.39,noise,1.826161,noise
48,3,48,noise,6.85,signal,4.029267,noise
93,1,7,noise,6.84,signal,0.937742,noise
88,1,7,signal,5.46,noise,2.611491,noise
91,2,3,signal,7.03,signal,2.607892,signal
51,3,39,signal,7.63,signal,10.648741,signal
43,3,53,noise,7.43,noise,2.695063,signal
79,3,46,signal,7.85,noise,1.862395,signal
47,3,99,noise,6.19,noise,1.665919,noise
62,3,65,noise,6.71,noise,2.026491,noise
39,3,88,noise,5.24,noise,2.41831,noise
81,3,31,noise,7.14,signal,2.036818,signal
50,3,84,signal,8.21,signal,2.517007,signal
73,3,48,signal,7.39,noise,1.970653,signal
63,3,53,noise,5.69,signal,5.525546,signal
72,3,50,noise,6.24,noise,1.631364,signal
78,3,49,noise,4.39,noise,2.944288,noise
74,3,57,noise,6.76,noise,1.395841,noise
77,3,20,signal,6.42,signal,4.447659,noise
49,3,75,signal,7.15,signal,2.592714,signal
76,2,3,noise,6.53,signal,9.040845,signal
46,3,71,signal,8.17,signal,3.580131,signal
68,3,91,noise,6.05,noise,2.485781,noise
83,3,27,noise,2.9,noise,5.469781,noise
69,3,63,noise,5.26,signal,2.807818,signal
55,3,42,signal,9.0,signal,3.550527,signal
66,3,72,noise,5.48,noise,3.265366,noise
93,1,8,noise,4.76,noise,2.377443,noise
67,3,41,noise,4.26,signal,9.04662,noise
79,3,47,signal,8.44,signal,1.883796,signal
62,3,66,signal,7.16,signal,1.82259,signal
71,3,17,noise,6.62,noise,6.497966,noise
47,3,100,noise,5.36,noise,2.112329,noise
92,1,1,signal,6.42,noise,6.937778,noise
45,3,56,noise,6.21,noise,4.932763,noise
88,1,8,signal,9.27,signal,2.969621,signal
74,3,58,noise,5.74,signal,1.916398,signal
50,3,85,signal,8.09,signal,2.478027,signal
48,3,49,signal,6.0,signal,3.484441,noise
91,2,4,signal,7.63,signal,3.260116,signal
78,3,50,noise,4.39,noise,2.14805,noise
81,3,32,signal,6.26,signal,2.91652,signal
39,3,89,noise,4.16,noise,3.039822,noise
73,3,49,signal,7.88,signal,2.863984,signal
77,3,21,noise,7.41,noise,2.433552,signal
49,3,76,noise,5.99,noise,2.481856,noise
93,1,9,signal,6.83,noise,1.432354,noise
63,3,54,noise,6.61,signal,3.314264,signal
82,2,2,noise,4.78,noise,6.653823,noise
72,3,51,signal,8.63,signal,3.549749,signal
68,3,92,signal,6.4,signal,2.199892,signal
79,3,48,noise,4.22,noise,1.799123,noise
62,3,67,noise,5.25,noise,1.89479,noise
45,3,57,noise,3.65,signal,1.639499,noise
43,3,54,signal,4.59,noise,4.799857,noise
46,3,72,noise,5.49,noise,2.016168,noise
66,3,73,noise,7.36,noise,2.397359,noise
67,3,42,signal,7.07,signal,2.424566,signal
69,3,64,signal,8.43,signal,2.389552,signal
51,3,40,noise,5.26,signal,5.33769,noise
88,1,9,noise,4.09,noise,2.226041,noise
55,3,43,noise,4.14,noise,2.772953,noise
92,1,2,signal,8.78,signal,2.560443,signal
74,3,59,noise,5.59,noise,2.344235,noise
73,3,50,noise,5.34,noise,1.977803,signal
39,3,90,noise,5.58,noise,2.221874,noise
93,1,10,noise,4.85,noise,1.697785,noise
76,2,4,noise,4.98,noise,4.42281,noise
78,3,51,noise,6.83,noise,2.383997,noise
91,2,5,noise,5.72,noise,2.68002,noise
50,3,86,noise,5.13,noise,3.105722,noise
48,3,50,signal,4.97,noise,2.957312,noise
77,3,22,noise,4.93,noise,2.583222,noise
81,3,33,signal,5.62,signal,2.98121,noise
79,3,49,noise,4.95,noise,1.752186,noise
83,3,28,noise,4.84,noise,4.358801,noise
49,3,77,signal,6.65,signal,2.933711,noise
68,3,93,noise,7.67,noise,2.212864,noise
45,3,58,noise,6.18,noise,2.100438,noise
44,3,92,noise,8.46,signal,12.708412,signal
71,3,18,noise,4.2,noise,3.340165,noise
46,3,73,noise,4.83,noise,2.166291,noise
67,3,43,signal,8.4,noise,2.100467,signal
66,3,74,noise,6.34,noise,2.467384,noise
79,3,50,noise,5.73,noise,1.051067,noise
62,3,68,noise,5.32,noise,3.170178,noise
72,3,52,signal,9.44,noise,3.438168,signal
63,3,55,signal,7.78,noise,3.923776,signal
73,3,51,signal,5.97,signal,2.06338,noise
78,3,52,noise,4.88,noise,1.882124,noise
88,1,10,signal,6.17,noise,2.846703,noise
92,1,3,noise,6.09,noise,2.692869,noise
74,3,60,signal,7.35,signal,2.630895,signal
39,3,91,noise,5.49,noise,2.53591,noise
55,3,44,noise,5.11,noise,2.862272,noise
44,3,93,signal,6.66,noise,1.428012,signal
69,3,65,noise,5.65,noise,3.393292,noise
91,2,6,signal,6.68,noise,2.414036,noise
82,2,3,signal,5.41,signal,4.74683,noise
50,3,87,signal,6.82,signal,2.60276,noise
48,3,51,noise,6.67,signal,2.654307,noise
83,3,29,signal,8.31,signal,2.438134,signal
49,3,78,noise,5.37,noise,2.687908,noise
68,3,94,noise,8.57,noise,2.697145,signal
43,3,55,signal,5.79,signal,4.970787,noise
81,3,34,signal,8.44,signal,3.213866,signal
79,3,51,noise,5.88,noise,1.709294,noise
77,3,23,noise,4.87,noise,3.41826,noise
51,3,41,noise,4.38,noise,4.775556,noise
44,3,94,noise,6.48,signal,1.180023,signal
67,3,44,noise,5.05,noise,2.650051,noise
73,3,52,noise,4.93,noise,1.900404,noise
45,3,59,noise,5.28,noise,3.464151,noise
46,3,74,noise,7.24,noise,2.73482,noise
75,2,1,signal,8.09,signal,8.513999,signal
66,3,75,noise,5.07,noise,3.075163,noise
78,3,53,noise,8.31,noise,2.284421,signal
74,3,61,signal,7.28,signal,2.113279,signal
91,2,7,noise,5.91,noise,1.68986,noise
92,1,4,noise,4.86,noise,2.38145,noise
63,3,56,noise,3.67,noise,2.945948,noise
72,3,53,noise,5.16,noise,3.182098,noise
62,3,69,signal,7.37,signal,3.460307,signal
44,3,95,signal,7.76,signal,1.195843,signal
69,3,66,noise,6.61,noise,2.588434,noise
55,3,45,noise,5.3,noise,2.985187,noise
81,3,35,noise,6.0,signal,1.88964,signal
43,3,56,noise,5.84,noise,2.262852,noise
67,3,45,signal,6.04,noise,1.872828,noise
68,3,95,noise,7.26,noise,2.491762,noise
79,3,52,noise,4.7,noise,2.181794,noise
73,3,53,signal,6.49,signal,2.028206,noise
77,3,24,signal,7.37,signal,2.59451,signal
44,3,96,signal,6.36,noise,1.146726,noise
49,3,79,noise,6.59,noise,3.063804,noise
78,3,54,signal,5.43,signal,1.925642,noise
74,3,62,signal,7.68,signal,1.926185,signal
51,3,42,noise,4.57,noise,2.753419,noise
83,3,30,signal,7.23,signal,3.803238,signal
82,2,4,noise,6.63,noise,4.091995,noise
66,3,76,noise,5.54,noise,2.375458,noise
92,1,5,noise,5.06,noise,2.444626,noise
45,3,60,noise,8.09,noise,3.027538,noise
91,2,8,noise,5.23,noise,2.650557,noise
62,3,70,signal,7.3,noise,2.296989,noise
50,3,88,signal,6.54,signal,4.859334,signal
80,3,15,signal,7.19,signal,60.761169,signal
58,3,80,noise,5.44,noise,15.272405,noise
46,3,75,signal,8.49,signal,2.606876,noise
93,2,1,noise,8.02,signal,3.138155,signal
63,3,57,signal,9.32,signal,3.130212,signal
48,3,52,signal,6.33,noise,5.300384,noise
55,3,46,noise,4.51,noise,2.752932,noise
75,2,2,noise,4.26,signal,3.857054,noise
79,3,53,noise,4.13,noise,1.785642,noise
67,3,46,noise,5.48,signal,2.296922,signal
72,3,54,noise,6.32,signal,3.571049,signal
69,3,67,noise,6.43,noise,3.442342,noise
81,3,36,signal,5.46,noise,3.298553,noise
73,3,54,signal,7.52,signal,2.405912,noise
39,3,92,noise,7.86,signal,6.896752,signal
74,3,63,signal,8.33,signal,2.034858,signal
68,3,96,noise,4.42,noise,3.131715,noise
43,3,57,noise,4.38,noise,3.411806,noise
78,3,55,signal,4.72,signal,2.38107,noise
92,1,6,noise,4.43,signal,2.046267,noise
45,3,61,noise,6.53,noise,2.135186,noise
91,2,9,noise,5.61,noise,1.881747,noise
49,3,80,noise,5.68,signal,2.888821,signal
71,3,19,noise,4.52,noise,8.752664,noise
51,3,43,signal,6.95,noise,2.724759,noise
83,3,31,noise,5.15,noise,2.784488,noise
77,3,25,noise,5.44,noise,3.219751,noise
62,3,71,noise,6.86,noise,2.254187,noise
80,3,16,noise,6.93,noise,2.437297,noise
67,3,47,signal,5.86,noise,1.537428,noise
50,3,89,signal,6.7,noise,2.559219,noise
79,3,54,signal,7.68,signal,1.934838,signal
66,3,77,noise,6.84,signal,3.445389,noise
76,2,5,noise,4.65,noise,11.586705,noise
68,3,97,noise,3.78,noise,1.403567,noise
93,2,2,noise,5.81,noise,2.836481,noise
58,3,81,signal,8.13,signal,2.833906,signal
46,3,76,noise,5.84,signal,2.698578,noise
81,3,37,noise,4.09,signal,2.067844,noise
73,3,55,noise,5.35,signal,2.12828,signal
74,3,64,noise,6.45,noise,1.9798,noise
82,2,5,noise,5.89,signal,4.473191,noise
63,3,58,noise,5.74,signal,3.490522,noise
78,3,56,noise,6.67,noise,2.074733,noise
45,3,62,noise,4.12,noise,1.883619,noise
75,2,3,noise,5.94,signal,3.616939,noise
48,3,53,noise,5.03,noise,3.745244,noise
91,2,10,noise,4.86,noise,2.255567,noise
62,3,72,noise,5.85,noise,2.064342,noise
79,3,55,signal,8.34,signal,1.655621,signal
92,1,7,signal,7.51,signal,2.919684,noise
77,3,26,noise,4.74,noise,2.307797,noise
72,3,55,signal,7.21,signal,3.880441,signal
67,3,48,signal,6.93,noise,2.196462,noise
66,3,78,signal,7.63,signal,2.021638,signal
93,2,3,signal,7.03,signal,1.972284,signal
43,3,58,signal,6.83,signal,3.854261,signal
71,3,20,noise,5.94,noise,2.862672,noise
51,3,44,signal,7.3,signal,3.353764,signal
83,3,32,noise,5.4,noise,3.23561,noise
74,3,65,signal,7.29,signal,2.034582,signal
73,3,56,signal,8.03,signal,2.162782,signal
55,3,47,noise,6.2,signal,4.896798,noise
68,3,98,signal,5.08,signal,2.721189,noise
49,3,81,signal,6.52,signal,3.935233,signal
76,2,6,noise,6.53,signal,3.041347,signal
86,2,1,noise,5.67,noise,4.968661,noise
67,3,49,noise,6.27,signal,1.196496,noise
50,3,90,signal,6.26,noise,3.660447,noise
45,3,63,noise,5.56,noise,2.570357,noise
39,3,93,noise,6.23,signal,5.332802,noise
81,3,38,noise,5.88,signal,3.095351,signal
62,3,73,signal,7.36,signal,2.087424,signal
63,3,59,noise,7.2,signal,3.096124,signal
79,3,56,noise,6.64,noise,2.197857,signal
78,3,57,signal,5.94,signal,3.334302,signal
77,3,27,noise,3.79,noise,2.326368,noise
66,3,79,noise,5.72,noise,2.033967,noise
80,3,17,noise,6.7,noise,4.831039,noise
82,2,6,signal,7.42,signal,3.70799,signal
92,1,8,noise,3.86,noise,2.707409,noise
93,2,4,signal,7.63,signal,2.282902,signal
83,3,33,signal,8.97,signal,1.863943,signal
72,3,56,noise,6.15,noise,2.83497,noise
69,3,68,signal,7.35,signal,6.925925,noise
73,3,57,noise,6.69,noise,2.024844,signal
74,3,66,noise,6.19,noise,2.152597,noise
46,3,77,noise,7.6,signal,4.808761,noise
76,2,7,noise,5.14,noise,1.93031,noise
67,3,50,noise,4.58,signal,1.738836,noise
49,3,82,signal,7.38,signal,2.381981,signal
48,3,54,noise,6.01,noise,4.390754,noise
68,3,99,noise,5.06,noise,2.470836,noise
51,3,45,noise,5.54,signal,2.914264,signal
45,3,64,noise,4.66,noise,2.025954,noise
88,2,1,noise,4.28,noise,11.244866,noise
43,3,59,noise,6.38,noise,3.62447,noise
55,3,48,noise,5.11,noise,3.199499,noise
58,3,82,noise,6.55,noise,6.058957,noise
84,3,1,noise,6.2,noise,6.427561,signal
79,3,57,signal,6.87,signal,2.162724,signal
50,3,91,signal,6.43,noise,3.076049,noise
71,3,21,signal,6.92,signal,2.879402,noise
93,2,5,noise,5.72,noise,1.646933,noise
92,1,9,noise,4.91,noise,2.043819,noise
81,3,39,noise,7.23,noise,2.88445,noise
63,3,60,signal,7.44,noise,2.797135,signal
91,3,1,noise,6.44,noise,3.108096,noise
78,3,58,noise,5.55,noise,2.768755,noise
83,3,34,noise,6.03,noise,2.186033,noise
77,3,28,signal,7.22,signal,2.823926,noise
39,3,94,noise,5.86,signal,3.492718,signal
73,3,58,signal,6.41,noise,2.19955,noise
72,3,57,noise,5.81,signal,2.413166,signal
74,3,67,signal,7.89,signal,2.255873,signal
67,3,51,noise,6.31,signal,2.003905,signal
69,3,69,noise,7.32,noise,2.597323,noise
75,2,4,noise,5.76,noise,6.902029,noise
76,2,8,noise,4.79,noise,2.450983,noise
49,3,83,noise,5.59,noise,2.369003,noise
45,3,65,noise,4.01,noise,2.225545,noise
68,3,100,noise,6.75,noise,2.487945,noise
46,3,78,noise,7.44,signal,2.473936,signal
48,3,55,noise,6.67,signal,2.71239,signal
66,3,80,signal,7.46,signal,4.128736,signal
80,3,18,noise,6.87,noise,4.328229,noise
92,1,10,noise,5.29,noise,1.847547,noise
86,2,2,noise,6.33,signal,5.786824,noise
88,2,2,noise,6.28,noise,3.113634,signal
58,3,83,signal,7.73,signal,2.511182,signal
62,3,74,noise,4.37,noise,5.216243,noise
50,3,92,noise,5.41,noise,2.467834,noise
91,3,2,noise,4.83,noise,1.897492,noise
55,3,49,noise,6.33,signal,3.283673,signal
43,3,60,signal,6.36,signal,3.671414,signal
83,3,35,signal,3.79,signal,2.007891,noise
74,3,68,noise,5.94,noise,1.757887,noise
73,3,59,noise,6.8,noise,1.960357,noise
81,3,40,noise,7.49,noise,2.530265,noise
93,2,6,noise,6.68,noise,3.014227,noise
79,3,58,noise,8.11,signal,3.12936,signal
39,3,95,noise,5.2,noise,2.450537,noise
78,3,59,signal,4.43,signal,2.688274,noise
77,3,29,signal,5.95,signal,2.620961,signal
76,2,9,noise,7.29,signal,1.928106,signal
82,2,7,noise,5.91,noise,6.141159,noise
63,3,61,noise,4.21,signal,3.372265,noise
71,3,22,signal,7.11,signal,3.821126,signal
72,3,58,noise,5.03,noise,2.759392,noise
66,3,81,noise,6.05,noise,2.149062,noise
49,3,84,noise,5.12,noise,2.508374,noise
46,3,79,noise,4.42,signal,2.335972,noise
48,3,56,signal,4.69,noise,2.49315,noise
58,3,84,noise,6.27,noise,1.987177,noise
51,3,46,signal,6.73,noise,5.754782,signal
75,2,5,signal,7.38,noise,3.183251,signal
69,3,70,noise,7.5,signal,3.515182,signal
93,2,7,noise,5.91,noise,1.412131,noise
74,3,69,noise,5.03,noise,1.703528,noise
84,3,2,signal,6.89,noise,5.269658,noise
86,2,3,signal,7.77,signal,2.596393,signal
80,3,19,noise,5.87,noise,3.238748,noise
79,3,59,signal,4.43,noise,1.67295,noise
73,3,60,signal,4.25,noise,2.049367,noise
81,3,41,noise,6.08,noise,2.144239,noise
91,3,3,signal,6.96,signal,2.491075,signal
50,3,93,noise,5.89,signal,3.03793,noise
78,3,60,noise,7.48,noise,1.958296,noise
88,2,3,signal,7.89,signal,3.594192,signal
66,3,82,noise,6.59,noise,1.718269,noise
45,3,66,noise,6.99,signal,4.540057,noise
77,3,30,noise,4.4,noise,2.387469,noise
76,2,10,noise,6.62,noise,2.448891,noise
46,3,80,noise,8.82,signal,1.988976,signal
58,3,85,signal,7.29,signal,2.019448,signal
83,3,36,signal,8.11,signal,3.46048,signal
49,3,85,signal,7.32,signal,2.458864,signal
71,3,23,noise,6.39,noise,2.611167,noise
39,3,96,noise,4.28,signal,3.182335,noise
93,2,8,noise,5.23,noise,1.787563,noise
74,3,70,signal,7.98,signal,1.884423,signal
63,3,62,signal,7.0,noise,2.953264,noise
43,3,61,signal,7.09,signal,4.106397,signal
69,3,71,noise,5.12,noise,2.291772,noise
55,3,50,noise,4.96,noise,4.30415,noise
51,3,47,signal,8.41,signal,2.85125,signal
72,3,59,noise,7.26,signal,3.311643,signal
82,2,8,noise,5.58,noise,3.746175,noise
86,2,4,signal,7.0,signal,3.10371,noise
75,2,6,noise,5.6,noise,3.63191,signal
91,3,4,signal,7.9,signal,2.581321,signal
50,3,94,signal,7.79,noise,2.679333,signal
88,2,4,signal,7.63,signal,2.601322,signal
78,3,61,noise,5.94,noise,2.633237,noise
45,3,67,noise,8.47,noise,2.479968,signal
81,3,42,noise,6.31,noise,3.146859,noise
66,3,83,noise,7.28,signal,2.683622,signal
79,3,60,noise,5.83,signal,3.565271,noise
84,3,3,signal,9.26,signal,3.883118,signal
93,2,9,noise,5.61,noise,1.8327,noise
58,3,86,noise,5.22,noise,2.421203,noise
46,3,81,noise,6.71,noise,2.371839,signal
49,3,86,noise,5.81,noise,2.493118,noise
83,3,37,noise,2.73,noise,2.453604,noise
74,3,71,signal,7.61,signal,2.082133,signal
54,3,34,signal,4.34,signal,114.610814,noise
39,3,97,noise,5.5,noise,2.608713,noise
73,3,61,noise,5.2,noise,4.438836,noise
62,3,75,noise,4.07,noise,7.544956,noise
69,3,72,noise,6.57,signal,2.643872,signal
72,3,60,signal,7.89,signal,2.561389,signal
55,3,51,noise,5.84,noise,2.804177,noise
51,3,48,signal,6.76,noise,2.83832,noise
43,3,62,noise,6.1,noise,3.053725,noise
88,2,5,signal,5.14,noise,1.513532,noise
91,3,5,signal,8.25,noise,1.796798,noise
77,3,31,noise,4.89,noise,4.696891,noise
82,2,9,signal,7.2,noise,3.276725,signal
63,3,63,noise,5.06,signal,3.750268,noise
71,3,24,noise,6.17,noise,4.061959,noise
78,3,62,signal,5.19,signal,2.051851,noise
81,3,43,noise,5.89,signal,2.022593,noise
54,3,35,signal,8.5,signal,1.402844,signal
58,3,87,noise,5.84,noise,1.992634,noise
86,2,5,noise,6.25,signal,2.871871,signal
50,3,95,noise,5.11,noise,2.894878,noise
46,3,82,noise,6.25,noise,2.000167,noise
83,3,38,signal,4.21,signal,2.039435,noise
49,3,87,noise,3.85,noise,2.376608,noise
66,3,84,signal,7.99,noise,2.794416,noise
74,3,72,noise,5.16,noise,2.394399,noise
73,3,62,noise,6.26,signal,2.276376,noise
72,3,61,noise,5.48,signal,1.981075,signal
69,3,73,noise,4.63,noise,2.214943,noise
79,3,61,noise,5.54,noise,3.441811,noise
39,3,98,noise,4.67,noise,2.956053,noise
78,3,63,signal,6.95,noise,1.587583,signal
84,3,4,noise,5.56,noise,3.646597,noise
55,3,52,noise,4.23,noise,2.633011,noise
45,3,68,signal,8.35,noise,4.045765,noise
51,3,49,noise,5.31,noise,2.964232,noise
43,3,63,signal,5.75,signal,2.943987,signal
54,3,36,noise,7.56,noise,1.937442,signal
62,3,76,signal,7.88,noise,3.342679,signal
75,2,7,noise,5.88,signal,4.951385,noise
91,3,6,noise,7.45,noise,2.584087,noise
77,3,32,noise,5.11,noise,2.716451,noise
81,3,44,noise,7.24,signal,2.650339,signal
80,3,20,signal,6.76,signal,9.08427,signal
58,3,88,noise,5.29,noise,2.232777,noise
71,3,25,noise,6.66,noise,2.681825,noise
74,3,73,signal,7.56,signal,1.876292,signal
93,2,10,noise,4.86,noise,5.115097,noise
73,3,63,noise,6.35,noise,1.895651,noise
76,3,1,noise,3.6,noise,4.394376,noise
86,2,6,signal,6.03,signal,2.916706,noise
50,3,96,noise,4.54,signal,2.976192,signal
88,2,6,noise,6.41,noise,4.484304,noise
46,3,83,noise,4.81,signal,2.753464,noise
66,3,85,noise,7.33,noise,3.000223,noise
49,3,88,signal,6.21,signal,3.759009,signal
82,2,10,noise,4.47,noise,4.969702,noise
79,3,62,signal,8.19,signal,3.150047,signal
45,3,69,noise,4.82,noise,2.868023,noise
72,3,62,noise,5.32,noise,3.597423,noise
54,3,37,noise,4.65,noise,2.513364,noise
78,3,64,noise,6.4,noise,3.179374,noise
91,3,7,noise,6.15,noise,2.244626,noise
63,3,64,noise,6.44,noise,5.355876,noise
69,3,74,noise,5.66,noise,3.829662,noise
48,3,57,signal,4.85,signal,12.740825,noise
55,3,53,noise,6.14,signal,3.582013,noise
84,3,5,noise,6.76,noise,3.854777,signal
51,3,50,noise,5.42,signal,3.34346,noise
43,3,64,noise,6.46,noise,3.374212,noise
58,3,89,noise,6.08,noise,2.471888,noise
77,3,33,signal,6.44,signal,3.034957,signal
83,3,39,signal,5.38,signal,5.169193,noise
73,3,64,noise,5.41,noise,2.205068,noise
74,3,74,noise,6.57,signal,2.673023,signal
81,3,45,signal,6.67,noise,3.176939,noise
39,3,99,signal,7.3,signal,4.609479,signal
76,3,2,noise,5.68,noise,2.092315,noise
62,3,77,noise,7.22,signal,4.185095,signal
54,3,38,noise,6.57,noise,1.080921,signal
46,3,84,noise,5.31,signal,1.956279,signal
66,3,86,noise,6.63,signal,2.273483,noise
79,3,63,noise,3.94,signal,1.835878,noise
72,3,63,noise,4.47,noise,1.722213,noise
91,3,8,signal,6.51,signal,1.739272,noise
88,2,7,noise,6.47,signal,3.215607,signal
78,3,65,noise,5.9,noise,1.917115,noise
67,3,52,signal,4.81,noise,18.998601,noise
49,3,89,signal,7.3,noise,2.708423,noise
86,2,7,noise,5.22,noise,3.78441,noise
74,3,75,signal,7.08,noise,1.622677,noise
81,3,46,noise,8.19,signal,1.69073,signal
50,3,97,signal,6.5,noise,3.963849,noise
76,3,3,noise,6.05,noise,1.754696,noise
63,3,65,signal,7.06,signal,2.758754,signal
43,3,65,noise,4.57,noise,2.553112,noise
73,3,65,noise,6.06,signal,2.30212,signal
55,3,54,noise,5.47,noise,2.878375,noise
44,3,97,signal,6.21,signal,33.005025,signal
66,3,87,signal,8.15,signal,1.994402,signal
83,3,40,signal,4.84,signal,2.715897,noise
77,3,34,signal,6.65,signal,2.831389,noise
51,3,51,noise,6.16,noise,3.131721,noise
46,3,85,noise,4.41,signal,2.295754,noise
75,2,8,noise,6.95,noise,7.169261,noise
93,3,1,noise,6.44,noise,2.477471,noise
79,3,64,noise,6.0,signal,2.294845,noise
69,3,75,noise,7.9,noise,3.901261,signal
84,3,6,noise,5.88,noise,3.80667,noise
72,3,64,noise,6.06,noise,2.389229,noise
39,3,100,noise,5.67,noise,3.40901,noise
78,3,66,noise,5.64,noise,1.97494,noise
54,3,39,noise,5.67,noise,3.343781,noise
45,3,70,signal,6.62,signal,4.925978,signal
88,2,8,signal,7.31,noise,2.513666,signal
74,3,76,noise,5.35,signal,2.011777,noise
76,3,4,noise,5.6,noise,1.887409,noise
91,3,9,noise,5.77,noise,2.758889,noise
81,3,47,noise,5.69,noise,2.194175,noise
44,3,98,noise,7.09,signal,1.465963,signal
86,2,8,noise,5.15,noise,2.372636,noise
49,3,90,signal,8.36,signal,2.471609,signal
66,3,88,noise,4.37,noise,1.848223,noise
71,3,26,signal,7.8,signal,7.846428,signal
50,3,98,noise,5.43,signal,2.906022,signal
83,3,41,noise,7.48,noise,2.163428,signal
63,3,66,signal,8.56,noise,2.970562,signal
43,3,66,noise,6.94,noise,2.856916,noise
79,3,65,signal,8.4,signal,1.936185,signal
77,3,35,noise,4.12,noise,2.424205,noise
55,3,55,noise,6.08,noise,2.931311,noise
72,3,65,noise,5.83,noise,1.704349,noise
46,3,86,noise,4.74,noise,2.363571,noise
74,3,77,noise,7.16,signal,1.51416,signal
51,3,52,noise,5.93,signal,2.810289,signal
73,3,66,noise,6.09,noise,3.557048,noise
76,3,5,noise,3.94,noise,1.804088,noise
54,3,40,signal,5.6,signal,2.1866,noise
45,3,71,noise,5.71,noise,2.190027,noise
78,3,67,noise,5.84,noise,2.098791,noise
88,2,9,noise,4.06,noise,2.119412,noise
91,3,10,noise,5.23,noise,2.042719,noise
81,3,48,noise,6.31,signal,1.980925,signal
62,3,78,signal,6.4,signal,6.552076,noise
66,3,89,noise,6.17,noise,1.888546,noise
75,2,9,signal,7.7,signal,3.531143,signal
58,3,90,signal,7.02,signal,7.268148,signal
44,3,99,noise,8.09,signal,2.634346,signal
93,3,2,noise,4.83,noise,2.798318,noise
50,3,99,signal,8.8,signal,2.403936,signal
79,3,66,signal,8.1,noise,1.716724,signal
86,2,9,signal,7.48,signal,2.921267,signal
84,3,7,noise,5.52,noise,3.815547,noise
69,3,76,noise,5.59,noise,3.994595,noise
74,3,78,noise,5.52,noise,1.726348,noise
48,3,58,noise,4.8,noise,8.647624,noise
72,3,66,noise,6.98,noise,2.097828,signal
80,3,21,noise,7.37,noise,11.686258,noise
63,3,67,noise,5.63,signal,2.773908,signal
76,3,6,noise,5.64,noise,1.547947,noise
49,3,91,noise,6.83,noise,3.619627,noise
45,3,72,noise,6.31,noise,1.746759,noise
44,3,100,signal,5.9,noise,0.982201,noise
43,3,67,signal,4.4,signal,3.256977,signal
73,3,67,noise,6.09,noise,2.478885,signal
66,3,90,noise,6.78,noise,1.576553,noise
46,3,87,signal,6.02,signal,2.822707,signal
78,3,68,noise,6.85,noise,2.195178,noise
81,3,49,noise,5.67,noise,2.070785,noise
83,3,42,noise,5.72,noise,3.975892,noise
77,3,36,noise,5.55,noise,3.475302,noise
91,3,11,signal,7.44,signal,2.451378,signal
88,2,10,noise,4.34,signal,2.814355,noise
79,3,67,noise,5.6,noise,1.919665,noise
74,3,79,signal,8.6,signal,1.983514,signal
76,3,7,noise,4.85,noise,1.580589,noise
86,2,10,signal,7.63,signal,2.258116,signal
50,3,100,signal,9.09,noise,2.513943,signal
55,3,56,noise,5.66,noise,4.637066,noise
80,3,22,noise,5.97,noise,2.241325,noise
45,3,73,noise,3.27,noise,1.991998,noise
54,3,41,noise,9.16,noise,4.135615,signal
49,3,92,noise,6.72,noise,2.250265,noise
72,3,67,signal,7.57,signal,2.621051,signal
63,3,68,noise,5.02,noise,2.675359,noise
84,3,8,noise,6.34,noise,3.223416,noise
66,3,91,noise,4.2,signal,1.760714,signal
78,3,69,noise,6.57,noise,2.320637,signal
48,3,59,signal,5.95,signal,3.659554,noise
76,3,8,noise,9.65,signal,1.663897,signal
77,3,37,noise,6.53,noise,2.308591,noise
75,2,10,noise,4.69,noise,4.822244,noise
43,3,68,signal,5.03,signal,3.174334,noise
74,3,80,noise,6.17,signal,2.048994,signal
79,3,68,signal,7.96,signal,2.188648,signal
46,3,88,noise,6.16,noise,2.620848,noise
93,3,3,signal,6.96,signal,2.071846,signal
73,3,68,noise,7.31,signal,3.315381,noise
91,3,12,signal,7.25,signal,2.710857,signal
81,3,50,noise,6.94,signal,3.348642,signal
83,3,43,noise,4.64,noise,3.219808,noise
45,3,74,noise,6.92,signal,2.367028,noise
49,3,93,signal,8.07,signal,2.318868,signal
71,3,27,signal,7.56,noise,8.369182,noise
72,3,68,signal,8.71,signal,2.759027,signal
55,3,57,signal,9.64,signal,3.311012,signal
66,3,92,noise,7.35,noise,2.469065,noise
76,3,9,noise,7.94,signal,1.861332,signal
77,3,38,noise,6.55,noise,1.893442,signal
78,3,70,noise,5.8,noise,2.276676,noise
69,3,77,noise,4.83,noise,6.78555,noise
63,3,69,signal,6.68,noise,2.970624,noise
93,3,4,signal,7.9,signal,1.8452,signal
79,3,69,noise,4.84,noise,1.936131,noise
84,3,9,noise,4.55,noise,3.305818,noise
80,3,23,noise,5.05,noise,4.322884,noise
73,3,69,noise,5.16,noise,2.07244,noise
46,3,89,noise,6.21,signal,2.095769,noise
81,3,51,signal,5.75,noise,2.021978,noise
43,3,69,noise,7.1,noise,2.509924,noise
74,3,81,noise,4.69,signal,2.663557,signal
71,3,28,noise,3.56,noise,1.499179,noise
76,3,10,noise,5.55,noise,1.393544,noise
51,3,53,noise,6.29,noise,10.101428,noise
45,3,75,noise,5.15,noise,2.339528,noise
58,3,91,noise,6.36,noise,9.198929,noise
83,3,44,signal,8.51,signal,3.363732,signal
88,3,1,noise,5.2,signal,3.550273,noise
66,3,93,noise,5.13,signal,2.185354,signal
93,3,5,noise,8.25,noise,1.656562,noise
91,3,13,noise,4.4,noise,3.857281,noise
77,3,39,signal,7.67,signal,2.291983,signal
79,3,70,signal,6.29,noise,1.742901,noise
55,3,58,noise,5.39,noise,2.679999,noise
80,3,24,noise,4.89,noise,2.190025,noise
72,3,69,signal,7.59,noise,3.211826,signal
49,3,94,noise,7.13,noise,3.687816,noise
76,3,11,noise,4.15,noise,1.548176,noise
46,3,90,noise,5.78,noise,2.133422,noise
81,3,52,noise,7.32,signal,2.397059,signal
74,3,82,noise,4.3,noise,2.332149,noise
63,3,70,signal,6.07,noise,2.85499,noise
71,3,29,noise,5.82,noise,2.366769,noise
73,3,70,noise,4.92,noise,2.804523,noise
84,3,10,signal,7.96,signal,3.038345,signal
43,3,70,noise,5.01,noise,2.796642,noise
45,3,76,noise,6.33,noise,2.158151,noise
66,3,94,noise,6.96,noise,1.729929,noise
51,3,54,signal,7.78,signal,2.493199,signal
93,3,6,noise,7.45,noise,1.843759,noise
58,3,92,noise,5.58,noise,2.173725,noise
69,3,78,signal,7.81,signal,4.024809,signal
88,3,2,noise,5.12,noise,2.151014,noise
78,3,71,noise,5.99,noise,3.897849,noise
79,3,71,signal,4.54,noise,1.961994,noise
91,3,14,noise,4.77,noise,2.101443,noise
76,3,12,noise,4.92,noise,1.532069,noise
77,3,40,noise,6.01,noise,2.399188,noise
81,3,53,noise,8.03,signal,1.694476,signal
55,3,59,noise,4.91,noise,2.608109,noise
74,3,83,noise,6.87,signal,1.813364,noise
80,3,25,noise,6.15,noise,2.485395,noise
73,3,71,noise,6.72,noise,1.81427,noise
46,3,91,noise,6.14,noise,2.345714,noise
83,3,45,noise,5.74,noise,3.839081,noise
72,3,70,noise,5.78,signal,2.783508,noise
76,3,13,noise,5.94,noise,1.00444,noise
49,3,95,signal,6.7,signal,2.930237,signal
93,3,7,noise,6.15,noise,2.140923,noise
45,3,77,noise,5.32,noise,2.674393,noise
79,3,72,noise,8.94,signal,1.931363,signal
66,3,95,signal,6.68,signal,2.433035,noise
71,3,30,signal,5.84,signal,3.167319,signal
63,3,71,noise,4.84,signal,3.373814,noise
43,3,71,signal,7.62,signal,3.285523,noise
88,3,3,signal,8.66,signal,2.556422,signal
54,3,42,noise,6.6,noise,11.202844,noise
91,3,15,noise,6.15,noise,2.601134,noise
84,3,11,signal,7.12,signal,3.774342,signal
86,3,1,noise,4.16,noise,3.013594,noise
81,3,54,noise,6.59,noise,2.655347,noise
78,3,72,noise,4.78,noise,3.276455,noise
74,3,84,signal,7.49,noise,2.584814,signal
51,3,55,noise,5.73,signal,3.769565,signal
55,3,60,noise,5.49,noise,2.840439,noise
73,3,72,noise,7.23,noise,2.518334,signal
80,3,26,signal,5.43,signal,2.682025,noise
77,3,41,signal,4.86,signal,3.408234,noise
76,3,14,noise,5.13,noise,1.895897,noise
58,3,93,noise,6.71,noise,4.230269,noise
69,3,79,noise,6.95,signal,4.177537,signal
83,3,46,signal,8.03,signal,2.309815,signal
72,3,71,noise,6.64,noise,2.372541,signal
46,3,92,noise,4.55,noise,2.332054,noise
93,3,8,signal,6.51,signal,1.859092,noise
71,3,31,signal,5.7,noise,1.739542,noise
49,3,96,noise,6.18,noise,2.728865,noise
91,3,16,noise,6.23,noise,1.462274,noise
66,3,96,noise,7.0,noise,2.198893,noise
88,3,4,noise,5.34,signal,2.129714,noise
81,3,55,noise,5.78,signal,1.704771,noise
79,3,73,signal,8.45,signal,2.660278,signal
77,3,42,signal,6.14,noise,1.271236,noise
74,3,85,noise,4.31,noise,1.911557,noise
48,3,60,noise,6.98,noise,13.06297,noise
78,3,73,signal,7.28,signal,2.063899,noise
63,3,72,noise,6.19,noise,3.332811,noise
45,3,78,signal,6.5,signal,3.572927,signal
73,3,73,signal,7.82,noise,2.316571,noise
86,3,2,signal,7.42,signal,2.937275,signal
80,3,27,noise,6.08,noise,2.327297,noise
51,3,56,signal,7.0,noise,2.76459,noise
83,3,47,noise,8.15,noise,2.067631,signal
43,3,72,signal,7.89,signal,3.60576,signal
93,3,9,noise,5.77,noise,2.103714,noise
46,3,93,noise,4.69,noise,2.257263,noise
72,3,72,noise,5.61,noise,2.385091,noise
91,3,17,noise,4.87,noise,1.943839,noise
85,1,6,noise,4.82,noise,159.292229,noise
55,3,61,signal,8.36,signal,3.103445,signal
69,3,80,noise,2.71,noise,2.833929,noise
58,3,94,noise,6.14,signal,3.086949,signal
67,3,53,noise,6.83,signal,25.582657,noise
79,3,74,noise,4.88,noise,2.004731,noise
77,3,43,noise,4.56,noise,1.888668,noise
88,3,5,noise,5.24,noise,2.251617,noise
82,3,1,noise,6.04,noise,5.238994,noise
74,3,86,noise,6.16,noise,2.129562,noise
49,3,97,signal,7.86,signal,3.107925,signal
66,3,97,noise,7.03,noise,3.006411,noise
84,3,12,noise,6.61,signal,4.83156,signal
71,3,32,noise,5.5,noise,3.404014,noise
78,3,74,signal,7.45,signal,2.24599,signal
45,3,79,noise,5.21,noise,2.045596,noise
81,3,56,noise,5.51,signal,3.166765,noise
73,3,74,noise,7.43,signal,2.059672,signal
48,3,61,signal,4.73,signal,3.017338,signal
91,3,18,noise,6.03,noise,1.654255,noise
46,3,94,noise,7.35,noise,1.900141,noise
63,3,73,signal,7.41,signal,3.080842,signal
86,3,3,signal,7.0,noise,2.798728,signal
72,3,73,signal,8.34,signal,2.203544,signal
43,3,73,noise,7.36,noise,2.706305,noise
93,3,10,noise,5.23,noise,1.890807,noise
67,3,54,noise,7.54,noise,1.81848,noise
79,3,75,noise,5.48,noise,1.838693,noise
85,1,7,noise,7.19,signal,2.513988,signal
88,3,6,noise,4.59,noise,2.09134,noise
74,3,87,signal,8.15,signal,1.970408,signal
58,3,95,noise,7.06,noise,2.558751,noise
83,3,48,signal,7.54,signal,3.600648,signal
54,3,43,signal,8.38,signal,7.641267,signal
73,3,75,noise,5.3,noise,1.809437,noise
69,3,81,noise,5.85,noise,2.982946,noise
76,3,15,noise,5.95,noise,6.679259,noise
78,3,75,noise,9.32,noise,2.071008,signal
45,3,80,noise,4.78,noise,2.368546,noise
91,3,19,noise,5.68,noise,1.979804,noise
49,3,98,signal,8.55,signal,2.780045,signal
66,3,98,signal,6.41,signal,2.775935,noise
77,3,44,noise,4.19,noise,3.202824,noise
48,3,62,signal,7.11,signal,2.54795,noise
71,3,33,signal,7.16,signal,2.902414,signal
81,3,57,noise,5.88,noise,2.908378,signal
51,3,57,signal,6.52,signal,5.120237,signal
79,3,76,noise,3.86,noise,1.778173,noise
55,3,62,signal,8.13,noise,4.449411,signal
84,3,13,noise,6.3,noise,3.643611,noise
82,3,2,signal,5.39,noise,4.02923,noise
46,3,95,signal,7.73,signal,2.704343,signal
67,3,55,noise,7.07,signal,2.227672,noise
72,3,74,signal,6.36,noise,2.822051,noise
63,3,74,signal,8.0,signal,3.30596,signal
45,3,81,noise,4.3,noise,1.295907,noise
74,3,88,noise,6.98,signal,2.250232,signal
78,3,76,signal,8.04,signal,1.794939,signal
43,3,74,signal,7.77,signal,3.524168,signal
88,3,7,signal,7.69,signal,2.769625,signal
73,3,76,noise,5.05,signal,2.570718,noise
66,3,99,noise,6.38,noise,1.95745,signal
81,3,58,noise,6.97,noise,1.810567,signal
93,3,11,signal,7.44,signal,3.972567,signal
91,3,20,noise,5.67,noise,2.361227,noise
86,3,4,noise,5.75,noise,4.358401,noise
48,3,63,signal,4.73,noise,2.308913,noise
77,3,45,noise,6.54,noise,2.473471,noise
79,3,77,signal,8.42,signal,1.96875,signal
58,3,96,noise,6.98,noise,3.543582,noise
49,3,99,noise,6.39,noise,3.067519,noise
76,3,16,noise,5.65,noise,3.445947,noise
83,3,49,signal,8.71,signal,4.050392,signal
78,3,77,noise,7.2,noise,1.644539,signal
74,3,89,noise,5.23,noise,1.740924,noise
69,3,82,noise,7.98,signal,4.018141,signal
46,3,96,noise,6.2,noise,2.32398,noise
72,3,75,signal,7.31,noise,2.303933,signal
55,3,63,noise,5.37,noise,2.944408,noise
66,3,100,noise,6.15,noise,1.708156,noise
63,3,75,signal,7.57,noise,2.720453,noise
81,3,59,noise,6.71,noise,2.014587,signal
45,3,82,signal,8.26,signal,2.739418,signal
43,3,75,noise,5.59,noise,2.693331,noise
51,3,58,signal,6.01,signal,4.304756,noise
71,3,34,signal,5.49,signal,3.560279,noise
79,3,78,noise,6.16,noise,1.755551,noise
88,3,8,noise,5.11,noise,2.944189,noise
86,3,5,signal,8.21,signal,2.232044,signal
82,3,3,noise,3.96,noise,4.242268,noise
91,3,21,signal,2.67,signal,2.274345,noise
77,3,46,noise,5.02,noise,2.191033,noise
48,3,64,noise,5.16,noise,2.39546,noise
84,3,14,signal,6.18,signal,4.64336,signal
73,3,77,signal,7.78,signal,3.405093,signal
58,3,97,noise,6.25,noise,2.535884,noise
67,3,56,signal,8.33,signal,4.630527,signal
83,3,50,noise,7.12,noise,2.407954,signal
78,3,78,signal,6.28,noise,2.23512,noise
72,3,76,noise,4.63,noise,2.026084,noise
74,3,90,signal,8.2,signal,2.541493,signal
85,1,8,signal,6.98,noise,7.05508,noise
46,3,97,noise,4.88,noise,2.44119,noise
69,3,83,noise,8.22,noise,2.778322,signal
45,3,83,noise,6.38,noise,1.951038,noise
55,3,64,noise,3.51,noise,2.87599,noise
49,3,100,signal,6.25,signal,3.749171,signal
76,3,17,noise,6.88,signal,3.780284,signal
79,3,79,signal,8.99,signal,1.793056,signal
93,3,12,signal,7.25,signal,4.790158,signal
63,3,76,noise,4.85,signal,3.054375,noise
51,3,59,noise,6.51,noise,2.65492,noise
81,3,60,signal,6.3,signal,3.244071,signal
43,3,76,noise,7.16,signal,3.230341,noise
78,3,79,noise,5.94,noise,1.506976,noise
91,3,22,signal,8.45,signal,2.324897,signal
77,3,47,signal,6.49,signal,2.439361,signal
48,3,65,noise,5.38,noise,2.356931,noise
88,3,9,noise,6.18,noise,3.113753,noise
58,3,98,noise,6.57,noise,2.379834,noise
67,3,57,signal,7.2,signal,2.339073,signal
86,3,6,signal,6.97,noise,3.046599,noise
74,3,91,noise,6.36,noise,1.927052,noise
72,3,77,signal,8.89,signal,2.21171,signal
73,3,78,noise,7.5,noise,2.89901,noise
83,3,51,noise,5.96,noise,2.872089,noise
71,3,35,noise,5.52,noise,4.024074,noise
84,3,15,noise,6.14,noise,3.790982,noise
46,3,98,noise,4.6,noise,2.76268,noise
69,3,84,signal,4.3,signal,2.932083,noise
82,3,4,signal,7.7,signal,4.315604,signal
93,3,13,noise,4.4,noise,2.338012,noise
54,3,44,signal,6.42,signal,11.125936,signal
45,3,84,signal,6.53,signal,3.186936,signal
79,3,80,signal,7.73,signal,2.989142,signal
91,3,23,signal,5.69,noise,2.125211,noise
55,3,65,noise,5.44,noise,3.212335,noise
78,3,80,noise,5.78,noise,2.414553,noise
76,3,18,noise,6.34,noise,3.557268,noise
85,1,9,noise,4.3,signal,3.91359,noise
43,3,77,noise,4.83,noise,2.921463,noise
74,3,92,noise,5.64,signal,2.024654,signal
63,3,77,signal,8.12,noise,3.420946,signal
77,3,48,noise,4.12,noise,2.876836,noise
81,3,61,signal,8.08,signal,3.730614,signal
88,3,10,signal,7.82,signal,3.172335,signal
92,2,1,noise,5.67,signal,4.670261,signal
51,3,60,signal,6.52,signal,4.423371,signal
83,3,52,signal,7.79,signal,2.169184,signal
86,3,7,signal,6.9,signal,3.235097,signal
73,3,79,signal,8.88,noise,2.351723,signal
67,3,58,signal,7.32,signal,3.682065,signal
91,3,24,noise,6.35,noise,1.12033,noise
46,3,99,noise,5.97,noise,2.005752,noise
69,3,85,noise,5.11,noise,2.498401,noise
72,3,78,signal,7.01,noise,3.316464,noise
48,3,66,noise,5.93,signal,5.004172,signal
79,3,81,signal,6.73,noise,2.605724,noise
81,3,62,signal,6.59,noise,1.476846,noise
74,3,93,signal,7.08,noise,1.877825,noise
78,3,81,noise,6.92,noise,2.085062,noise
91,3,25,noise,5.74,noise,1.105192,noise
55,3,66,noise,5.68,noise,2.527358,noise
88,3,11,signal,7.37,signal,1.858295,noise
45,3,85,noise,4.99,signal,2.837203,noise
43,3,78,signal,7.24,signal,2.605925,signal
84,3,16,noise,6.04,noise,3.984938,noise
73,3,80,noise,5.01,signal,1.879763,noise
77,3,49,signal,8.59,signal,2.549267,signal
76,3,19,noise,7.55,signal,3.02481,signal
83,3,53,noise,4.98,noise,2.28981,noise
67,3,59,signal,5.32,noise,2.305818,noise
85,1,10,signal,7.82,noise,3.448496,signal
79,3,82,noise,6.7,noise,1.481828,noise
72,3,79,noise,4.73,noise,2.262785,noise
46,3,100,noise,6.01,noise,2.684529,noise
74,3,94,noise,5.69,signal,1.878252,noise
78,3,82,signal,6.94,signal,1.86881,noise
69,3,86,noise,8.21,signal,2.836578,signal
91,3,26,signal,5.15,signal,2.027096,noise
82,3,5,noise,6.23,noise,5.817987,noise
76,3,20,noise,6.23,noise,1.547829,noise
63,3,78,noise,5.88,signal,4.654697,noise
81,3,63,noise,5.35,signal,2.85702,noise
86,3,8,signal,6.71,signal,4.383328,signal
88,3,12,noise,6.87,noise,2.667597,signal
58,3,99,noise,5.03,noise,8.240581,noise
45,3,86,noise,5.25,noise,2.558854,noise
55,3,67,noise,5.42,signal,2.939306,noise
73,3,81,noise,6.51,noise,2.586172,noise
67,3,60,noise,7.89,noise,2.113022,noise
79,3,83,signal,7.53,signal,2.04821,signal
77,3,50,signal,6.85,signal,2.807078,noise
74,3,95,signal,5.78,signal,1.920483,signal
75,3,1,noise,6.54,noise,5.331649,noise
91,3,27,noise,6.88,noise,1.462335,noise
78,3,83,noise,5.58,noise,1.716601,noise
84,3,17,noise,4.58,signal,3.629143,noise
43,3,79,signal,7.65,noise,3.721311,signal
92,2,2,signal,4.97,noise,6.148075,noise
72,3,80,noise,5.91,signal,2.714339,noise
51,3,61,signal,6.71,noise,6.331509,noise
81,3,64,noise,6.31,signal,1.913211,signal
69,3,87,signal,7.7,noise,2.687828,noise
58,3,100,noise,5.14,noise,2.023169,noise
83,3,54,noise,4.25,noise,4.390627,noise
63,3,79,signal,6.86,signal,2.905575,signal
76,3,21,noise,6.59,noise,3.166738,noise
79,3,84,signal,8.6,signal,2.099018,signal
73,3,82,noise,5.3,signal,2.348406,noise
86,3,9,noise,5.73,noise,2.834229,signal
82,3,6,noise,3.98,noise,3.529966,noise
74,3,96,noise,5.09,noise,2.20716,noise
77,3,51,noise,5.38,noise,2.382454,noise
48,3,67,noise,6.65,signal,6.938169,noise
55,3,68,signal,6.76,noise,3.009227,noise
91,3,28,noise,6.11,noise,2.343543,noise
81,3,65,noise,6.67,noise,1.910157,signal
88,3,13,noise,3.2,noise,3.877306,noise
43,3,80,noise,6.27,noise,2.669885,noise
45,3,87,noise,4.68,noise,4.025745,noise
83,3,55,signal,8.23,signal,1.971986,signal
78,3,84,noise,6.98,noise,3.184224,noise
51,3,62,signal,7.76,signal,2.659101,signal
72,3,81,signal,6.3,signal,2.935428,signal
79,3,85,signal,6.76,signal,1.416256,signal
76,3,22,noise,8.12,signal,1.691266,signal
69,3,88,noise,7.92,signal,2.87426,signal
67,3,61,noise,4.49,signal,4.787323,noise
84,3,18,signal,6.62,signal,3.933928,signal
73,3,83,noise,6.08,signal,2.234974,noise
91,3,29,noise,5.0,noise,1.693786,noise
74,3,97,noise,4.84,noise,2.18135,noise
75,3,2,noise,5.34,noise,5.075982,noise
86,3,10,signal,6.99,signal,2.583346,signal
93,3,14,noise,4.77,noise,12.719438,noise
77,3,52,signal,5.66,signal,2.821209,noise
81,3,66,signal,7.54,noise,2.451952,noise
63,3,80,signal,7.0,signal,3.251011,signal
88,3,14,noise,5.17,signal,2.919216,noise
82,3,7,signal,6.54,signal,3.634272,signal
92,2,3,noise,3.63,noise,5.703545,noise
78,3,85,signal,4.69,signal,2.301631,noise
55,3,69,noise,4.77,noise,3.499306,noise
43,3,81,noise,6.87,noise,3.140422,noise
72,3,82,signal,7.53,signal,2.42473,noise
76,3,23,noise,8.75,signal,2.020937,signal
71,3,36,noise,6.14,noise,14.963038,noise
79,3,86,signal,6.67,signal,2.384571,signal
67,3,62,noise,7.07,signal,2.021807,signal
69,3,89,noise,4.95,noise,2.359868,noise
74,3,98,noise,6.86,signal,1.543856,signal
73,3,84,noise,4.98,signal,2.538683,noise
91,3,30,signal,5.46,signal,2.2674,noise
83,3,56,noise,7.35,noise,4.267759,signal
45,3,88,signal,7.06,signal,3.90319,signal
81,3,67,noise,6.32,signal,1.709886,signal
51,3,63,signal,8.22,signal,4.226121,signal
86,3,11,signal,7.08,noise,2.509418,noise
77,3,53,noise,3.11,noise,2.514901,noise
84,3,19,noise,5.99,noise,3.198228,noise
88,3,15,noise,3.17,noise,2.042688,noise
78,3,86,noise,5.11,noise,1.952012,noise
43,3,82,noise,6.27,noise,2.262826,noise
74,3,99,noise,6.18,noise,1.656364,noise
79,3,87,noise,6.89,noise,2.049953,noise
69,3,90,noise,5.7,noise,1.876351,noise
63,3,81,noise,5.63,noise,3.389764,signal
75,3,3,noise,5.75,noise,3.978959,noise
93,3,15,noise,6.15,noise,3.920609,noise
67,3,63,signal,5.78,noise,2.304667,noise
91,3,31,signal,6.75,signal,2.106366,noise
92,2,4,noise,3.06,signal,3.3246,noise
55,3,70,noise,5.88,noise,3.037208,noise
82,3,8,signal,8.17,signal,3.600144,signal
73,3,85,noise,6.96,signal,2.456444,signal
51,3,64,noise,4.72,signal,2.283774,signal
45,3,89,noise,4.83,signal,2.602072,noise
78,3,87,signal,5.24,signal,1.771192,signal
83,3,57,noise,5.57,noise,2.775073,noise
77,3,54,noise,3.41,noise,2.289829,noise
74,3,100,noise,5.95,signal,1.61597,signal
72,3,83,signal,6.53,noise,4.302134,noise
84,3,20,signal,7.68,noise,2.986416,noise
88,3,16,signal,7.69,signal,3.02238,noise
71,3,37,signal,5.08,signal,4.746372,noise
76,3,24,noise,7.76,signal,5.168459,signal
92,2,5,signal,5.03,noise,1.870828,noise
67,3,64,noise,7.06,signal,1.978279,signal
91,3,32,noise,6.09,noise,2.008221,noise
63,3,82,noise,3.76,noise,2.75145,noise
73,3,86,noise,7.16,noise,2.081697,noise
81,3,68,signal,6.73,signal,4.658573,noise
79,3,88,signal,6.66,noise,3.155471,noise
93,3,16,noise,6.23,noise,2.730776,noise
83,3,58,signal,6.47,signal,2.111149,noise
43,3,83,noise,5.85,signal,3.903507,noise
78,3,88,noise,4.87,noise,2.194211,noise
45,3,90,noise,5.43,noise,2.58232,noise
51,3,65,signal,6.51,signal,2.689964,signal
77,3,55,noise,5.33,noise,2.405181,noise
69,3,91,noise,6.57,noise,3.957855,noise
86,3,12,noise,5.47,signal,5.273095,noise
82,3,9,signal,8.91,signal,3.458454,signal
55,3,71,signal,6.99,noise,3.568853,noise
76,3,25,noise,8.76,signal,1.571978,signal
88,3,17,noise,5.76,noise,2.283969,noise
72,3,84,noise,6.51,noise,2.79498,signal
67,3,65,noise,5.18,signal,2.186047,signal
75,3,4,noise,6.66,noise,5.244889,noise
91,3,33,signal,6.36,signal,2.22907,signal
73,3,87,noise,5.88,noise,2.280402,noise
92,2,6,noise,5.05,signal,2.871475,noise
81,3,69,signal,4.46,signal,2.291163,noise
93,3,17,noise,4.87,noise,2.362131,noise
79,3,89,noise,6.69,noise,2.510774,noise
84,3,21,noise,6.64,noise,3.84426,noise
78,3,89,noise,5.08,noise,2.157211,noise
43,3,84,noise,6.11,noise,2.347592,noise
86,3,13,signal,7.24,signal,2.049115,noise
77,3,56,signal,7.97,signal,2.325858,signal
88,3,18,noise,5.81,noise,2.011991,noise
45,3,91,noise,4.19,noise,2.767467,noise
63,3,83,noise,6.18,noise,3.916494,noise
91,3,34,noise,6.04,noise,1.638164,noise
83,3,59,signal,6.17,signal,3.778574,signal
71,3,38,signal,5.95,signal,4.869844,signal
69,3,92,noise,4.69,signal,3.186717,noise
67,3,66,noise,5.81,noise,2.423483,noise
81,3,70,noise,5.81,signal,1.818197,signal
92,2,7,noise,5.92,noise,1.924502,noise
73,3,88,noise,5.72,signal,2.363912,signal
55,3,72,noise,5.77,noise,3.851247,noise
78,3,90,noise,5.58,noise,2.167132,noise
76,3,26,noise,9.22,signal,4.096618,signal
79,3,90,noise,5.48,noise,2.727913,signal
86,3,14,noise,5.77,noise,2.418764,signal
91,3,35,noise,4.77,noise,1.629576,noise
43,3,85,signal,7.77,signal,2.74341,signal
51,3,66,signal,8.15,noise,5.203365,signal
93,3,18,noise,6.03,noise,2.734053,noise
77,3,57,noise,6.34,noise,2.810803,noise
84,3,22,noise,5.82,noise,3.450899,noise
88,3,19,noise,7.95,signal,2.97469,signal
81,3,71,noise,5.91,noise,1.920164,noise
82,3,10,noise,3.27,noise,5.534338,noise
83,3,60,noise,5.42,noise,2.512998,noise
63,3,84,noise,5.23,noise,2.932797,noise
92,2,8,noise,5.04,noise,2.363618,noise
73,3,89,noise,6.99,signal,2.256912,signal
45,3,92,signal,7.53,signal,3.614404,signal
76,3,27,noise,4.56,noise,1.813286,noise
72,3,85,signal,8.24,signal,5.753536,signal
78,3,91,noise,6.56,noise,2.110943,noise
91,3,36,noise,5.84,noise,1.507357,noise
79,3,91,signal,4.05,signal,2.095388,noise
55,3,73,noise,6.04,signal,2.805431,noise
86,3,15,signal,6.2,signal,2.127287,signal
77,3,58,noise,4.56,signal,1.407772,noise
69,3,93,noise,5.37,noise,4.068817,noise
43,3,86,noise,5.84,signal,2.432651,signal
76,3,28,noise,6.36,noise,0.964166,noise
81,3,72,noise,4.59,noise,1.76341,noise
51,3,67,noise,5.66,noise,2.622503,noise
83,3,61,signal,8.05,signal,1.897298,signal
91,3,37,noise,7.9,noise,1.602956,noise
84,3,23,noise,4.73,noise,2.808733,noise
78,3,92,noise,6.35,noise,1.926869,noise
88,3,20,signal,8.16,signal,2.964062,signal
72,3,86,noise,3.09,noise,2.243528,noise
79,3,92,noise,5.89,noise,1.770333,noise
73,3,90,signal,6.8,noise,2.565622,signal
92,2,9,signal,6.35,noise,2.988276,noise
76,3,29,noise,9.41,signal,1.795792,signal
82,3,11,signal,6.48,noise,3.526053,noise
67,3,67,signal,7.99,noise,6.23099,noise
77,3,59,noise,5.0,noise,2.523516,noise
81,3,73,noise,6.87,signal,2.211738,noise
45,3,93,signal,6.33,noise,3.591009,noise
55,3,74,signal,7.02,noise,3.012347,noise
63,3,85,noise,5.95,noise,3.95864,noise
91,3,38,noise,5.52,noise,2.224476,noise
86,3,16,signal,7.76,noise,4.357367,noise
88,3,21,signal,8.44,noise,2.79221,signal
51,3,68,noise,4.97,signal,3.814365,signal
79,3,93,signal,8.07,noise,2.804049,signal
43,3,87,noise,7.31,noise,4.482371,signal
83,3,62,noise,6.83,noise,3.88815,noise
78,3,93,noise,4.21,noise,3.428662,noise
76,3,30,noise,5.52,noise,2.681713,noise
73,3,91,noise,6.74,noise,3.238228,noise
92,2,10,noise,5.71,noise,3.037242,noise
72,3,87,signal,6.45,signal,3.624019,signal
84,3,24,noise,6.04,noise,4.277497,noise
77,3,60,noise,7.36,noise,2.931187,noise
45,3,94,noise,5.53,noise,2.87461,noise
93,3,19,noise,5.68,noise,7.61709,noise
69,3,94,noise,4.89,noise,5.961417,noise
81,3,74,noise,7.13,noise,3.324257,noise
67,3,68,noise,6.56,signal,3.64764,noise
82,3,12,noise,5.6,noise,4.046988,noise
75,3,5,noise,5.03,signal,13.050982,noise
54,3,45,signal,6.9,signal,36.379721,signal
71,3,39,noise,5.69,noise,11.239396,noise
91,3,39,noise,6.13,noise,2.093978,noise
43,3,88,signal,6.1,noise,1.352312,noise
78,3,94,noise,6.71,signal,1.189998,noise
83,3,63,noise,8.51,signal,1.435943,signal
55,3,75,noise,6.01,signal,4.114867,signal
63,3,86,signal,9.04,signal,4.323543,signal
76,3,31,noise,7.41,noise,1.629804,noise
45,3,95,noise,7.27,noise,1.41248,noise
73,3,92,signal,7.72,signal,2.039721,signal
79,3,94,noise,5.31,noise,2.48829,noise
88,3,22,noise,5.77,noise,3.113232,noise
81,3,75,signal,6.68,signal,2.013515,noise
72,3,88,noise,4.65,noise,2.425421,noise
93,3,20,noise,5.67,noise,2.414818,noise
69,3,95,noise,6.04,noise,2.811537,noise
76,3,32,noise,5.7,noise,1.424417,noise
78,3,95,noise,4.06,noise,1.722742,noise
91,3,40,signal,6.33,signal,2.135741,signal
84,3,25,noise,5.06,noise,3.294917,noise
51,3,69,signal,7.18,noise,4.246844,noise
55,3,76,noise,6.95,signal,2.246098,signal
54,3,46,noise,6.64,noise,2.985331,signal
82,3,13,noise,6.36,noise,3.462477,noise
71,3,40,signal,8.13,signal,3.067046,noise
48,3,68,noise,4.21,signal,29.845262,signal
81,3,76,noise,4.6,noise,1.732297,noise
73,3,93,noise,6.05,signal,2.45573,signal
77,3,61,noise,5.1,noise,4.344439,noise
45,3,96,noise,7.48,noise,2.71329,signal
63,3,87,signal,7.74,noise,3.0727,noise
75,3,6,noise,6.75,noise,4.278637,noise
93,3,21,signal,2.67,signal,1.947073,noise
72,3,89,signal,5.83,signal,2.564621,signal
88,3,23,noise,6.4,signal,2.866035,signal
76,3,33,noise,7.25,noise,1.358474,noise
83,3,64,noise,4.97,noise,4.142141,noise
91,3,41,noise,5.92,noise,1.965508,noise
78,3,96,noise,5.93,noise,1.923197,noise
54,3,47,noise,7.79,noise,1.651218,signal
43,3,89,noise,5.87,noise,4.652642,noise
81,3,77,noise,6.5,signal,1.752539,signal
51,3,70,noise,4.2,noise,2.729779,noise
67,3,69,noise,7.61,noise,5.977401,noise
77,3,62,noise,3.7,noise,1.870198,noise
84,3,26,noise,4.91,noise,3.077096,noise
69,3,96,noise,2.93,noise,3.358037,noise
55,3,77,noise,5.36,noise,3.000377,noise
73,3,94,signal,5.61,noise,2.292832,noise
48,3,69,signal,7.66,noise,2.73547,signal
85,2,1,noise,6.26,signal,6.025809,noise
76,3,34,noise,5.75,noise,1.586356,noise
86,3,17,noise,6.13,noise,8.277499,signal
63,3,88,noise,5.32,noise,2.82038,noise
82,3,14,signal,7.3,signal,3.418595,signal
72,3,90,signal,7.93,signal,2.296069,signal
78,3,97,signal,5.65,signal,1.997217,noise
91,3,42,noise,6.58,noise,2.17483,noise
88,3,24,signal,8.01,noise,2.668214,signal
45,3,97,noise,5.46,signal,3.379708,noise
81,3,78,noise,5.65,noise,2.294063,noise
76,3,35,noise,5.37,signal,1.295026,noise
43,3,90,signal,4.89,signal,2.806542,signal
93,3,22,signal,8.45,signal,3.668019,signal
77,3,63,noise,4.96,noise,2.627355,noise
69,3,97,noise,5.97,noise,2.542366,noise
84,3,27,signal,8.39,noise,2.904772,signal
86,3,18,signal,7.62,signal,2.496538,signal
72,3,91,noise,4.32,noise,2.040285,noise
78,3,98,noise,6.86,noise,2.039199,noise
91,3,43,noise,6.45,noise,2.000327,noise
55,3,78,noise,6.11,noise,3.115897,noise
75,3,7,noise,6.13,signal,5.421953,signal
48,3,70,noise,4.3,signal,3.284654,noise
45,3,98,noise,5.36,noise,2.248671,noise
88,3,25,noise,7.51,signal,2.394644,signal
93,3,23,noise,5.69,noise,1.66015,noise
73,3,95,noise,6.42,signal,3.666288,noise
76,3,36,noise,7.06,signal,1.879262,signal
51,3,71,noise,6.71,signal,4.788883,signal
82,3,15,signal,8.29,signal,3.507799,signal
54,3,48,signal,5.84,signal,5.431906,noise
43,3,91,noise,6.3,noise,2.563161,noise
81,3,79,noise,5.02,noise,2.736372,noise
63,3,89,signal,8.49,noise,4.025074,signal
83,3,65,signal,6.56,signal,6.120412,signal
91,3,44,noise,5.55,signal,1.435918,noise
77,3,64,signal,6.38,signal,2.462932,noise
72,3,92,noise,4.6,signal,1.880392,noise
86,3,19,signal,6.34,signal,2.18344,signal
78,3,99,noise,6.52,noise,2.23472,noise
69,3,98,noise,8.1,noise,2.896447,signal
84,3,28,signal,7.14,noise,2.941484,noise
85,2,2,noise,5.91,noise,5.558719,noise
55,3,79,noise,5.19,noise,2.513151,noise
76,3,37,noise,5.87,noise,1.856161,noise
93,3,24,noise,6.35,noise,2.155157,noise
51,3,72,noise,5.32,noise,2.182373,noise
75,3,8,signal,8.2,signal,3.11651,signal
91,3,45,signal,5.31,signal,1.637372,signal
45,3,99,noise,5.23,noise,2.854025,noise
73,3,96,noise,6.38,noise,2.808628,noise
81,3,80,signal,7.26,signal,2.238375,signal
43,3,92,noise,6.54,noise,2.448674,noise
72,3,93,signal,8.59,signal,1.91097,signal
76,3,38,noise,4.21,noise,1.418996,noise
88,3,26,noise,6.77,signal,4.028556,signal
69,3,99,noise,6.5,signal,2.074113,signal
93,3,25,noise,5.74,noise,1.808498,noise
78,3,100,signal,8.34,signal,2.11411,signal
77,3,65,noise,5.55,noise,3.110917,noise
63,3,90,signal,7.71,signal,3.641715,signal
54,3,49,noise,6.23,noise,4.110977,noise
82,3,16,signal,8.22,signal,4.040634,signal
86,3,20,noise,5.91,noise,3.096763,noise
91,3,46,noise,6.04,noise,1.897314,noise
51,3,73,noise,4.77,noise,2.363156,noise
55,3,80,noise,4.71,noise,2.988249,noise
45,3,100,signal,7.47,signal,2.443833,signal
84,3,29,noise,2.92,noise,3.36466,noise
73,3,97,noise,7.98,signal,2.380045,signal
81,3,81,signal,7.27,noise,2.408227,noise
75,3,9,noise,6.51,noise,2.824633,noise
85,2,3,noise,4.4,noise,4.017826,noise
93,3,26,signal,5.15,signal,1.709013,noise
43,3,93,signal,6.78,signal,3.153963,noise
69,3,100,noise,5.08,noise,2.003966,noise
72,3,94,signal,7.12,noise,3.001235,signal
88,3,27,noise,4.42,signal,2.299719,noise
91,3,47,noise,6.69,noise,1.405687,noise
77,3,66,noise,6.07,noise,1.979992,noise
51,3,74,signal,8.7,signal,2.253433,signal
63,3,91,noise,5.6,signal,2.636995,noise
54,3,50,signal,6.39,signal,2.668852,signal
48,3,71,signal,7.26,noise,4.412535,noise
73,3,98,noise,5.86,noise,2.046703,noise
86,3,21,noise,5.04,signal,2.95179,noise
82,3,17,noise,5.24,noise,3.299772,noise
55,3,81,signal,6.54,noise,2.744545,noise
81,3,82,signal,5.68,signal,2.422473,signal
91,3,48,noise,6.34,noise,1.346477,noise
77,3,67,noise,5.97,noise,1.344013,noise
93,3,27,noise,6.88,noise,1.607678,noise
84,3,30,noise,4.2,noise,3.152561,noise
54,3,51,signal,5.6,noise,1.197959,noise
75,3,10,signal,4.4,noise,3.204554,noise
76,3,39,noise,5.85,signal,4.841368,noise
43,3,94,noise,7.23,noise,2.696377,noise
73,3,99,noise,6.16,noise,1.613693,noise
72,3,95,noise,6.64,signal,3.047138,noise
51,3,75,signal,6.99,signal,2.246432,signal
88,3,28,noise,6.03,signal,3.199573,signal
91,3,49,noise,7.66,noise,1.580171,noise
79,3,95,noise,7.33,signal,19.429088,signal
63,3,92,noise,6.89,signal,2.856056,signal
77,3,68,noise,5.79,noise,1.812505,noise
86,3,22,signal,7.99,noise,2.620783,signal
76,3,40,noise,6.0,noise,1.464339,noise
55,3,82,noise,5.63,noise,2.620139,noise
54,3,52,signal,5.56,signal,1.777282,signal
48,3,72,noise,6.93,noise,3.297192,noise
82,3,18,noise,6.02,noise,2.999802,noise
83,3,66,signal,8.35,signal,10.532924,signal
91,3,50,noise,5.57,noise,1.405318,signal
43,3,95,noise,5.94,signal,2.608945,signal
72,3,96,noise,4.58,signal,2.049952,signal
77,3,69,noise,4.5,noise,1.296543,noise
75,3,11,noise,5.65,signal,2.938588,noise
79,3,96,signal,6.6,signal,1.743664,signal
51,3,76,noise,5.17,signal,2.391802,signal
76,3,41,noise,6.45,noise,1.469091,noise
88,3,29,signal,6.49,signal,2.712828,signal
73,3,100,noise,5.92,noise,3.227503,noise
85,2,4,noise,7.09,signal,5.850754,signal
84,3,31,signal,7.4,signal,3.846909,signal
48,3,73,noise,5.53,signal,2.042939,noise
86,3,23,noise,5.47,noise,2.399192,noise
55,3,83,noise,6.5,noise,2.27794,noise
83,3,67,noise,5.97,noise,2.077055,noise
91,3,51,signal,6.64,signal,1.469528,signal
81,3,83,signal,6.46,signal,5.465837,noise
77,3,70,noise,5.4,noise,1.362848,noise
76,3,42,noise,6.02,noise,1.353603,noise
82,3,19,signal,5.8,signal,3.295934,noise
43,3,96,noise,6.24,noise,2.699008,noise
75,3,12,signal,8.39,noise,2.585694,signal
77,3,71,noise,5.98,noise,1.379171,noise
88,3,30,noise,5.6,signal,2.78113,noise
91,3,52,noise,5.21,noise,1.895971,noise
86,3,24,noise,5.11,noise,2.260098,noise
51,3,77,signal,6.91,noise,3.321921,noise
55,3,84,noise,5.46,noise,2.354649,noise
84,3,32,signal,7.28,signal,3.000542,signal
63,3,93,signal,5.53,noise,5.915614,noise
81,3,84,noise,5.48,noise,2.742126,noise
92,3,1,noise,6.4,noise,4.147802,noise
75,3,13,signal,7.45,noise,1.9674,signal
77,3,72,noise,3.99,noise,1.592895,noise
43,3,97,noise,7.56,noise,2.360781,noise
93,3,28,noise,6.11,noise,8.691567,noise
85,2,5,noise,4.35,noise,4.31286,noise
67,3,70,signal,5.4,signal,22.345527,noise
91,3,53,noise,5.49,noise,2.099678,noise
83,3,68,noise,8.95,noise,4.539914,noise
88,3,31,signal,6.88,noise,2.515897,signal
51,3,78,noise,4.85,noise,2.377232,noise
92,3,2,noise,5.28,noise,1.721835,noise
82,3,20,noise,5.12,noise,3.997353,noise
55,3,85,signal,7.9,signal,2.484984,signal
84,3,33,signal,7.55,noise,2.708698,noise
81,3,85,noise,6.87,noise,2.415341,signal
75,3,14,signal,8.76,noise,2.110083,signal
77,3,73,signal,7.27,signal,2.24202,signal
63,3,94,noise,5.79,noise,2.832428,noise
43,3,98,noise,6.76,noise,2.32481,noise
72,3,97,signal,6.64,noise,7.654439,noise
91,3,54,noise,5.57,noise,1.851332,noise
83,3,69,signal,7.72,signal,2.152154,signal
67,3,71,signal,3.93,signal,2.432837,noise
77,3,74,signal,6.07,noise,1.150218,noise
48,3,74,noise,5.41,signal,7.906248,noise
92,3,3,noise,7.1,noise,2.509663,noise
88,3,32,noise,5.06,noise,2.843861,noise
79,3,97,noise,5.37,signal,9.053532,noise
93,3,29,noise,5.0,noise,3.412954,noise
51,3,79,signal,7.18,signal,3.127906,signal
55,3,86,noise,4.8,noise,2.804981,noise
81,3,86,signal,6.69,signal,2.77812,noise
84,3,34,noise,6.02,noise,3.071112,noise
82,3,21,noise,6.49,noise,3.24116,noise
75,3,15,noise,4.54,signal,2.895848,noise
63,3,95,noise,5.51,signal,2.548662,signal
43,3,99,signal,9.16,signal,2.649902,signal
72,3,98,signal,8.01,noise,2.556804,signal
77,3,75,noise,5.06,noise,1.75989,noise
91,3,55,noise,4.79,noise,2.416963,noise
85,2,6,noise,6.16,signal,4.738977,noise
54,3,53,noise,4.2,noise,12.105805,noise
92,3,4,noise,3.01,noise,1.807885,noise
67,3,72,noise,6.46,noise,2.471803,noise
93,3,30,signal,5.46,signal,1.721677,noise
83,3,70,noise,4.72,noise,2.921729,noise
88,3,33,noise,5.89,noise,2.253482,noise
48,3,75,noise,5.55,signal,2.396346,noise
79,3,98,signal,6.44,noise,2.752681,noise
55,3,87,noise,5.4,noise,2.456278,noise
75,3,16,noise,4.82,noise,2.121977,noise
77,3,76,noise,8.14,noise,2.055195,noise
91,3,56,noise,4.6,noise,1.970816,noise
43,3,100,noise,7.12,noise,2.449584,noise
72,3,99,signal,7.46,noise,2.393222,noise
54,3,54,signal,6.88,signal,2.062451,signal
67,3,73,noise,6.32,signal,1.631232,noise
92,3,5,noise,6.81,noise,2.067075,noise
82,3,22,noise,5.55,signal,3.187974,noise
81,3,87,signal,3.53,signal,3.428934,noise
84,3,35,signal,6.19,signal,3.353654,signal
51,3,80,noise,6.28,noise,4.276892,noise
88,3,34,noise,4.82,noise,2.210358,noise
86,3,25,signal,6.64,signal,10.333217,noise
77,3,77,noise,3.86,noise,1.157007,noise
83,3,71,noise,6.48,noise,3.11636,noise
79,3,99,noise,5.26,signal,2.430077,signal
55,3,88,noise,3.81,noise,2.573459,noise
85,2,7,noise,6.77,noise,4.22386,signal
91,3,57,noise,6.92,noise,1.962739,noise
77,3,78,noise,4.86,noise,1.185418,noise
92,3,6,signal,6.74,signal,2.021789,signal
63,3,96,noise,5.51,noise,5.564932,noise
48,3,76,noise,6.17,noise,4.315469,noise
75,3,17,noise,6.65,noise,3.568429,noise
81,3,88,noise,7.26,noise,2.412499,signal
93,3,31,signal,6.75,signal,4.330093,noise
79,3,100,signal,5.5,noise,1.60943,noise
86,3,26,signal,7.36,noise,2.496733,signal
72,3,100,signal,9.0,signal,3.32189,signal
77,3,79,noise,4.13,noise,1.273152,noise
51,3,81,signal,6.51,noise,2.953607,noise
82,3,23,signal,8.98,signal,3.302869,signal
88,3,35,signal,7.68,noise,3.009335,signal
91,3,58,noise,4.77,noise,1.757902,noise
83,3,72,noise,6.54,noise,2.48749,noise
55,3,89,noise,6.42,noise,2.298088,noise
62,3,79,signal,6.6,signal,113.028957,signal
84,3,36,signal,6.33,signal,4.229813,signal
93,3,32,noise,6.09,noise,1.640102,noise
92,3,7,noise,4.06,noise,2.730116,noise
71,3,41,signal,5.75,signal,37.801453,noise
81,3,89,noise,6.43,noise,2.288937,noise
63,3,97,signal,7.95,noise,2.694918,signal
48,3,77,signal,7.0,noise,2.739964,noise
91,3,59,noise,5.67,noise,1.704102,noise
83,3,73,signal,6.3,signal,1.780768,signal
86,3,27,signal,8.54,noise,2.338709,signal
88,3,36,signal,8.81,signal,2.187554,signal
77,3,80,signal,5.85,signal,2.594056,noise
51,3,82,noise,5.29,noise,2.83629,noise
85,2,8,noise,6.46,signal,4.259235,noise
93,3,33,signal,6.36,signal,1.853244,signal
92,3,8,signal,5.67,signal,1.698227,noise
82,3,24,noise,4.22,noise,3.157946,noise
55,3,90,noise,6.1,noise,2.429955,noise
62,3,80,noise,5.59,signal,2.385171,signal
75,3,18,noise,5.76,signal,4.527557,signal
91,3,60,noise,7.56,noise,1.770356,noise
84,3,37,noise,4.05,noise,3.15788,noise
88,3,37,noise,4.47,noise,1.906563,noise
63,3,98,noise,5.68,noise,2.701445,noise
81,3,90,noise,6.64,noise,2.874216,noise
77,3,81,noise,5.4,noise,1.997769,noise
93,3,34,noise,6.04,noise,1.726795,noise
86,3,28,signal,8.56,signal,2.8007,signal
55,3,91,noise,5.63,noise,2.367462,noise
91,3,61,noise,6.99,signal,1.75004,signal
62,3,81,signal,5.31,signal,2.798624,signal
82,3,25,noise,5.8,signal,3.083396,noise
83,3,74,signal,9.11,signal,4.333366,signal
88,3,38,noise,4.91,noise,2.219874,noise
63,3,99,noise,5.06,noise,2.404934,noise
77,3,82,noise,5.25,noise,2.211536,noise
92,3,9,noise,4.91,noise,3.854693,noise
85,2,9,signal,6.69,noise,4.371129,noise
81,3,91,signal,6.63,signal,3.245625,signal
93,3,35,noise,4.77,noise,2.784207,noise
84,3,38,noise,5.73,noise,3.745427,noise
55,3,92,noise,4.36,noise,2.386922,noise
48,3,78,signal,5.61,signal,6.761827,noise
83,3,75,noise,5.99,noise,1.990826,noise
86,3,29,signal,8.06,noise,3.42067,signal
77,3,83,noise,6.64,noise,2.065168,noise
62,3,82,noise,6.96,noise,2.821113,noise
91,3,62,noise,4.39,noise,3.378863,noise
88,3,39,noise,6.58,signal,2.803856,signal
75,3,19,noise,5.18,noise,6.065441,signal
82,3,26,noise,5.55,noise,3.39356,noise
92,3,10,noise,7.61,noise,2.729195,noise
51,3,83,noise,5.75,noise,7.453326,noise
81,3,92,signal,5.53,signal,2.548678,signal
63,3,100,signal,6.84,signal,3.634171,signal
83,3,76,signal,7.53,signal,2.047565,signal
62,3,83,signal,8.35,signal,1.621995,noise
55,3,93,noise,5.62,noise,2.787755,noise
84,3,39,signal,6.89,signal,2.995255,signal
91,3,63,signal,7.76,signal,1.877317,signal
77,3,84,noise,4.02,noise,2.131579,noise
88,3,40,noise,5.12,signal,2.2136,noise
76,3,43,noise,4.38,noise,27.506451,noise
71,3,42,signal,3.83,signal,4.979797,noise
48,3,79,signal,7.04,signal,3.495302,signal
92,3,11,noise,3.27,noise,2.373459,noise
51,3,84,signal,8.21,signal,2.182194,signal
85,2,10,signal,7.25,noise,5.056721,noise
75,3,20,noise,6.93,signal,2.985022,noise
93,3,36,noise,5.84,noise,4.605297,noise
82,3,27,noise,6.73,signal,3.286374,signal
77,3,85,noise,4.0,noise,1.52217,noise
91,3,64,noise,3.55,noise,1.891889,noise
81,3,93,signal,8.12,signal,3.077437,noise
83,3,77,signal,10.04,signal,3.295937,signal
55,3,94,noise,6.08,signal,2.625383,signal
62,3,84,noise,6.06,signal,2.833157,noise
48,3,80,noise,6.24,noise,2.348163,noise
88,3,41,noise,6.03,signal,2.497607,noise
75,3,21,noise,5.27,noise,1.858743,noise
92,3,12,noise,4.22,noise,2.430833,noise
93,3,37,noise,7.9,noise,1.921655,noise
86,3,30,signal,7.64,signal,6.552153,signal
76,3,44,noise,3.71,noise,3.66918,noise
77,3,86,signal,6.78,signal,2.324925,noise
91,3,65,signal,5.21,noise,2.088952,noise
81,3,94,noise,6.98,noise,2.158828,noise
84,3,40,signal,6.86,noise,4.829297,noise
62,3,85,noise,6.95,noise,2.269457,noise
88,3,42,signal,4.8,noise,2.079598,noise
83,3,78,signal,7.54,signal,2.854586,signal
48,3,81,signal,7.27,signal,2.549238,noise
71,3,43,noise,6.13,noise,3.445498,signal
51,3,85,signal,8.09,signal,5.212989,signal
75,3,22,signal,7.75,noise,2.932322,signal
91,3,66,noise,6.96,noise,1.800431,noise
81,3,95,noise,7.33,noise,1.861527,noise
93,3,38,noise,5.52,noise,3.011084,noise
92,3,13,noise,5.68,signal,3.2563,signal
77,3,87,signal,4.35,signal,2.301828,noise
82,3,28,noise,5.79,noise,5.017838,noise
62,3,86,signal,9.23,signal,2.33493,signal
83,3,79,noise,6.28,noise,1.94987,noise
86,3,31,noise,5.53,signal,3.279711,noise
48,3,82,signal,5.29,signal,2.298047,noise
88,3,43,noise,5.29,signal,2.948047,noise
84,3,41,signal,7.88,signal,3.394375,signal
75,3,23,noise,5.24,noise,1.814808,noise
51,3,86,noise,5.13,noise,2.138711,noise
55,3,95,noise,6.27,noise,6.099527,noise
81,3,96,noise,6.76,noise,1.986675,noise
91,3,67,signal,8.12,signal,2.205153,signal
93,3,39,noise,6.13,noise,2.077635,noise
77,3,88,signal,4.16,signal,2.229207,noise
62,3,87,signal,7.37,noise,1.931946,noise
86,3,32,noise,3.87,noise,1.888474,noise
71,3,44,noise,5.36,noise,2.39006,noise
92,3,14,noise,6.32,noise,3.074592,noise
82,3,29,noise,6.06,noise,3.036398,noise
75,3,24,signal,7.3,noise,2.427323,noise
88,3,44,signal,7.69,noise,2.767805,signal
51,3,87,signal,6.82,signal,2.563126,noise
91,3,68,noise,6.38,noise,2.090354,noise
93,3,40,signal,6.33,signal,2.070167,signal
55,3,96,noise,5.37,signal,2.539282,noise
48,3,83,noise,6.53,signal,3.516657,noise
77,3,89,noise,4.38,noise,2.349509,noise
62,3,88,noise,6.1,noise,1.978867,noise
83,3,80,noise,4.17,noise,4.196238,noise
84,3,42,signal,6.3,signal,3.502894,noise
81,3,97,noise,6.0,noise,3.35846,noise
92,3,15,noise,5.47,noise,2.535911,noise
91,3,69,noise,5.56,noise,1.394999,noise
88,3,45,noise,5.96,noise,1.997379,noise
51,3,88,signal,6.54,signal,2.180623,signal
62,3,89,noise,5.99,noise,1.602803,noise
93,3,41,noise,5.92,noise,2.056443,noise
55,3,97,noise,5.04,noise,2.492211,noise
82,3,30,noise,5.77,signal,3.684745,signal
77,3,90,signal,7.81,signal,2.418095,signal
48,3,84,signal,8.01,signal,2.764541,signal
86,3,33,noise,7.07,signal,4.557169,signal
83,3,81,signal,5.98,signal,2.187395,noise
81,3,98,signal,6.95,signal,2.349863,noise
84,3,43,noise,5.32,noise,2.818223,noise
91,3,70,noise,7.05,noise,1.811675,noise
88,3,46,noise,5.38,noise,1.919018,noise
92,3,16,noise,7.22,noise,2.626434,noise
51,3,89,noise,6.7,noise,2.660919,noise
71,3,45,noise,6.9,noise,5.466219,noise
62,3,90,noise,5.98,noise,2.246016,noise
77,3,91,noise,5.7,noise,1.982485,noise
81,3,99,noise,7.18,noise,1.592327,noise
48,3,85,noise,4.87,signal,2.250421,noise
93,3,42,noise,6.58,noise,2.678521,noise
55,3,98,signal,9.08,signal,2.532322,signal
88,3,47,noise,4.45,signal,2.314421,noise
92,3,17,noise,4.95,noise,1.919702,noise
75,3,25,noise,5.25,noise,6.707304,noise
91,3,71,signal,7.24,signal,2.920257,signal
86,3,34,signal,6.85,noise,3.409733,signal
84,3,44,noise,4.18,noise,3.205469,noise
83,3,82,signal,7.15,signal,3.504591,signal
67,3,74,noise,4.95,noise,34.049758,noise
62,3,91,noise,5.86,noise,2.110431,noise
82,3,31,noise,4.51,noise,4.407462,noise
51,3,90,noise,6.26,noise,2.649131,noise
81,3,100,noise,5.34,noise,2.488764,noise
48,3,86,noise,4.48,noise,2.440797,noise
77,3,92,signal,6.66,signal,2.816919,signal
55,3,99,signal,7.85,signal,2.43979,signal
91,3,72,noise,5.19,noise,1.695173,noise
92,3,18,noise,6.51,noise,2.306992,noise
88,3,48,noise,6.92,signal,2.504867,signal
62,3,92,noise,5.57,noise,1.483262,noise
83,3,83,noise,6.06,noise,2.15184,noise
71,3,46,noise,5.1,noise,3.435254,noise
67,3,75,signal,6.85,signal,2.52035,noise
86,3,35,noise,4.97,signal,2.691442,noise
84,3,45,noise,6.38,noise,3.189436,noise
51,3,91,noise,6.43,noise,2.583049,noise
77,3,93,signal,9.39,signal,2.355238,signal
82,3,32,noise,6.05,noise,3.113886,noise
91,3,73,noise,5.81,noise,1.709524,noise
48,3,87,noise,6.2,noise,2.601093,noise
55,3,100,signal,7.49,signal,2.532801,signal
62,3,93,signal,6.43,signal,1.928029,signal
88,3,49,signal,8.96,signal,2.62242,signal
93,3,43,noise,6.45,noise,6.054552,noise
75,3,26,noise,5.09,signal,5.248789,noise
67,3,76,noise,6.12,noise,2.120478,noise
83,3,84,noise,4.54,noise,2.826535,noise
92,3,19,signal,8.48,signal,3.586577,signal
85,3,1,noise,6.48,noise,6.199512,noise
91,3,74,noise,8.74,signal,1.629335,signal
86,3,36,signal,8.08,signal,2.86342,signal
62,3,94,noise,6.69,noise,1.650568,noise
77,3,94,signal,7.36,signal,2.296429,signal
48,3,88,noise,5.57,noise,2.237993,noise
51,3,92,noise,5.41,noise,2.801777,noise
95,1,1,signal,7.44,noise,4.506073,noise
84,3,46,noise,5.86,noise,3.190675,noise
82,3,33,signal,7.65,signal,2.979562,signal
67,3,77,signal,9.34,noise,1.55656,noise
75,3,27,signal,7.24,signal,1.989423,signal
91,3,75,signal,4.67,noise,1.553714,noise
93,3,44,signal,5.55,signal,2.154263,noise
88,3,50,signal,7.27,signal,2.724331,signal
92,3,20,noise,5.67,noise,2.297339,noise
62,3,95,noise,4.85,noise,1.850596,noise
67,3,78,noise,6.7,signal,1.109967,signal
71,3,47,noise,5.11,noise,4.753149,noise
51,3,93,signal,5.89,signal,2.226142,noise
91,3,76,noise,5.27,noise,1.227345,noise
77,3,95,noise,4.63,noise,2.76796,noise
86,3,37,noise,5.42,noise,2.98496,noise
48,3,89,noise,6.51,signal,2.975746,noise
75,3,28,noise,6.04,signal,2.534545,noise
67,3,79,signal,6.55,noise,1.429966,noise
84,3,47,noise,6.03,signal,3.243285,signal
82,3,34,signal,9.27,signal,3.506853,signal
83,3,85,noise,4.93,noise,5.234942,noise
88,3,51,noise,5.62,noise,3.049642,noise
85,3,2,noise,5.57,noise,4.600476,noise
92,3,21,noise,6.32,noise,2.768702,noise
77,3,96,noise,6.97,signal,1.665566,signal
91,3,77,noise,5.86,noise,2.149112,noise
62,3,96,noise,7.25,noise,2.852848,noise
51,3,94,noise,7.79,noise,2.452788,signal
86,3,38,signal,6.46,noise,2.185575,noise
48,3,90,noise,6.42,signal,2.325359,noise
67,3,80,noise,5.99,noise,1.471288,noise
75,3,29,signal,8.02,noise,2.37357,signal
95,1,2,signal,6.53,signal,6.273226,signal
91,3,78,noise,7.27,signal,1.84128,signal
62,3,97,noise,5.78,noise,1.918304,noise
51,3,95,noise,5.11,noise,2.03463,noise
84,3,48,noise,3.95,noise,3.117456,noise
92,3,22,signal,5.01,signal,2.319686,noise
88,3,52,signal,9.12,noise,2.4776,signal
86,3,39,signal,7.09,signal,2.018164,signal
77,3,97,noise,5.23,noise,2.524574,noise
83,3,86,noise,8.6,noise,2.822264,signal
67,3,81,noise,7.98,signal,2.027502,signal
75,3,30,signal,7.93,signal,2.227976,signal
76,3,45,noise,7.29,signal,29.073757,signal
82,3,35,noise,6.97,signal,3.860385,signal
91,3,79,signal,8.71,noise,1.534018,noise
62,3,98,noise,6.21,noise,1.812416,noise
93,3,45,signal,5.31,signal,8.07227,signal
86,3,40,signal,8.97,signal,2.048231,signal
77,3,98,noise,7.51,noise,2.145974,signal
75,3,31,noise,6.49,noise,1.818826,noise
95,1,3,noise,5.85,noise,3.647723,noise
91,3,80,noise,5.82,noise,1.622822,noise
85,3,3,signal,6.87,signal,5.614054,signal
88,3,53,signal,7.79,signal,2.980238,signal
62,3,99,signal,6.24,signal,1.494876,signal
51,3,96,noise,4.54,signal,3.627369,signal
84,3,49,noise,5.96,noise,3.755515,noise
48,3,91,signal,7.46,signal,5.905586,signal
92,3,23,noise,4.75,signal,3.943518,noise
93,3,46,noise,6.04,noise,2.345863,noise
77,3,99,noise,4.14,noise,1.833134,noise
82,3,36,noise,5.96,noise,3.503576,noise
91,3,81,noise,5.53,noise,1.697852,noise
75,3,32,noise,5.17,noise,2.218026,noise
83,3,87,noise,3.83,noise,4.694061,noise
88,3,54,signal,7.51,noise,2.024091,signal
71,3,48,noise,6.62,noise,9.580331,noise
95,1,4,noise,5.42,noise,2.850143,noise
48,3,92,noise,5.99,noise,2.378067,noise
62,3,100,noise,6.68,noise,3.011821,noise
91,3,82,noise,5.33,signal,1.631597,noise
77,3,100,noise,3.67,noise,2.04267,noise
51,3,97,noise,6.5,noise,3.301004,noise
83,3,88,signal,7.83,signal,1.83845,signal
85,3,4,noise,4.63,noise,3.75958,noise
92,3,24,noise,7.61,signal,3.031738,signal
75,3,33,signal,6.07,noise,2.238427,noise
84,3,50,signal,5.38,signal,3.793363,noise
88,3,55,noise,5.53,signal,2.373525,noise
82,3,37,signal,7.7,signal,3.170872,signal
95,1,5,signal,7.4,noise,2.797162,noise
48,3,93,noise,5.45,noise,2.406683,noise
91,3,83,noise,5.88,noise,1.965085,noise
88,3,56,signal,8.14,noise,2.172562,signal
75,3,34,signal,6.5,signal,2.568124,noise
51,3,98,signal,5.43,signal,3.287473,signal
91,3,84,noise,4.79,noise,1.904837,noise
85,3,5,signal,8.07,noise,3.546319,noise
93,3,47,noise,6.69,noise,6.456297,noise
84,3,51,signal,6.55,noise,3.865958,noise
82,3,38,noise,6.55,noise,3.543286,noise
48,3,94,signal,7.53,signal,2.879497,noise
95,1,6,noise,5.36,noise,3.027953,noise
92,3,25,noise,5.76,noise,4.753058,noise
71,3,49,noise,6.38,signal,5.198044,signal
88,3,57,signal,8.13,noise,2.22782,noise
83,3,89,signal,4.86,signal,5.295404,noise
75,3,35,noise,5.81,noise,2.551089,noise
51,3,99,signal,8.8,signal,2.81795,signal
91,3,85,noise,4.6,signal,2.283415,noise
48,3,95,signal,7.55,signal,2.423275,noise
83,3,90,noise,6.22,noise,1.932238,noise
88,3,58,noise,4.52,noise,2.117172,noise
92,3,26,signal,10.51,signal,2.218075,signal
95,1,7,noise,6.7,signal,2.380952,signal
82,3,39,signal,7.73,signal,3.132876,signal
84,3,52,noise,5.37,noise,4.074626,noise
91,3,86,signal,8.97,signal,2.241445,signal
85,3,6,noise,5.67,noise,4.585191,noise
83,3,91,signal,5.26,signal,2.20113,noise
88,3,59,noise,5.47,noise,2.232467,noise
48,3,96,noise,5.89,signal,2.591788,noise
92,3,27,noise,4.35,noise,2.261363,noise
75,3,36,noise,6.43,noise,5.023476,noise
51,3,100,signal,9.09,noise,4.456115,signal
91,3,87,noise,6.73,signal,1.941994,signal
95,1,8,noise,3.75,noise,3.240635,noise
82,3,40,noise,5.16,signal,3.380442,noise
84,3,53,noise,5.13,noise,2.947037,noise
92,3,28,noise,5.36,noise,2.268939,noise
88,3,60,signal,7.36,noise,2.894486,noise
75,3,37,signal,7.4,signal,2.318795,signal
91,3,88,signal,4.73,noise,2.111151,noise
95,1,9,noise,5.7,noise,2.492221,noise
76,3,46,noise,7.28,noise,19.997261,signal
85,3,7,signal,7.11,noise,4.227129,signal
86,3,41,signal,6.83,signal,20.058509,signal
92,3,29,noise,3.07,noise,2.253693,noise
91,3,89,noise,4.9,noise,1.782729,noise
75,3,38,noise,6.27,noise,2.095221,noise
82,3,41,noise,6.68,signal,3.950374,signal
84,3,54,noise,7.04,signal,3.994552,noise
88,3,61,noise,6.76,noise,3.812937,noise
95,1,10,signal,6.46,noise,3.112785,signal
76,3,47,noise,9.49,signal,3.170675,signal
91,3,90,noise,5.72,noise,1.639883,noise
75,3,39,noise,6.23,noise,1.706613,noise
83,3,92,signal,6.97,signal,7.574866,signal
86,3,42,signal,6.08,signal,2.117872,noise
92,3,30,noise,5.82,signal,2.279761,noise
85,3,8,noise,4.56,noise,4.015944,signal
93,3,48,noise,6.34,noise,14.337747,noise
88,3,62,noise,3.56,noise,1.936543,noise
91,3,91,noise,6.83,signal,1.980043,noise
86,3,43,noise,4.69,noise,2.048225,noise
75,3,40,signal,7.71,noise,2.254916,signal
92,3,31,noise,5.18,noise,2.024179,noise
82,3,42,noise,4.63,noise,3.513607,noise
84,3,55,noise,6.95,noise,3.682696,noise
71,3,50,noise,5.79,noise,8.649089,signal
91,3,92,noise,5.48,noise,2.019799,noise
88,3,63,noise,5.29,noise,2.948463,noise
75,3,41,noise,3.98,noise,2.68587,noise
85,3,9,signal,9.23,signal,4.378931,signal
91,3,93,noise,5.54,signal,1.381504,noise
92,3,32,signal,8.31,noise,3.225885,signal
84,3,56,noise,5.27,noise,2.874374,noise
93,3,49,noise,7.66,noise,4.317098,noise
82,3,43,signal,7.06,noise,3.445224,noise
83,3,93,noise,8.11,noise,7.393536,signal
91,3,94,noise,5.29,noise,1.955424,noise
88,3,64,noise,8.7,signal,2.914148,signal
75,3,42,noise,5.43,signal,2.975171,noise
92,3,33,noise,3.69,noise,2.571579,noise
86,3,44,noise,6.04,noise,7.323828,noise
82,3,44,noise,5.12,noise,3.59761,noise
88,3,65,signal,8.01,signal,1.950607,signal
91,3,95,signal,7.28,signal,2.306188,signal
75,3,43,signal,9.65,noise,1.90631,signal
93,3,50,noise,5.57,noise,3.977524,signal
83,3,94,signal,6.84,signal,3.139273,signal
92,3,34,noise,5.23,noise,2.186517,noise
84,3,57,noise,5.58,noise,5.169423,noise
91,3,96,noise,7.27,noise,1.747826,noise
88,3,66,noise,3.97,noise,2.104395,noise
85,3,10,noise,5.75,noise,6.964423,noise
67,3,82,signal,6.15,noise,37.148799,noise
75,3,44,noise,5.24,noise,2.115168,noise
83,3,95,noise,7.69,noise,1.976211,signal
92,3,35,noise,4.58,noise,1.801914,noise
71,3,51,noise,6.94,noise,7.640466,noise
93,3,51,signal,6.64,signal,2.226794,signal
86,3,45,noise,6.5,noise,3.513922,noise
82,3,45,noise,5.61,noise,3.324978,noise
67,3,83,noise,5.9,noise,1.087343,noise
84,3,58,signal,8.26,signal,2.981514,signal
91,3,97,signal,4.54,signal,2.525334,noise
83,3,96,signal,8.19,signal,2.067358,signal
92,3,36,noise,5.88,signal,2.152631,signal
88,3,67,signal,8.04,signal,2.843907,signal
93,3,52,noise,5.21,noise,2.338238,noise
86,3,46,signal,6.89,signal,2.206618,noise
67,3,84,noise,5.96,noise,1.865941,noise
75,3,45,noise,6.77,signal,3.612766,signal
85,3,11,noise,2.71,noise,3.682359,noise
91,3,98,noise,4.42,noise,2.240348,noise
82,3,46,noise,4.86,noise,3.643551,noise
88,3,68,signal,8.08,signal,2.143591,signal
67,3,85,noise,3.88,noise,1.867332,noise
84,3,59,signal,6.67,signal,3.465181,signal
93,3,53,noise,5.49,noise,2.725519,noise
83,3,97,signal,8.78,signal,3.836253,signal
92,3,37,signal,5.46,signal,3.825542,noise
91,3,99,signal,5.77,signal,2.458705,noise
88,3,69,noise,6.78,signal,2.395281,signal
86,3,47,signal,7.2,noise,4.750896,signal
85,3,12,noise,5.55,signal,4.02123,noise
67,3,86,noise,5.62,noise,2.9345,noise
84,3,60,noise,4.58,noise,2.940643,noise
83,3,98,noise,4.41,noise,2.328443,noise
82,3,47,signal,7.47,signal,3.412941,signal
75,3,46,signal,8.46,signal,5.32529,signal
93,3,54,noise,5.57,noise,2.394694,noise
91,3,100,noise,3.66,noise,2.0657,noise
67,3,87,noise,7.0,signal,1.618001,noise
88,3,70,signal,6.89,noise,2.645057,signal
83,3,99,signal,7.13,signal,2.045565,signal
71,3,52,signal,7.0,signal,7.988125,noise
93,3,55,noise,4.79,noise,2.29275,noise
86,3,48,signal,6.99,noise,3.387722,noise
75,3,47,noise,4.1,noise,2.571418,noise
84,3,61,signal,6.91,signal,3.043159,signal
92,3,38,signal,5.48,signal,5.335738,noise
54,3,55,signal,5.49,signal,98.375982,noise
82,3,48,noise,5.35,noise,3.580211,noise
88,3,71,signal,7.9,signal,2.033321,signal
83,3,100,noise,6.21,noise,2.235893,noise
85,3,13,noise,4.17,noise,4.830147,noise
54,3,56,signal,7.7,signal,1.132132,signal
75,3,48,signal,7.17,signal,1.908192,signal
93,3,56,noise,4.6,noise,1.695702,noise
88,3,72,signal,6.37,noise,2.100555,noise
54,3,57,noise,4.57,noise,1.725838,noise
84,3,62,signal,6.75,noise,3.266176,noise
92,3,39,noise,3.93,noise,3.469398,noise
82,3,49,noise,7.35,noise,3.47078,signal
75,3,49,noise,4.76,noise,2.201843,noise
93,3,57,noise,6.92,noise,1.814254,noise
86,3,49,signal,7.22,signal,4.503572,signal
54,3,58,noise,6.03,noise,1.718191,noise
88,3,73,signal,7.75,signal,2.362945,signal
85,3,14,noise,6.17,signal,4.0924,noise
94,1,1,signal,5.56,signal,14.547689,noise
86,3,50,signal,7.91,signal,2.103793,signal
54,3,59,noise,6.78,noise,2.025596,noise
92,3,40,noise,5.21,noise,3.181193,noise
93,3,58,noise,4.77,noise,2.66359,noise
75,3,50,signal,6.76,signal,3.153317,signal
82,3,50,noise,5.67,noise,4.197521,noise
93,3,59,noise,5.67,noise,1.623031,noise
92,3,41,noise,5.59,noise,1.83549,noise
54,3,60,noise,8.02,noise,1.942754,signal
88,3,74,signal,8.45,signal,4.282856,signal
85,3,15,signal,8.42,signal,4.051833,signal
94,1,2,noise,5.76,noise,4.714653,noise
84,3,63,signal,6.86,signal,7.650383,signal
92,3,42,noise,6.14,noise,1.982282,noise
82,3,51,noise,4.46,noise,2.93226,noise
88,3,75,signal,8.42,signal,2.060037,signal
75,3,51,noise,4.78,noise,5.184611,noise
88,3,76,signal,8.74,signal,1.832984,signal
92,3,43,noise,4.58,signal,2.813145,noise
86,3,51,noise,6.65,noise,7.465238,signal
85,3,16,noise,4.48,noise,3.883802,noise
84,3,64,signal,6.59,signal,3.542884,signal
75,3,52,noise,4.74,noise,2.218991,noise
82,3,52,noise,4.19,noise,3.515916,noise
54,3,61,signal,3.35,signal,7.110442,noise
95,2,1,noise,5.96,noise,11.507557,noise
92,3,44,noise,4.73,noise,2.161302,noise
86,3,52,noise,5.2,noise,2.19972,noise
88,3,77,noise,6.71,signal,3.39025,signal
94,1,3,noise,7.24,signal,7.082313,signal
75,3,53,signal,8.02,noise,2.530602,signal
93,3,60,noise,7.56,noise,8.691232,noise
84,3,65,signal,6.29,signal,3.473761,noise
85,3,17,signal,7.28,noise,3.318666,noise
92,3,45,noise,4.26,signal,1.682533,noise
54,3,62,noise,6.18,noise,2.034316,noise
86,3,53,noise,5.27,noise,3.205811,noise
88,3,78,signal,6.6,signal,2.91547,signal
92,3,46,noise,6.54,noise,1.846051,noise
93,3,61,signal,6.99,signal,2.447499,signal
84,3,66,noise,5.77,noise,2.647964,noise
75,3,54,noise,5.58,noise,3.246442,noise
82,3,53,noise,4.49,noise,5.539928,noise
54,3,63,noise,4.36,noise,2.529512,noise
94,1,4,signal,7.69,signal,3.680215,signal
95,2,2,signal,7.38,signal,5.302189,signal
88,3,79,signal,9.67,signal,2.017463,signal
85,3,18,noise,2.65,signal,3.562413,noise
93,3,62,noise,4.39,noise,1.847785,noise
92,3,47,noise,5.99,noise,2.374,noise
86,3,54,noise,6.58,noise,3.549286,noise
75,3,55,signal,7.71,signal,2.7035,signal
84,3,67,noise,5.37,noise,2.935301,noise
94,1,5,signal,8.83,noise,2.541961,signal
54,3,64,noise,6.14,noise,3.365725,noise
93,3,63,signal,7.76,signal,2.063756,signal
92,3,48,noise,5.52,noise,1.942695,noise
88,3,80,signal,7.38,signal,2.622731,signal
71,3,53,noise,5.33,noise,25.232671,noise
82,3,54,noise,5.46,noise,4.086562,noise
75,3,56,signal,8.44,signal,2.204237,signal
85,3,19,noise,6.25,noise,3.463589,noise
86,3,55,noise,5.19,noise,2.416553,noise
93,3,64,noise,3.55,noise,1.621808,noise
54,3,65,signal,8.13,signal,1.98057,signal
94,1,6,noise,7.07,noise,2.778747,signal
88,3,81,signal,9.81,noise,2.075314,signal
84,3,68,signal,7.02,signal,2.947927,noise
95,2,3,signal,7.03,noise,5.252175,signal
92,3,49,noise,5.34,noise,3.432021,noise
82,3,55,noise,5.22,noise,3.305088,noise
75,3,57,noise,5.46,noise,2.486497,noise
86,3,56,noise,5.68,noise,2.145018,noise
54,3,66,signal,6.12,signal,2.110857,noise
71,3,54,signal,5.04,signal,3.592494,noise
88,3,82,signal,8.17,signal,1.941768,signal
94,1,7,signal,7.66,signal,2.192723,signal
85,3,20,noise,5.18,noise,3.449801,noise
93,3,65,noise,5.21,noise,3.040481,noise
84,3,69,noise,4.48,noise,2.944534,noise
95,2,4,noise,5.76,noise,2.914226,noise
92,3,50,noise,6.58,signal,2.160709,noise
54,3,67,noise,6.57,noise,1.817317,noise
86,3,57,signal,7.75,signal,2.231769,signal
94,1,8,signal,5.27,noise,2.702916,noise
75,3,58,noise,6.54,noise,3.405285,noise
88,3,83,signal,7.61,signal,3.394253,signal
93,3,66,noise,6.96,noise,2.47735,noise
82,3,56,noise,6.88,signal,3.666922,signal
92,3,51,noise,7.86,noise,2.289813,signal
95,2,5,signal,6.36,signal,2.692099,noise
54,3,68,noise,6.77,noise,2.138839,noise
71,3,55,noise,6.51,noise,4.898162,noise
84,3,70,noise,6.29,signal,3.921522,signal
94,1,9,signal,6.21,noise,2.026326,noise
85,3,21,noise,4.61,signal,4.000008,noise
93,3,67,signal,8.12,signal,2.10846,signal
88,3,84,noise,6.04,signal,2.347434,noise
75,3,59,noise,3.37,noise,2.841111,noise
54,3,69,signal,5.7,signal,2.906971,noise
95,2,6,signal,7.93,signal,2.998988,signal
86,3,58,noise,6.0,signal,4.739166,signal
82,3,57,noise,6.81,noise,3.754255,noise
84,3,71,noise,5.28,noise,2.682432,noise
93,3,68,noise,6.38,noise,1.952624,noise
88,3,85,noise,5.21,signal,2.025613,noise
71,3,56,noise,6.29,signal,2.969289,noise
54,3,70,noise,5.75,noise,1.667426,noise
92,3,52,signal,7.55,signal,5.119775,signal
75,3,60,noise,6.47,noise,3.477252,noise
95,2,7,signal,7.89,signal,2.512554,signal
86,3,59,signal,6.74,signal,2.468021,signal
88,3,86,noise,3.79,noise,2.341877,noise
93,3,69,noise,5.56,noise,2.241545,noise
85,3,22,noise,5.06,signal,4.604035,noise
54,3,71,signal,8.27,signal,2.239118,signal
84,3,72,noise,5.66,signal,3.589358,noise
92,3,53,noise,5.79,signal,2.303812,noise
82,3,58,noise,5.14,noise,4.199116,noise
86,3,60,noise,4.99,noise,1.950035,noise
71,3,57,noise,4.94,noise,4.009802,noise
75,3,61,noise,4.89,noise,2.778028,noise
95,2,8,noise,4.68,noise,3.071316,noise
93,3,70,noise,7.05,noise,2.837324,noise
92,3,54,noise,5.13,noise,2.587764,noise
84,3,73,noise,5.88,signal,2.675589,signal
94,1,10,signal,7.45,signal,9.258204,signal
88,3,87,signal,7.08,signal,3.916397,signal
71,3,58,noise,5.12,noise,2.166868,noise
82,3,59,signal,6.97,signal,3.067449,signal
85,3,23,noise,6.37,signal,3.565394,signal
95,2,9,signal,7.24,signal,2.321091,signal
93,3,71,signal,7.24,signal,1.890437,signal
75,3,62,signal,6.1,signal,3.367366,noise
92,3,55,noise,4.27,noise,1.889118,noise
88,3,88,signal,7.4,noise,1.844821,signal
86,3,61,noise,6.6,noise,4.6877,noise
84,3,74,noise,5.75,noise,3.134318,noise
92,3,56,noise,3.98,noise,1.667004,noise
93,3,72,noise,5.19,noise,1.764458,noise
95,2,10,noise,5.87,noise,2.844353,noise
88,3,89,signal,7.73,signal,2.133509,signal
71,3,59,noise,5.93,noise,3.906305,noise
82,3,60,noise,3.59,noise,3.581981,noise
75,3,63,signal,7.39,signal,2.728994,signal
85,3,24,signal,8.45,signal,4.638995,signal
93,3,73,noise,5.81,noise,1.918777,noise
88,3,90,noise,5.0,signal,1.770441,noise
92,3,57,noise,7.07,noise,2.351794,signal
75,3,64,noise,4.75,noise,2.119952,noise
84,3,75,noise,4.99,noise,3.608622,noise
82,3,61,signal,5.87,signal,3.132295,noise
86,3,62,noise,5.56,signal,5.121109,signal
88,3,91,noise,4.76,noise,2.072643,noise
92,3,58,noise,5.4,noise,1.919508,noise
71,3,60,signal,6.37,signal,3.899734,noise
93,3,74,signal,8.74,signal,1.715219,signal
75,3,65,noise,6.25,noise,2.16849,noise
86,3,63,noise,5.31,signal,2.341103,noise
93,3,75,noise,4.67,noise,1.332065,noise
88,3,92,signal,9.16,signal,2.070978,signal
85,3,25,signal,7.62,signal,4.000041,noise
92,3,59,signal,6.18,signal,2.772992,noise
75,3,66,noise,6.38,noise,2.201686,noise
82,3,62,signal,7.62,signal,3.718507,signal
88,3,93,signal,9.05,signal,1.722757,signal
86,3,64,signal,7.8,signal,2.080215,signal
84,3,76,noise,6.43,noise,5.799586,noise
92,3,60,signal,8.68,signal,1.639394,signal
71,3,61,noise,6.84,noise,4.888168,noise
54,3,72,noise,4.6,noise,17.188241,noise
88,3,94,noise,4.35,noise,1.980039,noise
75,3,67,noise,6.48,signal,3.311709,noise
82,3,63,noise,5.44,noise,3.285425,noise
86,3,65,signal,7.49,noise,2.930003,noise
84,3,77,signal,9.0,signal,2.918564,signal
92,3,61,noise,7.67,signal,2.762957,signal
85,3,26,signal,6.8,noise,4.739057,signal
54,3,73,noise,6.92,noise,2.094277,signal
88,3,95,noise,4.86,noise,1.819555,noise
71,3,62,noise,7.1,signal,3.118041,signal
75,3,68,signal,7.04,noise,2.770837,signal
54,3,74,signal,7.66,signal,1.738054,signal
82,3,64,noise,3.57,noise,3.070473,noise
88,3,96,noise,5.75,noise,2.079106,noise
86,3,66,signal,8.5,noise,2.763503,signal
92,3,62,signal,7.69,signal,2.329343,signal
84,3,78,signal,7.92,signal,2.935786,signal
93,3,76,noise,5.27,noise,9.001546,noise
54,3,75,noise,6.28,noise,1.800384,noise
85,3,27,signal,7.49,noise,3.738955,signal
71,3,63,noise,5.55,noise,3.144672,noise
88,3,97,noise,5.37,noise,1.830626,noise
75,3,69,signal,7.14,signal,2.907437,noise
92,3,63,noise,5.67,signal,2.39511,noise
82,3,65,noise,5.47,signal,3.461518,noise
86,3,67,noise,6.47,noise,3.338462,noise
54,3,76,signal,9.59,signal,1.983536,signal
84,3,79,noise,4.92,noise,2.999615,noise
88,3,98,signal,8.52,signal,2.114341,signal
92,3,64,noise,4.85,noise,1.65775,noise
71,3,64,noise,7.15,noise,3.36679,noise
85,3,28,noise,5.56,signal,3.7541,noise
93,3,77,noise,5.86,noise,4.803808,noise
86,3,68,signal,8.19,signal,2.105194,signal
88,3,99,signal,8.63,noise,1.825068,signal
82,3,66,signal,7.71,noise,3.425644,signal
54,3,77,noise,6.85,noise,3.26841,signal
92,3,65,noise,6.35,noise,2.466896,noise
84,3,80,noise,4.54,noise,4.095277,noise
88,3,100,noise,6.61,signal,1.839972,signal
86,3,69,signal,7.9,signal,2.253289,signal
71,3,65,noise,6.36,noise,2.824878,noise
92,3,66,noise,3.35,signal,1.587936,noise
75,3,70,noise,4.18,signal,6.936548,noise
93,3,78,signal,7.27,signal,3.790735,signal
85,3,29,noise,4.41,noise,3.678594,noise
84,3,81,noise,6.0,noise,2.250728,noise
82,3,67,noise,4.02,noise,3.092905,noise
86,3,70,signal,8.09,noise,1.930571,signal
92,3,67,noise,7.49,noise,1.824835,noise
71,3,66,noise,6.1,noise,3.459303,noise
75,3,71,signal,7.13,signal,2.86909,noise
92,3,68,noise,6.6,signal,1.858736,signal
54,3,78,signal,5.23,signal,5.668253,noise
84,3,82,noise,3.72,noise,2.829993,noise
93,3,79,noise,8.71,noise,3.584139,noise
86,3,71,noise,6.78,noise,2.980953,signal
82,3,68,signal,6.58,signal,3.340091,signal
92,3,69,signal,6.26,signal,1.770418,noise
85,3,30,signal,7.71,signal,4.153903,signal
71,3,67,signal,7.6,signal,3.353231,noise
93,3,80,noise,5.82,noise,2.119844,noise
75,3,72,noise,5.98,signal,3.390876,noise
54,3,79,noise,7.9,noise,3.042882,signal
84,3,83,noise,4.99,noise,2.633753,noise
86,3,72,noise,4.46,noise,2.555061,noise
75,3,73,noise,6.61,noise,2.062378,noise
71,3,68,noise,6.14,noise,2.391896,noise
82,3,69,noise,6.63,noise,4.000945,noise
93,3,81,noise,5.53,noise,2.497425,noise
92,3,70,noise,7.61,noise,4.068097,noise
84,3,84,signal,7.79,noise,2.853309,signal
86,3,73,noise,5.85,noise,2.888167,noise
54,3,80,noise,6.01,noise,3.907855,noise
85,3,31,noise,6.01,signal,4.63431,signal
71,3,69,noise,6.8,signal,2.559899,signal
75,3,74,noise,6.18,noise,3.031034,noise
84,3,85,noise,4.7,noise,2.960392,noise
86,3,74,noise,5.7,signal,2.651373,signal
82,3,70,signal,6.74,noise,3.301874,noise
54,3,81,signal,6.94,signal,2.365041,noise
93,3,82,signal,5.33,signal,4.683418,noise
71,3,70,noise,6.8,noise,2.37296,noise
75,3,75,noise,5.22,signal,3.271543,noise
54,3,82,noise,7.44,noise,1.746547,signal
85,3,32,signal,6.58,signal,4.249074,signal
84,3,86,signal,6.9,signal,2.83822,signal
93,3,83,noise,5.88,noise,1.841649,noise
82,3,71,noise,4.07,noise,3.167751,noise
95,3,1,signal,7.01,noise,5.672166,signal
71,3,71,noise,5.45,noise,1.893082,noise
92,3,71,noise,7.85,signal,8.213905,signal
75,3,76,signal,6.8,signal,2.862656,noise
54,3,83,noise,5.96,noise,3.158003,noise
84,3,87,signal,8.69,signal,2.953355,signal
95,3,2,noise,5.6,signal,2.373064,signal
86,3,75,noise,5.03,noise,6.360964,noise
92,3,72,noise,5.06,noise,1.848534,noise
82,3,72,noise,4.13,noise,3.492483,noise
85,3,33,noise,6.01,signal,4.949697,noise
54,3,84,noise,4.98,noise,2.572628,noise
75,3,77,noise,5.75,signal,3.599451,noise
84,3,88,signal,7.52,noise,3.05984,noise
92,3,73,noise,6.9,noise,2.47906,noise
95,3,3,signal,5.69,signal,4.594465,noise
82,3,73,signal,5.86,signal,3.950034,signal
92,3,74,noise,6.57,signal,1.905636,noise
86,3,76,signal,6.06,signal,4.817428,noise
85,3,34,noise,5.2,noise,3.571665,noise
75,3,78,noise,6.25,noise,3.743151,noise
84,3,89,noise,4.22,signal,3.578716,noise
92,3,75,noise,5.83,noise,1.592287,noise
54,3,85,signal,5.93,signal,5.122312,signal
86,3,77,signal,7.95,signal,1.833334,signal
95,3,4,signal,6.55,noise,3.025454,noise
82,3,74,signal,7.1,signal,3.732178,signal
92,3,76,noise,6.26,noise,2.200734,noise
75,3,79,noise,6.2,signal,2.754466,noise
54,3,86,signal,4.78,signal,2.498097,signal
86,3,78,noise,5.78,signal,2.404144,noise
84,3,90,noise,6.31,noise,3.222183,noise
85,3,35,signal,6.61,signal,4.979718,signal
95,3,5,signal,5.76,signal,3.087727,signal
75,3,80,noise,5.67,signal,3.209386,noise
54,3,87,signal,5.91,signal,2.75952,signal
93,3,84,noise,4.79,noise,16.059304,noise
84,3,91,signal,6.9,signal,3.018815,signal
95,3,6,signal,9.24,signal,2.722897,signal
92,3,77,signal,7.73,signal,4.296309,signal
82,3,75,noise,7.64,noise,5.031484,signal
86,3,79,signal,6.96,noise,3.920916,signal
85,3,36,signal,8.76,signal,3.754343,signal
75,3,81,signal,7.22,noise,2.715212,signal
84,3,92,signal,7.74,signal,2.904432,signal
54,3,88,signal,8.54,signal,3.357591,signal
76,3,48,noise,4.73,noise,133.584361,noise
95,3,7,signal,8.2,signal,2.931515,signal
82,3,76,noise,6.19,noise,3.227779,noise
54,3,89,signal,5.87,signal,1.465658,noise
75,3,82,noise,6.98,signal,2.606994,signal
76,3,49,noise,6.02,noise,2.246175,noise
84,3,93,noise,5.19,noise,2.715945,noise
95,3,8,noise,5.24,signal,2.286368,noise
85,3,37,signal,6.73,signal,4.067739,signal
54,3,90,signal,5.73,noise,1.470418,noise
92,3,78,noise,5.12,signal,6.622295,noise
86,3,80,noise,5.79,signal,6.262815,signal
54,3,91,noise,6.0,signal,1.070931,noise
82,3,77,noise,6.31,noise,3.465995,noise
95,3,9,signal,7.35,signal,2.120003,signal
84,3,94,noise,5.44,signal,3.287751,noise
54,3,92,signal,8.09,signal,2.24846,signal
94,2,1,signal,4.62,signal,4.662549,noise
92,3,79,noise,7.36,signal,2.568759,signal
67,3,88,noise,7.12,signal,116.784946,signal
93,3,85,signal,4.6,signal,10.235213,noise
75,3,83,signal,8.54,signal,5.320736,signal
82,3,78,noise,5.39,noise,3.129398,noise
85,3,38,noise,6.01,noise,4.483436,noise
86,3,81,signal,6.68,signal,3.706841,noise
95,3,10,signal,6.94,signal,3.437397,signal
94,2,2,signal,7.42,signal,1.611892,signal
54,3,93,noise,6.14,noise,1.75282,noise
92,3,80,noise,5.58,signal,1.815565,noise
84,3,95,signal,6.57,signal,3.085701,signal
67,3,89,noise,7.19,noise,2.551089,signal
93,3,86,signal,8.97,signal,2.636859,signal
54,3,94,signal,5.6,signal,1.860348,noise
95,3,11,noise,4.04,noise,2.089505,noise
82,3,79,noise,4.15,noise,2.996033,noise
75,3,84,signal,7.31,signal,3.872733,signal
92,3,81,noise,6.39,signal,2.733598,noise
67,3,90,signal,8.69,noise,1.951237,signal
85,3,39,signal,7.1,signal,3.940515,signal
84,3,96,signal,8.04,noise,2.981674,signal
95,3,12,signal,6.82,signal,2.043285,signal
75,3,85,noise,5.34,noise,2.200376,noise
92,3,82,noise,4.98,noise,2.060162,noise
67,3,91,signal,5.72,signal,1.919929,signal
82,3,80,noise,7.27,noise,3.040745,noise
54,3,95,signal,5.42,signal,3.505829,noise
86,3,82,signal,7.48,noise,6.058031,noise
94,2,3,noise,5.19,noise,6.241475,noise
67,3,92,signal,6.14,noise,1.260216,noise
95,3,13,signal,7.35,signal,2.812773,signal
54,3,96,noise,6.65,noise,1.498748,signal
84,3,97,signal,7.98,signal,3.079166,signal
92,3,83,noise,5.1,noise,2.143753,noise
75,3,86,signal,6.72,signal,2.734886,signal
85,3,40,noise,4.94,noise,3.315323,noise
67,3,93,noise,5.83,signal,1.150306,noise
82,3,81,noise,5.28,noise,3.037209,noise
95,3,14,noise,3.8,noise,1.974431,noise
54,3,97,noise,5.52,noise,2.053427,noise
86,3,83,noise,6.05,noise,3.603252,noise
92,3,84,noise,6.96,signal,2.030056,signal
67,3,94,signal,6.1,signal,1.604826,signal
94,2,4,signal,5.11,signal,3.527062,signal
75,3,87,noise,5.17,noise,3.096165,noise
67,3,95,signal,6.6,signal,1.060954,noise
84,3,98,signal,6.45,signal,3.706548,signal
92,3,85,noise,4.56,noise,1.413502,noise
54,3,98,signal,7.2,signal,1.831127,signal
86,3,84,noise,3.43,signal,1.795807,noise
95,3,15,signal,7.18,signal,2.281342,signal
82,3,82,noise,6.33,noise,3.347122,noise
67,3,96,noise,6.71,noise,1.044428,noise
85,3,41,noise,3.29,noise,3.970965,noise
93,3,87,signal,6.73,signal,11.099698,signal
94,2,5,noise,4.54,noise,3.049038,noise
92,3,86,noise,4.34,noise,1.711211,noise
75,3,88,signal,7.16,signal,2.300501,signal
54,3,99,noise,6.89,noise,1.797232,noise
67,3,97,signal,6.52,noise,1.372138,noise
76,3,50,noise,7.57,signal,20.461544,signal
86,3,85,signal,6.69,signal,2.718695,signal
95,3,16,signal,6.98,signal,3.180867,signal
54,3,100,signal,6.75,signal,1.668585,noise
82,3,83,signal,7.05,signal,3.20137,signal
75,3,89,noise,4.93,signal,2.123676,signal
92,3,87,signal,8.79,noise,2.395712,signal
67,3,98,noise,4.91,noise,1.900179,signal
85,3,42,noise,4.62,signal,3.46157,noise
84,3,99,noise,5.76,noise,4.871464,noise
94,2,6,noise,5.24,noise,3.076926,noise
95,3,17,signal,8.72,signal,2.463735,signal
67,3,99,signal,5.56,signal,1.427084,signal
92,3,88,signal,7.53,signal,1.807248,signal
82,3,84,signal,7.42,signal,3.323126,signal
94,2,7,signal,7.15,signal,2.454537,signal
67,3,100,signal,7.38,noise,1.599024,noise
84,3,100,noise,6.06,signal,3.622934,noise
95,3,18,noise,5.86,noise,2.480061,noise
75,3,90,signal,6.78,signal,4.209786,signal
86,3,86,signal,6.46,signal,5.986047,signal
85,3,43,signal,6.96,signal,4.154815,noise
82,3,85,noise,5.18,noise,3.151677,noise
94,2,8,noise,4.58,noise,3.335845,noise
92,3,89,noise,5.67,noise,4.57933,noise
75,3,91,noise,5.13,signal,2.614026,noise
86,3,87,signal,6.47,signal,2.226817,signal
95,3,19,signal,7.88,signal,2.9734,signal
93,3,88,noise,4.73,noise,10.511725,noise
85,3,44,noise,6.15,noise,3.655294,noise
92,3,90,noise,3.44,noise,1.880012,noise
82,3,86,signal,7.76,signal,3.103856,signal
86,3,88,signal,6.28,signal,2.253323,signal
94,2,9,noise,5.33,noise,3.18703,noise
86,3,89,noise,4.31,noise,1.916103,noise
75,3,92,noise,5.65,signal,4.682336,noise
95,3,20,signal,7.02,noise,4.627429,noise
82,3,87,noise,4.67,noise,3.035128,noise
92,3,91,noise,7.43,signal,4.836772,signal
94,2,10,signal,6.75,signal,3.75155,noise
76,3,51,noise,8.23,signal,15.966605,signal
75,3,93,signal,7.55,noise,2.483866,signal
86,3,90,noise,3.29,signal,2.641224,noise
82,3,88,signal,5.96,signal,3.540274,signal
76,3,52,noise,6.16,noise,1.834164,noise
85,3,45,signal,7.25,noise,7.230278,noise
93,3,89,noise,4.9,noise,9.257776,noise
76,3,53,noise,8.08,signal,1.367568,signal
75,3,94,noise,3.24,signal,3.593139,noise
92,3,92,noise,3.99,signal,4.13224,noise
93,3,90,noise,5.72,noise,2.056533,noise
82,3,89,noise,5.8,noise,3.207143,noise
76,3,54,noise,4.4,noise,1.504616,noise
85,3,46,noise,3.84,noise,3.328044,noise
92,3,93,noise,5.62,signal,1.907167,noise
95,3,21,noise,6.6,noise,8.376753,noise
75,3,95,noise,4.69,noise,2.666803,noise
93,3,91,signal,6.83,signal,1.929907,noise
86,3,91,signal,6.12,signal,6.619406,noise
92,3,94,noise,5.58,noise,2.002899,noise
82,3,90,signal,7.5,signal,3.405239,signal
75,3,96,signal,9.37,noise,2.428766,signal
95,3,22,noise,6.82,noise,3.229425,noise
93,3,92,noise,5.48,noise,2.450014,noise
85,3,47,noise,4.62,noise,3.586911,noise
92,3,95,noise,9.16,noise,1.837193,signal
86,3,92,signal,5.94,signal,3.712767,noise
93,3,93,signal,5.54,signal,1.875539,noise
95,3,23,signal,7.07,noise,2.245822,noise
92,3,96,noise,4.29,signal,1.665262,noise
82,3,91,signal,7.74,noise,3.210565,signal
75,3,97,noise,6.32,noise,3.429217,signal
76,3,55,noise,4.73,noise,7.515728,noise
85,3,48,noise,5.48,noise,3.118986,noise
92,3,97,noise,6.34,noise,1.475684,noise
93,3,94,noise,5.29,noise,2.139266,noise
95,3,24,noise,5.01,noise,2.666248,noise
86,3,93,noise,6.21,noise,4.261355,noise
92,3,98,noise,6.6,noise,1.564288,noise
82,3,92,signal,7.55,signal,3.203074,signal
75,3,98,noise,4.32,signal,2.737778,noise
93,3,95,signal,7.28,signal,1.779885,signal
95,3,25,noise,5.89,noise,1.929574,noise
85,3,49,noise,5.71,noise,3.122885,noise
92,3,99,noise,5.67,noise,1.928505,noise
94,3,1,signal,7.09,signal,2.8251,signal
75,3,99,noise,4.9,signal,2.954128,noise
82,3,93,signal,7.93,signal,3.117531,signal
93,3,96,noise,7.27,noise,1.878829,noise
86,3,94,noise,6.58,noise,3.672972,noise
92,3,100,noise,5.22,noise,1.579888,noise
95,3,26,signal,6.92,signal,3.5573,signal
94,3,2,noise,7.09,noise,2.882927,noise
85,3,50,signal,9.51,signal,3.242572,signal
93,3,97,signal,4.54,signal,1.864718,noise
86,3,95,signal,7.58,signal,1.958098,signal
75,3,100,noise,5.44,noise,2.729024,noise
82,3,94,signal,8.58,signal,3.395714,signal
93,3,98,noise,4.42,noise,1.743605,noise
95,3,27,noise,5.02,noise,3.063039,noise
94,3,3,noise,6.78,noise,3.639678,noise
86,3,96,noise,6.81,noise,3.614023,signal
82,3,95,signal,7.12,signal,2.895771,signal
85,3,51,noise,6.54,noise,4.07005,noise
93,3,99,signal,5.77,signal,3.135929,noise
95,3,28,noise,6.03,noise,3.115921,noise
86,3,97,signal,6.96,noise,1.890356,noise
94,3,4,noise,6.46,noise,3.247561,noise
93,3,100,noise,3.66,noise,1.805558,noise
82,3,96,noise,6.98,noise,3.422616,noise
85,3,52,noise,4.83,noise,3.20984,noise
95,3,29,noise,6.02,noise,2.617944,noise
94,3,5,signal,7.06,signal,2.643554,signal
86,3,98,noise,6.4,noise,4.817122,noise
95,3,30,noise,5.21,noise,2.848478,noise
82,3,97,signal,8.11,signal,4.117986,signal
94,3,6,signal,5.56,signal,2.747732,noise
85,3,53,signal,7.1,signal,3.793312,signal
76,3,56,noise,4.05,signal,21.371727,noise
95,3,31,signal,5.7,signal,2.363099,noise
76,3,57,noise,2.83,noise,1.245615,noise
82,3,98,noise,5.88,noise,3.347157,noise
86,3,99,noise,6.35,signal,3.963073,signal
94,3,7,noise,6.06,noise,3.054988,noise
76,3,58,noise,7.06,noise,1.312523,signal
76,3,59,noise,3.95,noise,1.338179,noise
86,3,100,signal,7.38,signal,2.2036,signal
94,3,8,noise,6.24,noise,2.501818,noise
85,3,54,noise,6.99,signal,5.87188,signal
95,3,32,signal,7.43,signal,4.716882,noise
82,3,99,signal,5.82,signal,3.288901,noise
76,3,60,noise,7.93,signal,1.279288,signal
76,3,61,noise,7.36,signal,1.374787,signal
94,3,9,signal,7.17,signal,2.631824,signal
76,3,62,noise,9.43,signal,1.335117,signal
82,3,100,noise,5.11,noise,3.368649,noise
85,3,55,signal,7.54,noise,3.695426,noise
95,3,33,signal,8.61,signal,4.592182,signal
76,3,63,noise,3.99,noise,1.280062,noise
76,3,64,noise,8.53,signal,1.44416,signal
94,3,10,signal,6.72,signal,4.458603,signal
85,3,56,noise,5.71,signal,3.379689,noise
95,3,34,signal,7.81,signal,2.404437,signal
76,3,65,noise,4.07,noise,1.268544,noise
76,3,66,noise,5.14,noise,1.291345,noise
95,3,35,noise,4.26,noise,2.665802,noise
76,3,67,noise,7.7,signal,1.284667,signal
85,3,57,signal,8.44,signal,3.533087,signal
95,3,36,noise,6.97,noise,1.758817,signal
76,3,68,noise,5.8,noise,1.162216,noise
94,3,11,signal,5.35,signal,5.596263,signal
76,3,69,noise,5.2,noise,1.208392,noise
76,3,70,noise,6.22,signal,1.249974,signal
94,3,12,signal,6.91,signal,2.613183,signal
95,3,37,signal,7.64,signal,3.189768,signal
85,3,58,signal,7.89,signal,3.856362,signal
76,3,71,noise,5.59,noise,1.240894,noise
76,3,72,noise,4.14,noise,1.185662,noise
94,3,13,signal,5.42,signal,2.947983,signal
76,3,73,noise,4.8,noise,1.401516,noise
85,3,59,noise,4.3,noise,3.381687,noise
76,3,74,noise,7.46,signal,1.267793,signal
94,3,14,signal,6.87,signal,3.279354,noise
76,3,75,noise,5.23,signal,1.219935,noise
95,3,38,signal,7.67,signal,7.219221,noise
85,3,60,noise,5.5,signal,3.594343,noise
76,3,76,noise,5.36,signal,2.627118,signal
76,3,77,noise,7.78,signal,1.339025,signal
85,3,61,noise,4.37,noise,3.405344,noise
94,3,15,noise,7.18,noise,5.118931,noise
95,3,39,signal,7.16,noise,4.653244,noise
76,3,78,noise,5.64,noise,1.181016,noise
94,3,16,noise,5.09,noise,2.376663,noise
85,3,62,noise,5.97,signal,3.430725,noise
95,3,40,signal,6.0,signal,3.530749,signal
76,3,79,noise,8.23,signal,4.217075,signal
95,3,41,signal,7.38,signal,2.266415,signal
76,3,80,noise,5.96,noise,1.828532,noise
94,3,17,noise,8.52,noise,4.916237,signal
85,3,63,signal,10.76,signal,3.947418,signal
95,3,42,noise,5.8,noise,2.785332,noise
76,3,81,noise,5.7,signal,3.059809,noise
94,3,18,noise,4.65,noise,2.722799,noise
85,3,64,noise,5.03,noise,3.473963,noise
95,3,43,noise,4.31,noise,2.090686,noise
95,3,44,noise,5.85,noise,2.37577,noise
76,3,82,noise,8.44,signal,4.402422,signal
94,3,19,noise,7.11,noise,4.297146,noise
85,3,65,noise,4.43,signal,3.623987,noise
95,3,45,signal,5.36,signal,2.188596,signal
95,3,46,signal,8.04,signal,2.037474,signal
94,3,20,signal,5.9,signal,4.535703,signal
85,3,66,signal,8.03,signal,4.207432,signal
95,3,47,signal,7.47,signal,2.247858,signal
95,3,48,signal,5.39,signal,2.091021,signal
94,3,21,signal,6.41,signal,3.77293,signal
85,3,67,signal,7.13,noise,3.539024,noise
95,3,49,signal,6.58,signal,2.950795,signal
85,3,68,noise,6.65,noise,4.203003,noise
95,3,50,signal,6.08,signal,2.282836,signal
76,3,83,noise,9.22,noise,15.410794,signal
95,3,51,signal,8.54,signal,2.311594,signal
94,3,22,noise,5.66,noise,9.603729,signal
85,3,69,noise,6.36,noise,4.5923,noise
95,3,52,noise,5.53,noise,2.309068,noise
76,3,84,noise,6.59,signal,3.202174,signal
76,3,85,noise,5.1,noise,1.28297,noise
94,3,23,signal,6.02,signal,2.838788,signal
95,3,53,noise,7.44,noise,2.309125,signal
76,3,86,noise,8.5,signal,1.329029,signal
85,3,70,noise,5.61,noise,2.981364,noise
76,3,87,noise,4.21,noise,1.258053,noise
95,3,54,signal,7.1,signal,2.240396,signal
76,3,88,noise,4.66,noise,1.202928,noise
76,3,89,noise,4.71,noise,1.203394,noise
85,3,71,signal,8.25,signal,3.502391,signal
95,3,55,noise,5.1,noise,3.029475,noise
76,3,90,noise,5.41,signal,1.168276,signal
76,3,91,noise,7.84,noise,1.188466,signal
95,3,56,signal,4.84,signal,2.870741,signal
76,3,92,noise,4.71,noise,1.219416,noise
85,3,72,signal,7.02,signal,3.53553,signal
76,3,93,noise,4.93,noise,1.252347,noise
95,3,57,noise,6.6,signal,3.148446,signal
76,3,94,noise,6.44,signal,1.330549,noise
85,3,73,signal,8.05,signal,3.038771,signal
76,3,95,noise,6.02,noise,3.283654,noise
76,3,96,noise,8.18,signal,1.334784,signal
85,3,74,signal,9.01,signal,3.784065,signal
95,3,58,signal,8.1,signal,5.713984,signal
76,3,97,noise,5.07,noise,1.294198,noise
95,3,59,signal,6.73,signal,2.122807,signal
76,3,98,noise,5.82,noise,1.482969,noise
85,3,75,noise,5.26,signal,2.966048,noise
76,3,99,noise,7.94,signal,1.318041,signal
95,3,60,signal,8.3,signal,1.664031,signal
95,3,61,signal,8.93,signal,1.532197,signal
76,3,100,noise,6.0,signal,1.901218,noise
95,3,62,signal,9.14,signal,1.544116,signal
85,3,76,noise,6.27,noise,3.978196,noise
95,3,63,signal,7.15,signal,2.510386,signal
85,3,77,signal,7.45,noise,3.267249,signal
94,3,24,signal,6.48,signal,29.758462,noise
95,3,64,noise,5.48,noise,2.586586,noise
94,3,25,noise,6.09,noise,1.997322,signal
95,3,65,signal,7.57,signal,2.182305,signal
85,3,78,noise,5.89,signal,3.420999,signal
94,3,26,noise,6.97,noise,2.29825,signal
95,3,66,signal,5.25,signal,2.839199,signal
85,3,79,noise,5.43,noise,3.286861,noise
94,3,27,signal,6.78,noise,2.496744,noise
95,3,67,signal,7.4,signal,2.732171,signal
94,3,28,noise,5.83,noise,1.727699,signal
95,3,68,signal,8.28,signal,1.580429,signal
85,3,80,noise,5.69,noise,4.316711,noise
94,3,29,signal,7.75,signal,2.422825,noise
95,3,69,signal,6.2,signal,2.692377,noise
94,3,30,noise,6.1,signal,2.304666,signal
94,3,31,signal,7.7,signal,1.091673,signal
95,3,70,noise,6.79,noise,2.357525,noise
94,3,32,signal,8.46,signal,2.16065,noise
95,3,71,noise,4.93,noise,2.04552,noise
95,3,72,noise,4.63,signal,1.342904,noise
94,3,33,signal,5.69,signal,2.969204,noise
95,3,73,signal,6.83,signal,2.045634,signal
94,3,34,noise,8.06,noise,2.828438,signal
95,3,74,signal,4.75,signal,2.248443,noise
94,3,35,signal,7.43,noise,1.845576,signal
95,3,75,signal,8.03,signal,3.445942,signal
94,3,36,signal,4.89,signal,2.85335,signal
94,3,37,signal,6.76,signal,1.949769,signal
95,3,76,noise,5.17,noise,3.439706,noise
95,3,77,noise,6.1,noise,2.003681,noise
94,3,38,noise,6.96,noise,2.706278,signal
94,3,39,noise,5.28,noise,1.771833,noise
95,3,78,signal,7.68,signal,2.806597,signal
94,3,40,noise,6.7,signal,2.488619,noise
95,3,79,noise,5.84,noise,2.6693,noise
94,3,41,signal,7.92,signal,2.296352,signal
95,3,80,noise,6.18,noise,2.333988,noise
94,3,42,noise,6.44,noise,2.751854,signal
95,3,81,signal,7.74,signal,2.823021,signal
95,3,82,signal,4.84,noise,2.332971,noise
94,3,43,signal,6.44,signal,4.627572,noise
95,3,83,signal,6.12,signal,3.728504,noise
94,3,44,noise,5.83,noise,2.429525,noise
95,3,84,noise,5.92,noise,2.352087,noise
94,3,45,signal,8.12,signal,2.722059,signal
95,3,85,signal,7.43,signal,3.464001,signal
94,3,46,signal,7.53,signal,3.95873,signal
95,3,86,noise,6.0,noise,2.361561,noise
94,3,47,noise,6.21,signal,2.168953,noise
95,3,87,noise,6.99,noise,2.621762,noise
95,3,88,signal,7.76,signal,2.559474,signal
95,3,89,noise,6.16,noise,2.353293,signal
95,3,90,noise,6.2,noise,2.71991,noise
95,3,91,signal,5.31,signal,2.467136,signal
94,3,48,noise,6.0,noise,21.290885,noise
94,3,49,signal,9.57,noise,4.289597,signal
94,3,50,signal,5.41,signal,7.788772,signal
95,3,92,noise,5.47,noise,24.090467,noise
94,3,51,signal,6.22,signal,2.405866,signal
95,3,93,signal,5.63,signal,2.328781,noise
94,3,52,signal,4.03,signal,4.941744,signal
95,3,94,noise,4.21,noise,3.206651,noise
94,3,53,signal,7.39,signal,3.874013,signal
95,3,95,signal,8.55,signal,3.747201,signal
95,3,96,signal,7.77,signal,3.910417,signal
95,3,97,noise,5.25,noise,3.407995,noise
95,3,98,noise,5.62,noise,2.387988,noise
94,3,54,noise,6.59,noise,13.282995,noise
95,3,99,signal,7.91,signal,4.717976,signal
94,3,55,noise,6.14,noise,3.144928,noise
95,3,100,noise,6.47,noise,2.616962,noise
94,3,56,noise,5.72,noise,3.523249,noise
94,3,57,signal,5.21,signal,28.582688,signal
94,3,58,noise,6.93,noise,2.702464,noise
94,3,59,signal,5.96,signal,2.794431,signal
94,3,60,noise,6.21,signal,4.084046,noise
94,3,61,signal,9.62,signal,3.722532,signal
94,3,62,noise,7.47,noise,2.741787,noise
94,3,63,noise,6.41,noise,3.481331,signal
94,3,64,signal,5.92,signal,2.516659,noise
94,3,65,signal,8.24,signal,1.875582,signal
94,3,66,signal,7.21,signal,3.508291,noise
94,3,67,signal,7.38,signal,1.890492,noise
94,3,68,signal,5.4,noise,2.667269,signal
94,3,69,noise,6.66,noise,2.617164,noise
94,3,70,noise,5.2,signal,2.544325,signal
94,3,71,noise,5.27,noise,1.962759,signal
94,3,72,noise,6.12,noise,1.398328,noise
94,3,73,noise,7.73,noise,4.636399,noise
94,3,74,signal,6.13,signal,2.765305,noise
94,3,75,noise,7.32,signal,1.477694,signal
94,3,76,noise,6.64,noise,1.224687,noise
94,3,77,signal,6.23,noise,2.107382,signal
94,3,78,signal,6.79,signal,6.087091,noise
94,3,79,noise,7.28,noise,2.502146,signal
94,3,80,signal,8.02,signal,1.586387,noise
94,3,81,signal,7.22,signal,1.860889,signal
94,3,82,noise,5.54,signal,1.875703,noise
94,3,83,signal,6.65,signal,2.596937,signal
94,3,84,signal,6.17,signal,4.30848,signal
94,3,85,signal,6.39,noise,1.551072,noise
94,3,86,signal,7.07,signal,1.159153,signal
94,3,87,signal,5.04,noise,1.580793,noise
94,3,88,signal,4.8,signal,1.481082,noise
94,3,89,signal,8.51,signal,0.906286,signal
94,3,90,signal,6.03,noise,1.926513,signal
94,3,91,signal,5.08,signal,1.887464,noise
94,3,92,signal,8.61,signal,1.854483,signal
94,3,93,signal,6.91,signal,4.027647,noise
94,3,94,noise,4.78,noise,1.578084,noise
94,3,95,noise,6.21,noise,1.573051,noise
94,3,96,signal,5.38,signal,2.113483,noise
94,3,97,signal,7.61,signal,6.745639,signal
94,3,98,signal,5.99,noise,2.48398,noise
94,3,99,signal,5.45,signal,1.281696,noise
94,3,100,signal,7.71,signal,2.252473,signal
85,3,81,noise,4.8,noise,485.642502,noise
85,3,82,noise,5.54,noise,3.02348,noise
85,3,83,signal,7.3,signal,3.845261,signal
85,3,84,noise,5.08,noise,2.97831,noise
85,3,85,signal,7.42,signal,3.145921,signal
85,3,86,noise,6.71,signal,3.850624,signal
85,3,87,noise,5.59,signal,3.743813,noise
85,3,88,noise,5.65,noise,6.822627,noise
85,3,89,noise,5.64,noise,4.196831,noise
85,3,90,noise,5.2,signal,3.206237,signal
85,3,91,signal,7.13,noise,3.238606,signal
85,3,92,noise,3.96,noise,3.01421,noise
85,3,93,signal,8.68,signal,3.583394,signal
85,3,94,signal,6.84,signal,4.117657,signal
85,3,95,noise,5.6,noise,3.179106,noise
85,3,96,noise,5.88,noise,4.550977,noise
85,3,97,noise,4.95,noise,3.258584,noise
85,3,98,noise,5.91,noise,2.917626,noise
85,3,99,noise,3.82,noise,3.234587,noise
85,3,100,signal,7.79,noise,5.966113,noise
